Player,Date,Team,Against,Home,MP,FG,FGA,FG%,3P,3PA,3P%,FT,FTA,FT%,ORB,DRB,TRB,AST,STL,BLK,TOV,PF,PTS,+/-,GameLink,season
Allen Iverson,2006-12-02,Philadelphia 76ers,New Jersey Nets,0,39.57,11.0,25.0,0.44,0.0,2.0,0.0,15.0,15.0,1.0,0.0,3.0,3.0,10.0,5.0,0.0,3.0,3.0,37.0,-14.0,https://www.basketball-reference.com/boxscores/200612020NJN.html,2006-07
Allen Iverson,2006-12-03,Philadelphia 76ers,Minnesota Timberwolves,1,42.26,6.0,19.0,0.316,0.0,3.0,0.0,14.0,17.0,0.8240000000000001,0.0,2.0,2.0,7.0,3.0,0.0,5.0,0.0,26.0,1.0,https://www.basketball-reference.com/boxscores/200612030PHI.html,2006-07
Allen Iverson,2006-12-06,Philadelphia 76ers,Chicago Bulls,0,31.46,7.0,17.0,0.412,1.0,1.0,1.0,10.0,11.0,0.909,0.0,0.0,0.0,7.0,1.0,0.0,7.0,2.0,25.0,-10.0,https://www.basketball-reference.com/boxscores/200612060CHI.html,2006-07
Allen Iverson,2006-12-22,Denver Nuggets,Sacramento Kings,1,39.25,9.0,15.0,0.6,2.0,3.0,0.667,2.0,6.0,0.333,0.0,2.0,2.0,10.0,0.0,0.0,2.0,3.0,22.0,-4.0,https://www.basketball-reference.com/boxscores/200612220DEN.html,2006-07
Allen Iverson,2006-12-26,Denver Nuggets,Boston Celtics,1,43.47,9.0,22.0,0.409,1.0,2.0,0.5,9.0,13.0,0.6920000000000001,0.0,2.0,2.0,13.0,4.0,0.0,6.0,2.0,28.0,11.0,https://www.basketball-reference.com/boxscores/200612260DEN.html,2006-07
Allen Iverson,2006-12-28,Denver Nuggets,Seattle SuperSonics,1,43.07,17.0,29.0,0.586,1.0,2.0,0.5,9.0,12.0,0.75,0.0,3.0,3.0,10.0,2.0,0.0,9.0,4.0,44.0,22.0,https://www.basketball-reference.com/boxscores/200612280DEN.html,2006-07
Allen Iverson,2006-12-29,Denver Nuggets,New Orleans/Oklahoma City Hornets,0,45.01,6.0,22.0,0.273,0.0,2.0,0.0,9.0,10.0,0.9,1.0,1.0,2.0,3.0,2.0,1.0,5.0,3.0,21.0,-7.0,https://www.basketball-reference.com/boxscores/200612290NOK.html,2006-07
Allen Iverson,2006-12-31,Denver Nuggets,Dallas Mavericks,1,42.03,10.0,17.0,0.588,0.0,0.0,,8.0,8.0,1.0,0.0,2.0,2.0,8.0,7.0,1.0,5.0,3.0,28.0,-2.0,https://www.basketball-reference.com/boxscores/200612310DEN.html,2006-07
Allen Iverson,2007-01-02,Denver Nuggets,Philadelphia 76ers,1,43.46,10.0,24.0,0.417,2.0,6.0,0.333,8.0,10.0,0.8,1.0,4.0,5.0,9.0,0.0,0.0,7.0,1.0,30.0,-17.0,https://www.basketball-reference.com/boxscores/200701020DEN.html,2006-07
Allen Iverson,2007-01-05,Denver Nuggets,Los Angeles Lakers,0,36.38,5.0,17.0,0.294,0.0,1.0,0.0,6.0,8.0,0.75,0.0,1.0,1.0,5.0,1.0,0.0,3.0,2.0,16.0,-27.0,https://www.basketball-reference.com/boxscores/200701050LAL.html,2006-07
Allen Iverson,2007-01-06,Denver Nuggets,Utah Jazz,1,44.19,5.0,19.0,0.263,1.0,7.0,0.14300000000000002,11.0,12.0,0.917,0.0,5.0,5.0,8.0,2.0,0.0,5.0,2.0,22.0,-14.0,https://www.basketball-reference.com/boxscores/200701060DEN.html,2006-07
Allen Iverson,2007-01-08,Denver Nuggets,Milwaukee Bucks,1,43.39,9.0,21.0,0.429,2.0,4.0,0.5,3.0,4.0,0.75,1.0,1.0,2.0,3.0,2.0,0.0,4.0,0.0,23.0,6.0,https://www.basketball-reference.com/boxscores/200701080DEN.html,2006-07
Allen Iverson,2007-01-10,Denver Nuggets,San Antonio Spurs,1,44.26,15.0,25.0,0.6,0.0,0.0,,3.0,3.0,1.0,0.0,0.0,0.0,6.0,0.0,0.0,3.0,0.0,33.0,-13.0,https://www.basketball-reference.com/boxscores/200701100DEN.html,2006-07
Allen Iverson,2007-01-12,Denver Nuggets,Houston Rockets,1,43.43,10.0,21.0,0.476,1.0,2.0,0.5,7.0,7.0,1.0,0.0,4.0,4.0,5.0,3.0,1.0,3.0,1.0,28.0,-1.0,https://www.basketball-reference.com/boxscores/200701120DEN.html,2006-07
Allen Iverson,2007-01-14,Denver Nuggets,Portland Trail Blazers,0,42.45,11.0,21.0,0.524,1.0,2.0,0.5,9.0,10.0,0.9,0.0,3.0,3.0,9.0,1.0,0.0,6.0,1.0,32.0,22.0,https://www.basketball-reference.com/boxscores/200701140POR.html,2006-07
Allen Iverson,2007-01-19,Denver Nuggets,Cleveland Cavaliers,1,42.55,8.0,17.0,0.471,0.0,1.0,0.0,9.0,10.0,0.9,0.0,3.0,3.0,9.0,1.0,0.0,6.0,1.0,25.0,7.0,https://www.basketball-reference.com/boxscores/200701190DEN.html,2006-07
Allen Iverson,2007-01-20,Houston Rockets,Denver Nuggets,1,50.15,12.0,30.0,0.4,2.0,4.0,0.5,10.0,13.0,0.769,0.0,3.0,3.0,10.0,4.0,0.0,3.0,1.0,36.0,12.0,https://www.basketball-reference.com/boxscores/200701200HOU.html,2006-07
Allen Iverson,2007-01-22,Denver Nuggets,Memphis Grizzlies,1,38.44,9.0,16.0,0.563,2.0,3.0,0.667,3.0,5.0,0.6,0.0,4.0,4.0,7.0,2.0,0.0,6.0,0.0,23.0,24.0,https://www.basketball-reference.com/boxscores/200701220DEN.html,2006-07
Allen Iverson,2007-01-23,Denver Nuggets,Seattle SuperSonics,0,44.52,7.0,19.0,0.368,2.0,5.0,0.4,5.0,6.0,0.833,0.0,3.0,3.0,10.0,1.0,0.0,4.0,0.0,21.0,8.0,https://www.basketball-reference.com/boxscores/200701230SEA.html,2006-07
Allen Iverson,2007-01-26,Denver Nuggets,Utah Jazz,0,44.38,10.0,21.0,0.476,1.0,1.0,1.0,12.0,15.0,0.8,0.0,3.0,3.0,6.0,1.0,0.0,2.0,2.0,33.0,0.0,https://www.basketball-reference.com/boxscores/200701260UTA.html,2006-07
Allen Iverson,2007-01-27,Denver Nuggets,New Jersey Nets,1,43.34,6.0,19.0,0.316,1.0,3.0,0.333,5.0,5.0,1.0,0.0,2.0,2.0,8.0,1.0,1.0,3.0,1.0,18.0,-12.0,https://www.basketball-reference.com/boxscores/200701270DEN.html,2006-07
Allen Iverson,2007-01-29,Denver Nuggets,Charlotte Bobc,1,42.54,10.0,15.0,0.667,1.0,2.0,0.5,10.0,12.0,0.833,0.0,3.0,3.0,8.0,4.0,1.0,0.0,1.0,31.0,-7.0,https://www.basketball-reference.com/boxscores/200701290DEN.html,2006-07
Allen Iverson,2007-01-31,Denver Nuggets,Portland Trail Blazers,0,,,,,,,,,,,,,,,,,,,,,https://www.basketball-reference.com/boxscores/200701310POR.html,2006-07
Allen Iverson,2007-02-03,Denver Nuggets,Sacramento Kings,0,,,,,,,,,,,,,,,,,,,,,https://www.basketball-reference.com/boxscores/200702030SAC.html,2006-07
Allen Iverson,2007-02-05,Denver Nuggets,Phoenix Suns,1,,,,,,,,,,,,,,,,,,,,,https://www.basketball-reference.com/boxscores/200702050DEN.html,2006-07
Allen Iverson,2007-02-09,Denver Nuggets,Indiana Pacers,0,,,,,,,,,,,,,,,,,,,,,https://www.basketball-reference.com/boxscores/200702090IND.html,2006-07
Allen Iverson,2007-02-10,Denver Nuggets,Milwaukee Bucks,0,,,,,,,,,,,,,,,,,,,,,https://www.basketball-reference.com/boxscores/200702100MIL.html,2006-07
Allen Iverson,2007-02-12,Denver Nuggets,Golden State Warriors,1,,,,,,,,,,,,,,,,,,,,,https://www.basketball-reference.com/boxscores/200702120DEN.html,2006-07
Allen Iverson,2007-02-14,Denver Nuggets,Minnesota Timberwolves,0,,,,,,,,,,,,,,,,,,,,,https://www.basketball-reference.com/boxscores/200702140MIN.html,2006-07
Allen Iverson,2007-02-20,Denver Nuggets,San Antonio Spurs,0,35.17,3.0,11.0,0.273,0.0,2.0,0.0,3.0,4.0,0.75,1.0,2.0,3.0,5.0,1.0,0.0,3.0,2.0,9.0,-23.0,https://www.basketball-reference.com/boxscores/200702200SAS.html,2006-07
Allen Iverson,2007-02-23,Denver Nuggets,Utah Jazz,1,44.02,11.0,18.0,0.611,1.0,2.0,0.5,10.0,15.0,0.667,1.0,2.0,3.0,5.0,2.0,0.0,3.0,2.0,33.0,-4.0,https://www.basketball-reference.com/boxscores/200702230DEN.html,2006-07
Allen Iverson,2007-02-24,Denver Nuggets,Dallas Mavericks,0,43.41,8.0,18.0,0.444,2.0,4.0,0.5,8.0,9.0,0.889,1.0,4.0,5.0,4.0,2.0,1.0,9.0,2.0,26.0,-13.0,https://www.basketball-reference.com/boxscores/200702240DAL.html,2006-07
Allen Iverson,2007-02-26,Denver Nuggets,Memphis Grizzlies,0,40.09,7.0,18.0,0.389,3.0,6.0,0.5,8.0,9.0,0.889,1.0,4.0,5.0,9.0,2.0,0.0,4.0,2.0,25.0,4.0,https://www.basketball-reference.com/boxscores/200702260MEM.html,2006-07
Allen Iverson,2007-02-28,Denver Nuggets,Orlando Magic,1,46.29,13.0,25.0,0.52,1.0,4.0,0.25,7.0,9.0,0.778,0.0,4.0,4.0,7.0,5.0,0.0,5.0,1.0,34.0,8.0,https://www.basketball-reference.com/boxscores/200702280DEN.html,2006-07
Allen Iverson,2007-03-02,Denver Nuggets,Houston Rockets,1,39.12,7.0,19.0,0.368,0.0,1.0,0.0,5.0,8.0,0.625,0.0,4.0,4.0,5.0,0.0,0.0,3.0,0.0,19.0,-18.0,https://www.basketball-reference.com/boxscores/200703020DEN.html,2006-07
Allen Iverson,2007-03-06,Denver Nuggets,New Orleans/Oklahoma City Hornets,1,39.43,8.0,17.0,0.471,2.0,3.0,0.667,7.0,7.0,1.0,1.0,2.0,3.0,5.0,0.0,0.0,6.0,2.0,25.0,8.0,https://www.basketball-reference.com/boxscores/200703060DEN.html,2006-07
Allen Iverson,2007-03-07,Denver Nuggets,Golden State Warriors,0,47.02,12.0,25.0,0.48,1.0,2.0,0.5,10.0,14.0,0.7140000000000001,1.0,5.0,6.0,3.0,2.0,0.0,5.0,0.0,35.0,-16.0,https://www.basketball-reference.com/boxscores/200703070GSW.html,2006-07
Allen Iverson,2007-03-09,Denver Nuggets,Detroit Pistons,1,42.49,5.0,13.0,0.385,1.0,4.0,0.25,8.0,13.0,0.615,0.0,2.0,2.0,4.0,2.0,1.0,2.0,1.0,19.0,-12.0,https://www.basketball-reference.com/boxscores/200703090DEN.html,2006-07
Allen Iverson,2007-03-11,Denver Nuggets,Sacramento Kings,0,36.43,8.0,17.0,0.471,1.0,3.0,0.333,7.0,9.0,0.778,1.0,5.0,6.0,7.0,4.0,0.0,6.0,3.0,24.0,14.0,https://www.basketball-reference.com/boxscores/200703110SAC.html,2006-07
Allen Iverson,2007-03-13,Denver Nuggets,Portland Trail Blazers,1,44.28,8.0,20.0,0.4,1.0,1.0,1.0,14.0,16.0,0.875,1.0,5.0,6.0,10.0,5.0,1.0,2.0,0.0,31.0,11.0,https://www.basketball-reference.com/boxscores/200703130DEN.html,2006-07
Allen Iverson,2007-03-15,Denver Nuggets,Los Angeles Lakers,1,40.47,4.0,15.0,0.267,0.0,0.0,,6.0,6.0,1.0,0.0,1.0,1.0,13.0,1.0,0.0,3.0,3.0,14.0,29.0,https://www.basketball-reference.com/boxscores/200703150DEN.html,2006-07
Allen Iverson,2007-03-17,Denver Nuggets,Phoenix Suns,1,42.38,16.0,22.0,0.727,2.0,3.0,0.667,10.0,12.0,0.833,0.0,5.0,5.0,15.0,0.0,1.0,1.0,2.0,44.0,31.0,https://www.basketball-reference.com/boxscores/200703170DEN.html,2006-07
Allen Iverson,2007-03-20,Denver Nuggets,New Jersey Nets,0,44.14,8.0,23.0,0.348,1.0,6.0,0.16699999999999998,3.0,6.0,0.5,0.0,5.0,5.0,5.0,4.0,0.0,4.0,0.0,20.0,3.0,https://www.basketball-reference.com/boxscores/200703200NJN.html,2006-07
Allen Iverson,2007-03-22,Denver Nuggets,Chicago Bulls,0,40.36,11.0,18.0,0.611,1.0,2.0,0.5,8.0,9.0,0.889,0.0,2.0,2.0,6.0,1.0,0.0,5.0,2.0,31.0,2.0,https://www.basketball-reference.com/boxscores/200703220CHI.html,2006-07
Allen Iverson,2007-03-23,Denver Nuggets,Toronto Raptors,0,32.39,3.0,12.0,0.25,0.0,3.0,0.0,8.0,8.0,1.0,1.0,0.0,1.0,3.0,0.0,0.0,3.0,1.0,14.0,-26.0,https://www.basketball-reference.com/boxscores/200703230TOR.html,2006-07
Allen Iverson,2007-03-25,Denver Nuggets,Cleveland Cavaliers,0,46.09,7.0,13.0,0.5379999999999999,0.0,2.0,0.0,4.0,6.0,0.667,0.0,4.0,4.0,12.0,0.0,0.0,2.0,1.0,18.0,14.0,https://www.basketball-reference.com/boxscores/200703250CLE.html,2006-07
Allen Iverson,2007-03-26,Detroit Pistons,Denver Nuggets,1,44.27,5.0,14.0,0.35700000000000004,1.0,5.0,0.2,5.0,9.0,0.556,0.0,0.0,0.0,8.0,2.0,1.0,5.0,0.0,16.0,-11.0,https://www.basketball-reference.com/boxscores/200703260DET.html,2006-07
Allen Iverson,2007-03-28,Denver Nuggets,Seattle SuperSonics,1,37.52,4.0,13.0,0.308,1.0,3.0,0.333,5.0,8.0,0.625,0.0,1.0,1.0,8.0,1.0,0.0,5.0,2.0,14.0,-4.0,https://www.basketball-reference.com/boxscores/200703280DEN.html,2006-07
Allen Iverson,2007-03-30,Denver Nuggets,Phoenix Suns,0,43.49,8.0,16.0,0.5,0.0,2.0,0.0,10.0,13.0,0.769,0.0,0.0,0.0,1.0,1.0,1.0,5.0,2.0,26.0,-10.0,https://www.basketball-reference.com/boxscores/200703300PHO.html,2006-07
Allen Iverson,2002-12-04,Philadelphia 76ers,Boston Celtics,1,43.51,9.0,22.0,0.409,2.0,7.0,0.28600000000000003,7.0,11.0,0.636,0.0,3.0,3.0,7.0,2.0,0.0,3.0,0.0,27.0,5.0,https://www.basketball-reference.com/boxscores/200212040PHI.html,2002-03
Allen Iverson,2002-12-06,Philadelphia 76ers,San Antonio Spurs,0,39.1,9.0,30.0,0.3,0.0,5.0,0.0,3.0,4.0,0.75,3.0,2.0,5.0,2.0,3.0,0.0,2.0,2.0,21.0,-14.0,https://www.basketball-reference.com/boxscores/200212060SAS.html,2002-03
Allen Iverson,2002-12-07,Philadelphia 76ers,Houston Rockets,0,37.13,5.0,19.0,0.263,1.0,5.0,0.2,0.0,1.0,0.0,0.0,6.0,6.0,4.0,4.0,0.0,9.0,1.0,11.0,-19.0,https://www.basketball-reference.com/boxscores/200212070HOU.html,2002-03
Allen Iverson,2002-12-11,Philadelphia 76ers,Seattle SuperSonics,1,43.54,9.0,25.0,0.36,5.0,6.0,0.833,3.0,5.0,0.6,1.0,3.0,4.0,3.0,0.0,0.0,2.0,0.0,26.0,-7.0,https://www.basketball-reference.com/boxscores/200212110PHI.html,2002-03
Allen Iverson,2002-12-13,Philadelphia 76ers,Phoenix Suns,1,48.0,7.0,24.0,0.292,1.0,8.0,0.125,7.0,9.0,0.778,0.0,3.0,3.0,7.0,2.0,0.0,4.0,1.0,22.0,-8.0,https://www.basketball-reference.com/boxscores/200212130PHI.html,2002-03
Allen Iverson,2002-12-15,Philadelphia 76ers,Indiana Pacers,0,44.14,12.0,26.0,0.462,1.0,4.0,0.25,7.0,9.0,0.778,3.0,2.0,5.0,3.0,1.0,1.0,4.0,1.0,32.0,-12.0,https://www.basketball-reference.com/boxscores/200212150IND.html,2002-03
Allen Iverson,2002-12-16,Philadelphia 76ers,Denver Nuggets,1,39.04,9.0,19.0,0.474,3.0,5.0,0.6,2.0,4.0,0.5,0.0,2.0,2.0,3.0,4.0,0.0,2.0,1.0,23.0,27.0,https://www.basketball-reference.com/boxscores/200212160PHI.html,2002-03
Allen Iverson,2002-12-18,Philadelphia 76ers,Minnesota Timberwolves,1,47.5,14.0,29.0,0.483,2.0,4.0,0.5,11.0,16.0,0.688,0.0,4.0,4.0,2.0,4.0,0.0,3.0,1.0,41.0,7.0,https://www.basketball-reference.com/boxscores/200212180PHI.html,2002-03
Allen Iverson,2002-12-21,Philadelphia 76ers,Atlanta Hawks,0,40.36,6.0,28.0,0.214,0.0,4.0,0.0,1.0,1.0,1.0,1.0,3.0,4.0,2.0,1.0,0.0,4.0,2.0,13.0,1.0,https://www.basketball-reference.com/boxscores/200212210ATL.html,2002-03
Allen Iverson,2002-12-28,Philadelphia 76ers,Utah Jazz,0,20.34,4.0,12.0,0.333,0.0,1.0,0.0,5.0,6.0,0.833,0.0,0.0,0.0,1.0,3.0,0.0,4.0,3.0,13.0,-19.0,https://www.basketball-reference.com/boxscores/200212280UTA.html,2002-03
Allen Iverson,2002-12-30,Philadelphia 76ers,Golden State Warriors,0,44.04,8.0,23.0,0.348,1.0,4.0,0.25,6.0,7.0,0.857,4.0,2.0,6.0,5.0,6.0,0.0,2.0,0.0,23.0,-10.0,https://www.basketball-reference.com/boxscores/200212300GSW.html,2002-03
Allen Iverson,2002-12-31,Philadelphia 76ers,Los Angeles Clippers,0,40.57,10.0,22.0,0.455,0.0,4.0,0.0,7.0,9.0,0.778,0.0,5.0,5.0,5.0,2.0,1.0,4.0,2.0,27.0,10.0,https://www.basketball-reference.com/boxscores/200212310LAC.html,2002-03
Allen Iverson,2003-01-02,Philadelphia 76ers,Phoenix Suns,0,40.3,4.0,17.0,0.235,1.0,3.0,0.333,3.0,5.0,0.6,0.0,5.0,5.0,6.0,2.0,1.0,3.0,2.0,12.0,-15.0,https://www.basketball-reference.com/boxscores/200301020PHO.html,2002-03
Allen Iverson,2003-01-04,Philadelphia 76ers,Dallas Mavericks,0,35.44,11.0,19.0,0.579,1.0,3.0,0.333,2.0,4.0,0.5,1.0,3.0,4.0,3.0,0.0,0.0,4.0,0.0,25.0,-23.0,https://www.basketball-reference.com/boxscores/200301040DAL.html,2002-03
Allen Iverson,2003-01-10,Philadelphia 76ers,New York Knicks,1,44.1,10.0,28.0,0.35700000000000004,1.0,5.0,0.2,9.0,12.0,0.75,1.0,5.0,6.0,9.0,0.0,0.0,5.0,3.0,30.0,1.0,https://www.basketball-reference.com/boxscores/200301100PHI.html,2002-03
Allen Iverson,2003-01-12,Philadelphia 76ers,Orlando Magic,1,44.15,11.0,24.0,0.458,0.0,5.0,0.0,10.0,12.0,0.833,0.0,3.0,3.0,9.0,3.0,0.0,4.0,3.0,32.0,-4.0,https://www.basketball-reference.com/boxscores/200301120PHI.html,2002-03
Allen Iverson,2003-01-15,Philadelphia 76ers,New Jersey Nets,1,45.1,11.0,25.0,0.44,4.0,7.0,0.5710000000000001,8.0,9.0,0.889,0.0,7.0,7.0,7.0,2.0,0.0,6.0,1.0,34.0,4.0,https://www.basketball-reference.com/boxscores/200301150PHI.html,2002-03
Allen Iverson,2003-01-17,Philadelphia 76ers,Milwaukee Bucks,1,42.56,6.0,18.0,0.333,1.0,3.0,0.333,4.0,8.0,0.5,2.0,7.0,9.0,7.0,1.0,1.0,4.0,3.0,17.0,3.0,https://www.basketball-reference.com/boxscores/200301170PHI.html,2002-03
Allen Iverson,2003-01-18,Philadelphia 76ers,Washington Wizards,0,42.14,8.0,24.0,0.333,1.0,2.0,0.5,9.0,12.0,0.75,0.0,2.0,2.0,1.0,0.0,0.0,6.0,2.0,26.0,8.0,https://www.basketball-reference.com/boxscores/200301180WAS.html,2002-03
Allen Iverson,2003-01-20,Philadelphia 76ers,Boston Celtics,1,43.03,12.0,22.0,0.545,0.0,2.0,0.0,5.0,6.0,0.833,0.0,2.0,2.0,4.0,5.0,0.0,2.0,1.0,29.0,-4.0,https://www.basketball-reference.com/boxscores/200301200PHI.html,2002-03
Allen Iverson,2003-01-22,Philadelphia 76ers,Detroit Pistons,0,41.39,8.0,25.0,0.32,0.0,3.0,0.0,5.0,8.0,0.625,2.0,4.0,6.0,7.0,4.0,0.0,5.0,3.0,21.0,13.0,https://www.basketball-reference.com/boxscores/200301220DET.html,2002-03
Allen Iverson,2003-01-23,Philadelphia 76ers,Dallas Mavericks,1,42.05,9.0,17.0,0.529,0.0,2.0,0.0,7.0,8.0,0.875,0.0,4.0,4.0,3.0,2.0,0.0,2.0,2.0,25.0,-16.0,https://www.basketball-reference.com/boxscores/200301230PHI.html,2002-03
Allen Iverson,2003-01-25,Philadelphia 76ers,Miami Heat,0,45.0,9.0,17.0,0.529,0.0,1.0,0.0,7.0,8.0,0.875,1.0,6.0,7.0,5.0,0.0,0.0,2.0,3.0,25.0,4.0,https://www.basketball-reference.com/boxscores/200301250MIA.html,2002-03
Allen Iverson,2003-01-28,Philadelphia 76ers,Milwaukee Bucks,0,40.58,8.0,18.0,0.444,1.0,2.0,0.5,3.0,3.0,1.0,1.0,6.0,7.0,5.0,1.0,0.0,1.0,1.0,20.0,32.0,https://www.basketball-reference.com/boxscores/200301280MIL.html,2002-03
Allen Iverson,2003-01-29,Philadelphia 76ers,Atlanta Hawks,1,41.26,14.0,28.0,0.5,1.0,3.0,0.333,8.0,10.0,0.8,2.0,5.0,7.0,2.0,4.0,0.0,5.0,4.0,37.0,-9.0,https://www.basketball-reference.com/boxscores/200301290PHI.html,2002-03
Allen Iverson,2003-01-31,Philadelphia 76ers,Miami Heat,1,44.05,8.0,22.0,0.364,0.0,2.0,0.0,9.0,15.0,0.6,1.0,5.0,6.0,5.0,3.0,0.0,5.0,3.0,25.0,2.0,https://www.basketball-reference.com/boxscores/200301310PHI.html,2002-03
Allen Iverson,2003-02-02,Philadelphia 76ers,Minnesota Timberwolves,0,41.53,7.0,23.0,0.304,3.0,7.0,0.429,4.0,4.0,1.0,0.0,2.0,2.0,7.0,1.0,0.0,4.0,1.0,21.0,-16.0,https://www.basketball-reference.com/boxscores/200302020MIN.html,2002-03
Allen Iverson,2003-02-05,Philadelphia 76ers,New Jersey Nets,1,38.11,8.0,21.0,0.381,0.0,2.0,0.0,12.0,17.0,0.706,0.0,5.0,5.0,2.0,2.0,0.0,3.0,2.0,28.0,-22.0,https://www.basketball-reference.com/boxscores/200302050PHI.html,2002-03
Allen Iverson,2003-02-14,Philadelphia 76ers,Orlando Magic,1,41.56,8.0,22.0,0.364,0.0,1.0,0.0,4.0,6.0,0.667,0.0,7.0,7.0,3.0,2.0,0.0,5.0,2.0,20.0,1.0,https://www.basketball-reference.com/boxscores/200302140PHI.html,2002-03
Allen Iverson,2003-02-16,Philadelphia 76ers,New Jersey Nets,0,45.47,10.0,24.0,0.417,1.0,5.0,0.2,11.0,12.0,0.917,0.0,4.0,4.0,4.0,5.0,0.0,3.0,2.0,32.0,7.0,https://www.basketball-reference.com/boxscores/200302160NJN.html,2002-03
Allen Iverson,2003-02-19,Philadelphia 76ers,Chicago Bulls,0,40.23,12.0,24.0,0.5,0.0,1.0,0.0,4.0,7.0,0.5710000000000001,3.0,5.0,8.0,9.0,1.0,0.0,2.0,1.0,28.0,22.0,https://www.basketball-reference.com/boxscores/200302190CHI.html,2002-03
Allen Iverson,2003-02-21,Philadelphia 76ers,Cleveland Cavaliers,0,41.19,12.0,23.0,0.522,1.0,2.0,0.5,16.0,18.0,0.889,1.0,1.0,2.0,6.0,4.0,0.0,2.0,3.0,41.0,21.0,https://www.basketball-reference.com/boxscores/200302210CLE.html,2002-03
Allen Iverson,2003-02-23,Philadelphia 76ers,Cleveland Cavaliers,1,39.46,7.0,23.0,0.304,0.0,2.0,0.0,9.0,13.0,0.6920000000000001,2.0,3.0,5.0,6.0,4.0,0.0,1.0,2.0,23.0,17.0,https://www.basketball-reference.com/boxscores/200302230PHI.html,2002-03
Allen Iverson,2003-02-26,Philadelphia 76ers,Memphis Grizzlies,1,44.53,13.0,26.0,0.5,3.0,4.0,0.75,5.0,6.0,0.833,0.0,4.0,4.0,9.0,3.0,0.0,5.0,1.0,34.0,6.0,https://www.basketball-reference.com/boxscores/200302260PHI.html,2002-03
Allen Iverson,2003-02-28,Philadelphia 76ers,Utah Jazz,1,33.03,9.0,23.0,0.391,1.0,3.0,0.333,5.0,5.0,1.0,1.0,1.0,2.0,6.0,1.0,0.0,4.0,2.0,24.0,16.0,https://www.basketball-reference.com/boxscores/200302280PHI.html,2002-03
Allen Iverson,2003-03-02,Philadelphia 76ers,Denver Nuggets,0,28.48,5.0,16.0,0.313,0.0,3.0,0.0,7.0,9.0,0.778,1.0,3.0,4.0,2.0,0.0,0.0,6.0,6.0,17.0,-5.0,https://www.basketball-reference.com/boxscores/200303020DEN.html,2002-03
Allen Iverson,2003-03-03,Philadelphia 76ers,Sacramento Kings,0,47.1,13.0,23.0,0.565,3.0,7.0,0.429,6.0,9.0,0.667,0.0,5.0,5.0,4.0,5.0,1.0,2.0,0.0,35.0,-8.0,https://www.basketball-reference.com/boxscores/200303030SAC.html,2002-03
Allen Iverson,2003-03-06,Philadelphia 76ers,Portland Trail Blazers,0,42.0,13.0,23.0,0.565,0.0,2.0,0.0,10.0,13.0,0.769,1.0,3.0,4.0,4.0,3.0,0.0,3.0,2.0,36.0,32.0,https://www.basketball-reference.com/boxscores/200303060POR.html,2002-03
Allen Iverson,2003-03-07,Philadelphia 76ers,Seattle SuperSonics,0,45.54,15.0,27.0,0.556,2.0,4.0,0.5,8.0,8.0,1.0,0.0,1.0,1.0,4.0,3.0,0.0,0.0,1.0,40.0,7.0,https://www.basketball-reference.com/boxscores/200303070SEA.html,2002-03
Allen Iverson,2003-03-09,Philadelphia 76ers,Los Angeles Lakers,0,46.36,12.0,28.0,0.429,0.0,3.0,0.0,6.0,9.0,0.667,0.0,4.0,4.0,2.0,4.0,0.0,6.0,1.0,30.0,-14.0,https://www.basketball-reference.com/boxscores/200303090LAL.html,2002-03
Allen Iverson,2003-03-12,Philadelphia 76ers,Indiana Pacers,1,44.57,7.0,22.0,0.318,1.0,5.0,0.2,16.0,19.0,0.8420000000000001,0.0,2.0,2.0,6.0,2.0,1.0,4.0,0.0,31.0,1.0,https://www.basketball-reference.com/boxscores/200303120PHI.html,2002-03
Allen Iverson,2003-03-14,Philadelphia 76ers,Portland Trail Blazers,1,43.35,9.0,21.0,0.429,0.0,3.0,0.0,4.0,4.0,1.0,0.0,4.0,4.0,9.0,4.0,0.0,0.0,2.0,22.0,11.0,https://www.basketball-reference.com/boxscores/200303140PHI.html,2002-03
Allen Iverson,2003-03-16,Philadelphia 76ers,New Jersey Nets,0,45.42,11.0,24.0,0.458,3.0,5.0,0.6,6.0,6.0,1.0,0.0,3.0,3.0,5.0,6.0,0.0,4.0,2.0,31.0,7.0,https://www.basketball-reference.com/boxscores/200303160NJN.html,2002-03
Allen Iverson,2003-03-18,Philadelphia 76ers,Miami Heat,0,43.16,13.0,25.0,0.52,2.0,4.0,0.5,4.0,6.0,0.667,0.0,4.0,4.0,6.0,2.0,0.0,3.0,1.0,32.0,18.0,https://www.basketball-reference.com/boxscores/200303180MIA.html,2002-03
Allen Iverson,2003-03-20,Philadelphia 76ers,Detroit Pistons,0,33.23,2.0,11.0,0.182,0.0,1.0,0.0,1.0,2.0,0.5,0.0,1.0,1.0,7.0,2.0,0.0,3.0,1.0,5.0,-27.0,https://www.basketball-reference.com/boxscores/200303200DET.html,2002-03
Allen Iverson,2003-03-21,Philadelphia 76ers,Atlanta Hawks,1,44.34,9.0,27.0,0.333,1.0,4.0,0.25,6.0,10.0,0.6,0.0,3.0,3.0,12.0,1.0,0.0,3.0,4.0,25.0,-6.0,https://www.basketball-reference.com/boxscores/200303210PHI.html,2002-03
Allen Iverson,2003-03-23,Philadelphia 76ers,Toronto Raptors,0,42.33,14.0,25.0,0.56,1.0,3.0,0.333,3.0,4.0,0.75,1.0,0.0,1.0,7.0,5.0,2.0,2.0,1.0,32.0,17.0,https://www.basketball-reference.com/boxscores/200303230TOR.html,2002-03
Allen Iverson,2003-03-26,Philadelphia 76ers,Indiana Pacers,0,45.0,9.0,26.0,0.34600000000000003,1.0,6.0,0.16699999999999998,3.0,7.0,0.429,1.0,3.0,4.0,10.0,2.0,0.0,6.0,2.0,22.0,8.0,https://www.basketball-reference.com/boxscores/200303260IND.html,2002-03
Allen Iverson,2003-03-28,Philadelphia 76ers,Golden State Warriors,1,44.2,8.0,22.0,0.364,0.0,1.0,0.0,12.0,14.0,0.857,2.0,4.0,6.0,10.0,5.0,1.0,3.0,5.0,28.0,2.0,https://www.basketball-reference.com/boxscores/200303280PHI.html,2002-03
Allen Iverson,2003-03-29,Philadelphia 76ers,Atlanta Hawks,0,43.34,17.0,25.0,0.68,0.0,1.0,0.0,4.0,5.0,0.8,1.0,2.0,3.0,9.0,8.0,0.0,5.0,0.0,38.0,26.0,https://www.basketball-reference.com/boxscores/200303290ATL.html,2002-03
Allen Iverson,2003-03-31,Orlando Magic,Philadelphia 76ers,1,49.59,15.0,31.0,0.484,2.0,3.0,0.667,10.0,14.0,0.7140000000000001,2.0,4.0,6.0,6.0,3.0,0.0,5.0,2.0,42.0,6.0,https://www.basketball-reference.com/boxscores/200303310ORL.html,2002-03
Allen Iverson,2007-12-02,Denver Nuggets,Miami Heat,1,35.44,9.0,19.0,0.474,2.0,3.0,0.667,0.0,0.0,,1.0,0.0,1.0,5.0,1.0,0.0,1.0,0.0,20.0,29.0,https://www.basketball-reference.com/boxscores/200712020DEN.html,2007-08
Allen Iverson,2007-12-05,Denver Nuggets,Los Angeles Lakers,1,48.0,18.0,27.0,0.667,0.0,1.0,0.0,15.0,18.0,0.833,0.0,2.0,2.0,8.0,1.0,0.0,5.0,4.0,51.0,-4.0,https://www.basketball-reference.com/boxscores/200712050DEN.html,2007-08
Allen Iverson,2007-12-06,Denver Nuggets,Dallas Mavericks,0,42.54,12.0,19.0,0.632,0.0,0.0,,11.0,13.0,0.846,0.0,1.0,1.0,12.0,6.0,0.0,5.0,2.0,35.0,16.0,https://www.basketball-reference.com/boxscores/200712060DAL.html,2007-08
Allen Iverson,2007-12-08,Denver Nuggets,Sacramento Kings,1,45.06,7.0,16.0,0.438,1.0,3.0,0.333,8.0,8.0,1.0,2.0,2.0,4.0,10.0,1.0,0.0,5.0,2.0,23.0,6.0,https://www.basketball-reference.com/boxscores/200712080DEN.html,2007-08
Allen Iverson,2007-12-12,Denver Nuggets,New Orleans Hornets,1,44.48,8.0,16.0,0.5,0.0,2.0,0.0,6.0,6.0,1.0,0.0,3.0,3.0,11.0,2.0,0.0,3.0,2.0,22.0,9.0,https://www.basketball-reference.com/boxscores/200712120DEN.html,2007-08
Allen Iverson,2007-12-15,Denver Nuggets,San Antonio Spurs,0,44.05,10.0,22.0,0.455,1.0,2.0,0.5,9.0,11.0,0.818,0.0,3.0,3.0,5.0,3.0,0.0,7.0,3.0,30.0,-13.0,https://www.basketball-reference.com/boxscores/200712150SAS.html,2007-08
Allen Iverson,2007-12-16,Denver Nuggets,Portland Trail Blazers,1,45.31,11.0,22.0,0.5,3.0,6.0,0.5,13.0,15.0,0.867,0.0,2.0,2.0,6.0,3.0,0.0,3.0,0.0,38.0,-12.0,https://www.basketball-reference.com/boxscores/200712160DEN.html,2007-08
Allen Iverson,2007-12-21,Denver Nuggets,Portland Trail Blazers,0,45.03,11.0,26.0,0.423,1.0,5.0,0.2,11.0,12.0,0.917,0.0,4.0,4.0,3.0,2.0,0.0,2.0,1.0,34.0,-5.0,https://www.basketball-reference.com/boxscores/200712210POR.html,2007-08
Allen Iverson,2007-12-23,Denver Nuggets,Sacramento Kings,0,43.33,6.0,21.0,0.28600000000000003,2.0,7.0,0.28600000000000003,7.0,7.0,1.0,0.0,2.0,2.0,6.0,3.0,1.0,2.0,1.0,21.0,-1.0,https://www.basketball-reference.com/boxscores/200712230SAC.html,2007-08
Allen Iverson,2007-12-26,Denver Nuggets,Milwaukee Bucks,1,36.29,11.0,21.0,0.524,0.0,1.0,0.0,2.0,3.0,0.667,0.0,1.0,1.0,6.0,2.0,0.0,2.0,1.0,24.0,22.0,https://www.basketball-reference.com/boxscores/200712260DEN.html,2007-08
Allen Iverson,2007-12-28,Denver Nuggets,Golden State Warriors,0,45.12,12.0,21.0,0.5710000000000001,2.0,4.0,0.5,13.0,15.0,0.867,0.0,2.0,2.0,6.0,1.0,0.0,4.0,1.0,39.0,2.0,https://www.basketball-reference.com/boxscores/200712280GSW.html,2007-08
Allen Iverson,2007-12-30,Denver Nuggets,Golden State Warriors,1,43.04,2.0,12.0,0.16699999999999998,0.0,0.0,,9.0,12.0,0.75,2.0,4.0,6.0,5.0,4.0,0.0,5.0,0.0,13.0,-18.0,https://www.basketball-reference.com/boxscores/200712300DEN.html,2007-08
Allen Iverson,2008-01-03,Denver Nuggets,San Antonio Spurs,1,44.31,10.0,18.0,0.556,1.0,3.0,0.333,8.0,8.0,1.0,0.0,0.0,0.0,3.0,1.0,0.0,1.0,1.0,29.0,9.0,https://www.basketball-reference.com/boxscores/200801030DEN.html,2007-08
Allen Iverson,2008-01-04,Denver Nuggets,Minnesota Timberwolves,0,42.18,10.0,21.0,0.476,4.0,8.0,0.5,9.0,10.0,0.9,1.0,2.0,3.0,4.0,0.0,0.0,0.0,1.0,33.0,5.0,https://www.basketball-reference.com/boxscores/200801040MIN.html,2007-08
Allen Iverson,2008-01-06,Denver Nuggets,Philadelphia 76ers,1,43.54,14.0,25.0,0.56,3.0,6.0,0.5,7.0,8.0,0.875,0.0,1.0,1.0,8.0,1.0,1.0,3.0,1.0,38.0,6.0,https://www.basketball-reference.com/boxscores/200801060DEN.html,2007-08
Allen Iverson,2008-01-07,Denver Nuggets,Phoenix Suns,0,38.59,10.0,20.0,0.5,2.0,4.0,0.5,10.0,13.0,0.769,1.0,1.0,2.0,3.0,0.0,0.0,1.0,0.0,32.0,-21.0,https://www.basketball-reference.com/boxscores/200801070PHO.html,2007-08
Allen Iverson,2008-01-11,Denver Nuggets,Orlando Magic,1,43.16,6.0,15.0,0.4,1.0,3.0,0.333,8.0,13.0,0.615,2.0,3.0,5.0,13.0,1.0,1.0,2.0,3.0,21.0,2.0,https://www.basketball-reference.com/boxscores/200801110DEN.html,2007-08
Allen Iverson,2008-01-14,Denver Nuggets,Charlotte Bobcats,0,44.02,9.0,20.0,0.45,0.0,3.0,0.0,5.0,6.0,0.833,1.0,1.0,2.0,6.0,1.0,0.0,1.0,1.0,23.0,-12.0,https://www.basketball-reference.com/boxscores/200801140CHA.html,2007-08
Allen Iverson,2008-01-15,Denver Nuggets,Atlanta Hawks,0,43.49,9.0,18.0,0.5,2.0,4.0,0.5,7.0,11.0,0.636,0.0,0.0,0.0,4.0,0.0,1.0,4.0,0.0,27.0,-10.0,https://www.basketball-reference.com/boxscores/200801150ATL.html,2007-08
Allen Iverson,2008-01-17,Denver Nuggets,Utah Jazz,1,44.34,9.0,19.0,0.474,0.0,2.0,0.0,10.0,12.0,0.833,1.0,3.0,4.0,9.0,3.0,0.0,3.0,3.0,28.0,22.0,https://www.basketball-reference.com/boxscores/200801170DEN.html,2007-08
Allen Iverson,2008-01-19,Denver Nuggets,Minnesota Timberwolves,1,43.25,11.0,26.0,0.423,2.0,4.0,0.5,11.0,14.0,0.7859999999999999,3.0,3.0,6.0,5.0,2.0,0.0,4.0,2.0,35.0,11.0,https://www.basketball-reference.com/boxscores/200801190DEN.html,2007-08
Allen Iverson,2008-01-21,Denver Nuggets,Los Angeles Lakers,0,41.17,8.0,23.0,0.348,0.0,2.0,0.0,8.0,11.0,0.727,1.0,2.0,3.0,7.0,1.0,0.0,2.0,1.0,24.0,-16.0,https://www.basketball-reference.com/boxscores/200801210LAL.html,2007-08
Allen Iverson,2008-01-23,Denver Nuggets,Atlanta Hawks,1,44.3,6.0,21.0,0.28600000000000003,2.0,5.0,0.4,15.0,18.0,0.833,0.0,2.0,2.0,6.0,3.0,0.0,3.0,1.0,29.0,3.0,https://www.basketball-reference.com/boxscores/200801230DEN.html,2007-08
Allen Iverson,2008-01-25,Denver Nuggets,New Jersey Nets,1,42.37,8.0,21.0,0.381,1.0,3.0,0.333,13.0,15.0,0.867,0.0,2.0,2.0,5.0,3.0,0.0,1.0,0.0,30.0,11.0,https://www.basketball-reference.com/boxscores/200801250DEN.html,2007-08
Allen Iverson,2008-01-27,Denver Nuggets,Dallas Mavericks,0,43.44,7.0,17.0,0.412,0.0,1.0,0.0,9.0,13.0,0.6920000000000001,0.0,3.0,3.0,9.0,3.0,0.0,5.0,2.0,23.0,2.0,https://www.basketball-reference.com/boxscores/200801270DAL.html,2007-08
Allen Iverson,2008-01-28,Denver Nuggets,New Orleans Hornets,0,38.36,8.0,16.0,0.5,1.0,5.0,0.2,6.0,6.0,1.0,1.0,0.0,1.0,3.0,3.0,0.0,4.0,2.0,23.0,-22.0,https://www.basketball-reference.com/boxscores/200801280NOH.html,2007-08
Allen Iverson,2008-01-30,Denver Nuggets,Memphis Grizzlies,0,48.0,11.0,26.0,0.423,0.0,3.0,0.0,10.0,12.0,0.833,0.0,3.0,3.0,12.0,4.0,0.0,5.0,0.0,32.0,4.0,https://www.basketball-reference.com/boxscores/200801300MEM.html,2007-08
Allen Iverson,2008-02-02,Denver Nuggets,Charlotte Bobc,1,43.38,6.0,19.0,0.316,0.0,3.0,0.0,12.0,14.0,0.857,1.0,5.0,6.0,13.0,5.0,0.0,1.0,1.0,24.0,16.0,https://www.basketball-reference.com/boxscores/200802020DEN.html,2007-08
Allen Iverson,2008-02-04,Portland Trail Blazers,Denver Nuggets,1,49.3,10.0,28.0,0.35700000000000004,3.0,6.0,0.5,2.0,2.0,1.0,2.0,4.0,6.0,8.0,3.0,0.0,5.0,3.0,25.0,15.0,https://www.basketball-reference.com/boxscores/200802040POR.html,2007-08
Allen Iverson,2008-02-08,Denver Nuggets,Washington Wizards,1,43.27,7.0,9.0,0.778,0.0,1.0,0.0,4.0,5.0,0.8,1.0,3.0,4.0,11.0,0.0,0.0,6.0,0.0,18.0,9.0,https://www.basketball-reference.com/boxscores/200802080DEN.html,2007-08
Allen Iverson,2008-02-10,Denver Nuggets,Cleveland Cavaliers,0,36.15,9.0,18.0,0.5,2.0,3.0,0.667,5.0,6.0,0.833,1.0,0.0,1.0,13.0,2.0,0.0,0.0,2.0,25.0,28.0,https://www.basketball-reference.com/boxscores/200802100CLE.html,2007-08
Allen Iverson,2008-02-12,Miami Heat,Denver Nuggets,1,50.26,5.0,20.0,0.25,0.0,1.0,0.0,6.0,6.0,1.0,0.0,6.0,6.0,7.0,0.0,0.0,2.0,0.0,16.0,4.0,https://www.basketball-reference.com/boxscores/200802120MIA.html,2007-08
Allen Iverson,2008-02-13,Denver Nuggets,Orlando Magic,0,43.38,5.0,16.0,0.313,0.0,1.0,0.0,11.0,13.0,0.846,0.0,1.0,1.0,7.0,1.0,1.0,4.0,2.0,21.0,-9.0,https://www.basketball-reference.com/boxscores/200802130ORL.html,2007-08
Allen Iverson,2008-02-19,Denver Nuggets,Boston Celtics,1,45.0,7.0,16.0,0.438,0.0,1.0,0.0,14.0,20.0,0.7,1.0,6.0,7.0,9.0,0.0,0.0,4.0,3.0,28.0,12.0,https://www.basketball-reference.com/boxscores/200802190DEN.html,2007-08
Allen Iverson,2008-02-22,Denver Nuggets,Chicago Bulls,0,43.48,10.0,17.0,0.588,0.0,3.0,0.0,9.0,11.0,0.818,1.0,3.0,4.0,9.0,0.0,0.0,3.0,0.0,29.0,-16.0,https://www.basketball-reference.com/boxscores/200802220CHI.html,2007-08
Allen Iverson,2008-02-23,Denver Nuggets,Milwaukee Bucks,0,43.4,8.0,20.0,0.4,0.0,2.0,0.0,10.0,11.0,0.909,1.0,1.0,2.0,5.0,1.0,0.0,2.0,1.0,26.0,-9.0,https://www.basketball-reference.com/boxscores/200802230MIL.html,2007-08
Allen Iverson,2008-02-25,Denver Nuggets,Detroit Pistons,1,45.0,7.0,19.0,0.368,2.0,6.0,0.333,12.0,13.0,0.923,2.0,2.0,4.0,7.0,3.0,0.0,2.0,2.0,28.0,-5.0,https://www.basketball-reference.com/boxscores/200802250DEN.html,2007-08
Allen Iverson,2008-02-27,Denver Nuggets,Seattle SuperSonics,0,35.18,13.0,18.0,0.722,3.0,5.0,0.6,2.0,3.0,0.667,0.0,5.0,5.0,6.0,1.0,0.0,5.0,2.0,31.0,29.0,https://www.basketball-reference.com/boxscores/200802270SEA.html,2007-08
Allen Iverson,2008-02-29,Denver Nuggets,Los Angeles Clippers,1,44.36,13.0,22.0,0.591,2.0,6.0,0.333,10.0,11.0,0.909,1.0,3.0,4.0,6.0,1.0,0.0,2.0,1.0,38.0,11.0,https://www.basketball-reference.com/boxscores/200802290DEN.html,2007-08
Allen Iverson,2008-03-02,Denver Nuggets,Houston Rockets,0,41.41,7.0,22.0,0.318,1.0,7.0,0.14300000000000002,2.0,3.0,0.667,1.0,2.0,3.0,4.0,3.0,0.0,4.0,0.0,17.0,-13.0,https://www.basketball-reference.com/boxscores/200803020HOU.html,2007-08
Allen Iverson,2008-03-05,Denver Nuggets,Phoenix Suns,1,42.49,12.0,25.0,0.48,0.0,0.0,,7.0,9.0,0.778,0.0,5.0,5.0,12.0,1.0,0.0,0.0,1.0,31.0,1.0,https://www.basketball-reference.com/boxscores/200803050DEN.html,2007-08
Allen Iverson,2008-03-07,Denver Nuggets,San Antonio Spurs,1,44.25,10.0,16.0,0.625,2.0,3.0,0.667,7.0,10.0,0.7,0.0,2.0,2.0,9.0,0.0,0.0,2.0,1.0,29.0,9.0,https://www.basketball-reference.com/boxscores/200803070DEN.html,2007-08
Allen Iverson,2008-03-08,Denver Nuggets,Utah Jazz,0,30.1,10.0,17.0,0.588,1.0,3.0,0.333,7.0,10.0,0.7,1.0,1.0,2.0,4.0,0.0,0.0,2.0,1.0,28.0,-22.0,https://www.basketball-reference.com/boxscores/200803080UTA.html,2007-08
Allen Iverson,2008-03-10,Denver Nuggets,San Antonio Spurs,0,42.54,9.0,22.0,0.409,3.0,6.0,0.5,7.0,7.0,1.0,0.0,5.0,5.0,4.0,1.0,1.0,2.0,2.0,28.0,-10.0,https://www.basketball-reference.com/boxscores/200803100SAS.html,2007-08
Allen Iverson,2008-03-12,Denver Nuggets,Memphis Grizzlies,1,31.07,2.0,12.0,0.16699999999999998,0.0,2.0,0.0,4.0,6.0,0.667,0.0,0.0,0.0,8.0,0.0,0.0,1.0,1.0,8.0,26.0,https://www.basketball-reference.com/boxscores/200803120DEN.html,2007-08
Allen Iverson,2008-03-14,Denver Nuggets,Toronto Raptors,1,32.18,9.0,12.0,0.75,0.0,1.0,0.0,10.0,10.0,1.0,0.0,0.0,0.0,5.0,2.0,1.0,2.0,2.0,28.0,27.0,https://www.basketball-reference.com/boxscores/200803140DEN.html,2007-08
Allen Iverson,2008-03-16,Denver Nuggets,Seattle SuperSonics,1,27.12,8.0,14.0,0.5710000000000001,0.0,0.0,,8.0,8.0,1.0,0.0,1.0,1.0,6.0,0.0,0.0,2.0,0.0,24.0,40.0,https://www.basketball-reference.com/boxscores/200803160DEN.html,2007-08
Allen Iverson,2008-03-18,Denver Nuggets,Detroit Pistons,0,41.03,5.0,11.0,0.455,0.0,0.0,,10.0,13.0,0.769,0.0,2.0,2.0,11.0,2.0,0.0,3.0,0.0,20.0,-7.0,https://www.basketball-reference.com/boxscores/200803180DET.html,2007-08
Allen Iverson,2008-03-19,Denver Nuggets,Philadelphia 76ers,0,43.04,13.0,24.0,0.542,3.0,5.0,0.6,3.0,5.0,0.6,1.0,1.0,2.0,8.0,3.0,0.0,2.0,3.0,32.0,0.0,https://www.basketball-reference.com/boxscores/200803190PHI.html,2007-08
Allen Iverson,2008-03-21,Denver Nuggets,New Jersey Nets,0,44.52,8.0,18.0,0.444,0.0,1.0,0.0,10.0,11.0,0.909,0.0,1.0,1.0,9.0,4.0,0.0,2.0,4.0,26.0,15.0,https://www.basketball-reference.com/boxscores/200803210NJN.html,2007-08
Allen Iverson,2008-03-23,Denver Nuggets,Toronto Raptors,0,42.39,11.0,16.0,0.688,5.0,8.0,0.625,9.0,11.0,0.818,0.0,2.0,2.0,6.0,0.0,0.0,4.0,3.0,36.0,6.0,https://www.basketball-reference.com/boxscores/200803230TOR.html,2007-08
Allen Iverson,2008-03-24,Denver Nuggets,Memphis Grizzlies,0,40.59,8.0,21.0,0.381,3.0,9.0,0.333,7.0,7.0,1.0,0.0,1.0,1.0,7.0,3.0,0.0,0.0,1.0,26.0,18.0,https://www.basketball-reference.com/boxscores/200803240MEM.html,2007-08
Allen Iverson,2008-03-27,Denver Nuggets,Dallas Mavericks,1,44.04,11.0,21.0,0.524,3.0,3.0,1.0,6.0,6.0,1.0,0.0,3.0,3.0,5.0,1.0,0.0,2.0,1.0,31.0,16.0,https://www.basketball-reference.com/boxscores/200803270DEN.html,2007-08
Allen Iverson,2008-03-29,Denver Nuggets,Golden State Warriors,1,45.17,4.0,20.0,0.2,1.0,5.0,0.2,5.0,6.0,0.833,3.0,4.0,7.0,8.0,2.0,0.0,3.0,2.0,14.0,6.0,https://www.basketball-reference.com/boxscores/200803290DEN.html,2007-08
Allen Iverson,2008-03-31,Denver Nuggets,Phoenix Suns,0,43.04,9.0,19.0,0.474,0.0,0.0,,3.0,5.0,0.6,0.0,0.0,0.0,7.0,2.0,0.0,6.0,1.0,21.0,-14.0,https://www.basketball-reference.com/boxscores/200803310PHO.html,2007-08
Allen Iverson,2000-12-01,Philadelphia 76ers,Charlotte Hornets,1,38.25,11.0,22.0,0.5,3.0,4.0,0.75,12.0,14.0,0.857,3.0,7.0,10.0,4.0,3.0,0.0,3.0,2.0,37.0,28.0,https://www.basketball-reference.com/boxscores/200012010PHI.html,2000-01
Allen Iverson,2000-12-02,Philadelphia 76ers,Cleveland Cavaliers,0,37.11,10.0,21.0,0.476,2.0,6.0,0.333,5.0,6.0,0.833,0.0,7.0,7.0,1.0,3.0,0.0,1.0,4.0,27.0,34.0,https://www.basketball-reference.com/boxscores/200012020CLE.html,2000-01
Allen Iverson,2000-12-04,Philadelphia 76ers,Denver Nuggets,0,46.31,10.0,24.0,0.417,0.0,2.0,0.0,17.0,21.0,0.81,1.0,8.0,9.0,3.0,2.0,0.0,5.0,1.0,37.0,-8.0,https://www.basketball-reference.com/boxscores/200012040DEN.html,2000-01
Allen Iverson,2000-12-05,Philadelphia 76ers,Los Angeles Lakers,0,43.33,9.0,27.0,0.333,1.0,4.0,0.25,8.0,9.0,0.889,2.0,3.0,5.0,3.0,2.0,0.0,2.0,2.0,27.0,-8.0,https://www.basketball-reference.com/boxscores/200012050LAL.html,2000-01
Allen Iverson,2000-12-08,Philadelphia 76ers,Portland Trail Blazers,0,39.03,9.0,21.0,0.429,0.0,0.0,,12.0,17.0,0.706,0.0,0.0,0.0,10.0,4.0,1.0,2.0,1.0,30.0,11.0,https://www.basketball-reference.com/boxscores/200012080POR.html,2000-01
Allen Iverson,2000-12-09,Philadelphia 76ers,Vancouver Grizzlies,0,32.39,6.0,20.0,0.3,1.0,4.0,0.25,5.0,5.0,1.0,0.0,3.0,3.0,3.0,1.0,1.0,3.0,1.0,18.0,-3.0,https://www.basketball-reference.com/boxscores/200012090VAN.html,2000-01
Allen Iverson,2000-12-13,Philadelphia 76ers,Washington Wizards,0,41.28,10.0,21.0,0.476,0.0,1.0,0.0,5.0,8.0,0.625,0.0,1.0,1.0,4.0,5.0,0.0,5.0,2.0,25.0,26.0,https://www.basketball-reference.com/boxscores/200012130WAS.html,2000-01
Allen Iverson,2000-12-15,Philadelphia 76ers,Dallas Mavericks,1,40.47,7.0,20.0,0.35,0.0,3.0,0.0,12.0,12.0,1.0,0.0,4.0,4.0,3.0,1.0,0.0,2.0,2.0,26.0,-9.0,https://www.basketball-reference.com/boxscores/200012150PHI.html,2000-01
Allen Iverson,2000-12-16,Philadelphia 76ers,Chicago Bulls,0,43.5,12.0,25.0,0.48,0.0,2.0,0.0,9.0,13.0,0.6920000000000001,0.0,5.0,5.0,8.0,2.0,0.0,7.0,2.0,33.0,7.0,https://www.basketball-reference.com/boxscores/200012160CHI.html,2000-01
Allen Iverson,2000-12-20,Philadelphia 76ers,Utah Jazz,1,46.52,15.0,34.0,0.441,0.0,4.0,0.0,15.0,18.0,0.833,1.0,2.0,3.0,1.0,4.0,0.0,6.0,3.0,45.0,2.0,https://www.basketball-reference.com/boxscores/200012200PHI.html,2000-01
Allen Iverson,2000-12-22,Philadelphia 76ers,New York Knicks,1,41.34,5.0,18.0,0.278,1.0,6.0,0.16699999999999998,8.0,10.0,0.8,0.0,0.0,0.0,8.0,2.0,0.0,5.0,2.0,19.0,-19.0,https://www.basketball-reference.com/boxscores/200012220PHI.html,2000-01
Allen Iverson,2000-12-26,Philadelphia 76ers,Utah Jazz,0,,,,,,,,,,,,,,,,,,,,,https://www.basketball-reference.com/boxscores/200012260UTA.html,2000-01
Allen Iverson,2000-12-27,Philadelphia 76ers,Golden State Warriors,0,41.09,13.0,27.0,0.481,2.0,4.0,0.5,1.0,1.0,1.0,1.0,2.0,3.0,3.0,2.0,0.0,3.0,1.0,29.0,-3.0,https://www.basketball-reference.com/boxscores/200012270GSW.html,2000-01
Allen Iverson,2000-12-30,Sacramento Kings,Philadelphia 76ers,1,51.44,18.0,36.0,0.5,2.0,6.0,0.333,8.0,8.0,1.0,2.0,7.0,9.0,9.0,3.0,0.0,3.0,2.0,46.0,7.0,https://www.basketball-reference.com/boxscores/200012300SAC.html,2000-01
Allen Iverson,2001-01-03,Philadelphia 76ers,Atlanta Hawks,1,37.53,7.0,18.0,0.389,1.0,3.0,0.333,6.0,8.0,0.75,0.0,2.0,2.0,8.0,1.0,0.0,2.0,2.0,21.0,32.0,https://www.basketball-reference.com/boxscores/200101030PHI.html,2000-01
Allen Iverson,2001-01-05,Philadelphia 76ers,Seattle SuperSonics,1,37.4,15.0,30.0,0.5,2.0,7.0,0.28600000000000003,9.0,9.0,1.0,0.0,3.0,3.0,2.0,3.0,1.0,1.0,0.0,41.0,32.0,https://www.basketball-reference.com/boxscores/200101050PHI.html,2000-01
Allen Iverson,2001-01-06,Philadelphia 76ers,Cleveland Cavaliers,0,43.56,20.0,30.0,0.667,4.0,7.0,0.5710000000000001,10.0,13.0,0.769,0.0,3.0,3.0,3.0,3.0,1.0,4.0,3.0,54.0,5.0,https://www.basketball-reference.com/boxscores/200101060CLE.html,2000-01
Allen Iverson,2001-01-09,Philadelphia 76ers,New Jersey Nets,0,41.02,6.0,14.0,0.429,0.0,1.0,0.0,10.0,12.0,0.833,0.0,3.0,3.0,5.0,1.0,0.0,2.0,3.0,22.0,20.0,https://www.basketball-reference.com/boxscores/200101090NJN.html,2000-01
Allen Iverson,2001-01-10,Philadelphia 76ers,Portland Trail Blazers,1,40.51,5.0,21.0,0.238,1.0,3.0,0.333,1.0,2.0,0.5,2.0,1.0,3.0,3.0,1.0,0.0,1.0,0.0,12.0,-17.0,https://www.basketball-reference.com/boxscores/200101100PHI.html,2000-01
Allen Iverson,2001-01-12,Philadelphia 76ers,Washington Wizards,0,44.59,11.0,24.0,0.458,1.0,2.0,0.5,6.0,8.0,0.75,0.0,0.0,0.0,1.0,3.0,1.0,2.0,2.0,29.0,3.0,https://www.basketball-reference.com/boxscores/200101120WAS.html,2000-01
Allen Iverson,2001-01-13,Philadelphia 76ers,San Antonio Spurs,1,42.51,17.0,29.0,0.586,0.0,1.0,0.0,6.0,7.0,0.857,1.0,4.0,5.0,4.0,3.0,0.0,3.0,0.0,40.0,13.0,https://www.basketball-reference.com/boxscores/200101130PHI.html,2000-01
Allen Iverson,2001-01-15,Philadelphia 76ers,Charlotte Hornets,1,44.57,11.0,26.0,0.423,2.0,6.0,0.333,11.0,12.0,0.917,0.0,1.0,1.0,7.0,5.0,1.0,8.0,2.0,35.0,6.0,https://www.basketball-reference.com/boxscores/200101150PHI.html,2000-01
Allen Iverson,2001-01-17,Philadelphia 76ers,Chicago Bulls,1,46.21,15.0,25.0,0.6,2.0,4.0,0.5,11.0,12.0,0.917,0.0,3.0,3.0,5.0,4.0,0.0,5.0,1.0,43.0,13.0,https://www.basketball-reference.com/boxscores/200101170PHI.html,2000-01
Allen Iverson,2001-01-19,Philadelphia 76ers,New Jersey Nets,1,,,,,,,,,,,,,,,,,,,,,https://www.basketball-reference.com/boxscores/200101190PHI.html,2000-01
Allen Iverson,2001-01-23,Philadelphia 76ers,Dallas Mavericks,0,45.16,9.0,22.0,0.409,0.0,3.0,0.0,12.0,16.0,0.75,0.0,5.0,5.0,6.0,5.0,1.0,4.0,2.0,30.0,19.0,https://www.basketball-reference.com/boxscores/200101230DAL.html,2000-01
Allen Iverson,2001-01-24,Houston Rockets,Philadelphia 76ers,1,50.07,9.0,28.0,0.321,2.0,8.0,0.25,12.0,15.0,0.8,0.0,3.0,3.0,3.0,3.0,1.0,3.0,3.0,32.0,-1.0,https://www.basketball-reference.com/boxscores/200101240HOU.html,2000-01
Allen Iverson,2001-01-26,Philadelphia 76ers,Detroit Pistons,1,47.09,14.0,29.0,0.483,1.0,3.0,0.333,15.0,16.0,0.938,1.0,2.0,3.0,3.0,5.0,0.0,3.0,1.0,44.0,16.0,https://www.basketball-reference.com/boxscores/200101260PHI.html,2000-01
Allen Iverson,2001-01-28,Philadelphia 76ers,Indiana Pacers,0,45.35,6.0,25.0,0.24,1.0,3.0,0.333,14.0,17.0,0.8240000000000001,0.0,1.0,1.0,8.0,2.0,0.0,4.0,5.0,27.0,9.0,https://www.basketball-reference.com/boxscores/200101280IND.html,2000-01
Allen Iverson,2001-01-30,Philadelphia 76ers,Toronto Raptors,0,45.37,14.0,32.0,0.438,1.0,5.0,0.2,9.0,13.0,0.6920000000000001,0.0,6.0,6.0,4.0,0.0,0.0,2.0,2.0,38.0,-9.0,https://www.basketball-reference.com/boxscores/200101300TOR.html,2000-01
Allen Iverson,2001-02-01,Philadelphia 76ers,New York Knicks,0,48.0,11.0,30.0,0.3670000000000001,3.0,4.0,0.75,6.0,7.0,0.857,1.0,4.0,5.0,8.0,2.0,0.0,7.0,2.0,31.0,7.0,https://www.basketball-reference.com/boxscores/200102010NYK.html,2000-01
Allen Iverson,2001-02-04,Philadelphia 76ers,New Jersey Nets,0,42.18,9.0,30.0,0.3,4.0,10.0,0.4,10.0,12.0,0.833,0.0,4.0,4.0,5.0,4.0,0.0,2.0,2.0,32.0,-10.0,https://www.basketball-reference.com/boxscores/200102040NJN.html,2000-01
Allen Iverson,2001-02-05,Philadelphia 76ers,Denver Nuggets,1,43.47,14.0,24.0,0.583,1.0,4.0,0.25,8.0,12.0,0.667,0.0,6.0,6.0,5.0,3.0,0.0,5.0,2.0,37.0,21.0,https://www.basketball-reference.com/boxscores/200102050PHI.html,2000-01
Allen Iverson,2001-02-07,Philadelphia 76ers,Houston Rockets,1,38.49,10.0,28.0,0.35700000000000004,1.0,4.0,0.25,5.0,6.0,0.833,1.0,3.0,4.0,3.0,0.0,0.0,3.0,1.0,26.0,-16.0,https://www.basketball-reference.com/boxscores/200102070PHI.html,2000-01
Allen Iverson,2001-02-13,Philadelphia 76ers,Milwaukee Bucks,0,43.0,17.0,32.0,0.531,3.0,5.0,0.6,12.0,14.0,0.857,2.0,3.0,5.0,2.0,2.0,0.0,5.0,3.0,49.0,1.0,https://www.basketball-reference.com/boxscores/200102130MIL.html,2000-01
Allen Iverson,2001-02-14,Philadelphia 76ers,Los Angeles Lakers,1,39.49,14.0,29.0,0.483,2.0,4.0,0.5,10.0,11.0,0.909,0.0,4.0,4.0,9.0,3.0,0.0,2.0,5.0,40.0,16.0,https://www.basketball-reference.com/boxscores/200102140PHI.html,2000-01
Allen Iverson,2001-02-16,Philadelphia 76ers,Los Angeles Clippers,1,44.26,16.0,31.0,0.516,2.0,5.0,0.4,8.0,12.0,0.667,3.0,1.0,4.0,4.0,4.0,1.0,1.0,2.0,42.0,16.0,https://www.basketball-reference.com/boxscores/200102160PHI.html,2000-01
Allen Iverson,2001-02-18,Philadelphia 76ers,Phoenix Suns,1,42.35,9.0,24.0,0.375,3.0,4.0,0.75,5.0,8.0,0.625,0.0,0.0,0.0,5.0,3.0,0.0,2.0,2.0,26.0,4.0,https://www.basketball-reference.com/boxscores/200102180PHI.html,2000-01
Allen Iverson,2001-02-21,Philadelphia 76ers,Vancouver Grizzlies,1,44.43,11.0,29.0,0.379,1.0,6.0,0.16699999999999998,13.0,17.0,0.765,0.0,3.0,3.0,4.0,4.0,0.0,3.0,3.0,36.0,15.0,https://www.basketball-reference.com/boxscores/200102210PHI.html,2000-01
Allen Iverson,2001-02-23,Philadelphia 76ers,Detroit Pistons,0,40.33,15.0,36.0,0.417,1.0,5.0,0.2,12.0,16.0,0.75,3.0,7.0,10.0,4.0,1.0,1.0,3.0,0.0,43.0,26.0,https://www.basketball-reference.com/boxscores/200102230DET.html,2000-01
Allen Iverson,2001-02-24,Philadelphia 76ers,Charlotte Hornets,0,44.05,17.0,33.0,0.515,3.0,7.0,0.429,10.0,10.0,1.0,0.0,1.0,1.0,1.0,2.0,0.0,8.0,3.0,47.0,5.0,https://www.basketball-reference.com/boxscores/200102240CHH.html,2000-01
Allen Iverson,2001-02-26,Philadelphia 76ers,Milwaukee Bucks,1,43.3,8.0,27.0,0.29600000000000004,4.0,7.0,0.5710000000000001,6.0,6.0,1.0,0.0,2.0,2.0,5.0,0.0,0.0,1.0,2.0,26.0,-1.0,https://www.basketball-reference.com/boxscores/200102260PHI.html,2000-01
Allen Iverson,2001-02-28,Philadelphia 76ers,Miami Heat,1,43.33,6.0,27.0,0.222,1.0,4.0,0.25,14.0,18.0,0.778,0.0,1.0,1.0,3.0,4.0,0.0,3.0,2.0,27.0,9.0,https://www.basketball-reference.com/boxscores/200102280PHI.html,2000-01
Allen Iverson,2001-03-02,Philadelphia 76ers,Washington Wizards,1,45.34,15.0,34.0,0.441,1.0,3.0,0.333,10.0,13.0,0.769,1.0,3.0,4.0,4.0,2.0,0.0,1.0,2.0,41.0,5.0,https://www.basketball-reference.com/boxscores/200103020PHI.html,2000-01
Allen Iverson,2001-03-07,Philadelphia 76ers,New Jersey Nets,1,44.03,12.0,32.0,0.375,1.0,7.0,0.14300000000000002,13.0,14.0,0.929,1.0,2.0,3.0,7.0,4.0,0.0,5.0,2.0,38.0,10.0,https://www.basketball-reference.com/boxscores/200103070PHI.html,2000-01
Allen Iverson,2001-03-09,Philadelphia 76ers,Atlanta Hawks,1,43.15,16.0,30.0,0.5329999999999999,2.0,4.0,0.5,13.0,14.0,0.929,0.0,2.0,2.0,6.0,4.0,0.0,4.0,4.0,47.0,7.0,https://www.basketball-reference.com/boxscores/200103090PHI.html,2000-01
Allen Iverson,2001-03-11,Philadelphia 76ers,Boston Celtics,0,15.15,4.0,10.0,0.4,0.0,1.0,0.0,3.0,3.0,1.0,1.0,3.0,4.0,2.0,3.0,0.0,1.0,3.0,11.0,1.0,https://www.basketball-reference.com/boxscores/200103110BOS.html,2000-01
Allen Iverson,2001-03-14,Philadelphia 76ers,Chicago Bulls,0,,,,,,,,,,,,,,,,,,,,,https://www.basketball-reference.com/boxscores/200103140CHI.html,2000-01
Allen Iverson,2001-03-16,Philadelphia 76ers,Sacramento Kings,1,39.5,11.0,28.0,0.393,2.0,5.0,0.4,4.0,6.0,0.667,1.0,3.0,4.0,6.0,2.0,0.0,4.0,1.0,28.0,-20.0,https://www.basketball-reference.com/boxscores/200103160PHI.html,2000-01
Allen Iverson,2001-03-17,Philadelphia 76ers,Milwaukee Bucks,0,,,,,,,,,,,,,,,,,,,,,https://www.basketball-reference.com/boxscores/200103170MIL.html,2000-01
Allen Iverson,2001-03-19,Philadelphia 76ers,Seattle SuperSonics,0,,,,,,,,,,,,,,,,,,,,,https://www.basketball-reference.com/boxscores/200103190SEA.html,2000-01
Allen Iverson,2001-03-20,Philadelphia 76ers,Los Angeles Clippers,0,,,,,,,,,,,,,,,,,,,,,https://www.basketball-reference.com/boxscores/200103200LAC.html,2000-01
Allen Iverson,2001-03-23,Philadelphia 76ers,Phoenix Suns,0,,,,,,,,,,,,,,,,,,,,,https://www.basketball-reference.com/boxscores/200103230PHO.html,2000-01
Allen Iverson,2001-03-26,Philadelphia 76ers,Milwaukee Bucks,1,42.34,15.0,35.0,0.429,1.0,6.0,0.16699999999999998,5.0,5.0,1.0,0.0,3.0,3.0,2.0,6.0,0.0,4.0,0.0,36.0,11.0,https://www.basketball-reference.com/boxscores/200103260PHI.html,2000-01
Allen Iverson,2001-03-28,Philadelphia 76ers,Orlando Magic,1,42.46,13.0,31.0,0.419,3.0,6.0,0.5,8.0,11.0,0.727,1.0,2.0,3.0,4.0,3.0,0.0,10.0,2.0,37.0,3.0,https://www.basketball-reference.com/boxscores/200103280PHI.html,2000-01
Allen Iverson,2001-03-30,Philadelphia 76ers,Golden State Warriors,1,42.0,12.0,26.0,0.462,3.0,8.0,0.375,8.0,9.0,0.889,2.0,9.0,11.0,9.0,4.0,2.0,5.0,2.0,35.0,12.0,https://www.basketball-reference.com/boxscores/200103300PHI.html,2000-01
Allen Iverson,2009-12-05,Philadelphia 76ers,Charlotte Bobcats,0,,,,,,,,,,,,,,,,,,,,,https://www.basketball-reference.com/boxscores/200912050CHA.html,2009-10
Allen Iverson,2009-12-07,Philadelphia 76ers,Denver Nuggets,1,37.34,4.0,11.0,0.364,0.0,0.0,,3.0,4.0,0.75,3.0,2.0,5.0,6.0,1.0,0.0,1.0,3.0,11.0,-1.0,https://www.basketball-reference.com/boxscores/200912070PHI.html,2009-10
Allen Iverson,2009-12-09,Philadelphia 76ers,Detroit Pistons,1,33.27,3.0,10.0,0.3,0.0,0.0,,5.0,6.0,0.833,0.0,0.0,0.0,3.0,2.0,1.0,6.0,3.0,11.0,-6.0,https://www.basketball-reference.com/boxscores/200912090PHI.html,2009-10
Allen Iverson,2009-12-11,Philadelphia 76ers,Houston Rockets,1,35.28,7.0,18.0,0.389,0.0,0.0,,6.0,9.0,0.667,0.0,5.0,5.0,3.0,0.0,0.0,1.0,2.0,20.0,7.0,https://www.basketball-reference.com/boxscores/200912110PHI.html,2009-10
Allen Iverson,2009-12-14,Philadelphia 76ers,Golden State Warriors,1,31.43,7.0,10.0,0.7,0.0,0.0,,6.0,8.0,0.75,1.0,1.0,2.0,4.0,0.0,0.0,1.0,2.0,20.0,23.0,https://www.basketball-reference.com/boxscores/200912140PHI.html,2009-10
Allen Iverson,2009-12-16,Philadelphia 76ers,Cleveland Cavaliers,1,34.07,4.0,12.0,0.333,0.0,1.0,0.0,8.0,8.0,1.0,0.0,6.0,6.0,5.0,1.0,0.0,2.0,2.0,16.0,-11.0,https://www.basketball-reference.com/boxscores/200912160PHI.html,2009-10
Allen Iverson,2009-12-18,Philadelphia 76ers,Boston Celtics,0,,,,,,,,,,,,,,,,,,,,,https://www.basketball-reference.com/boxscores/200912180BOS.html,2009-10
Allen Iverson,2009-12-28,Philadelphia 76ers,Portland Trail Blazers,0,30.59,7.0,11.0,0.636,0.0,0.0,,5.0,7.0,0.7140000000000001,0.0,4.0,4.0,5.0,0.0,0.0,2.0,3.0,19.0,4.0,https://www.basketball-reference.com/boxscores/200912280POR.html,2009-10
Allen Iverson,2009-12-30,Philadelphia 76ers,Sacramento Kings,0,32.29,6.0,14.0,0.429,2.0,2.0,1.0,6.0,6.0,1.0,1.0,4.0,5.0,3.0,3.0,0.0,2.0,4.0,20.0,10.0,https://www.basketball-reference.com/boxscores/200912300SAC.html,2009-10
Allen Iverson,2009-12-31,Philadelphia 76ers,Los Angeles Clippers,0,29.02,1.0,4.0,0.25,0.0,2.0,0.0,5.0,5.0,1.0,0.0,4.0,4.0,6.0,2.0,0.0,0.0,3.0,7.0,-4.0,https://www.basketball-reference.com/boxscores/200912310LAC.html,2009-10
Allen Iverson,2010-01-03,Philadelphia 76ers,Denver Nuggets,0,34.07,5.0,11.0,0.455,0.0,1.0,0.0,7.0,7.0,1.0,0.0,0.0,0.0,7.0,0.0,0.0,2.0,1.0,17.0,-7.0,https://www.basketball-reference.com/boxscores/201001030DEN.html,2009-10
Allen Iverson,2010-01-05,Philadelphia 76ers,Washington Wizards,1,33.35,2.0,6.0,0.333,0.0,0.0,,0.0,0.0,,0.0,1.0,1.0,5.0,0.0,0.0,7.0,2.0,4.0,-5.0,https://www.basketball-reference.com/boxscores/201001050PHI.html,2009-10
Allen Iverson,2010-01-08,Philadelphia 76ers,Toronto Raptors,1,33.51,7.0,13.0,0.5379999999999999,1.0,2.0,0.5,7.0,7.0,1.0,0.0,2.0,2.0,4.0,1.0,0.0,0.0,3.0,22.0,7.0,https://www.basketball-reference.com/boxscores/201001080PHI.html,2009-10
Allen Iverson,2010-01-11,Philadelphia 76ers,New Orleans Hornets,1,32.17,5.0,9.0,0.556,1.0,1.0,1.0,5.0,6.0,0.833,0.0,3.0,3.0,1.0,0.0,0.0,1.0,0.0,16.0,-1.0,https://www.basketball-reference.com/boxscores/201001110PHI.html,2009-10
Allen Iverson,2010-01-13,Philadelphia 76ers,New York Knicks,1,34.0,8.0,14.0,0.5710000000000001,0.0,0.0,,0.0,0.0,,0.0,1.0,1.0,5.0,0.0,0.0,1.0,0.0,16.0,-1.0,https://www.basketball-reference.com/boxscores/201001130PHI.html,2009-10
Allen Iverson,2010-01-15,Philadelphia 76ers,Sacramento Kings,1,34.15,6.0,14.0,0.429,0.0,1.0,0.0,5.0,8.0,0.625,0.0,0.0,0.0,6.0,0.0,0.0,2.0,2.0,17.0,6.0,https://www.basketball-reference.com/boxscores/201001150PHI.html,2009-10
Allen Iverson,2010-01-18,Minnesota Timberwolves,Philadelphia 76ers,1,34.32,4.0,12.0,0.333,0.0,2.0,0.0,3.0,4.0,0.75,0.0,4.0,4.0,9.0,1.0,0.0,5.0,1.0,11.0,-6.0,https://www.basketball-reference.com/boxscores/201001180MIN.html,2009-10
Allen Iverson,2010-01-20,Philadelphia 76ers,Portland Trail Blazers,1,34.45,3.0,9.0,0.333,0.0,1.0,0.0,3.0,4.0,0.75,1.0,3.0,4.0,0.0,0.0,0.0,3.0,1.0,9.0,-3.0,https://www.basketball-reference.com/boxscores/201001200PHI.html,2009-10
Allen Iverson,2010-01-22,Philadelphia 76ers,Dallas Mavericks,1,27.36,4.0,14.0,0.28600000000000003,0.0,2.0,0.0,3.0,4.0,0.75,0.0,4.0,4.0,2.0,1.0,0.0,3.0,1.0,11.0,5.0,https://www.basketball-reference.com/boxscores/201001220PHI.html,2009-10
Allen Iverson,2010-01-23,Philadelphia 76ers,Indiana Pacers,0,26.24,7.0,16.0,0.438,1.0,1.0,1.0,2.0,2.0,1.0,3.0,2.0,5.0,3.0,0.0,0.0,3.0,1.0,17.0,4.0,https://www.basketball-reference.com/boxscores/201001230IND.html,2009-10
Allen Iverson,2010-01-25,Philadelphia 76ers,Indiana Pacers,1,34.17,8.0,17.0,0.471,1.0,2.0,0.5,3.0,3.0,1.0,2.0,1.0,3.0,6.0,0.0,0.0,3.0,2.0,20.0,2.0,https://www.basketball-reference.com/boxscores/201001250PHI.html,2009-10
Allen Iverson,2010-01-27,Philadelphia 76ers,Milwaukee Bucks,0,26.47,3.0,10.0,0.3,0.0,3.0,0.0,0.0,0.0,,0.0,1.0,1.0,4.0,1.0,0.0,4.0,2.0,6.0,-10.0,https://www.basketball-reference.com/boxscores/201001270MIL.html,2009-10
Allen Iverson,2010-01-29,Philadelphia 76ers,Los Angeles Lakers,1,37.32,10.0,18.0,0.556,2.0,2.0,1.0,1.0,1.0,1.0,1.0,1.0,2.0,3.0,1.0,1.0,3.0,1.0,23.0,1.0,https://www.basketball-reference.com/boxscores/201001290PHI.html,2009-10
Allen Iverson,2010-01-31,Philadelphia 76ers,New Jersey Nets,0,29.53,3.0,9.0,0.333,0.0,1.0,0.0,5.0,6.0,0.833,0.0,3.0,3.0,3.0,1.0,0.0,2.0,0.0,11.0,7.0,https://www.basketball-reference.com/boxscores/201001310NJN.html,2009-10
Allen Iverson,2010-02-16,Philadelphia 76ers,Miami Heat,1,26.3,1.0,7.0,0.14300000000000002,0.0,0.0,,2.0,4.0,0.5,2.0,0.0,2.0,2.0,3.0,0.0,1.0,1.0,4.0,-25.0,https://www.basketball-reference.com/boxscores/201002160PHI.html,2009-10
Allen Iverson,2010-02-19,Philadelphia 76ers,San Antonio Spurs,1,23.17,1.0,8.0,0.125,0.0,0.0,,5.0,6.0,0.833,1.0,7.0,8.0,4.0,0.0,0.0,0.0,1.0,7.0,2.0,https://www.basketball-reference.com/boxscores/201002190PHI.html,2009-10
Allen Iverson,2010-02-20,Philadelphia 76ers,Chicago Bulls,0,29.2,5.0,13.0,0.385,0.0,0.0,,3.0,4.0,0.75,0.0,1.0,1.0,3.0,0.0,0.0,2.0,2.0,13.0,-19.0,https://www.basketball-reference.com/boxscores/201002200CHI.html,2009-10
Allen Iverson,2008-12-02,Detroit Pistons,San Antonio Spurs,0,41.45,8.0,17.0,0.471,2.0,5.0,0.4,1.0,1.0,1.0,0.0,2.0,2.0,6.0,4.0,0.0,3.0,1.0,19.0,1.0,https://www.basketball-reference.com/boxscores/200812020SAS.html,2008-09
Allen Iverson,2008-12-05,Detroit Pistons,Philadelphia 76ers,1,40.13,6.0,14.0,0.429,0.0,1.0,0.0,5.0,6.0,0.833,0.0,3.0,3.0,7.0,0.0,0.0,3.0,1.0,17.0,1.0,https://www.basketball-reference.com/boxscores/200812050DET.html,2008-09
Allen Iverson,2008-12-07,Detroit Pistons,New York Knicks,0,42.01,6.0,18.0,0.333,0.0,2.0,0.0,5.0,7.0,0.7140000000000001,1.0,3.0,4.0,7.0,2.0,0.0,1.0,2.0,17.0,-6.0,https://www.basketball-reference.com/boxscores/200812070NYK.html,2008-09
Allen Iverson,2008-12-09,Detroit Pistons,Washington Wizards,0,37.54,6.0,13.0,0.462,0.0,1.0,0.0,1.0,1.0,1.0,1.0,3.0,4.0,4.0,0.0,0.0,3.0,1.0,13.0,-9.0,https://www.basketball-reference.com/boxscores/200812090WAS.html,2008-09
Allen Iverson,2008-12-12,Detroit Pistons,Indiana Pacers,1,41.21,6.0,12.0,0.5,0.0,0.0,,5.0,6.0,0.833,0.0,1.0,1.0,12.0,1.0,0.0,4.0,2.0,17.0,5.0,https://www.basketball-reference.com/boxscores/200812120DET.html,2008-09
Allen Iverson,2008-12-13,Detroit Pistons,Charlotte Bobcats,0,32.54,7.0,13.0,0.5379999999999999,4.0,5.0,0.8,2.0,6.0,0.333,1.0,3.0,4.0,3.0,1.0,0.0,1.0,0.0,20.0,18.0,https://www.basketball-reference.com/boxscores/200812130CHA.html,2008-09
Allen Iverson,2008-12-17,Detroit Pistons,Washington Wizards,1,42.13,10.0,16.0,0.625,1.0,2.0,0.5,7.0,9.0,0.778,0.0,6.0,6.0,3.0,1.0,0.0,2.0,3.0,28.0,19.0,https://www.basketball-reference.com/boxscores/200812170DET.html,2008-09
Allen Iverson,2008-12-21,Detroit Pistons,Atlanta Hawks,0,40.47,4.0,11.0,0.364,0.0,0.0,,2.0,2.0,1.0,1.0,4.0,5.0,6.0,1.0,0.0,1.0,1.0,10.0,-8.0,https://www.basketball-reference.com/boxscores/200812210ATL.html,2008-09
Allen Iverson,2008-12-23,Detroit Pistons,Chicago Bulls,1,24.02,0.0,7.0,0.0,0.0,1.0,0.0,5.0,6.0,0.833,0.0,4.0,4.0,8.0,1.0,0.0,1.0,1.0,5.0,-1.0,https://www.basketball-reference.com/boxscores/200812230DET.html,2008-09
Allen Iverson,2008-12-26,Detroit Pistons,Oklahoma City Thunder,1,39.04,9.0,17.0,0.529,0.0,1.0,0.0,4.0,4.0,1.0,0.0,3.0,3.0,3.0,2.0,0.0,4.0,2.0,22.0,0.0,https://www.basketball-reference.com/boxscores/200812260DET.html,2008-09
Allen Iverson,2008-12-27,Detroit Pistons,Milwaukee Bucks,0,35.02,6.0,14.0,0.429,0.0,1.0,0.0,6.0,6.0,1.0,0.0,5.0,5.0,6.0,4.0,0.0,5.0,2.0,18.0,20.0,https://www.basketball-reference.com/boxscores/200812270MIL.html,2008-09
Allen Iverson,2008-12-29,Detroit Pistons,Orlando Magic,1,38.36,6.0,14.0,0.429,0.0,0.0,,3.0,6.0,0.5,1.0,5.0,6.0,4.0,3.0,0.0,0.0,1.0,15.0,3.0,https://www.basketball-reference.com/boxscores/200812290DET.html,2008-09
Allen Iverson,2008-12-31,Detroit Pistons,New Jersey Nets,1,43.49,7.0,17.0,0.412,0.0,3.0,0.0,5.0,5.0,1.0,0.0,4.0,4.0,4.0,0.0,0.0,2.0,3.0,19.0,8.0,https://www.basketball-reference.com/boxscores/200812310DET.html,2008-09
Allen Iverson,2009-01-02,Detroit Pistons,Sacramento Kings,1,44.59,10.0,24.0,0.417,0.0,1.0,0.0,3.0,3.0,1.0,0.0,6.0,6.0,3.0,1.0,0.0,4.0,0.0,23.0,7.0,https://www.basketball-reference.com/boxscores/200901020DET.html,2008-09
Allen Iverson,2009-01-04,Detroit Pistons,Los Angeles Clippers,0,41.48,7.0,22.0,0.318,2.0,7.0,0.28600000000000003,2.0,2.0,1.0,0.0,0.0,0.0,10.0,2.0,0.0,3.0,0.0,18.0,4.0,https://www.basketball-reference.com/boxscores/200901040LAC.html,2008-09
Allen Iverson,2009-01-07,Detroit Pistons,Portland Trail Blazers,0,43.49,6.0,19.0,0.316,0.0,1.0,0.0,2.0,4.0,0.5,0.0,2.0,2.0,7.0,0.0,0.0,4.0,2.0,14.0,0.0,https://www.basketball-reference.com/boxscores/200901070POR.html,2008-09
Allen Iverson,2009-01-09,Detroit Pistons,Denver Nuggets,0,42.2,6.0,18.0,0.333,2.0,7.0,0.28600000000000003,9.0,11.0,0.818,0.0,4.0,4.0,3.0,1.0,0.0,1.0,3.0,23.0,1.0,https://www.basketball-reference.com/boxscores/200901090DEN.html,2008-09
Allen Iverson,2009-01-10,Detroit Pistons,Utah Jazz,0,29.45,4.0,13.0,0.308,0.0,2.0,0.0,3.0,4.0,0.75,0.0,0.0,0.0,5.0,0.0,0.0,0.0,0.0,11.0,-19.0,https://www.basketball-reference.com/boxscores/200901100UTA.html,2008-09
Allen Iverson,2009-01-13,Detroit Pistons,Charlotte Bobc,1,37.01,5.0,12.0,0.417,0.0,2.0,0.0,3.0,4.0,0.75,1.0,0.0,1.0,5.0,1.0,0.0,4.0,0.0,13.0,9.0,https://www.basketball-reference.com/boxscores/200901130DET.html,2008-09
Allen Iverson,2009-01-14,Indiana Pacers,Detroit Pistons,1,43.07,9.0,19.0,0.474,0.0,2.0,0.0,5.0,8.0,0.625,0.0,1.0,1.0,7.0,0.0,2.0,4.0,4.0,23.0,-6.0,https://www.basketball-reference.com/boxscores/200901140IND.html,2008-09
Allen Iverson,2009-01-16,Detroit Pistons,Oklahoma City Thunder,0,34.07,6.0,14.0,0.429,0.0,0.0,,2.0,6.0,0.333,0.0,1.0,1.0,2.0,3.0,0.0,1.0,1.0,14.0,-13.0,https://www.basketball-reference.com/boxscores/200901160OKC.html,2008-09
Allen Iverson,2009-01-17,Detroit Pistons,New Orleans Hornets,1,30.17,5.0,10.0,0.5,0.0,0.0,,2.0,4.0,0.5,0.0,1.0,1.0,3.0,2.0,0.0,1.0,3.0,12.0,-6.0,https://www.basketball-reference.com/boxscores/200901170DET.html,2008-09
Allen Iverson,2009-01-19,Detroit Pistons,Memphis Grizzlies,0,42.02,11.0,18.0,0.611,0.0,1.0,0.0,5.0,8.0,0.625,1.0,4.0,5.0,2.0,2.0,0.0,4.0,1.0,27.0,6.0,https://www.basketball-reference.com/boxscores/200901190MEM.html,2008-09
Allen Iverson,2009-01-21,Detroit Pistons,Toronto Raptors,1,38.38,3.0,9.0,0.333,1.0,2.0,0.5,4.0,4.0,1.0,2.0,2.0,4.0,6.0,3.0,0.0,2.0,1.0,11.0,14.0,https://www.basketball-reference.com/boxscores/200901210DET.html,2008-09
Allen Iverson,2009-01-23,Detroit Pistons,Dallas Mavericks,1,26.09,3.0,9.0,0.333,0.0,0.0,,5.0,6.0,0.833,0.0,2.0,2.0,1.0,0.0,0.0,2.0,2.0,11.0,-22.0,https://www.basketball-reference.com/boxscores/200901230DET.html,2008-09
Allen Iverson,2009-01-25,Detroit Pistons,Houston Rockets,1,34.12,5.0,10.0,0.5,1.0,1.0,1.0,6.0,10.0,0.6,0.0,2.0,2.0,8.0,1.0,0.0,1.0,2.0,17.0,-5.0,https://www.basketball-reference.com/boxscores/200901250DET.html,2008-09
Allen Iverson,2009-01-28,Detroit Pistons,Minnesota Timberwolves,0,40.02,5.0,15.0,0.333,0.0,0.0,,9.0,10.0,0.9,1.0,3.0,4.0,3.0,1.0,0.0,0.0,2.0,19.0,3.0,https://www.basketball-reference.com/boxscores/200901280MIN.html,2008-09
Allen Iverson,2009-01-30,Detroit Pistons,Boston Celtics,1,43.03,7.0,14.0,0.5,0.0,0.0,,5.0,6.0,0.833,0.0,4.0,4.0,1.0,0.0,0.0,2.0,0.0,19.0,-9.0,https://www.basketball-reference.com/boxscores/200901300DET.html,2008-09
Allen Iverson,2009-02-01,Detroit Pistons,Cleveland Cavaliers,1,43.59,9.0,19.0,0.474,0.0,0.0,,4.0,4.0,1.0,0.0,3.0,3.0,1.0,3.0,0.0,5.0,3.0,22.0,-5.0,https://www.basketball-reference.com/boxscores/200902010DET.html,2008-09
Allen Iverson,2009-02-04,Detroit Pistons,Miami Heat,1,30.27,3.0,10.0,0.3,0.0,1.0,0.0,5.0,7.0,0.7140000000000001,0.0,1.0,1.0,2.0,2.0,0.0,4.0,2.0,11.0,-2.0,https://www.basketball-reference.com/boxscores/200902040DET.html,2008-09
Allen Iverson,2009-02-07,Milwaukee Bucks,Detroit Pistons,1,42.1,6.0,17.0,0.353,0.0,1.0,0.0,15.0,16.0,0.938,1.0,4.0,5.0,9.0,2.0,0.0,2.0,0.0,27.0,9.0,https://www.basketball-reference.com/boxscores/200902070MIL.html,2008-09
Allen Iverson,2009-02-08,Detroit Pistons,Phoenix Suns,1,41.29,8.0,22.0,0.364,0.0,0.0,,9.0,12.0,0.75,0.0,3.0,3.0,7.0,4.0,0.0,3.0,1.0,25.0,-3.0,https://www.basketball-reference.com/boxscores/200902080DET.html,2008-09
Allen Iverson,2009-02-11,Detroit Pistons,Atlanta Hawks,1,39.36,11.0,20.0,0.55,3.0,6.0,0.5,3.0,6.0,0.5,0.0,2.0,2.0,3.0,3.0,0.0,1.0,3.0,28.0,-3.0,https://www.basketball-reference.com/boxscores/200902110DET.html,2008-09
Allen Iverson,2009-02-17,Detroit Pistons,Milwaukee Bucks,1,42.19,4.0,13.0,0.308,0.0,0.0,,2.0,3.0,0.667,2.0,3.0,5.0,8.0,3.0,1.0,3.0,1.0,10.0,-7.0,https://www.basketball-reference.com/boxscores/200902170DET.html,2008-09
Allen Iverson,2009-02-19,Detroit Pistons,San Antonio Spurs,1,44.36,13.0,28.0,0.464,0.0,3.0,0.0,5.0,6.0,0.833,1.0,2.0,3.0,7.0,1.0,1.0,2.0,1.0,31.0,-3.0,https://www.basketball-reference.com/boxscores/200902190DET.html,2008-09
Allen Iverson,2009-02-22,Detroit Pistons,Cleveland Cavaliers,0,25.59,6.0,16.0,0.375,0.0,2.0,0.0,2.0,3.0,0.667,1.0,1.0,2.0,5.0,1.0,0.0,1.0,3.0,14.0,-18.0,https://www.basketball-reference.com/boxscores/200902220CLE.html,2008-09
Allen Iverson,2009-02-24,Detroit Pistons,Miami Heat,0,36.56,8.0,18.0,0.444,0.0,0.0,,6.0,7.0,0.857,1.0,0.0,1.0,2.0,2.0,0.0,2.0,2.0,22.0,-1.0,https://www.basketball-reference.com/boxscores/200902240MIA.html,2008-09
Allen Iverson,2009-02-25,Detroit Pistons,New Orleans Hornets,0,8.16,1.0,4.0,0.25,0.0,0.0,,0.0,0.0,,1.0,0.0,1.0,1.0,0.0,0.0,1.0,0.0,2.0,-9.0,https://www.basketball-reference.com/boxscores/200902250NOH.html,2008-09
Allen Iverson,2009-03-28,Detroit Pistons,Washington Wizards,0,,,,,,,,,,,,,,,,,,,,,https://www.basketball-reference.com/boxscores/200903280WAS.html,2008-09
Allen Iverson,2009-03-29,Detroit Pistons,Philadelphia 76ers,1,21.04,3.0,9.0,0.333,0.0,0.0,,2.0,4.0,0.5,0.0,2.0,2.0,2.0,1.0,0.0,2.0,2.0,8.0,-2.0,https://www.basketball-reference.com/boxscores/200903290DET.html,2008-09
Allen Iverson,2009-03-31,Detroit Pistons,Cleveland Cavaliers,0,18.04,5.0,8.0,0.625,0.0,0.0,,1.0,3.0,0.333,0.0,1.0,1.0,2.0,0.0,0.0,3.0,2.0,11.0,2.0,https://www.basketball-reference.com/boxscores/200903310CLE.html,2008-09
Allen Iverson,2003-12-02,Philadelphia 76ers,Toronto Raptors,1,45.45,8.0,32.0,0.25,1.0,6.0,0.16699999999999998,18.0,23.0,0.7829999999999999,1.0,6.0,7.0,7.0,2.0,0.0,4.0,1.0,35.0,-3.0,https://www.basketball-reference.com/boxscores/200312020PHI.html,2003-04
Allen Iverson,2003-12-04,Philadelphia 76ers,Chicago Bulls,1,42.24,14.0,29.0,0.483,0.0,4.0,0.0,7.0,10.0,0.7,2.0,7.0,9.0,2.0,4.0,0.0,4.0,2.0,35.0,-1.0,https://www.basketball-reference.com/boxscores/200312040PHI.html,2003-04
Allen Iverson,2003-12-05,Philadelphia 76ers,Miami Heat,0,44.1,7.0,23.0,0.304,5.0,9.0,0.556,16.0,17.0,0.941,1.0,3.0,4.0,2.0,1.0,0.0,5.0,3.0,35.0,1.0,https://www.basketball-reference.com/boxscores/200312050MIA.html,2003-04
Allen Iverson,2003-12-09,Philadelphia 76ers,Detroit Pistons,0,,,,,,,,,,,,,,,,,,,,,https://www.basketball-reference.com/boxscores/200312090DET.html,2003-04
Allen Iverson,2003-12-12,Philadelphia 76ers,Denver Nuggets,1,44.33,6.0,22.0,0.273,2.0,5.0,0.4,4.0,6.0,0.667,1.0,2.0,3.0,8.0,2.0,1.0,7.0,2.0,18.0,-14.0,https://www.basketball-reference.com/boxscores/200312120PHI.html,2003-04
Allen Iverson,2003-12-14,Philadelphia 76ers,Utah Jazz,1,,,,,,,,,,,,,,,,,,,,,https://www.basketball-reference.com/boxscores/200312140PHI.html,2003-04
Allen Iverson,2003-12-17,Philadelphia 76ers,Miami Heat,1,,,,,,,,,,,,,,,,,,,,,https://www.basketball-reference.com/boxscores/200312170PHI.html,2003-04
Allen Iverson,2003-12-19,Philadelphia 76ers,Cleveland Cavaliers,1,,,,,,,,,,,,,,,,,,,,,https://www.basketball-reference.com/boxscores/200312190PHI.html,2003-04
Allen Iverson,2003-12-21,Philadelphia 76ers,Boston Celtics,0,,,,,,,,,,,,,,,,,,,,,https://www.basketball-reference.com/boxscores/200312210BOS.html,2003-04
Allen Iverson,2003-12-22,Philadelphia 76ers,Orlando Magic,1,,,,,,,,,,,,,,,,,,,,,https://www.basketball-reference.com/boxscores/200312220PHI.html,2003-04
Allen Iverson,2003-12-26,Philadelphia 76ers,Los Angeles Clippers,0,,,,,,,,,,,,,,,,,,,,,https://www.basketball-reference.com/boxscores/200312260LAC.html,2003-04
Allen Iverson,2003-12-28,Philadelphia 76ers,Phoenix Suns,0,,,,,,,,,,,,,,,,,,,,,https://www.basketball-reference.com/boxscores/200312280PHO.html,2003-04
Allen Iverson,2003-12-29,Philadelphia 76ers,Utah Jazz,0,,,,,,,,,,,,,,,,,,,,,https://www.basketball-reference.com/boxscores/200312290UTA.html,2003-04
Allen Iverson,2003-12-31,Philadelphia 76ers,Houston Rockets,0,,,,,,,,,,,,,,,,,,,,,https://www.basketball-reference.com/boxscores/200312310HOU.html,2003-04
Allen Iverson,2004-01-03,Philadelphia 76ers,San Antonio Spurs,0,,,,,,,,,,,,,,,,,,,,,https://www.basketball-reference.com/boxscores/200401030SAS.html,2003-04
Allen Iverson,2004-01-05,Philadelphia 76ers,Milwaukee Bucks,1,36.55,6.0,18.0,0.333,0.0,3.0,0.0,6.0,7.0,0.857,2.0,3.0,5.0,3.0,2.0,0.0,7.0,2.0,18.0,-21.0,https://www.basketball-reference.com/boxscores/200401050PHI.html,2003-04
Allen Iverson,2004-01-07,Philadelphia 76ers,Los Angeles Clippers,1,34.46,8.0,18.0,0.444,0.0,1.0,0.0,4.0,7.0,0.5710000000000001,1.0,4.0,5.0,5.0,2.0,0.0,6.0,0.0,20.0,17.0,https://www.basketball-reference.com/boxscores/200401070PHI.html,2003-04
Allen Iverson,2004-01-09,Philadelphia 76ers,New Jersey Nets,1,43.1,4.0,16.0,0.25,2.0,3.0,0.667,7.0,10.0,0.7,0.0,5.0,5.0,11.0,1.0,0.0,4.0,1.0,17.0,22.0,https://www.basketball-reference.com/boxscores/200401090PHI.html,2003-04
Allen Iverson,2004-01-10,Philadelphia 76ers,Washington Wizards,0,37.07,7.0,21.0,0.333,1.0,4.0,0.25,0.0,0.0,,0.0,2.0,2.0,6.0,2.0,0.0,9.0,0.0,15.0,-7.0,https://www.basketball-reference.com/boxscores/200401100WAS.html,2003-04
Allen Iverson,2004-01-12,Philadelphia 76ers,Orlando Magic,0,42.52,9.0,29.0,0.31,1.0,4.0,0.25,7.0,9.0,0.778,0.0,0.0,0.0,7.0,2.0,0.0,6.0,2.0,26.0,7.0,https://www.basketball-reference.com/boxscores/200401120ORL.html,2003-04
Allen Iverson,2004-01-14,Dallas Mavericks,Philadelphia 76ers,1,50.4,10.0,27.0,0.37,5.0,10.0,0.5,6.0,6.0,1.0,1.0,7.0,8.0,7.0,1.0,0.0,6.0,2.0,31.0,-8.0,https://www.basketball-reference.com/boxscores/200401140DAL.html,2003-04
Allen Iverson,2004-01-17,Philadelphia 76ers,Memphis Grizzlies,1,41.19,12.0,27.0,0.444,2.0,5.0,0.4,8.0,13.0,0.615,0.0,5.0,5.0,5.0,0.0,1.0,4.0,0.0,34.0,-7.0,https://www.basketball-reference.com/boxscores/200401170PHI.html,2003-04
Allen Iverson,2004-01-19,Philadelphia 76ers,Seattle SuperSonics,1,42.52,7.0,22.0,0.318,0.0,5.0,0.0,4.0,6.0,0.667,0.0,3.0,3.0,3.0,2.0,0.0,3.0,2.0,18.0,-5.0,https://www.basketball-reference.com/boxscores/200401190PHI.html,2003-04
Allen Iverson,2004-01-21,Philadelphia 76ers,New Orleans Hornets,0,44.48,9.0,23.0,0.391,0.0,5.0,0.0,4.0,4.0,1.0,0.0,4.0,4.0,5.0,2.0,0.0,3.0,3.0,22.0,7.0,https://www.basketball-reference.com/boxscores/200401210NOH.html,2003-04
Allen Iverson,2004-01-23,Philadelphia 76ers,Orlando Magic,1,48.0,14.0,29.0,0.483,1.0,5.0,0.2,1.0,2.0,0.5,0.0,3.0,3.0,7.0,3.0,0.0,6.0,3.0,30.0,-5.0,https://www.basketball-reference.com/boxscores/200401230PHI.html,2003-04
Allen Iverson,2004-01-24,Philadelphia 76ers,Cleveland Cavaliers,0,39.27,12.0,29.0,0.414,1.0,3.0,0.333,7.0,9.0,0.778,2.0,3.0,5.0,4.0,2.0,0.0,3.0,1.0,32.0,-1.0,https://www.basketball-reference.com/boxscores/200401240CLE.html,2003-04
Allen Iverson,2004-01-27,Philadelphia 76ers,New Jersey Nets,1,,,,,,,,,,,,,,,,,,,,,https://www.basketball-reference.com/boxscores/200401270PHI.html,2003-04
Allen Iverson,2004-01-28,Philadelphia 76ers,Toronto Raptors,0,,,,,,,,,,,,,,,,,,,,,https://www.basketball-reference.com/boxscores/200401280TOR.html,2003-04
Allen Iverson,2004-01-30,Philadelphia 76ers,New Orleans Hornets,1,46.12,10.0,23.0,0.435,2.0,5.0,0.4,9.0,14.0,0.643,1.0,6.0,7.0,8.0,4.0,0.0,5.0,2.0,31.0,2.0,https://www.basketball-reference.com/boxscores/200401300PHI.html,2003-04
Allen Iverson,2004-02-01,Philadelphia 76ers,Minnesota Timberwolves,0,45.12,8.0,21.0,0.381,1.0,6.0,0.16699999999999998,11.0,11.0,1.0,1.0,5.0,6.0,9.0,1.0,0.0,5.0,3.0,28.0,-4.0,https://www.basketball-reference.com/boxscores/200402010MIN.html,2003-04
Allen Iverson,2004-02-03,Philadelphia 76ers,Toronto Raptors,1,43.0,12.0,27.0,0.444,1.0,4.0,0.25,11.0,18.0,0.611,0.0,6.0,6.0,8.0,2.0,0.0,3.0,3.0,36.0,-8.0,https://www.basketball-reference.com/boxscores/200402030PHI.html,2003-04
Allen Iverson,2004-02-05,Philadelphia 76ers,Los Angeles Lakers,1,41.27,15.0,29.0,0.517,1.0,4.0,0.25,8.0,12.0,0.667,0.0,3.0,3.0,6.0,2.0,0.0,2.0,2.0,39.0,24.0,https://www.basketball-reference.com/boxscores/200402050PHI.html,2003-04
Allen Iverson,2004-02-07,Philadelphia 76ers,Boston Celtics,1,34.28,5.0,20.0,0.25,1.0,5.0,0.2,4.0,6.0,0.667,1.0,2.0,3.0,6.0,1.0,0.0,5.0,0.0,15.0,-26.0,https://www.basketball-reference.com/boxscores/200402070PHI.html,2003-04
Allen Iverson,2004-02-08,Philadelphia 76ers,New Jersey Nets,0,44.52,6.0,21.0,0.28600000000000003,3.0,7.0,0.429,12.0,14.0,0.857,1.0,0.0,1.0,8.0,1.0,0.0,4.0,4.0,27.0,-16.0,https://www.basketball-reference.com/boxscores/200402080NJN.html,2003-04
Allen Iverson,2004-02-11,Philadelphia 76ers,Washington Wizards,1,33.09,11.0,21.0,0.524,0.0,2.0,0.0,3.0,3.0,1.0,1.0,2.0,3.0,7.0,3.0,0.0,2.0,1.0,25.0,18.0,https://www.basketball-reference.com/boxscores/200402110PHI.html,2003-04
Allen Iverson,2004-02-17,Philadelphia 76ers,Denver Nuggets,0,35.19,8.0,17.0,0.471,0.0,1.0,0.0,11.0,14.0,0.7859999999999999,0.0,3.0,3.0,14.0,2.0,0.0,3.0,2.0,27.0,-8.0,https://www.basketball-reference.com/boxscores/200402170DEN.html,2003-04
Allen Iverson,2004-02-19,Philadelphia 76ers,Seattle SuperSonics,0,47.31,10.0,24.0,0.417,3.0,4.0,0.75,17.0,21.0,0.81,1.0,1.0,2.0,11.0,5.0,0.0,4.0,0.0,40.0,11.0,https://www.basketball-reference.com/boxscores/200402190SEA.html,2003-04
Allen Iverson,2004-02-20,Philadelphia 76ers,Los Angeles Lakers,0,38.36,3.0,18.0,0.16699999999999998,0.0,2.0,0.0,7.0,10.0,0.7,1.0,1.0,2.0,9.0,3.0,1.0,6.0,1.0,13.0,-26.0,https://www.basketball-reference.com/boxscores/200402200LAL.html,2003-04
Allen Iverson,2004-02-23,Philadelphia 76ers,Detroit Pistons,1,,,,,,,,,,,,,,,,,,,,,https://www.basketball-reference.com/boxscores/200402230PHI.html,2003-04
Allen Iverson,2004-02-24,Philadelphia 76ers,Atlanta Hawks,0,,,,,,,,,,,,,,,,,,,,,https://www.basketball-reference.com/boxscores/200402240ATL.html,2003-04
Allen Iverson,2004-02-28,Philadelphia 76ers,Indiana Pacers,0,,,,,,,,,,,,,,,,,,,,,https://www.basketball-reference.com/boxscores/200402280IND.html,2003-04
Allen Iverson,2004-02-29,Philadelphia 76ers,Minnesota Timberwolves,1,,,,,,,,,,,,,,,,,,,,,https://www.basketball-reference.com/boxscores/200402290PHI.html,2003-04
Allen Iverson,2004-03-03,Philadelphia 76ers,New York Knicks,0,37.07,2.0,21.0,0.095,0.0,2.0,0.0,7.0,10.0,0.7,1.0,4.0,5.0,6.0,1.0,0.0,2.0,2.0,11.0,-6.0,https://www.basketball-reference.com/boxscores/200403030NYK.html,2003-04
Allen Iverson,2004-03-04,Philadelphia 76ers,Sacramento Kings,1,47.34,13.0,22.0,0.591,0.0,0.0,,6.0,9.0,0.667,0.0,2.0,2.0,10.0,2.0,0.0,5.0,2.0,32.0,-7.0,https://www.basketball-reference.com/boxscores/200403040PHI.html,2003-04
Allen Iverson,2004-03-06,Philadelphia 76ers,Chicago Bulls,1,41.02,6.0,18.0,0.333,0.0,2.0,0.0,8.0,13.0,0.615,1.0,1.0,2.0,11.0,2.0,0.0,2.0,3.0,20.0,15.0,https://www.basketball-reference.com/boxscores/200403060PHI.html,2003-04
Allen Iverson,2004-03-08,Philadelphia 76ers,Milwaukee Bucks,1,,,,,,,,,,,,,,,,,,,,,https://www.basketball-reference.com/boxscores/200403080PHI.html,2003-04
Allen Iverson,2004-03-09,Philadelphia 76ers,Chicago Bulls,0,,,,,,,,,,,,,,,,,,,,,https://www.basketball-reference.com/boxscores/200403090CHI.html,2003-04
Allen Iverson,2004-03-14,Philadelphia 76ers,Detroit Pistons,0,,,,,,,,,,,,,,,,,,,,,https://www.basketball-reference.com/boxscores/200403140DET.html,2003-04
Allen Iverson,2004-03-16,Philadelphia 76ers,Memphis Grizzlies,0,42.57,4.0,15.0,0.267,0.0,2.0,0.0,2.0,2.0,1.0,0.0,4.0,4.0,8.0,1.0,0.0,5.0,0.0,10.0,-4.0,https://www.basketball-reference.com/boxscores/200403160MEM.html,2003-04
Allen Iverson,2004-03-17,Philadelphia 76ers,New Orleans Hornets,0,43.22,8.0,23.0,0.348,0.0,3.0,0.0,4.0,6.0,0.667,1.0,1.0,2.0,7.0,2.0,1.0,4.0,3.0,20.0,-23.0,https://www.basketball-reference.com/boxscores/200403170NOH.html,2003-04
Allen Iverson,2004-03-20,Philadelphia 76ers,Miami Heat,0,44.16,8.0,22.0,0.364,2.0,5.0,0.4,5.0,8.0,0.625,1.0,1.0,2.0,4.0,3.0,0.0,5.0,2.0,23.0,-24.0,https://www.basketball-reference.com/boxscores/200403200MIA.html,2003-04
Allen Iverson,2004-03-22,Philadelphia 76ers,Dallas Mavericks,1,,,,,,,,,,,,,,,,,,,,,https://www.basketball-reference.com/boxscores/200403220PHI.html,2003-04
Allen Iverson,2004-03-24,Philadelphia 76ers,Phoenix Suns,1,,,,,,,,,,,,,,,,,,,,,https://www.basketball-reference.com/boxscores/200403240PHI.html,2003-04
Allen Iverson,2004-03-26,Philadelphia 76ers,Cleveland Cavaliers,1,,,,,,,,,,,,,,,,,,,,,https://www.basketball-reference.com/boxscores/200403260PHI.html,2003-04
Allen Iverson,2004-03-28,Philadelphia 76ers,Boston Celtics,0,,,,,,,,,,,,,,,,,,,,,https://www.basketball-reference.com/boxscores/200403280BOS.html,2003-04
Allen Iverson,2004-03-30,Philadelphia 76ers,Golden State Warriors,1,,,,,,,,,,,,,,,,,,,,,https://www.basketball-reference.com/boxscores/200403300PHI.html,2003-04
Allen Iverson,2001-12-01,Philadelphia 76ers,Chicago Bulls,0,41.38,11.0,26.0,0.423,2.0,4.0,0.5,6.0,6.0,1.0,0.0,5.0,5.0,8.0,2.0,0.0,3.0,2.0,30.0,22.0,https://www.basketball-reference.com/boxscores/200112010CHI.html,2001-02
Allen Iverson,2001-12-02,Philadelphia 76ers,Memphis Grizzlies,1,42.47,9.0,29.0,0.31,1.0,8.0,0.125,11.0,14.0,0.7859999999999999,2.0,2.0,4.0,10.0,3.0,0.0,2.0,2.0,30.0,-4.0,https://www.basketball-reference.com/boxscores/200112020PHI.html,2001-02
Allen Iverson,2001-12-04,Philadelphia 76ers,Sacramento Kings,0,46.48,9.0,30.0,0.3,1.0,4.0,0.25,5.0,6.0,0.833,1.0,3.0,4.0,6.0,1.0,1.0,5.0,3.0,24.0,-11.0,https://www.basketball-reference.com/boxscores/200112040SAC.html,2001-02
Allen Iverson,2001-12-05,Philadelphia 76ers,Golden State Warriors,0,43.54,9.0,18.0,0.5,1.0,2.0,0.5,4.0,6.0,0.667,1.0,4.0,5.0,7.0,3.0,0.0,4.0,1.0,23.0,-4.0,https://www.basketball-reference.com/boxscores/200112050GSW.html,2001-02
Allen Iverson,2001-12-07,Philadelphia 76ers,San Antonio Spurs,0,,,,,,,,,,,,,,,,,,,,,https://www.basketball-reference.com/boxscores/200112070SAS.html,2001-02
Allen Iverson,2001-12-08,Philadelphia 76ers,Memphis Grizzlies,0,,,,,,,,,,,,,,,,,,,,,https://www.basketball-reference.com/boxscores/200112080MEM.html,2001-02
Allen Iverson,2001-12-11,Philadelphia 76ers,Atlanta Hawks,0,45.07,15.0,29.0,0.517,1.0,4.0,0.25,3.0,3.0,1.0,2.0,2.0,4.0,5.0,5.0,0.0,3.0,2.0,34.0,-4.0,https://www.basketball-reference.com/boxscores/200112110ATL.html,2001-02
Allen Iverson,2001-12-14,Philadelphia 76ers,Milwaukee Bucks,1,43.19,7.0,22.0,0.318,0.0,2.0,0.0,3.0,5.0,0.6,0.0,3.0,3.0,6.0,3.0,0.0,5.0,2.0,17.0,-14.0,https://www.basketball-reference.com/boxscores/200112140PHI.html,2001-02
Allen Iverson,2001-12-15,Philadelphia 76ers,Cleveland Cavaliers,0,46.25,18.0,29.0,0.621,0.0,1.0,0.0,4.0,5.0,0.8,1.0,5.0,6.0,9.0,3.0,0.0,6.0,1.0,40.0,1.0,https://www.basketball-reference.com/boxscores/200112150CLE.html,2001-02
Allen Iverson,2001-12-17,Philadelphia 76ers,Boston Celtics,1,42.11,14.0,24.0,0.583,1.0,3.0,0.333,8.0,11.0,0.727,0.0,4.0,4.0,2.0,0.0,0.0,3.0,2.0,37.0,15.0,https://www.basketball-reference.com/boxscores/200112170PHI.html,2001-02
Allen Iverson,2001-12-19,Philadelphia 76ers,Charlotte Hornets,1,48.0,13.0,30.0,0.433,1.0,3.0,0.333,11.0,15.0,0.733,1.0,3.0,4.0,5.0,2.0,1.0,2.0,2.0,38.0,-9.0,https://www.basketball-reference.com/boxscores/200112190PHI.html,2001-02
Allen Iverson,2001-12-21,Philadelphia 76ers,Atlanta Hawks,1,40.08,7.0,17.0,0.412,3.0,6.0,0.5,7.0,11.0,0.636,0.0,5.0,5.0,7.0,4.0,0.0,2.0,5.0,24.0,26.0,https://www.basketball-reference.com/boxscores/200112210PHI.html,2001-02
Allen Iverson,2001-12-25,Philadelphia 76ers,Los Angeles Lakers,0,44.07,11.0,28.0,0.393,2.0,5.0,0.4,7.0,8.0,0.875,0.0,8.0,8.0,4.0,1.0,2.0,4.0,2.0,31.0,-2.0,https://www.basketball-reference.com/boxscores/200112250LAL.html,2001-02
Allen Iverson,2001-12-26,Philadelphia 76ers,Los Angeles Clippers,0,45.01,9.0,28.0,0.321,0.0,4.0,0.0,5.0,9.0,0.556,0.0,2.0,2.0,10.0,3.0,0.0,3.0,1.0,23.0,14.0,https://www.basketball-reference.com/boxscores/200112260LAC.html,2001-02
Allen Iverson,2001-12-28,Philadelphia 76ers,Denver Nuggets,0,48.0,14.0,29.0,0.483,1.0,3.0,0.333,9.0,11.0,0.818,1.0,4.0,5.0,8.0,2.0,0.0,2.0,0.0,38.0,-3.0,https://www.basketball-reference.com/boxscores/200112280DEN.html,2001-02
Allen Iverson,2001-12-29,Philadelphia 76ers,Utah Jazz,0,44.05,7.0,25.0,0.28,1.0,3.0,0.333,6.0,10.0,0.6,0.0,3.0,3.0,5.0,2.0,1.0,4.0,0.0,21.0,-4.0,https://www.basketball-reference.com/boxscores/200112290UTA.html,2001-02
Allen Iverson,2002-01-02,Philadelphia 76ers,Phoenix Suns,0,42.41,9.0,25.0,0.36,2.0,5.0,0.4,9.0,9.0,1.0,1.0,5.0,6.0,3.0,1.0,0.0,6.0,1.0,29.0,22.0,https://www.basketball-reference.com/boxscores/200201020PHO.html,2001-02
Allen Iverson,2002-01-04,Philadelphia 76ers,Seattle SuperSonics,0,43.13,8.0,21.0,0.381,2.0,4.0,0.5,4.0,6.0,0.667,1.0,2.0,3.0,3.0,3.0,0.0,1.0,4.0,22.0,18.0,https://www.basketball-reference.com/boxscores/200201040SEA.html,2001-02
Allen Iverson,2002-01-05,Philadelphia 76ers,Portland Trail Blazers,0,42.07,7.0,20.0,0.35,1.0,4.0,0.25,3.0,3.0,1.0,0.0,4.0,4.0,5.0,3.0,1.0,5.0,1.0,18.0,-8.0,https://www.basketball-reference.com/boxscores/200201050POR.html,2001-02
Allen Iverson,2002-01-07,Philadelphia 76ers,Los Angeles Clippers,1,37.24,10.0,22.0,0.455,1.0,2.0,0.5,9.0,11.0,0.818,3.0,7.0,10.0,11.0,4.0,0.0,3.0,1.0,30.0,31.0,https://www.basketball-reference.com/boxscores/200201070PHI.html,2001-02
Allen Iverson,2002-01-09,Philadelphia 76ers,Orlando Magic,1,42.59,12.0,28.0,0.429,0.0,4.0,0.0,3.0,4.0,0.75,0.0,2.0,2.0,2.0,3.0,0.0,3.0,2.0,27.0,-4.0,https://www.basketball-reference.com/boxscores/200201090PHI.html,2001-02
Allen Iverson,2002-01-11,Philadelphia 76ers,San Antonio Spurs,1,43.09,14.0,31.0,0.452,0.0,3.0,0.0,9.0,10.0,0.9,1.0,3.0,4.0,6.0,4.0,0.0,3.0,1.0,37.0,14.0,https://www.basketball-reference.com/boxscores/200201110PHI.html,2001-02
Allen Iverson,2002-01-17,Philadelphia 76ers,Charlotte Hornets,0,46.06,13.0,34.0,0.382,1.0,5.0,0.2,6.0,6.0,1.0,1.0,3.0,4.0,4.0,2.0,0.0,3.0,4.0,33.0,5.0,https://www.basketball-reference.com/boxscores/200201170CHH.html,2001-02
Allen Iverson,2002-01-19,Philadelphia 76ers,New York Knicks,1,43.07,9.0,27.0,0.333,2.0,6.0,0.333,14.0,17.0,0.8240000000000001,0.0,5.0,5.0,7.0,1.0,0.0,4.0,3.0,34.0,8.0,https://www.basketball-reference.com/boxscores/200201190PHI.html,2001-02
Allen Iverson,2002-01-21,Philadelphia 76ers,Seattle SuperSonics,1,41.19,14.0,25.0,0.56,2.0,5.0,0.4,8.0,11.0,0.727,2.0,1.0,3.0,3.0,0.0,0.0,4.0,1.0,38.0,-13.0,https://www.basketball-reference.com/boxscores/200201210PHI.html,2001-02
Allen Iverson,2002-01-22,Philadelphia 76ers,Washington Wizards,0,44.34,14.0,32.0,0.438,1.0,5.0,0.2,5.0,7.0,0.7140000000000001,1.0,1.0,2.0,5.0,2.0,1.0,6.0,1.0,34.0,9.0,https://www.basketball-reference.com/boxscores/200201220WAS.html,2001-02
Allen Iverson,2002-01-25,Philadelphia 76ers,Boston Celtics,0,46.52,16.0,31.0,0.516,4.0,8.0,0.5,11.0,13.0,0.846,1.0,3.0,4.0,5.0,3.0,0.0,5.0,1.0,47.0,14.0,https://www.basketball-reference.com/boxscores/200201250BOS.html,2001-02
Allen Iverson,2002-01-27,Philadelphia 76ers,Los Angeles Lakers,1,44.59,10.0,29.0,0.345,1.0,4.0,0.25,8.0,8.0,1.0,0.0,1.0,1.0,3.0,2.0,1.0,4.0,2.0,29.0,4.0,https://www.basketball-reference.com/boxscores/200201270PHI.html,2001-02
Allen Iverson,2002-01-29,Philadelphia 76ers,New York Knicks,0,43.21,6.0,25.0,0.24,0.0,3.0,0.0,3.0,6.0,0.5,1.0,2.0,3.0,8.0,4.0,0.0,3.0,3.0,15.0,-4.0,https://www.basketball-reference.com/boxscores/200201290NYK.html,2001-02
Allen Iverson,2002-01-30,Philadelphia 76ers,Minnesota Timberwolves,1,45.08,14.0,33.0,0.424,0.0,4.0,0.0,10.0,11.0,0.909,2.0,2.0,4.0,3.0,0.0,1.0,4.0,0.0,38.0,13.0,https://www.basketball-reference.com/boxscores/200201300PHI.html,2001-02
Allen Iverson,2002-02-02,Philadelphia 76ers,Milwaukee Bucks,0,46.33,9.0,30.0,0.3,2.0,6.0,0.333,5.0,5.0,1.0,0.0,6.0,6.0,4.0,5.0,0.0,4.0,1.0,25.0,3.0,https://www.basketball-reference.com/boxscores/200202020MIL.html,2001-02
Allen Iverson,2002-02-04,Philadelphia 76ers,Toronto Raptors,1,47.54,11.0,27.0,0.407,1.0,4.0,0.25,13.0,14.0,0.929,0.0,3.0,3.0,7.0,5.0,0.0,4.0,1.0,36.0,-7.0,https://www.basketball-reference.com/boxscores/200202040PHI.html,2001-02
Allen Iverson,2002-02-05,Philadelphia 76ers,Detroit Pistons,0,46.4,7.0,31.0,0.226,1.0,5.0,0.2,11.0,14.0,0.7859999999999999,1.0,3.0,4.0,5.0,6.0,1.0,3.0,2.0,26.0,-5.0,https://www.basketball-reference.com/boxscores/200202050DET.html,2001-02
Allen Iverson,2002-02-07,Philadelphia 76ers,Charlotte Hornets,0,44.5,16.0,30.0,0.5329999999999999,3.0,8.0,0.375,1.0,3.0,0.333,1.0,1.0,2.0,4.0,4.0,0.0,6.0,1.0,36.0,9.0,https://www.basketball-reference.com/boxscores/200202070CHH.html,2001-02
Allen Iverson,2002-02-14,Philadelphia 76ers,Utah Jazz,1,44.15,9.0,27.0,0.333,0.0,4.0,0.0,16.0,19.0,0.8420000000000001,0.0,2.0,2.0,1.0,1.0,0.0,3.0,1.0,34.0,-1.0,https://www.basketball-reference.com/boxscores/200202140PHI.html,2001-02
Allen Iverson,2002-02-17,Philadelphia 76ers,Indiana Pacers,0,,,,,,,,,,,,,,,,,,,,,https://www.basketball-reference.com/boxscores/200202170IND.html,2001-02
Allen Iverson,2002-02-18,Philadelphia 76ers,Denver Nuggets,1,35.58,11.0,21.0,0.524,0.0,1.0,0.0,5.0,6.0,0.833,3.0,6.0,9.0,8.0,4.0,0.0,6.0,3.0,27.0,32.0,https://www.basketball-reference.com/boxscores/200202180PHI.html,2001-02
Allen Iverson,2002-02-20,Philadelphia 76ers,Golden State Warriors,1,45.01,14.0,36.0,0.389,2.0,7.0,0.28600000000000003,16.0,20.0,0.8,3.0,5.0,8.0,6.0,5.0,0.0,2.0,2.0,46.0,7.0,https://www.basketball-reference.com/boxscores/200202200PHI.html,2001-02
Allen Iverson,2002-02-23,Philadelphia 76ers,Orlando Magic,0,41.37,11.0,30.0,0.3670000000000001,2.0,3.0,0.667,8.0,10.0,0.8,0.0,5.0,5.0,6.0,6.0,0.0,6.0,1.0,32.0,-24.0,https://www.basketball-reference.com/boxscores/200202230ORL.html,2001-02
Allen Iverson,2002-02-25,Philadelphia 76ers,Portland Trail Blazers,1,48.0,8.0,22.0,0.364,0.0,4.0,0.0,2.0,5.0,0.4,0.0,3.0,3.0,7.0,2.0,0.0,4.0,0.0,18.0,-5.0,https://www.basketball-reference.com/boxscores/200202250PHI.html,2001-02
Allen Iverson,2002-02-27,Philadelphia 76ers,Miami Heat,1,41.41,10.0,30.0,0.333,0.0,5.0,0.0,11.0,16.0,0.688,2.0,4.0,6.0,4.0,3.0,0.0,3.0,0.0,31.0,4.0,https://www.basketball-reference.com/boxscores/200202270PHI.html,2001-02
Allen Iverson,2002-03-01,Philadelphia 76ers,New Jersey Nets,1,42.46,15.0,30.0,0.5,4.0,5.0,0.8,9.0,14.0,0.643,0.0,5.0,5.0,5.0,2.0,1.0,3.0,2.0,43.0,1.0,https://www.basketball-reference.com/boxscores/200203010PHI.html,2001-02
Allen Iverson,2002-03-03,Philadelphia 76ers,Toronto Raptors,0,44.03,16.0,37.0,0.4320000000000001,0.0,6.0,0.0,10.0,10.0,1.0,1.0,3.0,4.0,5.0,5.0,0.0,3.0,1.0,42.0,14.0,https://www.basketball-reference.com/boxscores/200203030TOR.html,2001-02
Allen Iverson,2002-03-04,Philadelphia 76ers,Boston Celtics,1,43.41,8.0,30.0,0.267,3.0,6.0,0.5,9.0,9.0,1.0,2.0,5.0,7.0,6.0,2.0,0.0,5.0,1.0,28.0,-12.0,https://www.basketball-reference.com/boxscores/200203040PHI.html,2001-02
Allen Iverson,2002-03-06,Philadelphia 76ers,Cleveland Cavaliers,1,47.05,15.0,30.0,0.5,2.0,4.0,0.5,14.0,18.0,0.778,0.0,7.0,7.0,4.0,2.0,0.0,3.0,0.0,46.0,12.0,https://www.basketball-reference.com/boxscores/200203060PHI.html,2001-02
Allen Iverson,2002-03-08,Philadelphia 76ers,Indiana Pacers,1,44.46,13.0,36.0,0.361,1.0,4.0,0.25,14.0,16.0,0.875,0.0,3.0,3.0,8.0,2.0,1.0,4.0,5.0,41.0,6.0,https://www.basketball-reference.com/boxscores/200203080PHI.html,2001-02
Allen Iverson,2002-03-09,Philadelphia 76ers,Atlanta Hawks,0,41.15,7.0,22.0,0.318,3.0,6.0,0.5,11.0,12.0,0.917,3.0,1.0,4.0,5.0,3.0,0.0,4.0,1.0,28.0,27.0,https://www.basketball-reference.com/boxscores/200203090ATL.html,2001-02
Allen Iverson,2002-03-12,Philadelphia 76ers,New York Knicks,0,41.59,12.0,28.0,0.429,0.0,1.0,0.0,11.0,11.0,1.0,0.0,4.0,4.0,7.0,4.0,0.0,4.0,3.0,35.0,13.0,https://www.basketball-reference.com/boxscores/200203120NYK.html,2001-02
Allen Iverson,2002-03-13,Philadelphia 76ers,Sacramento Kings,1,45.1,13.0,31.0,0.419,1.0,6.0,0.16699999999999998,5.0,6.0,0.833,0.0,6.0,6.0,5.0,2.0,0.0,5.0,5.0,32.0,-1.0,https://www.basketball-reference.com/boxscores/200203130PHI.html,2001-02
Allen Iverson,2002-03-17,Philadelphia 76ers,Orlando Magic,1,48.0,14.0,33.0,0.424,3.0,5.0,0.6,8.0,10.0,0.8,0.0,5.0,5.0,10.0,3.0,0.0,3.0,0.0,39.0,-2.0,https://www.basketball-reference.com/boxscores/200203170PHI.html,2001-02
Allen Iverson,2002-03-19,Philadelphia 76ers,Miami Heat,0,47.16,11.0,28.0,0.393,3.0,5.0,0.6,8.0,11.0,0.727,0.0,8.0,8.0,4.0,3.0,0.0,4.0,1.0,33.0,11.0,https://www.basketball-reference.com/boxscores/200203190MIA.html,2001-02
Allen Iverson,2002-03-20,Philadelphia 76ers,Miami Heat,1,48.0,13.0,30.0,0.433,2.0,7.0,0.28600000000000003,10.0,11.0,0.909,0.0,1.0,1.0,3.0,3.0,0.0,5.0,1.0,38.0,-5.0,https://www.basketball-reference.com/boxscores/200203200PHI.html,2001-02
Allen Iverson,2002-03-22,Philadelphia 76ers,Boston Celtics,0,24.0,7.0,12.0,0.583,3.0,5.0,0.6,5.0,6.0,0.833,0.0,2.0,2.0,3.0,3.0,0.0,3.0,1.0,22.0,-5.0,https://www.basketball-reference.com/boxscores/200203220BOS.html,2001-02
