Player,Date,Team,Against,Home,MP,FG,FGA,FG%,3P,3PA,3P%,FT,FTA,FT%,ORB,DRB,TRB,AST,STL,BLK,TOV,PF,PTS,+/-,GameLink,season
Armon Johnson,2010-12-01,Portland Trail Blazers,Boston Celtics,0,,,,,,,,,,,,,,,,,,,,,https://www.basketball-reference.com/boxscores/201012010BOS.html,2010-11
Armon Johnson,2010-12-03,Portland Trail Blazers,Washington Wizards,0,,,,,,,,,,,,,,,,,,,,,https://www.basketball-reference.com/boxscores/201012030WAS.html,2010-11
Armon Johnson,2010-12-05,Portland Trail Blazers,Los Angeles Clippers,1,,,,,,,,,,,,,,,,,,,,,https://www.basketball-reference.com/boxscores/201012050POR.html,2010-11
Armon Johnson,2010-12-07,Portland Trail Blazers,Phoenix Suns,1,5.51,0.0,1.0,0.0,0.0,0.0,,0.0,0.0,,0.0,0.0,0.0,3.0,0.0,0.0,0.0,1.0,0.0,1.0,https://www.basketball-reference.com/boxscores/201012070POR.html,2010-11
Armon Johnson,2010-12-09,Portland Trail Blazers,Orlando Magic,1,,,,,,,,,,,,,,,,,,,,,https://www.basketball-reference.com/boxscores/201012090POR.html,2010-11
Armon Johnson,2010-12-10,Portland Trail Blazers,Phoenix Suns,0,,,,,,,,,,,,,,,,,,,,,https://www.basketball-reference.com/boxscores/201012100PHO.html,2010-11
Armon Johnson,2010-12-12,Portland Trail Blazers,San Antonio Spurs,0,3.33,3.0,8.0,0.375,0.0,0.0,,0.0,0.0,,2.0,1.0,3.0,0.0,0.0,0.0,0.0,0.0,6.0,0.0,https://www.basketball-reference.com/boxscores/201012120SAS.html,2010-11
Armon Johnson,2010-12-13,Portland Trail Blazers,Memphis Grizzlies,0,1.2,1.0,2.0,0.5,0.0,0.0,,0.0,0.0,,0.0,0.0,0.0,0.0,0.0,0.0,1.0,0.0,2.0,2.0,https://www.basketball-reference.com/boxscores/201012130MEM.html,2010-11
Armon Johnson,2010-12-15,Portland Trail Blazers,Dallas Mavericks,0,,,,,,,,,,,,,,,,,,,,,https://www.basketball-reference.com/boxscores/201012150DAL.html,2010-11
Armon Johnson,2010-12-17,Portland Trail Blazers,Minnesota Timberwolves,1,2.54,1.0,2.0,0.5,1.0,1.0,1.0,0.0,0.0,,0.0,0.0,0.0,0.0,0.0,0.0,0.0,0.0,3.0,-1.0,https://www.basketball-reference.com/boxscores/201012170POR.html,2010-11
Armon Johnson,2010-12-18,Portland Trail Blazers,Golden State Warriors,1,1.4,0.0,0.0,,0.0,0.0,,0.0,0.0,,0.0,0.0,0.0,1.0,0.0,0.0,0.0,0.0,0.0,2.0,https://www.basketball-reference.com/boxscores/201012180POR.html,2010-11
Armon Johnson,2010-12-20,Portland Trail Blazers,Milwaukee Bucks,1,3.1,0.0,0.0,,0.0,0.0,,0.0,0.0,,0.0,0.0,0.0,0.0,0.0,0.0,0.0,1.0,0.0,-4.0,https://www.basketball-reference.com/boxscores/201012200POR.html,2010-11
Armon Johnson,2010-12-25,Portland Trail Blazers,Golden State Warriors,0,,,,,,,,,,,,,,,,,,,,,https://www.basketball-reference.com/boxscores/201012250GSW.html,2010-11
Armon Johnson,2010-12-27,Portland Trail Blazers,Utah Jazz,0,0.11,0.0,0.0,,0.0,0.0,,0.0,0.0,,0.0,0.0,0.0,0.0,0.0,0.0,0.0,0.0,0.0,0.0,https://www.basketball-reference.com/boxscores/201012270UTA.html,2010-11
Armon Johnson,2010-12-28,Portland Trail Blazers,Denver Nuggets,0,12.0,2.0,7.0,0.28600000000000003,0.0,0.0,,0.0,0.0,,1.0,2.0,3.0,0.0,0.0,0.0,2.0,3.0,4.0,2.0,https://www.basketball-reference.com/boxscores/201012280DEN.html,2010-11
Armon Johnson,2010-12-30,Portland Trail Blazers,Utah Jazz,1,1.1,0.0,0.0,,0.0,0.0,,0.0,0.0,,0.0,0.0,0.0,0.0,0.0,0.0,0.0,0.0,0.0,-4.0,https://www.basketball-reference.com/boxscores/201012300POR.html,2010-11
Armon Johnson,2011-01-02,Portland Trail Blazers,Houston Rockets,1,,,,,,,,,,,,,,,,,,,,,https://www.basketball-reference.com/boxscores/201101020POR.html,2010-11
Armon Johnson,2011-01-04,Portland Trail Blazers,Dallas Mavericks,0,,,,,,,,,,,,,,,,,,,,,https://www.basketball-reference.com/boxscores/201101040DAL.html,2010-11
Armon Johnson,2011-01-05,Portland Trail Blazers,Houston Rockets,0,,,,,,,,,,,,,,,,,,,,,https://www.basketball-reference.com/boxscores/201101050HOU.html,2010-11
Armon Johnson,2011-01-07,Portland Trail Blazers,Minnesota Timberwolves,0,,,,,,,,,,,,,,,,,,,,,https://www.basketball-reference.com/boxscores/201101070MIN.html,2010-11
Armon Johnson,2011-01-11,Portland Trail Blazers,New York Knicks,1,,,,,,,,,,,,,,,,,,,,,https://www.basketball-reference.com/boxscores/201101110POR.html,2010-11
Armon Johnson,2011-01-14,Portland Trail Blazers,Phoenix Suns,0,0.17,0.0,0.0,,0.0,0.0,,0.0,0.0,,0.0,0.0,0.0,0.0,0.0,0.0,0.0,0.0,0.0,0.0,https://www.basketball-reference.com/boxscores/201101140PHO.html,2010-11
Armon Johnson,2011-01-15,Portland Trail Blazers,New Jersey Nets,1,,,,,,,,,,,,,,,,,,,,,https://www.basketball-reference.com/boxscores/201101150POR.html,2010-11
Armon Johnson,2011-01-17,Portland Trail Blazers,Minnesota Timberwolves,1,,,,,,,,,,,,,,,,,,,,,https://www.basketball-reference.com/boxscores/201101170POR.html,2010-11
Armon Johnson,2011-01-19,Sacramento Kings,Portland Trail Blazers,1,,,,,,,,,,,,,,,,,,,,,https://www.basketball-reference.com/boxscores/201101190SAC.html,2010-11
Armon Johnson,2011-01-20,Portland Trail Blazers,Los Angeles Clippers,1,,,,,,,,,,,,,,,,,,,,,https://www.basketball-reference.com/boxscores/201101200POR.html,2010-11
Armon Johnson,2011-01-22,Portland Trail Blazers,Indiana Pacers,1,5.2,0.0,0.0,,0.0,0.0,,0.0,0.0,,1.0,1.0,2.0,0.0,0.0,0.0,1.0,0.0,0.0,-7.0,https://www.basketball-reference.com/boxscores/201101220POR.html,2010-11
Armon Johnson,2011-01-24,Portland Trail Blazers,Sacramento Kings,1,,,,,,,,,,,,,,,,,,,,,https://www.basketball-reference.com/boxscores/201101240POR.html,2010-11
Armon Johnson,2011-01-27,Portland Trail Blazers,Boston Celtics,1,,,,,,,,,,,,,,,,,,,,,https://www.basketball-reference.com/boxscores/201101270POR.html,2010-11
Armon Johnson,2011-02-01,Portland Trail Blazers,San Antonio Spurs,1,,,,,,,,,,,,,,,,,,,,,https://www.basketball-reference.com/boxscores/201102010POR.html,2010-11
Armon Johnson,2011-02-02,Portland Trail Blazers,Denver Nuggets,0,,,,,,,,,,,,,,,,,,,,,https://www.basketball-reference.com/boxscores/201102020DEN.html,2010-11
Armon Johnson,2011-02-27,Portland Trail Blazers,Atlanta Hawks,1,,,,,,,,,,,,,,,,,,,,,https://www.basketball-reference.com/boxscores/201102270POR.html,2010-11
Armon Johnson,2011-03-01,Portland Trail Blazers,Houston Rockets,1,0.38,0.0,0.0,,0.0,0.0,,0.0,0.0,,0.0,0.0,0.0,1.0,0.0,0.0,0.0,0.0,0.0,2.0,https://www.basketball-reference.com/boxscores/201103010POR.html,2010-11
Armon Johnson,2011-03-02,Portland Trail Blazers,Sacramento Kings,0,,,,,,,,,,,,,,,,,,,,,https://www.basketball-reference.com/boxscores/201103020SAC.html,2010-11
Armon Johnson,2011-03-05,Portland Trail Blazers,Charlotte Bobc,1,1.22,0.0,1.0,0.0,0.0,0.0,,0.0,0.0,,0.0,0.0,0.0,0.0,0.0,0.0,0.0,0.0,0.0,2.0,https://www.basketball-reference.com/boxscores/201103050POR.html,2010-11
Armon Johnson,2011-03-07,Portland Trail Blazers,Orlando Magic,0,,,,,,,,,,,,,,,,,,,,,https://www.basketball-reference.com/boxscores/201103070ORL.html,2010-11
Armon Johnson,2011-03-08,Portland Trail Blazers,Miami Heat,0,,,,,,,,,,,,,,,,,,,,,https://www.basketball-reference.com/boxscores/201103080MIA.html,2010-11
Armon Johnson,2011-03-11,Portland Trail Blazers,Charlotte Bobcats,0,,,,,,,,,,,,,,,,,,,,,https://www.basketball-reference.com/boxscores/201103110CHA.html,2010-11
Armon Johnson,2011-03-12,Portland Trail Blazers,Atlanta Hawks,0,1.02,0.0,0.0,,0.0,0.0,,0.0,0.0,,0.0,0.0,0.0,1.0,0.0,0.0,0.0,0.0,0.0,3.0,https://www.basketball-reference.com/boxscores/201103120ATL.html,2010-11
Armon Johnson,2011-03-15,Portland Trail Blazers,Dallas Mavericks,1,,,,,,,,,,,,,,,,,,,,,https://www.basketball-reference.com/boxscores/201103150POR.html,2010-11
Armon Johnson,2011-03-17,Portland Trail Blazers,Cleveland Cavaliers,1,3.43,3.0,5.0,0.6,0.0,0.0,,0.0,0.0,,1.0,1.0,2.0,1.0,0.0,0.0,0.0,1.0,6.0,5.0,https://www.basketball-reference.com/boxscores/201103170POR.html,2010-11
Armon Johnson,2011-03-19,Portland Trail Blazers,Philadelphia 76ers,1,,,,,,,,,,,,,,,,,,,,,https://www.basketball-reference.com/boxscores/201103190POR.html,2010-11
Armon Johnson,2011-03-20,Portland Trail Blazers,Los Angeles Lakers,0,,,,,,,,,,,,,,,,,,,,,https://www.basketball-reference.com/boxscores/201103200LAL.html,2010-11
Armon Johnson,2011-03-22,Portland Trail Blazers,Washington Wizards,1,3.59,1.0,1.0,1.0,0.0,0.0,,0.0,0.0,,0.0,0.0,0.0,1.0,0.0,0.0,2.0,0.0,2.0,3.0,https://www.basketball-reference.com/boxscores/201103220POR.html,2010-11
Armon Johnson,2011-03-25,Portland Trail Blazers,San Antonio Spurs,1,,,,,,,,,,,,,,,,,,,,,https://www.basketball-reference.com/boxscores/201103250POR.html,2010-11
Armon Johnson,2011-03-27,Portland Trail Blazers,Oklahoma City Thunder,0,,,,,,,,,,,,,,,,,,,,,https://www.basketball-reference.com/boxscores/201103270OKC.html,2010-11
Armon Johnson,2011-03-28,Portland Trail Blazers,San Antonio Spurs,0,,,,,,,,,,,,,,,,,,,,,https://www.basketball-reference.com/boxscores/201103280SAS.html,2010-11
Armon Johnson,2011-03-30,Portland Trail Blazers,New Orleans Hornets,0,,,,,,,,,,,,,,,,,,,,,https://www.basketball-reference.com/boxscores/201103300NOH.html,2010-11
