Unnamed: 0,season,Player,Date,Team,Against,Home,MP,FG,FGA,FG%,3P,3PA,3P%,FT,FTA,FT%,ORB,DRB,TRB,AST,STL,BLK,TOV,PF,PTS,+/-,GameLink,TS%,DD,DT,FPTS
,2019-20,Blake Griffin,2019-12-01,Detroit Pistons,San Antonio Spurs,1.0,21.56,4.0,12.0,0.333,0.0,3.0,0.0,2.0,2.0,1.0,0.0,2.0,2.0,6.0,0.0,0.0,2.0,1.0,10.0,4.0,https://www.basketball-reference.com/boxscores/201912010DET.html,64.4,0.0,0.0,20.5
,2019-20,Blake Griffin,2019-12-03,Detroit Pistons,Cleveland Cavaliers,0.0,23.38,8.0,13.0,0.615,6.0,7.0,0.857,2.0,2.0,1.0,2.0,2.0,4.0,1.0,0.0,0.0,2.0,1.0,24.0,9.0,https://www.basketball-reference.com/boxscores/201912030CLE.html,166.56,0.0,0.0,32.5
,2019-20,Blake Griffin,2019-12-04,Detroit Pistons,Milwaukee Bucks,1.0,30.49,4.0,17.0,0.235,2.0,8.0,0.25,6.0,8.0,0.75,0.0,10.0,10.0,3.0,0.0,0.0,3.0,3.0,16.0,-8.0,https://www.basketball-reference.com/boxscores/201912040DET.html,164.16,1.0,0.0,33.5
,2019-20,Blake Griffin,2019-12-06,Detroit Pistons,Indiana Pacers,1.0,31.55,7.0,17.0,0.412,3.0,7.0,0.429,8.0,12.0,0.667,0.0,3.0,3.0,5.0,2.0,1.0,2.0,0.0,25.0,2.0,https://www.basketball-reference.com/boxscores/201912060DET.html,278.5,0.0,0.0,42.75
,2019-20,Blake Griffin,2019-12-09,Detroit Pistons,New Orleans Pelicans,0.0,34.04,1.0,9.0,0.111,0.0,3.0,0.0,3.0,4.0,0.75,0.0,4.0,4.0,1.0,1.0,0.0,4.0,1.0,5.0,2.0,https://www.basketball-reference.com/boxscores/201912090NOP.html,26.9,0.0,0.0,11.5
,2019-20,Blake Griffin,2019-12-12,Detroit Pistons,Dallas Mavericks,1.0,29.39,3.0,16.0,0.188,1.0,10.0,0.1,3.0,4.0,0.75,0.0,3.0,3.0,5.0,0.0,0.0,0.0,2.0,10.0,-18.0,https://www.basketball-reference.com/boxscores/201912120DET.html,88.80000000000003,0.0,0.0,21.75
,2019-20,Blake Griffin,2019-12-14,Detroit Pistons,Houston Rockets,0.0,15.2,0.0,7.0,0.0,0.0,3.0,0.0,2.0,2.0,1.0,1.0,1.0,2.0,2.0,0.0,0.0,1.0,0.0,2.0,4.0,https://www.basketball-reference.com/boxscores/201912140HOU.html,7.88,0.0,0.0,7.0
,2019-20,Blake Griffin,2019-12-18,Detroit Pistons,Toronto Raptors,1.0,32.19,6.0,13.0,0.462,1.0,5.0,0.2,2.0,2.0,1.0,0.0,2.0,2.0,4.0,0.0,2.0,3.0,1.0,15.0,-14.0,https://www.basketball-reference.com/boxscores/201912180DET.html,104.1,0.0,0.0,26.5
,2019-20,Blake Griffin,2019-12-23,Detroit Pistons,Philadelphia 76ers,1.0,27.28,2.0,14.0,0.14300000000000002,0.0,6.0,0.0,4.0,5.0,0.8,1.0,4.0,5.0,3.0,2.0,0.0,1.0,1.0,8.0,-19.0,https://www.basketball-reference.com/boxscores/201912230DET.html,64.8,0.0,0.0,22.25
,2019-20,Blake Griffin,2019-12-26,Detroit Pistons,Washington Wizards,1.0,26.19,5.0,11.0,0.455,0.0,6.0,0.0,4.0,6.0,0.667,3.0,8.0,11.0,4.0,0.0,1.0,2.0,4.0,14.0,22.0,https://www.basketball-reference.com/boxscores/201912260DET.html,95.48,1.0,0.0,35.75
,2019-20,Blake Griffin,2019-12-28,Detroit Pistons,San Antonio Spurs,0.0,28.53,3.0,16.0,0.188,3.0,10.0,0.3,3.0,4.0,0.75,0.0,2.0,2.0,2.0,0.0,0.0,0.0,2.0,12.0,-19.0,https://www.basketball-reference.com/boxscores/201912280SAS.html,106.56,0.0,0.0,19.0
,2018-19,Blake Griffin,2018-12-01,Detroit Pistons,Golden State Warriors,1.0,34.1,9.0,22.0,0.409,2.0,9.0,0.222,6.0,6.0,1.0,0.0,6.0,6.0,5.0,0.0,0.0,2.0,1.0,26.0,3.0,https://www.basketball-reference.com/boxscores/201812010DET.html,320.32,0.0,0.0,41.0
,2018-19,Blake Griffin,2018-12-03,Detroit Pistons,Oklahoma City Thunder,1.0,30.27,7.0,18.0,0.389,3.0,8.0,0.375,3.0,4.0,0.75,1.0,4.0,5.0,4.0,2.0,1.0,1.0,0.0,20.0,-22.0,https://www.basketball-reference.com/boxscores/201812030DET.html,197.6,0.0,0.0,39.25
,2018-19,Blake Griffin,2018-12-05,Detroit Pistons,Milwaukee Bucks,0.0,30.17,11.0,22.0,0.5,4.0,11.0,0.364,5.0,6.0,0.833,0.0,7.0,7.0,4.0,0.0,1.0,7.0,2.0,31.0,-17.0,https://www.basketball-reference.com/boxscores/201812050MIL.html,381.92,0.0,0.0,46.25
,2018-19,Blake Griffin,2018-12-07,Detroit Pistons,Philadelphia 76ers,1.0,37.45,7.0,15.0,0.467,0.0,2.0,0.0,17.0,24.0,0.708,2.0,10.0,12.0,6.0,0.0,0.0,4.0,5.0,31.0,-6.0,https://www.basketball-reference.com/boxscores/201812070DET.html,396.18000000000006,1.0,0.0,54.0
,2018-19,Blake Griffin,2018-12-09,Detroit Pistons,New Orleans Pelicans,1.0,37.49,13.0,25.0,0.52,4.0,9.0,0.444,5.0,8.0,0.625,0.0,5.0,5.0,2.0,1.0,1.0,3.0,1.0,35.0,-11.0,https://www.basketball-reference.com/boxscores/201812090DET.html,499.1,0.0,0.0,48.75
,2018-19,Blake Griffin,2018-12-12,Detroit Pistons,Charlotte Hornets,0.0,36.24,9.0,16.0,0.563,3.0,6.0,0.5,5.0,9.0,0.556,0.0,10.0,10.0,7.0,0.0,1.0,2.0,2.0,26.0,-1.0,https://www.basketball-reference.com/boxscores/201812120CHO.html,259.48,1.0,0.0,52.5
,2018-19,Blake Griffin,2018-12-15,Detroit Pistons,Boston Celtics,1.0,35.49,8.0,16.0,0.5,1.0,2.0,0.5,10.0,13.0,0.769,2.0,6.0,8.0,6.0,1.0,0.0,5.0,2.0,27.0,-4.0,https://www.basketball-reference.com/boxscores/201812150DET.html,293.22,0.0,0.0,46.0
,2018-19,Blake Griffin,2018-12-17,Detroit Pistons,Milwaukee Bucks,1.0,34.57,4.0,13.0,0.308,2.0,7.0,0.28600000000000003,9.0,12.0,0.75,0.0,10.0,10.0,11.0,1.0,0.0,10.0,3.0,19.0,-2.0,https://www.basketball-reference.com/boxscores/201812170DET.html,173.66000000000003,1.0,1.0,48.0
,2018-19,Blake Griffin,2018-12-19,Minnesota Timberwolves,Detroit Pistons,1.0,41.53,13.0,22.0,0.591,5.0,10.0,0.5,3.0,6.0,0.5,1.0,7.0,8.0,4.0,0.0,1.0,2.0,4.0,34.0,15.0,https://www.basketball-reference.com/boxscores/201812190MIN.html,418.88,0.0,0.0,53.5
,2018-19,Blake Griffin,2018-12-21,Detroit Pistons,Charlotte Hornets,0.0,36.5,8.0,16.0,0.5,0.0,4.0,0.0,7.0,9.0,0.778,1.0,6.0,7.0,5.0,0.0,1.0,2.0,4.0,23.0,-7.0,https://www.basketball-reference.com/boxscores/201812210CHO.html,229.54,0.0,0.0,40.25
,2018-19,Blake Griffin,2018-12-23,Detroit Pistons,Atlanta Hawks,1.0,39.12,4.0,14.0,0.28600000000000003,1.0,7.0,0.14300000000000002,6.0,9.0,0.667,0.0,7.0,7.0,3.0,1.0,0.0,5.0,3.0,15.0,5.0,https://www.basketball-reference.com/boxscores/201812230DET.html,134.70000000000002,0.0,0.0,28.25
,2018-19,Blake Griffin,2018-12-26,Detroit Pistons,Washington Wizards,1.0,34.14,9.0,19.0,0.474,4.0,9.0,0.444,1.0,1.0,1.0,2.0,7.0,9.0,6.0,2.0,1.0,4.0,1.0,23.0,11.0,https://www.basketball-reference.com/boxscores/201812260DET.html,223.56,0.0,0.0,49.25
,2018-19,Blake Griffin,2018-12-28,Detroit Pistons,Indiana Pacers,0.0,31.43,6.0,14.0,0.429,3.0,7.0,0.429,3.0,3.0,1.0,1.0,6.0,7.0,5.0,0.0,0.0,7.0,3.0,18.0,-23.0,https://www.basketball-reference.com/boxscores/201812280IND.html,137.88,0.0,0.0,32.25
,2018-19,Blake Griffin,2018-12-30,Detroit Pistons,Orlando Magic,0.0,33.47,4.0,10.0,0.4,1.0,2.0,0.5,6.0,6.0,1.0,0.0,2.0,2.0,5.0,1.0,0.0,1.0,2.0,15.0,-4.0,https://www.basketball-reference.com/boxscores/201812300ORL.html,94.8,0.0,0.0,27.0
,2018-19,Blake Griffin,2019-01-01,Detroit Pistons,Milwaukee Bucks,0.0,33.07,9.0,20.0,0.45,4.0,9.0,0.444,7.0,7.0,1.0,4.0,5.0,9.0,4.0,1.0,1.0,6.0,5.0,29.0,-19.0,https://www.basketball-reference.com/boxscores/201901010MIL.html,334.66,0.0,0.0,49.25
,2018-19,Blake Griffin,2019-01-02,Detroit Pistons,Memphis Grizzlies,0.0,38.56,11.0,23.0,0.478,2.0,8.0,0.25,2.0,5.0,0.4,1.0,7.0,8.0,7.0,2.0,0.0,0.0,3.0,26.0,13.0,https://www.basketball-reference.com/boxscores/201901020MEM.html,327.6,0.0,0.0,51.5
,2018-19,Blake Griffin,2019-01-05,Detroit Pistons,Utah Jazz,1.0,39.27,13.0,21.0,0.619,3.0,7.0,0.429,5.0,6.0,0.833,2.0,8.0,10.0,5.0,2.0,0.0,3.0,2.0,34.0,10.0,https://www.basketball-reference.com/boxscores/201901050DET.html,401.88,1.0,0.0,59.0
,2018-19,Blake Griffin,2019-01-07,Detroit Pistons,San Antonio Spurs,1.0,37.15,13.0,21.0,0.619,2.0,5.0,0.4,6.0,6.0,1.0,0.0,2.0,2.0,8.0,0.0,0.0,3.0,1.0,34.0,4.0,https://www.basketball-reference.com/boxscores/201901070DET.html,401.88,0.0,0.0,48.0
,2018-19,Blake Griffin,2019-01-09,Detroit Pistons,Los Angeles Lakers,0.0,37.16,6.0,14.0,0.429,2.0,8.0,0.25,2.0,2.0,1.0,0.0,0.0,0.0,6.0,1.0,0.0,4.0,3.0,16.0,-22.0,https://www.basketball-reference.com/boxscores/201901090LAL.html,119.04,0.0,0.0,26.0
,2018-19,Blake Griffin,2019-01-12,Detroit Pistons,Los Angeles Clippers,0.0,40.04,13.0,23.0,0.565,5.0,13.0,0.385,13.0,14.0,0.929,0.0,8.0,8.0,5.0,3.0,1.0,4.0,4.0,44.0,12.0,https://www.basketball-reference.com/boxscores/201901120LAC.html,641.52,0.0,0.0,70.0
,2018-19,Blake Griffin,2019-01-14,Detroit Pistons,Utah Jazz,0.0,35.51,7.0,17.0,0.412,3.0,11.0,0.273,2.0,2.0,1.0,0.0,4.0,4.0,4.0,1.0,1.0,4.0,3.0,19.0,-8.0,https://www.basketball-reference.com/boxscores/201901140UTA.html,169.86,0.0,0.0,33.5
,2018-19,Blake Griffin,2019-01-18,Detroit Pistons,Miami Heat,1.0,37.17,10.0,24.0,0.417,3.0,9.0,0.333,9.0,11.0,0.818,2.0,9.0,11.0,9.0,1.0,0.0,5.0,3.0,32.0,-1.0,https://www.basketball-reference.com/boxscores/201901180DET.html,461.44,1.0,0.0,61.25
,2018-19,Blake Griffin,2019-01-19,Detroit Pistons,Sacramento Kings,1.0,37.52,12.0,23.0,0.522,1.0,4.0,0.25,13.0,15.0,0.867,3.0,3.0,6.0,3.0,3.0,0.0,5.0,4.0,38.0,-14.0,https://www.basketball-reference.com/boxscores/201901190DET.html,562.4,0.0,0.0,54.0
,2018-19,Blake Griffin,2019-01-21,Detroit Pistons,Washington Wizards,0.0,35.59,9.0,16.0,0.563,4.0,7.0,0.5710000000000001,7.0,11.0,0.636,0.0,9.0,9.0,4.0,0.0,0.0,3.0,2.0,29.0,-5.0,https://www.basketball-reference.com/boxscores/201901210WAS.html,302.18,0.0,0.0,46.75
,2018-19,Blake Griffin,2019-01-23,Detroit Pistons,New Orleans Pelicans,0.0,37.51,14.0,28.0,0.5,4.0,9.0,0.444,5.0,6.0,0.833,2.0,7.0,9.0,7.0,1.0,0.0,1.0,2.0,37.0,7.0,https://www.basketball-reference.com/boxscores/201901230NOP.html,566.84,0.0,0.0,62.25
,2018-19,Blake Griffin,2019-01-25,Detroit Pistons,Dallas Mavericks,0.0,39.52,12.0,24.0,0.5,3.0,9.0,0.333,8.0,11.0,0.727,3.0,4.0,7.0,4.0,1.0,0.0,6.0,2.0,35.0,2.0,https://www.basketball-reference.com/boxscores/201901250DAL.html,504.7,0.0,0.0,50.25
,2018-19,Blake Griffin,2019-01-29,Detroit Pistons,Milwaukee Bucks,1.0,38.48,6.0,16.0,0.375,3.0,9.0,0.333,3.0,4.0,0.75,1.0,6.0,7.0,9.0,0.0,0.0,5.0,5.0,18.0,-5.0,https://www.basketball-reference.com/boxscores/201901290DET.html,159.84,0.0,0.0,39.25
,2018-19,Blake Griffin,2019-01-31,Detroit Pistons,Dallas Mavericks,1.0,39.25,8.0,26.0,0.308,2.0,7.0,0.28600000000000003,6.0,8.0,0.75,4.0,6.0,10.0,6.0,1.0,0.0,2.0,3.0,24.0,5.0,https://www.basketball-reference.com/boxscores/201901310DET.html,354.24,1.0,0.0,48.5
,2018-19,Blake Griffin,2019-02-02,Detroit Pistons,Los Angeles Clippers,1.0,42.22,9.0,23.0,0.391,3.0,12.0,0.25,3.0,4.0,0.75,0.0,11.0,11.0,6.0,0.0,0.0,5.0,5.0,24.0,1.0,https://www.basketball-reference.com/boxscores/201902020DET.html,297.12,1.0,0.0,46.75
,2018-19,Blake Griffin,2019-02-04,Detroit Pistons,Denver Nuggets,1.0,23.27,6.0,8.0,0.75,1.0,1.0,1.0,4.0,5.0,0.8,2.0,5.0,7.0,4.0,0.0,1.0,5.0,1.0,17.0,12.0,https://www.basketball-reference.com/boxscores/201902040DET.html,86.69999999999997,0.0,0.0,31.75
,2018-19,Blake Griffin,2019-02-05,Detroit Pistons,New York Knicks,0.0,38.06,10.0,17.0,0.588,3.0,6.0,0.5,6.0,8.0,0.75,1.0,5.0,6.0,8.0,0.0,0.0,5.0,3.0,29.0,24.0,https://www.basketball-reference.com/boxscores/201902050NYK.html,297.54,0.0,0.0,47.5
,2018-19,Blake Griffin,2019-02-08,Detroit Pistons,New York Knicks,1.0,28.54,6.0,13.0,0.462,2.0,7.0,0.28600000000000003,12.0,15.0,0.8,2.0,4.0,6.0,4.0,0.0,0.0,3.0,2.0,26.0,7.0,https://www.basketball-reference.com/boxscores/201902080DET.html,254.8,0.0,0.0,39.0
,2018-19,Blake Griffin,2019-02-11,Detroit Pistons,Washington Wizards,1.0,39.55,12.0,23.0,0.522,4.0,10.0,0.4,3.0,4.0,0.75,2.0,7.0,9.0,9.0,0.0,0.0,2.0,5.0,31.0,-2.0,https://www.basketball-reference.com/boxscores/201902110DET.html,383.78,0.0,0.0,56.75
,2018-19,Blake Griffin,2019-02-13,Detroit Pistons,Boston Celtics,0.0,36.48,10.0,19.0,0.526,4.0,8.0,0.5,8.0,12.0,0.667,3.0,5.0,8.0,5.0,0.0,0.0,2.0,2.0,32.0,1.0,https://www.basketball-reference.com/boxscores/201902130BOS.html,388.48,0.0,0.0,50.5
,2018-19,Blake Griffin,2019-02-22,Detroit Pistons,Atlanta Hawks,0.0,23.02,6.0,13.0,0.462,2.0,6.0,0.333,1.0,2.0,0.5,1.0,3.0,4.0,1.0,0.0,1.0,2.0,1.0,15.0,20.0,https://www.basketball-reference.com/boxscores/201902220ATL.html,104.1,0.0,0.0,23.5
,2018-19,Blake Griffin,2019-02-23,Detroit Pistons,Miami Heat,0.0,33.22,7.0,19.0,0.368,2.0,8.0,0.25,4.0,7.0,0.5710000000000001,1.0,3.0,4.0,6.0,0.0,0.0,3.0,3.0,20.0,21.0,https://www.basketball-reference.com/boxscores/201902230MIA.html,220.8,0.0,0.0,33.5
,2018-19,Blake Griffin,2019-02-25,Detroit Pistons,Indiana Pacers,1.0,35.24,6.0,18.0,0.333,5.0,10.0,0.5,3.0,8.0,0.375,2.0,8.0,10.0,10.0,1.0,0.0,2.0,2.0,20.0,7.0,https://www.basketball-reference.com/boxscores/201902250DET.html,215.2,1.0,1.0,53.0
,2018-19,Blake Griffin,2019-02-27,Detroit Pistons,San Antonio Spurs,0.0,35.01,6.0,18.0,0.333,3.0,7.0,0.429,2.0,2.0,1.0,1.0,6.0,7.0,7.0,0.0,0.0,1.0,2.0,17.0,-14.0,https://www.basketball-reference.com/boxscores/201902270SAS.html,160.48,0.0,0.0,37.25
,2018-19,Blake Griffin,2019-03-06,Detroit Pistons,Minnesota Timberwolves,1.0,29.48,4.0,13.0,0.308,0.0,4.0,0.0,1.0,2.0,0.5,1.0,5.0,6.0,7.0,2.0,0.0,0.0,3.0,9.0,8.0,https://www.basketball-reference.com/boxscores/201903060DET.html,62.46,0.0,0.0,31.0
,2018-19,Blake Griffin,2019-03-08,Detroit Pistons,Chicago Bulls,0.0,33.06,10.0,19.0,0.526,3.0,9.0,0.333,4.0,5.0,0.8,1.0,2.0,3.0,3.0,0.0,0.0,3.0,2.0,27.0,-2.0,https://www.basketball-reference.com/boxscores/201903080CHI.html,286.2,0.0,0.0,35.25
,2018-19,Blake Griffin,2019-03-10,Detroit Pistons,Chicago Bulls,1.0,26.49,10.0,14.0,0.7140000000000001,3.0,6.0,0.5,5.0,6.0,0.833,1.0,5.0,6.0,5.0,1.0,0.0,1.0,1.0,28.0,19.0,https://www.basketball-reference.com/boxscores/201903100DET.html,232.96,0.0,0.0,46.0
,2018-19,Blake Griffin,2019-03-11,Detroit Pistons,Brooklyn Nets,0.0,25.57,1.0,10.0,0.1,1.0,5.0,0.2,7.0,8.0,0.875,2.0,5.0,7.0,6.0,1.0,0.0,4.0,2.0,10.0,-20.0,https://www.basketball-reference.com/boxscores/201903110BRK.html,67.6,0.0,0.0,28.25
,2018-19,Blake Griffin,2019-03-13,Detroit Pistons,Miami Heat,0.0,29.58,4.0,9.0,0.444,2.0,6.0,0.333,3.0,4.0,0.75,0.0,4.0,4.0,3.0,1.0,1.0,3.0,2.0,13.0,-32.0,https://www.basketball-reference.com/boxscores/201903130MIA.html,69.94,0.0,0.0,26.0
,2018-19,Blake Griffin,2019-03-15,Detroit Pistons,Los Angeles Lakers,1.0,33.55,3.0,12.0,0.25,2.0,6.0,0.333,7.0,12.0,0.583,0.0,2.0,2.0,9.0,0.0,0.0,4.0,2.0,15.0,17.0,https://www.basketball-reference.com/boxscores/201903150DET.html,129.60000000000002,0.0,0.0,30.0
,2018-19,Blake Griffin,2019-03-17,Detroit Pistons,Toronto Raptors,1.0,32.36,9.0,21.0,0.429,4.0,8.0,0.5,3.0,5.0,0.6,2.0,6.0,8.0,3.0,0.0,0.0,5.0,5.0,25.0,-2.0,https://www.basketball-reference.com/boxscores/201903170DET.html,290.0,0.0,0.0,39.0
,2018-19,Blake Griffin,2019-03-21,Detroit Pistons,Phoenix Suns,0.0,30.49,4.0,17.0,0.235,2.0,11.0,0.182,7.0,10.0,0.7,1.0,6.0,7.0,8.0,1.0,1.0,2.0,4.0,17.0,6.0,https://www.basketball-reference.com/boxscores/201903210PHO.html,181.9,0.0,0.0,41.75
,2018-19,Blake Griffin,2019-03-23,Detroit Pistons,Portland Trail Blazers,0.0,35.15,10.0,18.0,0.556,3.0,8.0,0.375,4.0,4.0,1.0,0.0,2.0,2.0,6.0,1.0,0.0,2.0,3.0,27.0,1.0,https://www.basketball-reference.com/boxscores/201903230POR.html,266.76000000000005,0.0,0.0,41.0
,2018-19,Blake Griffin,2019-03-24,Detroit Pistons,Golden State Warriors,0.0,33.03,6.0,14.0,0.429,3.0,7.0,0.429,9.0,10.0,0.9,1.0,5.0,6.0,8.0,0.0,0.0,1.0,1.0,24.0,-14.0,https://www.basketball-reference.com/boxscores/201903240GSW.html,220.8,0.0,0.0,44.5
,2018-19,Blake Griffin,2019-03-26,Detroit Pistons,Denver Nuggets,0.0,37.58,12.0,32.0,0.375,2.0,10.0,0.2,3.0,4.0,0.75,6.0,9.0,15.0,5.0,1.0,0.0,2.0,2.0,29.0,14.0,https://www.basketball-reference.com/boxscores/201903260DEN.html,489.52,1.0,0.0,58.25
,2018-19,Blake Griffin,2019-03-28,Detroit Pistons,Orlando Magic,1.0,32.43,8.0,18.0,0.444,2.0,5.0,0.4,2.0,3.0,0.667,2.0,8.0,10.0,5.0,1.0,0.0,3.0,3.0,20.0,16.0,https://www.basketball-reference.com/boxscores/201903280DET.html,193.2,1.0,0.0,42.5
,2020-21,Blake Griffin,2020-12-23,Detroit Pistons,Minnesota Timberwolves,0.0,35.0,6.0,13.0,0.462,0.0,5.0,0.0,3.0,5.0,0.6,0.0,7.0,7.0,2.0,0.0,0.0,2.0,2.0,15.0,-15.0,https://www.basketball-reference.com/boxscores/202012230MIN.html,114.0,0.0,0.0,25.75
,2020-21,Blake Griffin,2020-12-29,Detroit Pistons,Golden State Warriors,1.0,16.59,2.0,3.0,0.667,2.0,2.0,1.0,2.0,2.0,1.0,0.0,5.0,5.0,3.0,1.0,0.0,0.0,1.0,8.0,1.0,https://www.basketball-reference.com/boxscores/202012290DET.html,15.52,0.0,0.0,21.75
,2020-21,Blake Griffin,2021-01-03,Detroit Pistons,Boston Celtics,1.0,29.23,4.0,14.0,0.28600000000000003,3.0,10.0,0.3,2.0,4.0,0.5,0.0,3.0,3.0,4.0,1.0,0.0,0.0,0.0,13.0,-4.0,https://www.basketball-reference.com/boxscores/202101030DET.html,102.44,0.0,0.0,26.25
,2020-21,Blake Griffin,2021-01-06,Detroit Pistons,Milwaukee Bucks,0.0,26.11,2.0,9.0,0.222,0.0,6.0,0.0,5.0,6.0,0.833,0.0,1.0,1.0,5.0,1.0,0.0,1.0,2.0,9.0,-19.0,https://www.basketball-reference.com/boxscores/202101060MIL.html,52.38,0.0,0.0,19.25
,2020-21,Blake Griffin,2021-01-10,Detroit Pistons,Utah Jazz,1.0,32.54,4.0,12.0,0.333,1.0,7.0,0.14300000000000002,1.0,3.0,0.333,1.0,5.0,6.0,5.0,0.0,0.0,1.0,2.0,10.0,-7.0,https://www.basketball-reference.com/boxscores/202101100DET.html,66.6,0.0,0.0,25.0
,2020-21,Blake Griffin,2021-01-13,Detroit Pistons,Milwaukee Bucks,1.0,32.08,4.0,9.0,0.444,3.0,6.0,0.5,1.0,2.0,0.5,0.0,7.0,7.0,6.0,1.0,0.0,4.0,3.0,12.0,-6.0,https://www.basketball-reference.com/boxscores/202101130DET.html,59.28,0.0,0.0,31.25
,2020-21,Blake Griffin,2021-01-20,Atlanta Hawks,Detroit Pistons,1.0,39.05,5.0,10.0,0.5,2.0,4.0,0.5,5.0,5.0,1.0,0.0,7.0,7.0,4.0,1.0,0.0,1.0,3.0,17.0,-13.0,https://www.basketball-reference.com/boxscores/202101200ATL.html,103.7,0.0,0.0,34.25
,2020-21,Blake Griffin,2021-01-22,Detroit Pistons,Houston Rockets,1.0,28.41,2.0,8.0,0.25,2.0,4.0,0.5,1.0,2.0,0.5,1.0,9.0,10.0,3.0,0.0,0.0,3.0,2.0,7.0,-14.0,https://www.basketball-reference.com/boxscores/202101220DET.html,31.08,0.0,0.0,23.5
,2020-21,Blake Griffin,2021-01-25,Detroit Pistons,Philadelphia 76ers,1.0,24.47,2.0,8.0,0.25,1.0,4.0,0.25,2.0,5.0,0.4,0.0,4.0,4.0,2.0,1.0,1.0,3.0,4.0,7.0,10.0,https://www.basketball-reference.com/boxscores/202101250DET.html,35.7,0.0,0.0,18.0
,2020-21,Blake Griffin,2021-01-28,Detroit Pistons,Los Angeles Lakers,1.0,35.21,8.0,16.0,0.5,5.0,10.0,0.5,2.0,2.0,1.0,0.0,3.0,3.0,6.0,0.0,0.0,0.0,3.0,23.0,24.0,https://www.basketball-reference.com/boxscores/202101280DET.html,194.12,0.0,0.0,38.25
,2020-21,Blake Griffin,2021-01-30,Detroit Pistons,Golden State Warriors,0.0,21.26,1.0,8.0,0.125,1.0,3.0,0.333,2.0,2.0,1.0,1.0,2.0,3.0,2.0,0.0,0.0,2.0,2.0,5.0,-28.0,https://www.basketball-reference.com/boxscores/202101300GSW.html,22.200000000000006,0.0,0.0,11.25
,2020-21,Blake Griffin,2021-02-02,Detroit Pistons,Utah Jazz,0.0,29.24,4.0,13.0,0.308,1.0,6.0,0.16699999999999998,2.0,3.0,0.667,0.0,3.0,3.0,2.0,1.0,0.0,3.0,0.0,11.0,-16.0,https://www.basketball-reference.com/boxscores/202102020UTA.html,78.76,0.0,0.0,18.75
,2020-21,Blake Griffin,2021-02-05,Detroit Pistons,Phoenix Suns,0.0,23.49,2.0,9.0,0.222,0.0,5.0,0.0,5.0,7.0,0.7140000000000001,0.0,3.0,3.0,1.0,0.0,0.0,0.0,3.0,9.0,-6.0,https://www.basketball-reference.com/boxscores/202102050PHO.html,54.36,0.0,0.0,14.25
,2020-21,Blake Griffin,2021-02-09,Detroit Pistons,Brooklyn Nets,1.0,31.11,4.0,11.0,0.364,1.0,5.0,0.2,0.0,1.0,0.0,0.0,5.0,5.0,2.0,3.0,0.0,1.0,3.0,9.0,3.0,https://www.basketball-reference.com/boxscores/202102090DET.html,51.48,0.0,0.0,24.25
,2020-21,Blake Griffin,2021-02-11,Detroit Pistons,Indiana Pacers,1.0,33.17,5.0,13.0,0.385,1.0,6.0,0.16699999999999998,5.0,5.0,1.0,1.0,2.0,3.0,6.0,0.0,0.0,1.0,2.0,16.0,-17.0,https://www.basketball-reference.com/boxscores/202102110DET.html,121.6,0.0,0.0,28.75
,2020-21,Blake Griffin,2021-02-12,Detroit Pistons,Boston Celtics,0.0,35.08,4.0,11.0,0.364,3.0,6.0,0.5,1.0,2.0,0.5,0.0,4.0,4.0,6.0,0.0,0.0,1.0,4.0,12.0,4.0,https://www.basketball-reference.com/boxscores/202102120BOS.html,71.28,0.0,0.0,27.0
,2020-21,Blake Griffin,2021-03-23,Brooklyn Nets,Portland Trail Blazers,0.0,19.24,3.0,4.0,0.75,1.0,2.0,0.5,1.0,2.0,0.5,1.0,4.0,5.0,0.0,2.0,0.0,1.0,1.0,8.0,9.0,https://www.basketball-reference.com/boxscores/202103230POR.html,19.52,0.0,0.0,18.25
,2020-21,Blake Griffin,2021-03-26,Brooklyn Nets,Detroit Pistons,0.0,20.11,5.0,8.0,0.625,2.0,2.0,1.0,5.0,6.0,0.833,1.0,2.0,3.0,2.0,1.0,0.0,1.0,5.0,17.0,5.0,https://www.basketball-reference.com/boxscores/202103260DET.html,90.44,0.0,0.0,26.25
,2020-21,Blake Griffin,2021-03-29,Brooklyn Nets,Minnesota Timberwolves,1.0,18.36,2.0,4.0,0.5,0.0,2.0,0.0,1.0,3.0,0.333,1.0,5.0,6.0,5.0,0.0,0.0,1.0,4.0,5.0,13.0,https://www.basketball-reference.com/boxscores/202103290BRK.html,13.3,0.0,0.0,19.5
,2020-21,Blake Griffin,2021-03-31,Brooklyn Nets,Houston Rockets,1.0,21.41,4.0,5.0,0.8,2.0,3.0,0.667,1.0,1.0,1.0,1.0,5.0,6.0,4.0,2.0,1.0,1.0,1.0,11.0,23.0,https://www.basketball-reference.com/boxscores/202103310BRK.html,29.92,0.0,0.0,31.0
