Player,Date,Team,Against,Home,MP,FG,FGA,FG%,3P,3PA,3P%,FT,FTA,FT%,ORB,DRB,TRB,AST,STL,BLK,TOV,PF,PTS,+/-,GameLink,season
Brent Barry,2006-12-02,San Antonio Spurs,Sacramento Kings,1,17.29,0.0,6.0,0.0,0.0,4.0,0.0,2.0,2.0,1.0,0.0,4.0,4.0,0.0,1.0,1.0,1.0,1.0,2.0,-2.0,https://www.basketball-reference.com/boxscores/200612020SAS.html,2006-07
Brent Barry,2006-12-04,San Antonio Spurs,Golden State Warriors,1,19.03,6.0,8.0,0.75,4.0,6.0,0.667,2.0,2.0,1.0,0.0,1.0,1.0,2.0,0.0,0.0,1.0,0.0,18.0,17.0,https://www.basketball-reference.com/boxscores/200612040SAS.html,2006-07
Brent Barry,2006-12-06,San Antonio Spurs,Charlotte Bobcats,0,22.14,4.0,6.0,0.667,2.0,4.0,0.5,0.0,0.0,,0.0,0.0,0.0,2.0,1.0,1.0,0.0,1.0,10.0,18.0,https://www.basketball-reference.com/boxscores/200612060CHA.html,2006-07
Brent Barry,2006-12-08,San Antonio Spurs,Los Angeles Clippers,1,24.22,5.0,6.0,0.833,3.0,4.0,0.75,3.0,3.0,1.0,0.0,3.0,3.0,0.0,0.0,0.0,0.0,0.0,16.0,9.0,https://www.basketball-reference.com/boxscores/200612080SAS.html,2006-07
Brent Barry,2006-12-10,San Antonio Spurs,Los Angeles Lakers,0,18.0,2.0,3.0,0.667,2.0,2.0,1.0,0.0,0.0,,0.0,1.0,1.0,3.0,1.0,0.0,0.0,1.0,6.0,0.0,https://www.basketball-reference.com/boxscores/200612100LAL.html,2006-07
Brent Barry,2006-12-11,San Antonio Spurs,Los Angeles Clippers,0,23.02,8.0,10.0,0.8,5.0,6.0,0.833,3.0,3.0,1.0,0.0,4.0,4.0,0.0,2.0,0.0,1.0,2.0,24.0,3.0,https://www.basketball-reference.com/boxscores/200612110LAC.html,2006-07
Brent Barry,2006-12-13,San Antonio Spurs,Minnesota Timberwolves,1,19.03,2.0,4.0,0.5,1.0,3.0,0.333,2.0,3.0,0.667,0.0,0.0,0.0,0.0,1.0,0.0,1.0,0.0,7.0,-1.0,https://www.basketball-reference.com/boxscores/200612130SAS.html,2006-07
Brent Barry,2006-12-14,San Antonio Spurs,New Orleans/Oklahoma City Hornets,0,15.47,2.0,6.0,0.333,0.0,3.0,0.0,1.0,1.0,1.0,0.0,1.0,1.0,1.0,0.0,0.0,2.0,0.0,5.0,10.0,https://www.basketball-reference.com/boxscores/200612140NOK.html,2006-07
Brent Barry,2006-12-16,San Antonio Spurs,Philadelphia 76ers,1,21.07,1.0,2.0,0.5,0.0,1.0,0.0,4.0,4.0,1.0,0.0,1.0,1.0,0.0,1.0,0.0,1.0,3.0,6.0,-3.0,https://www.basketball-reference.com/boxscores/200612160SAS.html,2006-07
Brent Barry,2006-12-20,San Antonio Spurs,Memphis Grizzlies,1,14.44,1.0,2.0,0.5,0.0,1.0,0.0,3.0,3.0,1.0,0.0,0.0,0.0,4.0,1.0,0.0,0.0,0.0,5.0,1.0,https://www.basketball-reference.com/boxscores/200612200SAS.html,2006-07
Brent Barry,2006-12-22,San Antonio Spurs,Houston Rockets,1,28.11,0.0,1.0,0.0,0.0,1.0,0.0,1.0,1.0,1.0,0.0,1.0,1.0,4.0,1.0,0.0,1.0,3.0,1.0,-12.0,https://www.basketball-reference.com/boxscores/200612220SAS.html,2006-07
Brent Barry,2006-12-23,San Antonio Spurs,New Orleans/Oklahoma City Hornets,0,13.35,2.0,4.0,0.5,2.0,4.0,0.5,0.0,0.0,,1.0,0.0,1.0,2.0,0.0,0.0,1.0,0.0,6.0,3.0,https://www.basketball-reference.com/boxscores/200612230NOK.html,2006-07
Brent Barry,2006-12-28,San Antonio Spurs,Utah Jazz,1,22.02,1.0,3.0,0.333,0.0,1.0,0.0,5.0,5.0,1.0,0.0,3.0,3.0,2.0,0.0,1.0,0.0,2.0,7.0,16.0,https://www.basketball-reference.com/boxscores/200612280SAS.html,2006-07
Brent Barry,2006-12-31,San Antonio Spurs,Atlanta Hawks,1,28.18,3.0,8.0,0.375,2.0,4.0,0.5,4.0,4.0,1.0,0.0,5.0,5.0,1.0,2.0,0.0,0.0,0.0,12.0,9.0,https://www.basketball-reference.com/boxscores/200612310SAS.html,2006-07
Brent Barry,2007-01-02,San Antonio Spurs,Cleveland Cavaliers,0,24.23,1.0,4.0,0.25,1.0,3.0,0.333,1.0,1.0,1.0,0.0,3.0,3.0,3.0,1.0,0.0,2.0,4.0,4.0,-4.0,https://www.basketball-reference.com/boxscores/200701020CLE.html,2006-07
Brent Barry,2007-01-03,Minnesota Timberwolves,San Antonio Spurs,1,13.25,0.0,2.0,0.0,0.0,2.0,0.0,2.0,2.0,1.0,0.0,1.0,1.0,1.0,1.0,1.0,1.0,2.0,2.0,-8.0,https://www.basketball-reference.com/boxscores/200701030MIN.html,2006-07
Brent Barry,2007-01-05,San Antonio Spurs,Dallas Mavericks,1,19.43,0.0,5.0,0.0,0.0,1.0,0.0,2.0,2.0,1.0,0.0,1.0,1.0,1.0,0.0,0.0,0.0,2.0,2.0,-4.0,https://www.basketball-reference.com/boxscores/200701050SAS.html,2006-07
Brent Barry,2007-01-07,San Antonio Spurs,Memphis Grizzlies,0,11.1,1.0,4.0,0.25,1.0,3.0,0.333,0.0,0.0,,0.0,2.0,2.0,1.0,1.0,0.0,0.0,0.0,3.0,-8.0,https://www.basketball-reference.com/boxscores/200701070MEM.html,2006-07
Brent Barry,2007-01-09,San Antonio Spurs,Portland Trail Blazers,1,25.46,4.0,8.0,0.5,3.0,5.0,0.6,2.0,3.0,0.667,2.0,2.0,4.0,3.0,1.0,0.0,4.0,2.0,13.0,9.0,https://www.basketball-reference.com/boxscores/200701090SAS.html,2006-07
Brent Barry,2007-01-10,San Antonio Spurs,Denver Nuggets,0,17.59,2.0,4.0,0.5,2.0,3.0,0.667,0.0,0.0,,0.0,2.0,2.0,0.0,0.0,0.0,0.0,0.0,6.0,-2.0,https://www.basketball-reference.com/boxscores/200701100DEN.html,2006-07
Brent Barry,2007-01-13,San Antonio Spurs,Washington Wizards,1,16.21,3.0,6.0,0.5,1.0,3.0,0.333,2.0,2.0,1.0,0.0,3.0,3.0,1.0,0.0,1.0,2.0,0.0,9.0,-4.0,https://www.basketball-reference.com/boxscores/200701130SAS.html,2006-07
Brent Barry,2007-01-15,San Antonio Spurs,Chicago Bulls,0,17.38,0.0,2.0,0.0,0.0,2.0,0.0,0.0,0.0,,0.0,0.0,0.0,1.0,0.0,0.0,1.0,0.0,0.0,-9.0,https://www.basketball-reference.com/boxscores/200701150CHI.html,2006-07
Brent Barry,2007-01-17,San Antonio Spurs,Los Angeles Lakers,1,29.49,5.0,9.0,0.556,3.0,7.0,0.429,0.0,1.0,0.0,0.0,2.0,2.0,1.0,0.0,0.0,1.0,2.0,13.0,15.0,https://www.basketball-reference.com/boxscores/200701170SAS.html,2006-07
Brent Barry,2007-01-19,San Antonio Spurs,New Orleans/Oklahoma City Hornets,1,15.5,1.0,5.0,0.2,1.0,4.0,0.25,4.0,6.0,0.667,1.0,3.0,4.0,2.0,2.0,0.0,3.0,1.0,7.0,8.0,https://www.basketball-reference.com/boxscores/200701190SAS.html,2006-07
Brent Barry,2007-01-21,San Antonio Spurs,Philadelphia 76ers,0,22.11,8.0,11.0,0.727,5.0,8.0,0.625,2.0,3.0,0.667,0.0,1.0,1.0,2.0,0.0,0.0,0.0,2.0,23.0,6.0,https://www.basketball-reference.com/boxscores/200701210PHI.html,2006-07
Brent Barry,2007-01-22,San Antonio Spurs,Boston Celtics,0,21.39,2.0,4.0,0.5,2.0,4.0,0.5,1.0,2.0,0.5,0.0,2.0,2.0,3.0,2.0,0.0,0.0,1.0,7.0,0.0,https://www.basketball-reference.com/boxscores/200701220BOS.html,2006-07
Brent Barry,2007-01-24,San Antonio Spurs,Houston Rockets,1,25.16,3.0,6.0,0.5,1.0,3.0,0.333,1.0,2.0,0.5,0.0,4.0,4.0,6.0,1.0,0.0,2.0,2.0,8.0,-14.0,https://www.basketball-reference.com/boxscores/200701240SAS.html,2006-07
Brent Barry,2007-01-26,San Antonio Spurs,Memphis Grizzlies,1,25.33,5.0,8.0,0.625,2.0,5.0,0.4,1.0,1.0,1.0,0.0,1.0,1.0,2.0,1.0,0.0,0.0,0.0,13.0,19.0,https://www.basketball-reference.com/boxscores/200701260SAS.html,2006-07
Brent Barry,2007-01-28,Los Angeles Lakers,San Antonio Spurs,1,18.59,0.0,4.0,0.0,0.0,3.0,0.0,1.0,1.0,1.0,0.0,1.0,1.0,1.0,1.0,0.0,1.0,1.0,1.0,9.0,https://www.basketball-reference.com/boxscores/200701280LAL.html,2006-07
Brent Barry,2007-01-31,San Antonio Spurs,Utah Jazz,0,23.55,3.0,7.0,0.429,3.0,6.0,0.5,0.0,0.0,,0.0,0.0,0.0,1.0,1.0,0.0,0.0,1.0,9.0,-6.0,https://www.basketball-reference.com/boxscores/200701310UTA.html,2006-07
Brent Barry,2007-02-01,San Antonio Spurs,Phoenix Suns,0,30.22,3.0,6.0,0.5,2.0,5.0,0.4,2.0,2.0,1.0,0.0,3.0,3.0,2.0,3.0,0.0,3.0,1.0,10.0,-1.0,https://www.basketball-reference.com/boxscores/200702010PHO.html,2006-07
Brent Barry,2007-02-07,San Antonio Spurs,Washington Wizards,0,26.18,4.0,6.0,0.667,2.0,4.0,0.5,0.0,0.0,,0.0,5.0,5.0,5.0,0.0,1.0,2.0,1.0,10.0,19.0,https://www.basketball-reference.com/boxscores/200702070WAS.html,2006-07
Brent Barry,2007-02-09,San Antonio Spurs,Orlando Magic,0,33.4,8.0,12.0,0.667,4.0,6.0,0.667,1.0,1.0,1.0,0.0,0.0,0.0,2.0,2.0,0.0,0.0,1.0,21.0,-7.0,https://www.basketball-reference.com/boxscores/200702090ORL.html,2006-07
Brent Barry,2007-02-11,San Antonio Spurs,Miami Heat,0,18.1,4.0,7.0,0.5710000000000001,3.0,6.0,0.5,0.0,0.0,,0.0,0.0,0.0,0.0,2.0,0.0,4.0,1.0,11.0,-10.0,https://www.basketball-reference.com/boxscores/200702110MIA.html,2006-07
Brent Barry,2007-02-13,San Antonio Spurs,New Jersey Nets,0,27.54,3.0,8.0,0.375,1.0,5.0,0.2,0.0,0.0,,0.0,5.0,5.0,2.0,1.0,1.0,2.0,1.0,7.0,-8.0,https://www.basketball-reference.com/boxscores/200702130NJN.html,2006-07
Brent Barry,2007-02-14,San Antonio Spurs,Detroit Pistons,0,18.45,0.0,2.0,0.0,0.0,0.0,,2.0,2.0,1.0,0.0,0.0,0.0,0.0,1.0,0.0,0.0,1.0,2.0,1.0,https://www.basketball-reference.com/boxscores/200702140DET.html,2006-07
Brent Barry,2007-02-20,San Antonio Spurs,Denver Nuggets,1,25.18,3.0,9.0,0.333,1.0,6.0,0.16699999999999998,0.0,0.0,,1.0,2.0,3.0,1.0,1.0,0.0,1.0,0.0,7.0,-10.0,https://www.basketball-reference.com/boxscores/200702200SAS.html,2006-07
Brent Barry,2007-02-21,San Antonio Spurs,Atlanta Hawks,0,31.59,5.0,11.0,0.455,2.0,4.0,0.5,6.0,7.0,0.857,0.0,2.0,2.0,0.0,1.0,0.0,0.0,1.0,18.0,4.0,https://www.basketball-reference.com/boxscores/200702210ATL.html,2006-07
Brent Barry,2007-02-24,San Antonio Spurs,Seattle SuperSonics,1,16.35,3.0,5.0,0.6,1.0,3.0,0.333,2.0,2.0,1.0,0.0,1.0,1.0,3.0,2.0,0.0,0.0,0.0,9.0,9.0,https://www.basketball-reference.com/boxscores/200702240SAS.html,2006-07
Brent Barry,2007-02-26,San Antonio Spurs,Toronto Raptors,1,16.39,1.0,3.0,0.333,1.0,2.0,0.5,0.0,0.0,,0.0,2.0,2.0,0.0,0.0,0.0,1.0,1.0,3.0,6.0,https://www.basketball-reference.com/boxscores/200702260SAS.html,2006-07
Brent Barry,2007-03-02,San Antonio Spurs,Orlando Magic,1,22.52,3.0,6.0,0.5,2.0,4.0,0.5,0.0,0.0,,0.0,2.0,2.0,2.0,0.0,0.0,0.0,2.0,8.0,2.0,https://www.basketball-reference.com/boxscores/200703020SAS.html,2006-07
Brent Barry,2007-03-03,San Antonio Spurs,Houston Rockets,0,16.14,1.0,3.0,0.333,1.0,3.0,0.333,2.0,2.0,1.0,0.0,2.0,2.0,3.0,1.0,0.0,1.0,1.0,5.0,21.0,https://www.basketball-reference.com/boxscores/200703030HOU.html,2006-07
Brent Barry,2007-03-05,San Antonio Spurs,Los Angeles Clippers,0,23.03,4.0,8.0,0.5,1.0,4.0,0.25,2.0,2.0,1.0,1.0,2.0,3.0,3.0,1.0,0.0,0.0,0.0,11.0,1.0,https://www.basketball-reference.com/boxscores/200703050LAC.html,2006-07
Brent Barry,2007-03-06,San Antonio Spurs,Portland Trail Blazers,0,21.06,3.0,5.0,0.6,1.0,3.0,0.333,1.0,1.0,1.0,0.0,2.0,2.0,2.0,0.0,0.0,1.0,0.0,8.0,-6.0,https://www.basketball-reference.com/boxscores/200703060POR.html,2006-07
Brent Barry,2007-03-08,San Antonio Spurs,Sacramento Kings,0,15.59,1.0,4.0,0.25,1.0,3.0,0.333,0.0,0.0,,0.0,0.0,0.0,3.0,1.0,1.0,0.0,0.0,3.0,-1.0,https://www.basketball-reference.com/boxscores/200703080SAC.html,2006-07
Brent Barry,2007-03-10,San Antonio Spurs,New Jersey Nets,1,31.17,4.0,6.0,0.667,3.0,5.0,0.6,0.0,0.0,,0.0,7.0,7.0,2.0,2.0,0.0,0.0,1.0,11.0,16.0,https://www.basketball-reference.com/boxscores/200703100SAS.html,2006-07
Brent Barry,2007-03-13,San Antonio Spurs,Los Angeles Clippers,1,22.18,0.0,2.0,0.0,0.0,1.0,0.0,0.0,0.0,,0.0,1.0,1.0,1.0,1.0,0.0,0.0,0.0,0.0,5.0,https://www.basketball-reference.com/boxscores/200703130SAS.html,2006-07
Brent Barry,2007-03-15,San Antonio Spurs,Milwaukee Bucks,0,29.32,7.0,11.0,0.636,4.0,8.0,0.5,2.0,2.0,1.0,0.0,0.0,0.0,1.0,1.0,0.0,0.0,1.0,20.0,4.0,https://www.basketball-reference.com/boxscores/200703150MIL.html,2006-07
Brent Barry,2007-03-17,San Antonio Spurs,Boston Celtics,1,14.12,1.0,4.0,0.25,0.0,2.0,0.0,1.0,1.0,1.0,0.0,0.0,0.0,1.0,0.0,0.0,0.0,1.0,3.0,-4.0,https://www.basketball-reference.com/boxscores/200703170SAS.html,2006-07
Brent Barry,2007-03-21,San Antonio Spurs,Indiana Pacers,1,19.07,3.0,3.0,1.0,2.0,2.0,1.0,1.0,1.0,1.0,0.0,3.0,3.0,4.0,0.0,0.0,0.0,1.0,9.0,8.0,https://www.basketball-reference.com/boxscores/200703210SAS.html,2006-07
Brent Barry,2007-03-23,San Antonio Spurs,Detroit Pistons,1,31.44,5.0,10.0,0.5,4.0,5.0,0.8,2.0,2.0,1.0,1.0,2.0,3.0,1.0,2.0,0.0,3.0,1.0,16.0,17.0,https://www.basketball-reference.com/boxscores/200703230SAS.html,2006-07
Brent Barry,2007-03-25,San Antonio Spurs,Seattle SuperSonics,0,23.18,2.0,8.0,0.25,2.0,7.0,0.28600000000000003,1.0,1.0,1.0,0.0,0.0,0.0,2.0,0.0,1.0,0.0,0.0,7.0,26.0,https://www.basketball-reference.com/boxscores/200703250SEA.html,2006-07
Brent Barry,2007-03-26,San Antonio Spurs,Golden State Warriors,0,18.03,3.0,4.0,0.75,2.0,3.0,0.667,2.0,3.0,0.667,1.0,1.0,2.0,4.0,1.0,0.0,2.0,4.0,10.0,8.0,https://www.basketball-reference.com/boxscores/200703260GSW.html,2006-07
Brent Barry,2007-03-28,San Antonio Spurs,New Orleans/Oklahoma City Hornets,1,27.4,5.0,10.0,0.5,5.0,8.0,0.625,0.0,0.0,,0.0,4.0,4.0,1.0,0.0,0.0,0.0,1.0,15.0,-1.0,https://www.basketball-reference.com/boxscores/200703280SAS.html,2006-07
Brent Barry,2007-03-30,San Antonio Spurs,Utah Jazz,1,12.58,0.0,4.0,0.0,0.0,3.0,0.0,0.0,0.0,,0.0,1.0,1.0,0.0,0.0,0.0,1.0,3.0,0.0,-11.0,https://www.basketball-reference.com/boxscores/200703300SAS.html,2006-07
Brent Barry,2002-12-01,Seattle SuperSonics,New Jersey Nets,1,34.19,5.0,9.0,0.556,2.0,4.0,0.5,2.0,2.0,1.0,1.0,2.0,3.0,3.0,2.0,1.0,5.0,1.0,14.0,-3.0,https://www.basketball-reference.com/boxscores/200212010SEA.html,2002-03
Brent Barry,2002-12-07,Seattle SuperSonics,Miami Heat,1,29.28,4.0,10.0,0.4,2.0,3.0,0.667,1.0,1.0,1.0,1.0,3.0,4.0,5.0,2.0,1.0,1.0,3.0,11.0,11.0,https://www.basketball-reference.com/boxscores/200212070SEA.html,2002-03
Brent Barry,2002-12-10,Seattle SuperSonics,New York Knicks,0,36.32,3.0,7.0,0.429,1.0,3.0,0.333,5.0,5.0,1.0,0.0,5.0,5.0,6.0,3.0,0.0,4.0,2.0,12.0,-16.0,https://www.basketball-reference.com/boxscores/200212100NYK.html,2002-03
Brent Barry,2002-12-11,Seattle SuperSonics,Philadelphia 76ers,0,31.12,8.0,12.0,0.667,2.0,4.0,0.5,0.0,0.0,,2.0,3.0,5.0,2.0,1.0,0.0,1.0,3.0,18.0,-2.0,https://www.basketball-reference.com/boxscores/200212110PHI.html,2002-03
Brent Barry,2002-12-13,Seattle SuperSonics,Toronto Raptors,0,33.54,3.0,8.0,0.375,1.0,4.0,0.25,0.0,2.0,0.0,1.0,5.0,6.0,8.0,0.0,0.0,0.0,3.0,7.0,10.0,https://www.basketball-reference.com/boxscores/200212130TOR.html,2002-03
Brent Barry,2002-12-14,Seattle SuperSonics,Detroit Pistons,0,29.23,3.0,8.0,0.375,1.0,3.0,0.333,2.0,4.0,0.5,0.0,2.0,2.0,4.0,2.0,0.0,1.0,4.0,9.0,-6.0,https://www.basketball-reference.com/boxscores/200212140DET.html,2002-03
Brent Barry,2002-12-16,Seattle SuperSonics,Cleveland Cavaliers,0,17.56,1.0,3.0,0.333,0.0,2.0,0.0,1.0,2.0,0.5,0.0,1.0,1.0,5.0,0.0,2.0,4.0,4.0,3.0,5.0,https://www.basketball-reference.com/boxscores/200212160CLE.html,2002-03
Brent Barry,2002-12-18,Seattle SuperSonics,San Antonio Spurs,1,26.27,5.0,9.0,0.556,0.0,2.0,0.0,2.0,2.0,1.0,1.0,2.0,3.0,2.0,2.0,0.0,2.0,3.0,12.0,0.0,https://www.basketball-reference.com/boxscores/200212180SEA.html,2002-03
Brent Barry,2002-12-21,Seattle SuperSonics,Portland Trail Blazers,0,35.22,5.0,7.0,0.7140000000000001,2.0,4.0,0.5,1.0,1.0,1.0,0.0,7.0,7.0,9.0,1.0,0.0,3.0,1.0,13.0,11.0,https://www.basketball-reference.com/boxscores/200212210POR.html,2002-03
Brent Barry,2002-12-23,Seattle SuperSonics,Phoenix Suns,0,20.27,1.0,5.0,0.2,1.0,3.0,0.333,0.0,0.0,,0.0,1.0,1.0,5.0,1.0,0.0,3.0,1.0,3.0,-10.0,https://www.basketball-reference.com/boxscores/200212230PHO.html,2002-03
Brent Barry,2002-12-26,Seattle SuperSonics,Toronto Raptors,1,20.52,0.0,4.0,0.0,0.0,4.0,0.0,0.0,0.0,,1.0,6.0,7.0,7.0,0.0,0.0,2.0,4.0,0.0,18.0,https://www.basketball-reference.com/boxscores/200212260SEA.html,2002-03
Brent Barry,2002-12-30,Seattle SuperSonics,Denver Nuggets,0,22.48,0.0,3.0,0.0,0.0,2.0,0.0,0.0,0.0,,1.0,3.0,4.0,1.0,0.0,0.0,0.0,1.0,0.0,-8.0,https://www.basketball-reference.com/boxscores/200212300DEN.html,2002-03
Brent Barry,2003-01-03,Seattle SuperSonics,Denver Nuggets,1,,,,,,,,,,,,,,,,,,,,,https://www.basketball-reference.com/boxscores/200301030SEA.html,2002-03
Brent Barry,2003-01-07,Seattle SuperSonics,Los Angeles Lakers,0,,,,,,,,,,,,,,,,,,,,,https://www.basketball-reference.com/boxscores/200301070LAL.html,2002-03
Brent Barry,2003-01-10,Seattle SuperSonics,Los Angeles Clippers,1,26.38,1.0,5.0,0.2,0.0,3.0,0.0,1.0,2.0,0.5,0.0,4.0,4.0,3.0,2.0,0.0,1.0,2.0,3.0,1.0,https://www.basketball-reference.com/boxscores/200301100SEA.html,2002-03
Brent Barry,2003-01-12,Seattle SuperSonics,Cleveland Cavaliers,1,30.02,1.0,7.0,0.14300000000000002,1.0,3.0,0.333,2.0,2.0,1.0,0.0,3.0,3.0,2.0,3.0,1.0,4.0,4.0,5.0,-3.0,https://www.basketball-reference.com/boxscores/200301120SEA.html,2002-03
Brent Barry,2003-01-16,Seattle SuperSonics,Utah Jazz,0,36.12,3.0,9.0,0.333,1.0,6.0,0.16699999999999998,4.0,4.0,1.0,1.0,1.0,2.0,4.0,0.0,0.0,2.0,4.0,11.0,-1.0,https://www.basketball-reference.com/boxscores/200301160UTA.html,2002-03
Brent Barry,2003-01-19,Seattle SuperSonics,Dallas Mavericks,1,36.45,5.0,7.0,0.7140000000000001,3.0,5.0,0.6,0.0,0.0,,0.0,2.0,2.0,6.0,2.0,0.0,2.0,4.0,13.0,23.0,https://www.basketball-reference.com/boxscores/200301190SEA.html,2002-03
Brent Barry,2003-01-22,Seattle SuperSonics,Minnesota Timberwolves,0,29.01,4.0,6.0,0.667,2.0,4.0,0.5,1.0,1.0,1.0,0.0,2.0,2.0,3.0,0.0,0.0,1.0,2.0,11.0,-3.0,https://www.basketball-reference.com/boxscores/200301220MIN.html,2002-03
Brent Barry,2003-01-24,Seattle SuperSonics,Indiana Pacers,0,19.33,1.0,4.0,0.25,1.0,3.0,0.333,1.0,2.0,0.5,1.0,2.0,3.0,3.0,0.0,0.0,2.0,4.0,4.0,-13.0,https://www.basketball-reference.com/boxscores/200301240IND.html,2002-03
Brent Barry,2003-01-25,Seattle SuperSonics,Memphis Grizzlies,0,,,,,,,,,,,,,,,,,,,,,https://www.basketball-reference.com/boxscores/200301250MEM.html,2002-03
Brent Barry,2003-01-28,Seattle SuperSonics,Golden State Warriors,1,,,,,,,,,,,,,,,,,,,,,https://www.basketball-reference.com/boxscores/200301280SEA.html,2002-03
Brent Barry,2003-02-01,Seattle SuperSonics,Chicago Bulls,1,,,,,,,,,,,,,,,,,,,,,https://www.basketball-reference.com/boxscores/200302010SEA.html,2002-03
Brent Barry,2003-02-03,New Jersey Nets,Seattle SuperSonics,1,19.51,1.0,3.0,0.333,1.0,2.0,0.5,0.0,0.0,,0.0,1.0,1.0,2.0,3.0,0.0,0.0,3.0,3.0,-7.0,https://www.basketball-reference.com/boxscores/200302030NJN.html,2002-03
Brent Barry,2003-02-05,Seattle SuperSonics,Boston Celtics,0,26.09,2.0,6.0,0.333,1.0,4.0,0.25,0.0,0.0,,0.0,2.0,2.0,2.0,1.0,0.0,1.0,1.0,5.0,-25.0,https://www.basketball-reference.com/boxscores/200302050BOS.html,2002-03
Brent Barry,2003-02-06,Seattle SuperSonics,Milwaukee Bucks,0,24.06,4.0,5.0,0.8,3.0,4.0,0.75,2.0,4.0,0.5,1.0,1.0,2.0,3.0,2.0,0.0,3.0,0.0,13.0,-8.0,https://www.basketball-reference.com/boxscores/200302060MIL.html,2002-03
Brent Barry,2003-02-11,Seattle SuperSonics,Boston Celtics,1,31.57,0.0,4.0,0.0,0.0,3.0,0.0,0.0,0.0,,2.0,3.0,5.0,4.0,1.0,0.0,1.0,4.0,0.0,-6.0,https://www.basketball-reference.com/boxscores/200302110SEA.html,2002-03
Brent Barry,2003-02-14,Seattle SuperSonics,Sacramento Kings,0,21.2,2.0,4.0,0.5,1.0,2.0,0.5,0.0,0.0,,0.0,0.0,0.0,7.0,2.0,1.0,2.0,0.0,5.0,-11.0,https://www.basketball-reference.com/boxscores/200302140SAC.html,2002-03
Brent Barry,2003-02-15,Seattle SuperSonics,Portland Trail Blazers,0,38.27,2.0,6.0,0.333,2.0,6.0,0.333,0.0,0.0,,1.0,7.0,8.0,13.0,0.0,1.0,1.0,0.0,6.0,-5.0,https://www.basketball-reference.com/boxscores/200302150POR.html,2002-03
Brent Barry,2003-02-19,Seattle SuperSonics,New York Knicks,1,24.0,3.0,5.0,0.6,0.0,2.0,0.0,0.0,1.0,0.0,0.0,4.0,4.0,2.0,1.0,0.0,2.0,6.0,6.0,0.0,https://www.basketball-reference.com/boxscores/200302190SEA.html,2002-03
Brent Barry,2003-02-21,Seattle SuperSonics,Milwaukee Bucks,1,37.29,6.0,7.0,0.857,2.0,3.0,0.667,2.0,2.0,1.0,1.0,4.0,5.0,16.0,0.0,0.0,3.0,1.0,16.0,21.0,https://www.basketball-reference.com/boxscores/200302210SEA.html,2002-03
Brent Barry,2003-02-23,Seattle SuperSonics,Los Angeles Lakers,0,40.59,3.0,6.0,0.5,2.0,4.0,0.5,4.0,5.0,0.8,0.0,1.0,1.0,3.0,1.0,0.0,5.0,4.0,12.0,3.0,https://www.basketball-reference.com/boxscores/200302230LAL.html,2002-03
Brent Barry,2003-02-24,Seattle SuperSonics,Detroit Pistons,1,35.06,1.0,6.0,0.16699999999999998,0.0,2.0,0.0,2.0,4.0,0.5,0.0,3.0,3.0,3.0,2.0,0.0,1.0,2.0,4.0,3.0,https://www.basketball-reference.com/boxscores/200302240SEA.html,2002-03
Brent Barry,2003-02-26,Seattle SuperSonics,Atlanta Hawks,1,27.54,2.0,6.0,0.333,1.0,4.0,0.25,2.0,2.0,1.0,0.0,3.0,3.0,3.0,3.0,2.0,1.0,2.0,7.0,0.0,https://www.basketball-reference.com/boxscores/200302260SEA.html,2002-03
Brent Barry,2003-02-28,Seattle SuperSonics,Los Angeles Lakers,1,37.4,3.0,8.0,0.375,2.0,5.0,0.4,2.0,2.0,1.0,2.0,5.0,7.0,6.0,1.0,0.0,2.0,4.0,10.0,8.0,https://www.basketball-reference.com/boxscores/200302280SEA.html,2002-03
Brent Barry,2003-03-01,Seattle SuperSonics,Los Angeles Clippers,0,36.04,5.0,10.0,0.5,2.0,7.0,0.28600000000000003,0.0,0.0,,1.0,5.0,6.0,6.0,2.0,0.0,4.0,2.0,12.0,3.0,https://www.basketball-reference.com/boxscores/200303010LAC.html,2002-03
Brent Barry,2003-03-04,Seattle SuperSonics,Minnesota Timberwolves,1,39.06,7.0,11.0,0.636,3.0,5.0,0.6,2.0,2.0,1.0,0.0,2.0,2.0,6.0,1.0,1.0,2.0,2.0,19.0,4.0,https://www.basketball-reference.com/boxscores/200303040SEA.html,2002-03
Brent Barry,2003-03-05,Seattle SuperSonics,Utah Jazz,0,33.47,4.0,8.0,0.5,3.0,5.0,0.6,2.0,2.0,1.0,2.0,1.0,3.0,5.0,2.0,0.0,1.0,5.0,13.0,-15.0,https://www.basketball-reference.com/boxscores/200303050UTA.html,2002-03
Brent Barry,2003-03-07,Seattle SuperSonics,Philadelphia 76ers,1,28.49,3.0,6.0,0.5,2.0,4.0,0.5,6.0,6.0,1.0,0.0,1.0,1.0,7.0,1.0,0.0,2.0,1.0,14.0,-6.0,https://www.basketball-reference.com/boxscores/200303070SEA.html,2002-03
Brent Barry,2003-03-11,Seattle SuperSonics,Portland Trail Blazers,1,32.06,4.0,11.0,0.364,0.0,5.0,0.0,2.0,2.0,1.0,3.0,2.0,5.0,2.0,3.0,0.0,3.0,3.0,10.0,-7.0,https://www.basketball-reference.com/boxscores/200303110SEA.html,2002-03
Brent Barry,2003-03-13,Seattle SuperSonics,Dallas Mavericks,1,35.5,2.0,4.0,0.5,1.0,3.0,0.333,4.0,6.0,0.667,0.0,4.0,4.0,5.0,1.0,0.0,5.0,3.0,9.0,19.0,https://www.basketball-reference.com/boxscores/200303130SEA.html,2002-03
Brent Barry,2003-03-15,Seattle SuperSonics,Golden State Warriors,1,40.57,4.0,9.0,0.444,0.0,3.0,0.0,2.0,2.0,1.0,0.0,3.0,3.0,5.0,1.0,1.0,0.0,5.0,10.0,-8.0,https://www.basketball-reference.com/boxscores/200303150SEA.html,2002-03
Brent Barry,2003-03-16,Seattle SuperSonics,Denver Nuggets,0,34.05,5.0,11.0,0.455,2.0,5.0,0.4,2.0,2.0,1.0,1.0,3.0,4.0,9.0,3.0,0.0,4.0,1.0,14.0,11.0,https://www.basketball-reference.com/boxscores/200303160DEN.html,2002-03
Brent Barry,2003-03-18,Seattle SuperSonics,Houston Rockets,1,41.14,3.0,4.0,0.75,0.0,1.0,0.0,0.0,0.0,,0.0,2.0,2.0,8.0,1.0,0.0,1.0,3.0,6.0,3.0,https://www.basketball-reference.com/boxscores/200303180SEA.html,2002-03
Brent Barry,2003-03-19,Seattle SuperSonics,Golden State Warriors,0,41.51,7.0,11.0,0.636,3.0,6.0,0.5,6.0,6.0,1.0,2.0,7.0,9.0,4.0,2.0,0.0,1.0,2.0,23.0,3.0,https://www.basketball-reference.com/boxscores/200303190GSW.html,2002-03
Brent Barry,2003-03-24,Seattle SuperSonics,Phoenix Suns,0,36.24,1.0,8.0,0.125,1.0,4.0,0.25,3.0,4.0,0.75,0.0,3.0,3.0,8.0,0.0,0.0,1.0,2.0,6.0,7.0,https://www.basketball-reference.com/boxscores/200303240PHO.html,2002-03
Brent Barry,2003-03-26,Seattle SuperSonics,Washington Wizards,1,31.54,6.0,10.0,0.6,3.0,4.0,0.75,0.0,0.0,,0.0,1.0,1.0,4.0,2.0,0.0,4.0,5.0,15.0,3.0,https://www.basketball-reference.com/boxscores/200303260SEA.html,2002-03
Brent Barry,2003-03-28,Seattle SuperSonics,Memphis Grizzlies,1,40.4,5.0,13.0,0.385,2.0,6.0,0.333,2.0,3.0,0.667,3.0,6.0,9.0,10.0,3.0,0.0,2.0,3.0,14.0,12.0,https://www.basketball-reference.com/boxscores/200303280SEA.html,2002-03
Brent Barry,2003-03-30,Seattle SuperSonics,Los Angeles Lakers,1,34.27,5.0,8.0,0.625,2.0,4.0,0.5,3.0,3.0,1.0,0.0,9.0,9.0,13.0,1.0,0.0,2.0,3.0,15.0,19.0,https://www.basketball-reference.com/boxscores/200303300SEA.html,2002-03
Brent Barry,2007-12-02,San Antonio Spurs,Portland Trail Blazers,1,25.23,5.0,7.0,0.7140000000000001,3.0,5.0,0.6,4.0,4.0,1.0,0.0,5.0,5.0,3.0,0.0,0.0,0.0,5.0,17.0,7.0,https://www.basketball-reference.com/boxscores/200712020SAS.html,2007-08
Brent Barry,2007-12-05,San Antonio Spurs,Dallas Mavericks,1,18.28,2.0,5.0,0.4,0.0,2.0,0.0,0.0,0.0,,0.0,1.0,1.0,1.0,0.0,0.0,0.0,3.0,4.0,1.0,https://www.basketball-reference.com/boxscores/200712050SAS.html,2007-08
Brent Barry,2007-12-07,San Antonio Spurs,Utah Jazz,1,9.3,1.0,2.0,0.5,1.0,2.0,0.5,0.0,0.0,,0.0,0.0,0.0,1.0,1.0,0.0,0.0,0.0,3.0,3.0,https://www.basketball-reference.com/boxscores/200712070SAS.html,2007-08
Brent Barry,2007-12-11,San Antonio Spurs,Golden State Warriors,0,25.02,1.0,4.0,0.25,1.0,3.0,0.333,2.0,2.0,1.0,0.0,5.0,5.0,3.0,0.0,0.0,1.0,1.0,5.0,-13.0,https://www.basketball-reference.com/boxscores/200712110GSW.html,2007-08
Brent Barry,2007-12-13,San Antonio Spurs,Los Angeles Lakers,0,28.53,6.0,11.0,0.545,3.0,8.0,0.375,2.0,2.0,1.0,0.0,4.0,4.0,4.0,0.0,0.0,0.0,2.0,17.0,-1.0,https://www.basketball-reference.com/boxscores/200712130LAL.html,2007-08
Brent Barry,2007-12-15,San Antonio Spurs,Denver Nuggets,1,27.29,5.0,11.0,0.455,3.0,6.0,0.5,1.0,1.0,1.0,1.0,3.0,4.0,3.0,0.0,0.0,2.0,2.0,14.0,-2.0,https://www.basketball-reference.com/boxscores/200712150SAS.html,2007-08
Brent Barry,2007-12-17,San Antonio Spurs,Phoenix Suns,1,22.49,2.0,6.0,0.333,1.0,5.0,0.2,0.0,0.0,,3.0,3.0,6.0,5.0,0.0,1.0,1.0,2.0,5.0,-10.0,https://www.basketball-reference.com/boxscores/200712170SAS.html,2007-08
Brent Barry,2007-12-19,San Antonio Spurs,Memphis Grizzlies,0,28.58,3.0,7.0,0.429,1.0,4.0,0.25,1.0,1.0,1.0,1.0,1.0,2.0,4.0,4.0,0.0,2.0,3.0,8.0,18.0,https://www.basketball-reference.com/boxscores/200712190MEM.html,2007-08
Brent Barry,2007-12-22,San Antonio Spurs,Los Angeles Clippers,1,23.47,1.0,4.0,0.25,1.0,3.0,0.333,1.0,2.0,0.5,1.0,3.0,4.0,3.0,1.0,0.0,3.0,1.0,4.0,4.0,https://www.basketball-reference.com/boxscores/200712220SAS.html,2007-08
Brent Barry,2007-12-26,San Antonio Spurs,Chicago Bulls,1,1.18,0.0,0.0,,0.0,0.0,,0.0,0.0,,0.0,0.0,0.0,1.0,0.0,0.0,0.0,0.0,0.0,0.0,https://www.basketball-reference.com/boxscores/200712260SAS.html,2007-08
Brent Barry,2008-01-07,Golden State Warriors,San Antonio Spurs,1,,,,,,,,,,,,,,,,,,,,,https://www.basketball-reference.com/boxscores/200801070GSW.html,2007-08
Brent Barry,2008-01-17,San Antonio Spurs,Cleveland Cavaliers,1,15.21,2.0,6.0,0.333,2.0,6.0,0.333,0.0,0.0,,0.0,1.0,1.0,2.0,1.0,0.0,0.0,0.0,6.0,5.0,https://www.basketball-reference.com/boxscores/200801170SAS.html,2007-08
Brent Barry,2008-01-19,San Antonio Spurs,Houston Rockets,0,4.59,1.0,1.0,1.0,0.0,0.0,,0.0,0.0,,0.0,0.0,0.0,0.0,0.0,0.0,0.0,0.0,2.0,-2.0,https://www.basketball-reference.com/boxscores/200801190HOU.html,2007-08
Brent Barry,2008-01-21,San Antonio Spurs,Charlotte Bobcats,0,24.46,1.0,5.0,0.2,1.0,4.0,0.25,4.0,4.0,1.0,2.0,1.0,3.0,2.0,1.0,0.0,1.0,2.0,7.0,16.0,https://www.basketball-reference.com/boxscores/200801210CHA.html,2007-08
Brent Barry,2008-01-23,San Antonio Spurs,Los Angeles Lakers,1,28.17,4.0,6.0,0.667,3.0,5.0,0.6,0.0,0.0,,0.0,1.0,1.0,2.0,1.0,0.0,0.0,2.0,11.0,-3.0,https://www.basketball-reference.com/boxscores/200801230SAS.html,2007-08
Brent Barry,2008-01-24,San Antonio Spurs,Miami Heat,0,7.46,1.0,6.0,0.16699999999999998,1.0,6.0,0.16699999999999998,0.0,0.0,,0.0,0.0,0.0,0.0,0.0,1.0,1.0,1.0,3.0,-10.0,https://www.basketball-reference.com/boxscores/200801240MIA.html,2007-08
Brent Barry,2008-02-05,San Antonio Spurs,Indiana Pacers,0,,,,,,,,,,,,,,,,,,,,,https://www.basketball-reference.com/boxscores/200802050IND.html,2007-08
Brent Barry,2008-02-06,San Antonio Spurs,Washington Wizards,0,,,,,,,,,,,,,,,,,,,,,https://www.basketball-reference.com/boxscores/200802060WAS.html,2007-08
Brent Barry,2008-02-08,New York Knicks,San Antonio Spurs,1,,,,,,,,,,,,,,,,,,,,,https://www.basketball-reference.com/boxscores/200802080NYK.html,2007-08
Brent Barry,2008-02-10,San Antonio Spurs,Boston Celtics,0,,,,,,,,,,,,,,,,,,,,,https://www.basketball-reference.com/boxscores/200802100BOS.html,2007-08
Brent Barry,2008-02-11,San Antonio Spurs,Toronto Raptors,0,,,,,,,,,,,,,,,,,,,,,https://www.basketball-reference.com/boxscores/200802110TOR.html,2007-08
Brent Barry,2008-02-13,San Antonio Spurs,Cleveland Cavaliers,0,,,,,,,,,,,,,,,,,,,,,https://www.basketball-reference.com/boxscores/200802130CLE.html,2007-08
Brent Barry,2000-12-02,Seattle SuperSonics,Denver Nuggets,0,23.48,1.0,3.0,0.333,1.0,3.0,0.333,1.0,2.0,0.5,0.0,3.0,3.0,0.0,1.0,0.0,1.0,0.0,4.0,-11.0,https://www.basketball-reference.com/boxscores/200012020DEN.html,2000-01
Brent Barry,2000-12-03,Seattle SuperSonics,Golden State Warriors,1,19.3,2.0,4.0,0.5,1.0,1.0,1.0,2.0,2.0,1.0,0.0,2.0,2.0,3.0,1.0,1.0,1.0,1.0,7.0,9.0,https://www.basketball-reference.com/boxscores/200012030SEA.html,2000-01
Brent Barry,2000-12-06,Seattle SuperSonics,Detroit Pistons,1,27.09,2.0,5.0,0.4,1.0,1.0,1.0,0.0,0.0,,0.0,3.0,3.0,4.0,0.0,0.0,1.0,4.0,5.0,2.0,https://www.basketball-reference.com/boxscores/200012060SEA.html,2000-01
Brent Barry,2000-12-08,Seattle SuperSonics,Los Angeles Lakers,0,18.23,1.0,4.0,0.25,1.0,3.0,0.333,1.0,2.0,0.5,1.0,0.0,1.0,2.0,0.0,0.0,2.0,1.0,4.0,11.0,https://www.basketball-reference.com/boxscores/200012080LAL.html,2000-01
Brent Barry,2000-12-09,Seattle SuperSonics,Houston Rockets,1,14.59,1.0,2.0,0.5,0.0,0.0,,0.0,0.0,,0.0,3.0,3.0,2.0,0.0,0.0,2.0,1.0,2.0,-6.0,https://www.basketball-reference.com/boxscores/200012090SEA.html,2000-01
Brent Barry,2000-12-12,Seattle SuperSonics,Orlando Magic,1,18.48,2.0,3.0,0.667,1.0,2.0,0.5,0.0,0.0,,0.0,1.0,1.0,4.0,1.0,0.0,1.0,1.0,5.0,-4.0,https://www.basketball-reference.com/boxscores/200012120SEA.html,2000-01
Brent Barry,2000-12-13,Seattle SuperSonics,Vancouver Grizzlies,0,19.54,4.0,7.0,0.5710000000000001,2.0,3.0,0.667,0.0,0.0,,0.0,4.0,4.0,2.0,1.0,0.0,1.0,1.0,10.0,-8.0,https://www.basketball-reference.com/boxscores/200012130VAN.html,2000-01
Brent Barry,2000-12-15,Seattle SuperSonics,Miami Heat,1,21.54,3.0,7.0,0.429,1.0,3.0,0.333,1.0,1.0,1.0,2.0,1.0,3.0,3.0,0.0,0.0,1.0,3.0,8.0,5.0,https://www.basketball-reference.com/boxscores/200012150SEA.html,2000-01
Brent Barry,2000-12-20,Seattle SuperSonics,Sacramento Kings,1,18.37,0.0,2.0,0.0,0.0,2.0,0.0,0.0,0.0,,1.0,0.0,1.0,6.0,2.0,0.0,1.0,3.0,0.0,-14.0,https://www.basketball-reference.com/boxscores/200012200SEA.html,2000-01
Brent Barry,2000-12-22,Seattle SuperSonics,Washington Wizards,1,22.32,0.0,3.0,0.0,0.0,2.0,0.0,0.0,0.0,,0.0,3.0,3.0,2.0,0.0,0.0,3.0,0.0,0.0,9.0,https://www.basketball-reference.com/boxscores/200012220SEA.html,2000-01
Brent Barry,2000-12-23,Seattle SuperSonics,Sacramento Kings,0,19.25,3.0,7.0,0.429,0.0,3.0,0.0,1.0,1.0,1.0,0.0,3.0,3.0,2.0,0.0,0.0,0.0,3.0,7.0,-1.0,https://www.basketball-reference.com/boxscores/200012230SAC.html,2000-01
Brent Barry,2000-12-26,Seattle SuperSonics,Dallas Mavericks,0,24.21,8.0,10.0,0.8,2.0,3.0,0.667,2.0,2.0,1.0,0.0,6.0,6.0,3.0,0.0,0.0,0.0,2.0,20.0,-7.0,https://www.basketball-reference.com/boxscores/200012260DAL.html,2000-01
Brent Barry,2000-12-27,Seattle SuperSonics,Houston Rockets,0,37.27,6.0,11.0,0.545,3.0,4.0,0.75,3.0,3.0,1.0,2.0,5.0,7.0,2.0,1.0,1.0,1.0,1.0,18.0,5.0,https://www.basketball-reference.com/boxscores/200012270HOU.html,2000-01
Brent Barry,2000-12-30,Seattle SuperSonics,Charlotte Hornets,1,41.14,7.0,10.0,0.7,3.0,5.0,0.6,1.0,2.0,0.5,0.0,7.0,7.0,10.0,0.0,0.0,2.0,5.0,18.0,1.0,https://www.basketball-reference.com/boxscores/200012300SEA.html,2000-01
Brent Barry,2001-01-02,Seattle SuperSonics,Indiana Pacers,1,41.47,4.0,10.0,0.4,2.0,5.0,0.4,3.0,5.0,0.6,1.0,6.0,7.0,3.0,1.0,0.0,1.0,1.0,13.0,-6.0,https://www.basketball-reference.com/boxscores/200101020SEA.html,2000-01
Brent Barry,2001-01-04,Seattle SuperSonics,Minnesota Timberwolves,0,28.12,3.0,6.0,0.5,3.0,5.0,0.6,0.0,0.0,,0.0,6.0,6.0,0.0,2.0,0.0,2.0,2.0,9.0,-14.0,https://www.basketball-reference.com/boxscores/200101040MIN.html,2000-01
Brent Barry,2001-01-05,Seattle SuperSonics,Philadelphia 76ers,0,20.44,5.0,8.0,0.625,3.0,5.0,0.6,0.0,0.0,,0.0,2.0,2.0,3.0,1.0,1.0,1.0,1.0,13.0,-7.0,https://www.basketball-reference.com/boxscores/200101050PHI.html,2000-01
Brent Barry,2001-01-07,Seattle SuperSonics,Toronto Raptors,0,25.1,2.0,4.0,0.5,2.0,4.0,0.5,2.0,4.0,0.5,1.0,2.0,3.0,3.0,2.0,0.0,1.0,0.0,8.0,14.0,https://www.basketball-reference.com/boxscores/200101070TOR.html,2000-01
Brent Barry,2001-01-09,Seattle SuperSonics,Atlanta Hawks,0,12.0,2.0,4.0,0.5,0.0,2.0,0.0,0.0,0.0,,0.0,2.0,2.0,1.0,0.0,0.0,1.0,0.0,4.0,12.0,https://www.basketball-reference.com/boxscores/200101090ATL.html,2000-01
Brent Barry,2001-01-10,Seattle SuperSonics,Washington Wizards,0,20.5,4.0,6.0,0.667,3.0,4.0,0.75,0.0,0.0,,0.0,1.0,1.0,2.0,1.0,0.0,0.0,0.0,11.0,-1.0,https://www.basketball-reference.com/boxscores/200101100WAS.html,2000-01
Brent Barry,2001-01-12,Seattle SuperSonics,Vancouver Grizzlies,1,23.37,2.0,2.0,1.0,2.0,2.0,1.0,0.0,0.0,,0.0,3.0,3.0,6.0,4.0,0.0,0.0,0.0,6.0,24.0,https://www.basketball-reference.com/boxscores/200101120SEA.html,2000-01
Brent Barry,2001-01-14,Seattle SuperSonics,Phoenix Suns,0,20.24,2.0,6.0,0.333,0.0,1.0,0.0,0.0,0.0,,2.0,4.0,6.0,6.0,1.0,0.0,0.0,3.0,4.0,4.0,https://www.basketball-reference.com/boxscores/200101140PHO.html,2000-01
Brent Barry,2001-01-15,Seattle SuperSonics,Denver Nuggets,0,23.23,1.0,4.0,0.25,1.0,4.0,0.25,2.0,3.0,0.667,0.0,1.0,1.0,2.0,0.0,0.0,1.0,2.0,5.0,-1.0,https://www.basketball-reference.com/boxscores/200101150DEN.html,2000-01
Brent Barry,2001-01-17,Seattle SuperSonics,Phoenix Suns,1,30.25,5.0,6.0,0.833,2.0,2.0,1.0,7.0,8.0,0.875,0.0,6.0,6.0,2.0,2.0,1.0,2.0,3.0,19.0,2.0,https://www.basketball-reference.com/boxscores/200101170SEA.html,2000-01
Brent Barry,2001-01-19,Seattle SuperSonics,Minnesota Timberwolves,1,31.19,1.0,5.0,0.2,1.0,2.0,0.5,2.0,2.0,1.0,0.0,2.0,2.0,8.0,2.0,0.0,3.0,6.0,5.0,-7.0,https://www.basketball-reference.com/boxscores/200101190SEA.html,2000-01
Brent Barry,2001-01-21,Seattle SuperSonics,Sacramento Kings,1,34.13,4.0,11.0,0.364,2.0,5.0,0.4,3.0,4.0,0.75,2.0,1.0,3.0,7.0,1.0,0.0,1.0,1.0,13.0,11.0,https://www.basketball-reference.com/boxscores/200101210SEA.html,2000-01
Brent Barry,2001-01-23,Seattle SuperSonics,Los Angeles Lakers,1,35.11,5.0,12.0,0.417,3.0,5.0,0.6,0.0,0.0,,1.0,4.0,5.0,4.0,3.0,0.0,2.0,2.0,13.0,5.0,https://www.basketball-reference.com/boxscores/200101230SEA.html,2000-01
Brent Barry,2001-01-24,Los Angeles Clippers,Seattle SuperSonics,1,35.16,4.0,9.0,0.444,3.0,7.0,0.429,0.0,0.0,,2.0,4.0,6.0,5.0,1.0,0.0,0.0,3.0,11.0,-3.0,https://www.basketball-reference.com/boxscores/200101240LAC.html,2000-01
Brent Barry,2001-01-26,Seattle SuperSonics,Golden State Warriors,0,38.04,7.0,11.0,0.636,6.0,9.0,0.667,2.0,2.0,1.0,0.0,3.0,3.0,4.0,1.0,1.0,4.0,2.0,22.0,8.0,https://www.basketball-reference.com/boxscores/200101260GSW.html,2000-01
Brent Barry,2001-01-27,Seattle SuperSonics,New Jersey Nets,1,40.28,6.0,8.0,0.75,4.0,6.0,0.667,1.0,2.0,0.5,0.0,2.0,2.0,6.0,0.0,0.0,4.0,1.0,17.0,9.0,https://www.basketball-reference.com/boxscores/200101270SEA.html,2000-01
Brent Barry,2001-01-30,Seattle SuperSonics,Utah Jazz,1,42.44,3.0,6.0,0.5,3.0,5.0,0.6,6.0,6.0,1.0,1.0,8.0,9.0,4.0,3.0,1.0,3.0,2.0,15.0,-17.0,https://www.basketball-reference.com/boxscores/200101300SEA.html,2000-01
Brent Barry,2001-02-01,Seattle SuperSonics,Chicago Bulls,1,39.21,6.0,6.0,1.0,3.0,3.0,1.0,2.0,3.0,0.667,0.0,3.0,3.0,11.0,3.0,0.0,3.0,4.0,17.0,4.0,https://www.basketball-reference.com/boxscores/200102010SEA.html,2000-01
Brent Barry,2001-02-03,Seattle SuperSonics,Utah Jazz,0,36.08,3.0,5.0,0.6,1.0,3.0,0.333,3.0,3.0,1.0,0.0,2.0,2.0,3.0,4.0,0.0,4.0,1.0,10.0,-16.0,https://www.basketball-reference.com/boxscores/200102030UTA.html,2000-01
Brent Barry,2001-02-05,Seattle SuperSonics,Vancouver Grizzlies,1,34.09,5.0,8.0,0.625,1.0,3.0,0.333,2.0,2.0,1.0,0.0,2.0,2.0,4.0,3.0,2.0,2.0,1.0,13.0,7.0,https://www.basketball-reference.com/boxscores/200102050SEA.html,2000-01
Brent Barry,2001-02-07,Seattle SuperSonics,Portland Trail Blazers,0,30.15,3.0,5.0,0.6,0.0,1.0,0.0,3.0,4.0,0.75,4.0,4.0,8.0,2.0,1.0,1.0,1.0,0.0,9.0,-14.0,https://www.basketball-reference.com/boxscores/200102070POR.html,2000-01
Brent Barry,2001-02-15,Seattle SuperSonics,Boston Celtics,1,27.33,1.0,3.0,0.333,1.0,3.0,0.333,4.0,4.0,1.0,0.0,1.0,1.0,5.0,3.0,0.0,1.0,2.0,7.0,-18.0,https://www.basketball-reference.com/boxscores/200102150SEA.html,2000-01
Brent Barry,2001-02-17,Seattle SuperSonics,Atlanta Hawks,1,33.48,3.0,4.0,0.75,2.0,3.0,0.667,3.0,3.0,1.0,0.0,2.0,2.0,1.0,1.0,0.0,4.0,3.0,11.0,8.0,https://www.basketball-reference.com/boxscores/200102170SEA.html,2000-01
Brent Barry,2001-02-21,Seattle SuperSonics,Denver Nuggets,1,18.11,1.0,6.0,0.16699999999999998,0.0,4.0,0.0,1.0,2.0,0.5,0.0,1.0,1.0,2.0,0.0,0.0,0.0,1.0,3.0,14.0,https://www.basketball-reference.com/boxscores/200102210SEA.html,2000-01
Brent Barry,2001-02-23,Seattle SuperSonics,Utah Jazz,1,28.37,4.0,9.0,0.444,3.0,8.0,0.375,1.0,1.0,1.0,1.0,2.0,3.0,3.0,0.0,1.0,3.0,4.0,12.0,-10.0,https://www.basketball-reference.com/boxscores/200102230SEA.html,2000-01
Brent Barry,2001-02-26,Seattle SuperSonics,Boston Celtics,0,,,,,,,,,,,,,,,,,,,,,https://www.basketball-reference.com/boxscores/200102260BOS.html,2000-01
Brent Barry,2001-02-27,Seattle SuperSonics,New York Knicks,0,,,,,,,,,,,,,,,,,,,,,https://www.basketball-reference.com/boxscores/200102270NYK.html,2000-01
Brent Barry,2001-03-02,Seattle SuperSonics,Indiana Pacers,0,,,,,,,,,,,,,,,,,,,,,https://www.basketball-reference.com/boxscores/200103020IND.html,2000-01
Brent Barry,2001-03-04,Minnesota Timberwolves,Seattle SuperSonics,1,,,,,,,,,,,,,,,,,,,,,https://www.basketball-reference.com/boxscores/200103040MIN.html,2000-01
Brent Barry,2001-03-06,Seattle SuperSonics,San Antonio Spurs,1,,,,,,,,,,,,,,,,,,,,,https://www.basketball-reference.com/boxscores/200103060SEA.html,2000-01
Brent Barry,2001-03-07,Seattle SuperSonics,Utah Jazz,0,,,,,,,,,,,,,,,,,,,,,https://www.basketball-reference.com/boxscores/200103070UTA.html,2000-01
Brent Barry,2001-03-09,Seattle SuperSonics,Toronto Raptors,1,,,,,,,,,,,,,,,,,,,,,https://www.basketball-reference.com/boxscores/200103090SEA.html,2000-01
Brent Barry,2001-03-11,Los Angeles Lakers,Seattle SuperSonics,1,34.44,6.0,10.0,0.6,4.0,6.0,0.667,4.0,4.0,1.0,1.0,5.0,6.0,2.0,2.0,0.0,0.0,3.0,20.0,24.0,https://www.basketball-reference.com/boxscores/200103110LAL.html,2000-01
Brent Barry,2001-03-13,Seattle SuperSonics,Portland Trail Blazers,1,26.08,3.0,7.0,0.429,1.0,4.0,0.25,1.0,1.0,1.0,0.0,5.0,5.0,8.0,3.0,0.0,0.0,4.0,8.0,6.0,https://www.basketball-reference.com/boxscores/200103130SEA.html,2000-01
Brent Barry,2001-03-15,Seattle SuperSonics,Milwaukee Bucks,0,15.33,3.0,5.0,0.6,3.0,4.0,0.75,2.0,2.0,1.0,0.0,1.0,1.0,2.0,1.0,0.0,0.0,1.0,11.0,3.0,https://www.basketball-reference.com/boxscores/200103150MIL.html,2000-01
Brent Barry,2001-03-16,Seattle SuperSonics,Chicago Bulls,0,25.48,2.0,2.0,1.0,2.0,2.0,1.0,1.0,1.0,1.0,0.0,3.0,3.0,2.0,2.0,0.0,1.0,2.0,7.0,5.0,https://www.basketball-reference.com/boxscores/200103160CHI.html,2000-01
Brent Barry,2001-03-18,Seattle SuperSonics,Golden State Warriors,0,30.59,4.0,7.0,0.5710000000000001,2.0,4.0,0.5,3.0,4.0,0.75,0.0,2.0,2.0,5.0,2.0,0.0,1.0,0.0,13.0,18.0,https://www.basketball-reference.com/boxscores/200103180GSW.html,2000-01
Brent Barry,2001-03-19,Seattle SuperSonics,Philadelphia 76ers,1,25.09,0.0,3.0,0.0,0.0,2.0,0.0,0.0,0.0,,0.0,2.0,2.0,2.0,2.0,0.0,0.0,1.0,0.0,2.0,https://www.basketball-reference.com/boxscores/200103190SEA.html,2000-01
Brent Barry,2001-03-22,Seattle SuperSonics,Phoenix Suns,1,28.5,2.0,2.0,1.0,1.0,1.0,1.0,3.0,3.0,1.0,0.0,2.0,2.0,3.0,1.0,0.0,0.0,2.0,8.0,-4.0,https://www.basketball-reference.com/boxscores/200103220SEA.html,2000-01
Brent Barry,2001-03-24,Seattle SuperSonics,Houston Rockets,1,24.41,2.0,5.0,0.4,2.0,4.0,0.5,0.0,0.0,,2.0,0.0,2.0,2.0,1.0,0.0,0.0,4.0,6.0,-3.0,https://www.basketball-reference.com/boxscores/200103240SEA.html,2000-01
Brent Barry,2001-03-26,Seattle SuperSonics,Cleveland Cavaliers,1,27.18,4.0,9.0,0.444,2.0,4.0,0.5,3.0,4.0,0.75,0.0,4.0,4.0,5.0,1.0,0.0,1.0,2.0,13.0,17.0,https://www.basketball-reference.com/boxscores/200103260SEA.html,2000-01
Brent Barry,2001-03-28,Seattle SuperSonics,Minnesota Timberwolves,1,23.28,1.0,1.0,1.0,1.0,1.0,1.0,0.0,0.0,,0.0,2.0,2.0,1.0,1.0,0.0,0.0,1.0,3.0,7.0,https://www.basketball-reference.com/boxscores/200103280SEA.html,2000-01
Brent Barry,2001-03-30,Seattle SuperSonics,Los Angeles Clippers,1,23.02,2.0,8.0,0.25,1.0,3.0,0.333,0.0,0.0,,0.0,4.0,4.0,3.0,2.0,0.0,2.0,1.0,5.0,14.0,https://www.basketball-reference.com/boxscores/200103300SEA.html,2000-01
Brent Barry,2008-12-08,Houston Rockets,Memphis Grizzlies,0,,,,,,,,,,,,,,,,,,,,,https://www.basketball-reference.com/boxscores/200812080MEM.html,2008-09
Brent Barry,2008-12-09,Houston Rockets,Atlanta Hawks,1,,,,,,,,,,,,,,,,,,,,,https://www.basketball-reference.com/boxscores/200812090HOU.html,2008-09
Brent Barry,2008-12-12,Houston Rockets,Golden State Warriors,0,,,,,,,,,,,,,,,,,,,,,https://www.basketball-reference.com/boxscores/200812120GSW.html,2008-09
Brent Barry,2008-12-13,Houston Rockets,Los Angeles Clippers,0,,,,,,,,,,,,,,,,,,,,,https://www.basketball-reference.com/boxscores/200812130LAC.html,2008-09
Brent Barry,2008-12-16,Houston Rockets,Denver Nuggets,1,,,,,,,,,,,,,,,,,,,,,https://www.basketball-reference.com/boxscores/200812160HOU.html,2008-09
Brent Barry,2008-12-22,Houston Rockets,New Jersey Nets,0,6.01,2.0,2.0,1.0,1.0,1.0,1.0,0.0,0.0,,0.0,1.0,1.0,0.0,1.0,0.0,0.0,0.0,5.0,3.0,https://www.basketball-reference.com/boxscores/200812220NJN.html,2008-09
Brent Barry,2008-12-23,Houston Rockets,Cleveland Cavaliers,0,8.1,1.0,1.0,1.0,1.0,1.0,1.0,0.0,0.0,,0.0,1.0,1.0,0.0,0.0,0.0,0.0,0.0,3.0,3.0,https://www.basketball-reference.com/boxscores/200812230CLE.html,2008-09
Brent Barry,2008-12-26,Houston Rockets,New Orleans Hornets,0,20.5,2.0,4.0,0.5,2.0,4.0,0.5,2.0,2.0,1.0,1.0,1.0,2.0,1.0,1.0,0.0,1.0,0.0,8.0,4.0,https://www.basketball-reference.com/boxscores/200812260NOH.html,2008-09
Brent Barry,2008-12-29,Houston Rockets,Washington Wizards,1,15.55,1.0,2.0,0.5,1.0,2.0,0.5,0.0,0.0,,0.0,1.0,1.0,3.0,0.0,0.0,0.0,0.0,3.0,-1.0,https://www.basketball-reference.com/boxscores/200812290HOU.html,2008-09
Brent Barry,2008-12-31,Houston Rockets,Milwaukee Bucks,1,7.14,0.0,0.0,,0.0,0.0,,0.0,0.0,,0.0,1.0,1.0,0.0,2.0,0.0,0.0,0.0,0.0,5.0,https://www.basketball-reference.com/boxscores/200812310HOU.html,2008-09
Brent Barry,2009-01-02,Houston Rockets,Toronto Raptors,0,19.3,1.0,6.0,0.16699999999999998,0.0,5.0,0.0,0.0,0.0,,2.0,1.0,3.0,3.0,1.0,0.0,0.0,1.0,2.0,4.0,https://www.basketball-reference.com/boxscores/200901020TOR.html,2008-09
Brent Barry,2009-01-03,Houston Rockets,Atlanta Hawks,0,23.49,4.0,6.0,0.667,3.0,5.0,0.6,0.0,0.0,,0.0,1.0,1.0,3.0,0.0,0.0,3.0,1.0,11.0,-2.0,https://www.basketball-reference.com/boxscores/200901030ATL.html,2008-09
Brent Barry,2009-01-06,Houston Rockets,Philadelphia 76ers,0,19.52,2.0,5.0,0.4,2.0,4.0,0.5,0.0,0.0,,0.0,1.0,1.0,1.0,1.0,0.0,1.0,3.0,6.0,-7.0,https://www.basketball-reference.com/boxscores/200901060PHI.html,2008-09
Brent Barry,2009-01-07,Houston Rockets,Boston Celtics,0,24.43,1.0,2.0,0.5,1.0,2.0,0.5,0.0,0.0,,0.0,1.0,1.0,1.0,0.0,0.0,0.0,2.0,3.0,19.0,https://www.basketball-reference.com/boxscores/200901070BOS.html,2008-09
Brent Barry,2009-01-09,Houston Rockets,Oklahoma City Thunder,0,,,,,,,,,,,,,,,,,,,,,https://www.basketball-reference.com/boxscores/200901090OKC.html,2008-09
Brent Barry,2009-01-10,Houston Rockets,New York Knicks,1,16.43,1.0,4.0,0.25,1.0,4.0,0.25,0.0,0.0,,1.0,5.0,6.0,1.0,0.0,0.0,1.0,0.0,3.0,2.0,https://www.basketball-reference.com/boxscores/200901100HOU.html,2008-09
Brent Barry,2009-01-13,Houston Rockets,Los Angeles Lakers,1,17.5,4.0,5.0,0.8,1.0,2.0,0.5,0.0,0.0,,0.0,2.0,2.0,5.0,0.0,0.0,2.0,2.0,9.0,2.0,https://www.basketball-reference.com/boxscores/200901130HOU.html,2008-09
Brent Barry,2009-01-17,Houston Rockets,Miami Heat,1,19.07,1.0,2.0,0.5,1.0,2.0,0.5,1.0,1.0,1.0,0.0,0.0,0.0,4.0,1.0,0.0,0.0,0.0,4.0,6.0,https://www.basketball-reference.com/boxscores/200901170HOU.html,2008-09
Brent Barry,2009-01-19,Houston Rockets,Denver Nuggets,1,26.44,3.0,4.0,0.75,3.0,4.0,0.75,2.0,2.0,1.0,0.0,4.0,4.0,1.0,1.0,0.0,1.0,1.0,11.0,-1.0,https://www.basketball-reference.com/boxscores/200901190HOU.html,2008-09
Brent Barry,2009-01-21,Houston Rockets,Utah Jazz,1,23.46,3.0,4.0,0.75,3.0,4.0,0.75,0.0,0.0,,1.0,1.0,2.0,2.0,1.0,1.0,0.0,1.0,9.0,6.0,https://www.basketball-reference.com/boxscores/200901210HOU.html,2008-09
Brent Barry,2009-01-23,Houston Rockets,Indiana Pacers,0,21.13,2.0,6.0,0.333,2.0,5.0,0.4,2.0,2.0,1.0,3.0,5.0,8.0,2.0,0.0,1.0,2.0,1.0,8.0,-9.0,https://www.basketball-reference.com/boxscores/200901230IND.html,2008-09
Brent Barry,2009-01-25,Houston Rockets,Detroit Pistons,0,5.34,0.0,2.0,0.0,0.0,2.0,0.0,0.0,0.0,,0.0,1.0,1.0,0.0,0.0,0.0,0.0,0.0,0.0,-10.0,https://www.basketball-reference.com/boxscores/200901250DET.html,2008-09
Brent Barry,2009-01-26,Houston Rockets,New York Knicks,0,13.0,1.0,1.0,1.0,1.0,1.0,1.0,0.0,0.0,,0.0,2.0,2.0,1.0,0.0,0.0,0.0,1.0,3.0,6.0,https://www.basketball-reference.com/boxscores/200901260NYK.html,2008-09
Brent Barry,2009-01-28,Houston Rockets,Philadelphia 76ers,1,,,,,,,,,,,,,,,,,,,,,https://www.basketball-reference.com/boxscores/200901280HOU.html,2008-09
Brent Barry,2009-01-31,Houston Rockets,Golden State Warriors,1,,,,,,,,,,,,,,,,,,,,,https://www.basketball-reference.com/boxscores/200901310HOU.html,2008-09
Brent Barry,2009-02-03,Houston Rockets,Chicago Bulls,1,,,,,,,,,,,,,,,,,,,,,https://www.basketball-reference.com/boxscores/200902030HOU.html,2008-09
Brent Barry,2009-02-04,Houston Rockets,Memphis Grizzlies,0,14.18,2.0,5.0,0.4,1.0,3.0,0.333,1.0,1.0,1.0,0.0,1.0,1.0,1.0,1.0,0.0,0.0,0.0,6.0,-10.0,https://www.basketball-reference.com/boxscores/200902040MEM.html,2008-09
Brent Barry,2009-02-07,Houston Rockets,Minnesota Timberwolves,1,,,,,,,,,,,,,,,,,,,,,https://www.basketball-reference.com/boxscores/200902070HOU.html,2008-09
Brent Barry,2009-02-09,Houston Rockets,Milwaukee Bucks,0,13.28,1.0,1.0,1.0,1.0,1.0,1.0,0.0,0.0,,0.0,2.0,2.0,1.0,0.0,0.0,2.0,1.0,3.0,12.0,https://www.basketball-reference.com/boxscores/200902090MIL.html,2008-09
Brent Barry,2009-02-11,Houston Rockets,Sacramento Kings,1,19.0,2.0,3.0,0.667,2.0,3.0,0.667,0.0,0.0,,1.0,1.0,2.0,1.0,0.0,0.0,1.0,2.0,6.0,-6.0,https://www.basketball-reference.com/boxscores/200902110HOU.html,2008-09
Brent Barry,2009-02-17,Houston Rockets,New Jersey Nets,1,15.21,1.0,3.0,0.333,1.0,3.0,0.333,0.0,0.0,,1.0,3.0,4.0,2.0,1.0,0.0,1.0,0.0,3.0,9.0,https://www.basketball-reference.com/boxscores/200902170HOU.html,2008-09
Brent Barry,2009-02-20,Houston Rockets,Dallas Mavericks,1,7.43,2.0,4.0,0.5,1.0,2.0,0.5,0.0,0.0,,0.0,0.0,0.0,0.0,0.0,0.0,1.0,0.0,5.0,-5.0,https://www.basketball-reference.com/boxscores/200902200HOU.html,2008-09
Brent Barry,2009-02-22,Houston Rockets,Charlotte Bobc,1,20.21,2.0,5.0,0.4,1.0,3.0,0.333,1.0,1.0,1.0,0.0,1.0,1.0,2.0,2.0,0.0,1.0,1.0,6.0,4.0,https://www.basketball-reference.com/boxscores/200902220HOU.html,2008-09
Brent Barry,2009-02-24,Houston Rockets,Portland Trail Blazers,1,6.32,0.0,3.0,0.0,0.0,2.0,0.0,0.0,0.0,,0.0,1.0,1.0,1.0,0.0,0.0,0.0,1.0,0.0,10.0,https://www.basketball-reference.com/boxscores/200902240HOU.html,2008-09
Brent Barry,2009-02-26,Houston Rockets,Cleveland Cavaliers,1,8.08,1.0,4.0,0.25,1.0,3.0,0.333,0.0,0.0,,0.0,2.0,2.0,2.0,0.0,0.0,0.0,0.0,3.0,3.0,https://www.basketball-reference.com/boxscores/200902260HOU.html,2008-09
Brent Barry,2009-02-28,Houston Rockets,Chicago Bulls,0,8.19,1.0,3.0,0.333,0.0,1.0,0.0,0.0,0.0,,0.0,1.0,1.0,0.0,0.0,0.0,2.0,0.0,2.0,-4.0,https://www.basketball-reference.com/boxscores/200902280CHI.html,2008-09
Brent Barry,2009-03-01,Houston Rockets,Minnesota Timberwolves,0,,,,,,,,,,,,,,,,,,,,,https://www.basketball-reference.com/boxscores/200903010MIN.html,2008-09
Brent Barry,2009-03-03,Houston Rockets,Toronto Raptors,1,,,,,,,,,,,,,,,,,,,,,https://www.basketball-reference.com/boxscores/200903030HOU.html,2008-09
Brent Barry,2009-03-04,Houston Rockets,Utah Jazz,0,4.21,0.0,1.0,0.0,0.0,1.0,0.0,0.0,0.0,,0.0,0.0,0.0,0.0,0.0,0.0,0.0,0.0,0.0,6.0,https://www.basketball-reference.com/boxscores/200903040UTA.html,2008-09
Brent Barry,2009-03-06,Houston Rockets,Phoenix Suns,1,,,,,,,,,,,,,,,,,,,,,https://www.basketball-reference.com/boxscores/200903060HOU.html,2008-09
Brent Barry,2009-03-08,Houston Rockets,Memphis Grizzlies,1,10.47,0.0,1.0,0.0,0.0,0.0,,0.0,0.0,,0.0,0.0,0.0,1.0,0.0,0.0,0.0,0.0,0.0,-12.0,https://www.basketball-reference.com/boxscores/200903080HOU.html,2008-09
Brent Barry,2009-03-09,Houston Rockets,Denver Nuggets,0,8.16,1.0,2.0,0.5,1.0,1.0,1.0,0.0,0.0,,0.0,1.0,1.0,1.0,1.0,0.0,1.0,0.0,3.0,4.0,https://www.basketball-reference.com/boxscores/200903090DEN.html,2008-09
Brent Barry,2009-03-11,Houston Rockets,Los Angeles Lakers,1,,,,,,,,,,,,,,,,,,,,,https://www.basketball-reference.com/boxscores/200903110HOU.html,2008-09
Brent Barry,2009-03-13,Houston Rockets,Charlotte Bobcats,0,6.13,1.0,3.0,0.333,1.0,3.0,0.333,0.0,0.0,,0.0,0.0,0.0,0.0,0.0,0.0,0.0,0.0,3.0,-2.0,https://www.basketball-reference.com/boxscores/200903130CHA.html,2008-09
Brent Barry,2009-03-14,Houston Rockets,San Antonio Spurs,1,8.44,0.0,1.0,0.0,0.0,1.0,0.0,0.0,0.0,,1.0,2.0,3.0,0.0,1.0,0.0,2.0,1.0,0.0,-4.0,https://www.basketball-reference.com/boxscores/200903140HOU.html,2008-09
Brent Barry,2009-03-16,Houston Rockets,New Orleans Hornets,0,8.18,2.0,3.0,0.667,1.0,2.0,0.5,0.0,0.0,,0.0,0.0,0.0,1.0,0.0,0.0,1.0,0.0,5.0,0.0,https://www.basketball-reference.com/boxscores/200903160NOH.html,2008-09
Brent Barry,2009-03-20,Houston Rockets,Minnesota Timberwolves,1,18.13,3.0,6.0,0.5,3.0,5.0,0.6,1.0,1.0,1.0,1.0,3.0,4.0,2.0,0.0,0.0,2.0,0.0,10.0,7.0,https://www.basketball-reference.com/boxscores/200903200HOU.html,2008-09
Brent Barry,2009-03-22,Houston Rockets,San Antonio Spurs,0,14.52,1.0,1.0,1.0,0.0,0.0,,2.0,2.0,1.0,0.0,0.0,0.0,1.0,1.0,0.0,2.0,2.0,4.0,-1.0,https://www.basketball-reference.com/boxscores/200903220SAS.html,2008-09
Brent Barry,2009-03-24,Houston Rockets,Utah Jazz,0,11.1,0.0,3.0,0.0,0.0,3.0,0.0,0.0,0.0,,0.0,0.0,0.0,2.0,1.0,0.0,0.0,1.0,0.0,-10.0,https://www.basketball-reference.com/boxscores/200903240UTA.html,2008-09
Brent Barry,2009-03-28,Houston Rockets,Los Angeles Clippers,1,12.18,1.0,5.0,0.2,0.0,4.0,0.0,0.0,0.0,,0.0,1.0,1.0,2.0,0.0,0.0,1.0,0.0,2.0,-8.0,https://www.basketball-reference.com/boxscores/200903280HOU.html,2008-09
Brent Barry,2003-12-03,Seattle SuperSonics,New York Knicks,1,24.35,4.0,9.0,0.444,2.0,4.0,0.5,3.0,5.0,0.6,0.0,2.0,2.0,3.0,1.0,0.0,1.0,3.0,13.0,6.0,https://www.basketball-reference.com/boxscores/200312030SEA.html,2003-04
Brent Barry,2003-12-05,Seattle SuperSonics,Indiana Pacers,1,32.41,4.0,8.0,0.5,1.0,4.0,0.25,0.0,0.0,,0.0,1.0,1.0,3.0,1.0,0.0,2.0,4.0,9.0,1.0,https://www.basketball-reference.com/boxscores/200312050SEA.html,2003-04
Brent Barry,2003-12-07,Seattle SuperSonics,Toronto Raptors,0,34.32,4.0,9.0,0.444,3.0,5.0,0.6,5.0,6.0,0.833,0.0,3.0,3.0,3.0,1.0,0.0,0.0,1.0,16.0,-4.0,https://www.basketball-reference.com/boxscores/200312070TOR.html,2003-04
Brent Barry,2003-12-09,Seattle SuperSonics,New Jersey Nets,0,22.26,3.0,7.0,0.429,2.0,5.0,0.4,2.0,2.0,1.0,0.0,1.0,1.0,3.0,1.0,0.0,3.0,1.0,10.0,-17.0,https://www.basketball-reference.com/boxscores/200312090NJN.html,2003-04
Brent Barry,2003-12-10,Seattle SuperSonics,Boston Celtics,0,24.16,3.0,11.0,0.273,2.0,8.0,0.25,0.0,0.0,,0.0,2.0,2.0,4.0,3.0,0.0,2.0,0.0,8.0,-14.0,https://www.basketball-reference.com/boxscores/200312100BOS.html,2003-04
Brent Barry,2003-12-12,Seattle SuperSonics,Detroit Pistons,0,37.23,7.0,9.0,0.778,4.0,4.0,1.0,0.0,0.0,,0.0,2.0,2.0,9.0,3.0,0.0,2.0,3.0,18.0,19.0,https://www.basketball-reference.com/boxscores/200312120DET.html,2003-04
Brent Barry,2003-12-14,Seattle SuperSonics,Milwaukee Bucks,1,20.45,1.0,5.0,0.2,0.0,2.0,0.0,0.0,0.0,,0.0,1.0,1.0,3.0,0.0,0.0,2.0,1.0,2.0,5.0,https://www.basketball-reference.com/boxscores/200312140SEA.html,2003-04
Brent Barry,2003-12-16,Phoenix Suns,Seattle SuperSonics,1,41.52,3.0,7.0,0.429,0.0,4.0,0.0,3.0,3.0,1.0,0.0,3.0,3.0,3.0,1.0,0.0,2.0,2.0,9.0,7.0,https://www.basketball-reference.com/boxscores/200312160PHO.html,2003-04
Brent Barry,2003-12-17,Seattle SuperSonics,Denver Nuggets,1,21.33,2.0,4.0,0.5,1.0,2.0,0.5,0.0,0.0,,0.0,1.0,1.0,4.0,1.0,0.0,1.0,3.0,5.0,5.0,https://www.basketball-reference.com/boxscores/200312170SEA.html,2003-04
Brent Barry,2003-12-20,Seattle SuperSonics,Denver Nuggets,0,,,,,,,,,,,,,,,,,,,,,https://www.basketball-reference.com/boxscores/200312200DEN.html,2003-04
Brent Barry,2003-12-23,Seattle SuperSonics,Phoenix Suns,1,,,,,,,,,,,,,,,,,,,,,https://www.basketball-reference.com/boxscores/200312230SEA.html,2003-04
Brent Barry,2003-12-27,Seattle SuperSonics,Minnesota Timberwolves,1,28.45,3.0,7.0,0.429,1.0,5.0,0.2,3.0,3.0,1.0,1.0,0.0,1.0,5.0,4.0,0.0,3.0,2.0,10.0,-2.0,https://www.basketball-reference.com/boxscores/200312270SEA.html,2003-04
Brent Barry,2003-12-29,Seattle SuperSonics,Houston Rockets,0,34.45,3.0,8.0,0.375,2.0,6.0,0.333,4.0,4.0,1.0,0.0,4.0,4.0,4.0,2.0,1.0,3.0,2.0,12.0,7.0,https://www.basketball-reference.com/boxscores/200312290HOU.html,2003-04
Brent Barry,2003-12-30,Seattle SuperSonics,Memphis Grizzlies,0,36.48,4.0,7.0,0.5710000000000001,2.0,3.0,0.667,0.0,0.0,,0.0,3.0,3.0,10.0,3.0,0.0,2.0,4.0,10.0,18.0,https://www.basketball-reference.com/boxscores/200312300MEM.html,2003-04
Brent Barry,2004-01-02,Seattle SuperSonics,Los Angeles Lakers,1,32.56,4.0,7.0,0.5710000000000001,3.0,4.0,0.75,1.0,2.0,0.5,1.0,4.0,5.0,11.0,1.0,0.0,4.0,4.0,12.0,5.0,https://www.basketball-reference.com/boxscores/200401020SEA.html,2003-04
Brent Barry,2004-01-04,Seattle SuperSonics,Sacramento Kings,0,24.07,3.0,8.0,0.375,1.0,5.0,0.2,2.0,2.0,1.0,0.0,2.0,2.0,6.0,1.0,0.0,3.0,3.0,9.0,-21.0,https://www.basketball-reference.com/boxscores/200401040SAC.html,2003-04
Brent Barry,2004-01-07,Seattle SuperSonics,Sacramento Kings,1,21.59,2.0,6.0,0.333,0.0,0.0,,1.0,1.0,1.0,0.0,3.0,3.0,4.0,1.0,0.0,1.0,3.0,5.0,0.0,https://www.basketball-reference.com/boxscores/200401070SEA.html,2003-04
Brent Barry,2004-01-09,Seattle SuperSonics,Memphis Grizzlies,1,30.41,5.0,6.0,0.833,5.0,5.0,1.0,3.0,4.0,0.75,0.0,5.0,5.0,10.0,3.0,0.0,3.0,3.0,18.0,-2.0,https://www.basketball-reference.com/boxscores/200401090SEA.html,2003-04
Brent Barry,2004-01-10,Golden State Warriors,Seattle SuperSonics,1,36.35,3.0,6.0,0.5,2.0,5.0,0.4,0.0,0.0,,1.0,6.0,7.0,6.0,0.0,1.0,3.0,4.0,8.0,-7.0,https://www.basketball-reference.com/boxscores/200401100GSW.html,2003-04
Brent Barry,2004-01-13,Seattle SuperSonics,Cleveland Cavaliers,1,38.07,3.0,8.0,0.375,2.0,6.0,0.333,2.0,2.0,1.0,0.0,7.0,7.0,8.0,1.0,1.0,3.0,2.0,10.0,4.0,https://www.basketball-reference.com/boxscores/200401130SEA.html,2003-04
Brent Barry,2004-01-16,Seattle SuperSonics,New York Knicks,0,27.39,3.0,8.0,0.375,2.0,6.0,0.333,0.0,0.0,,0.0,4.0,4.0,5.0,2.0,1.0,1.0,2.0,8.0,-17.0,https://www.basketball-reference.com/boxscores/200401160NYK.html,2003-04
Brent Barry,2004-01-17,Seattle SuperSonics,Washington Wizards,0,20.32,3.0,7.0,0.429,2.0,5.0,0.4,0.0,0.0,,0.0,1.0,1.0,3.0,1.0,1.0,1.0,3.0,8.0,-11.0,https://www.basketball-reference.com/boxscores/200401170WAS.html,2003-04
Brent Barry,2004-01-19,Seattle SuperSonics,Philadelphia 76ers,0,26.27,4.0,6.0,0.667,1.0,2.0,0.5,0.0,0.0,,0.0,7.0,7.0,9.0,2.0,0.0,3.0,2.0,9.0,1.0,https://www.basketball-reference.com/boxscores/200401190PHI.html,2003-04
Brent Barry,2004-01-20,Seattle SuperSonics,Cleveland Cavaliers,0,15.31,1.0,3.0,0.333,1.0,3.0,0.333,0.0,0.0,,0.0,3.0,3.0,6.0,2.0,1.0,0.0,5.0,3.0,-5.0,https://www.basketball-reference.com/boxscores/200401200CLE.html,2003-04
Brent Barry,2004-01-22,Seattle SuperSonics,Golden State Warriors,1,29.54,6.0,9.0,0.667,2.0,3.0,0.667,3.0,4.0,0.75,0.0,6.0,6.0,7.0,2.0,0.0,5.0,2.0,17.0,16.0,https://www.basketball-reference.com/boxscores/200401220SEA.html,2003-04
Brent Barry,2004-01-24,Seattle SuperSonics,Los Angeles Clippers,1,37.06,4.0,7.0,0.5710000000000001,2.0,4.0,0.5,0.0,0.0,,0.0,2.0,2.0,7.0,1.0,0.0,3.0,2.0,10.0,3.0,https://www.basketball-reference.com/boxscores/200401240SEA.html,2003-04
Brent Barry,2004-01-27,Seattle SuperSonics,Dallas Mavericks,1,19.03,3.0,6.0,0.5,0.0,2.0,0.0,0.0,0.0,,0.0,1.0,1.0,5.0,3.0,0.0,1.0,1.0,6.0,-1.0,https://www.basketball-reference.com/boxscores/200401270SEA.html,2003-04
Brent Barry,2004-01-28,Seattle SuperSonics,Los Angeles Lakers,0,,,,,,,,,,,,,,,,,,,,,https://www.basketball-reference.com/boxscores/200401280LAL.html,2003-04
Brent Barry,2004-03-09,Seattle SuperSonics,Minnesota Timberwolves,1,23.43,1.0,3.0,0.333,1.0,3.0,0.333,0.0,0.0,,0.0,3.0,3.0,1.0,1.0,1.0,5.0,2.0,3.0,-22.0,https://www.basketball-reference.com/boxscores/200403090SEA.html,2003-04
Brent Barry,2004-03-12,Seattle SuperSonics,Miami Heat,0,27.07,2.0,6.0,0.333,0.0,2.0,0.0,0.0,0.0,,0.0,6.0,6.0,3.0,1.0,0.0,1.0,1.0,4.0,-9.0,https://www.basketball-reference.com/boxscores/200403120MIA.html,2003-04
Brent Barry,2004-03-13,Seattle SuperSonics,Orlando Magic,0,33.22,9.0,10.0,0.9,6.0,6.0,1.0,1.0,1.0,1.0,0.0,2.0,2.0,10.0,2.0,0.0,1.0,2.0,25.0,18.0,https://www.basketball-reference.com/boxscores/200403130ORL.html,2003-04
Brent Barry,2004-03-16,Seattle SuperSonics,Atlanta Hawks,0,36.43,9.0,14.0,0.643,7.0,11.0,0.636,3.0,3.0,1.0,2.0,4.0,6.0,9.0,2.0,0.0,2.0,3.0,28.0,8.0,https://www.basketball-reference.com/boxscores/200403160ATL.html,2003-04
Brent Barry,2004-03-18,Seattle SuperSonics,Memphis Grizzlies,0,31.11,3.0,5.0,0.6,2.0,3.0,0.667,5.0,6.0,0.833,0.0,6.0,6.0,5.0,2.0,0.0,5.0,3.0,13.0,-2.0,https://www.basketball-reference.com/boxscores/200403180MEM.html,2003-04
Brent Barry,2004-03-19,Seattle SuperSonics,New Orleans Hornets,0,29.0,1.0,5.0,0.2,1.0,4.0,0.25,0.0,2.0,0.0,0.0,2.0,2.0,7.0,3.0,0.0,1.0,3.0,3.0,10.0,https://www.basketball-reference.com/boxscores/200403190NOH.html,2003-04
Brent Barry,2004-03-21,Seattle SuperSonics,Orlando Magic,1,33.4,0.0,2.0,0.0,0.0,2.0,0.0,0.0,0.0,,0.0,2.0,2.0,12.0,2.0,0.0,2.0,1.0,0.0,21.0,https://www.basketball-reference.com/boxscores/200403210SEA.html,2003-04
Brent Barry,2004-03-24,Seattle SuperSonics,Utah Jazz,1,36.12,3.0,9.0,0.333,1.0,6.0,0.16699999999999998,0.0,0.0,,1.0,4.0,5.0,5.0,0.0,1.0,4.0,3.0,7.0,14.0,https://www.basketball-reference.com/boxscores/200403240SEA.html,2003-04
Brent Barry,2004-03-26,Seattle SuperSonics,Denver Nuggets,1,8.43,2.0,3.0,0.667,2.0,2.0,1.0,0.0,0.0,,0.0,2.0,2.0,1.0,0.0,0.0,2.0,2.0,6.0,-3.0,https://www.basketball-reference.com/boxscores/200403260SEA.html,2003-04
Brent Barry,2004-03-27,Portland Trail Blazers,Seattle SuperSonics,1,43.35,4.0,9.0,0.444,2.0,6.0,0.333,0.0,0.0,,0.0,3.0,3.0,12.0,3.0,0.0,4.0,4.0,10.0,-10.0,https://www.basketball-reference.com/boxscores/200403270POR.html,2003-04
Brent Barry,2004-03-30,Seattle SuperSonics,Denver Nuggets,0,22.41,5.0,6.0,0.833,2.0,3.0,0.667,2.0,2.0,1.0,0.0,0.0,0.0,4.0,0.0,0.0,2.0,3.0,14.0,-4.0,https://www.basketball-reference.com/boxscores/200403300DEN.html,2003-04
Brent Barry,2004-03-31,Seattle SuperSonics,Minnesota Timberwolves,0,25.05,4.0,8.0,0.5,2.0,5.0,0.4,2.0,2.0,1.0,0.0,0.0,0.0,6.0,2.0,0.0,4.0,3.0,12.0,-2.0,https://www.basketball-reference.com/boxscores/200403310MIN.html,2003-04
Brent Barry,2001-12-02,Seattle SuperSonics,Milwaukee Bucks,1,38.31,3.0,8.0,0.375,3.0,7.0,0.429,4.0,4.0,1.0,0.0,3.0,3.0,10.0,0.0,0.0,4.0,2.0,13.0,6.0,https://www.basketball-reference.com/boxscores/200112020SEA.html,2001-02
Brent Barry,2001-12-04,Seattle SuperSonics,Minnesota Timberwolves,0,20.32,1.0,3.0,0.333,1.0,1.0,1.0,0.0,0.0,,0.0,4.0,4.0,1.0,1.0,0.0,1.0,0.0,3.0,-4.0,https://www.basketball-reference.com/boxscores/200112040MIN.html,2001-02
Brent Barry,2001-12-05,Seattle SuperSonics,Detroit Pistons,0,41.51,5.0,10.0,0.5,4.0,6.0,0.667,3.0,3.0,1.0,1.0,5.0,6.0,1.0,1.0,0.0,2.0,2.0,17.0,3.0,https://www.basketball-reference.com/boxscores/200112050DET.html,2001-02
Brent Barry,2001-12-08,Seattle SuperSonics,Portland Trail Blazers,0,30.27,4.0,8.0,0.5,2.0,5.0,0.4,2.0,2.0,1.0,1.0,2.0,3.0,4.0,0.0,0.0,2.0,2.0,12.0,-12.0,https://www.basketball-reference.com/boxscores/200112080POR.html,2001-02
Brent Barry,2001-12-11,Seattle SuperSonics,Los Angeles Lakers,0,29.06,1.0,4.0,0.25,0.0,0.0,,2.0,3.0,0.667,1.0,2.0,3.0,5.0,1.0,1.0,4.0,2.0,4.0,-7.0,https://www.basketball-reference.com/boxscores/200112110LAL.html,2001-02
Brent Barry,2001-12-12,Seattle SuperSonics,Los Angeles Clippers,0,40.39,6.0,15.0,0.4,3.0,9.0,0.333,3.0,3.0,1.0,0.0,5.0,5.0,4.0,2.0,0.0,2.0,2.0,18.0,-16.0,https://www.basketball-reference.com/boxscores/200112120LAC.html,2001-02
Brent Barry,2001-12-16,Seattle SuperSonics,Orlando Magic,1,35.17,8.0,13.0,0.615,4.0,8.0,0.5,2.0,3.0,0.667,2.0,6.0,8.0,6.0,2.0,0.0,1.0,1.0,22.0,11.0,https://www.basketball-reference.com/boxscores/200112160SEA.html,2001-02
Brent Barry,2001-12-19,Seattle SuperSonics,Sacramento Kings,1,38.5,7.0,11.0,0.636,5.0,7.0,0.7140000000000001,0.0,0.0,,0.0,9.0,9.0,5.0,3.0,1.0,5.0,3.0,19.0,12.0,https://www.basketball-reference.com/boxscores/200112190SEA.html,2001-02
Brent Barry,2001-12-21,Golden State Warriors,Seattle SuperSonics,1,41.44,6.0,9.0,0.667,3.0,5.0,0.6,0.0,0.0,,3.0,5.0,8.0,7.0,1.0,0.0,1.0,2.0,15.0,7.0,https://www.basketball-reference.com/boxscores/200112210GSW.html,2001-02
Brent Barry,2001-12-22,Seattle SuperSonics,Detroit Pistons,1,32.51,4.0,7.0,0.5710000000000001,1.0,4.0,0.25,6.0,6.0,1.0,0.0,2.0,2.0,5.0,4.0,2.0,2.0,2.0,15.0,20.0,https://www.basketball-reference.com/boxscores/200112220SEA.html,2001-02
Brent Barry,2001-12-27,Seattle SuperSonics,Los Angeles Clippers,1,34.38,2.0,8.0,0.25,1.0,6.0,0.16699999999999998,1.0,1.0,1.0,1.0,4.0,5.0,7.0,0.0,0.0,2.0,2.0,6.0,25.0,https://www.basketball-reference.com/boxscores/200112270SEA.html,2001-02
Brent Barry,2001-12-29,Seattle SuperSonics,Toronto Raptors,1,31.39,3.0,8.0,0.375,0.0,3.0,0.0,0.0,0.0,,1.0,5.0,6.0,5.0,1.0,0.0,0.0,2.0,6.0,19.0,https://www.basketball-reference.com/boxscores/200112290SEA.html,2001-02
Brent Barry,2002-01-04,Seattle SuperSonics,Philadelphia 76ers,1,22.23,2.0,6.0,0.333,1.0,4.0,0.25,2.0,4.0,0.5,0.0,3.0,3.0,3.0,2.0,1.0,4.0,4.0,7.0,-3.0,https://www.basketball-reference.com/boxscores/200201040SEA.html,2001-02
Brent Barry,2002-01-06,Seattle SuperSonics,Memphis Grizzlies,0,41.26,6.0,10.0,0.6,3.0,5.0,0.6,1.0,2.0,0.5,2.0,6.0,8.0,6.0,1.0,0.0,1.0,1.0,16.0,17.0,https://www.basketball-reference.com/boxscores/200201060MEM.html,2001-02
Brent Barry,2002-01-07,Seattle SuperSonics,Chicago Bulls,0,32.12,4.0,6.0,0.667,1.0,3.0,0.333,1.0,2.0,0.5,0.0,6.0,6.0,5.0,4.0,1.0,1.0,0.0,10.0,10.0,https://www.basketball-reference.com/boxscores/200201070CHI.html,2001-02
Brent Barry,2002-01-09,Seattle SuperSonics,Minnesota Timberwolves,0,30.42,3.0,6.0,0.5,1.0,4.0,0.25,0.0,0.0,,0.0,2.0,2.0,5.0,1.0,1.0,3.0,1.0,7.0,2.0,https://www.basketball-reference.com/boxscores/200201090MIN.html,2001-02
Brent Barry,2002-01-11,Seattle SuperSonics,Cleveland Cavaliers,1,36.35,1.0,3.0,0.333,1.0,2.0,0.5,1.0,1.0,1.0,0.0,3.0,3.0,5.0,1.0,1.0,0.0,0.0,4.0,5.0,https://www.basketball-reference.com/boxscores/200201110SEA.html,2001-02
Brent Barry,2002-01-16,Seattle SuperSonics,Utah Jazz,0,35.11,3.0,7.0,0.429,1.0,4.0,0.25,2.0,2.0,1.0,1.0,3.0,4.0,1.0,1.0,0.0,1.0,0.0,9.0,-3.0,https://www.basketball-reference.com/boxscores/200201160UTA.html,2001-02
Brent Barry,2002-01-18,Seattle SuperSonics,Denver Nuggets,0,36.01,3.0,9.0,0.333,1.0,3.0,0.333,2.0,3.0,0.667,1.0,6.0,7.0,7.0,1.0,0.0,3.0,6.0,9.0,-2.0,https://www.basketball-reference.com/boxscores/200201180DEN.html,2001-02
Brent Barry,2002-01-19,Seattle SuperSonics,Denver Nuggets,1,31.25,3.0,9.0,0.333,1.0,5.0,0.2,0.0,0.0,,1.0,3.0,4.0,6.0,2.0,1.0,3.0,1.0,7.0,25.0,https://www.basketball-reference.com/boxscores/200201190SEA.html,2001-02
Brent Barry,2002-01-21,Seattle SuperSonics,Philadelphia 76ers,0,41.53,3.0,5.0,0.6,1.0,3.0,0.333,3.0,3.0,1.0,0.0,5.0,5.0,6.0,2.0,0.0,3.0,2.0,10.0,20.0,https://www.basketball-reference.com/boxscores/200201210PHI.html,2001-02
Brent Barry,2002-01-23,Seattle SuperSonics,Charlotte Hornets,0,34.35,4.0,4.0,1.0,1.0,1.0,1.0,0.0,0.0,,1.0,3.0,4.0,3.0,3.0,1.0,1.0,3.0,9.0,-4.0,https://www.basketball-reference.com/boxscores/200201230CHH.html,2001-02
Brent Barry,2002-01-24,Seattle SuperSonics,Milwaukee Bucks,0,46.57,11.0,14.0,0.7859999999999999,6.0,8.0,0.75,1.0,2.0,0.5,0.0,10.0,10.0,5.0,2.0,0.0,1.0,4.0,29.0,12.0,https://www.basketball-reference.com/boxscores/200201240MIL.html,2001-02
Brent Barry,2002-01-26,Seattle SuperSonics,Indiana Pacers,0,40.19,8.0,11.0,0.727,3.0,5.0,0.6,3.0,3.0,1.0,0.0,5.0,5.0,2.0,1.0,0.0,4.0,1.0,22.0,10.0,https://www.basketball-reference.com/boxscores/200201260IND.html,2001-02
Brent Barry,2002-01-29,Seattle SuperSonics,Portland Trail Blazers,1,42.43,3.0,10.0,0.3,2.0,5.0,0.4,3.0,4.0,0.75,3.0,4.0,7.0,7.0,1.0,0.0,2.0,2.0,11.0,-11.0,https://www.basketball-reference.com/boxscores/200201290SEA.html,2001-02
Brent Barry,2002-01-31,Seattle SuperSonics,Sacramento Kings,1,31.5,2.0,6.0,0.333,2.0,3.0,0.667,0.0,0.0,,0.0,3.0,3.0,7.0,3.0,0.0,1.0,2.0,6.0,-3.0,https://www.basketball-reference.com/boxscores/200201310SEA.html,2001-02
Brent Barry,2002-02-02,Seattle SuperSonics,Chicago Bulls,1,39.45,5.0,8.0,0.625,3.0,3.0,1.0,1.0,2.0,0.5,0.0,3.0,3.0,3.0,1.0,2.0,2.0,4.0,14.0,-11.0,https://www.basketball-reference.com/boxscores/200202020SEA.html,2001-02
Brent Barry,2002-02-05,Seattle SuperSonics,Golden State Warriors,0,36.18,9.0,15.0,0.6,1.0,4.0,0.25,2.0,2.0,1.0,1.0,3.0,4.0,4.0,3.0,0.0,2.0,0.0,21.0,26.0,https://www.basketball-reference.com/boxscores/200202050GSW.html,2001-02
Brent Barry,2002-02-06,Seattle SuperSonics,Phoenix Suns,1,42.26,8.0,12.0,0.667,3.0,4.0,0.75,2.0,2.0,1.0,0.0,5.0,5.0,5.0,6.0,2.0,1.0,1.0,21.0,3.0,https://www.basketball-reference.com/boxscores/200202060SEA.html,2001-02
Brent Barry,2002-02-12,Seattle SuperSonics,Dallas Mavericks,1,39.49,7.0,13.0,0.5379999999999999,4.0,6.0,0.667,2.0,2.0,1.0,1.0,3.0,4.0,4.0,0.0,0.0,2.0,4.0,20.0,-2.0,https://www.basketball-reference.com/boxscores/200202120SEA.html,2001-02
Brent Barry,2002-02-14,Seattle SuperSonics,Los Angeles Lakers,1,40.23,7.0,12.0,0.583,2.0,6.0,0.333,5.0,5.0,1.0,0.0,5.0,5.0,4.0,1.0,0.0,2.0,3.0,21.0,-4.0,https://www.basketball-reference.com/boxscores/200202140SEA.html,2001-02
Brent Barry,2002-02-16,Seattle SuperSonics,Boston Celtics,1,36.21,6.0,9.0,0.667,2.0,5.0,0.4,3.0,4.0,0.75,2.0,7.0,9.0,9.0,2.0,0.0,0.0,1.0,17.0,17.0,https://www.basketball-reference.com/boxscores/200202160SEA.html,2001-02
Brent Barry,2002-02-17,Seattle SuperSonics,Sacramento Kings,0,35.56,8.0,16.0,0.5,2.0,6.0,0.333,0.0,0.0,,2.0,3.0,5.0,4.0,0.0,0.0,4.0,6.0,18.0,8.0,https://www.basketball-reference.com/boxscores/200202170SAC.html,2001-02
Brent Barry,2002-02-19,Seattle SuperSonics,Phoenix Suns,0,40.0,5.0,8.0,0.625,1.0,3.0,0.333,7.0,7.0,1.0,0.0,5.0,5.0,6.0,1.0,1.0,2.0,3.0,18.0,11.0,https://www.basketball-reference.com/boxscores/200202190PHO.html,2001-02
Brent Barry,2002-02-20,Seattle SuperSonics,Portland Trail Blazers,1,35.28,5.0,12.0,0.417,2.0,7.0,0.28600000000000003,0.0,0.0,,2.0,5.0,7.0,7.0,1.0,0.0,2.0,4.0,12.0,-5.0,https://www.basketball-reference.com/boxscores/200202200SEA.html,2001-02
Brent Barry,2002-02-22,Seattle SuperSonics,Atlanta Hawks,1,35.46,6.0,9.0,0.667,4.0,5.0,0.8,1.0,1.0,1.0,2.0,4.0,6.0,3.0,2.0,1.0,2.0,2.0,17.0,13.0,https://www.basketball-reference.com/boxscores/200202220SEA.html,2001-02
Brent Barry,2002-02-24,Seattle SuperSonics,Toronto Raptors,0,40.38,9.0,14.0,0.643,4.0,6.0,0.667,1.0,3.0,0.333,0.0,6.0,6.0,7.0,1.0,0.0,2.0,0.0,23.0,10.0,https://www.basketball-reference.com/boxscores/200202240TOR.html,2001-02
Brent Barry,2002-02-26,Seattle SuperSonics,Cleveland Cavaliers,0,37.2,5.0,8.0,0.625,4.0,5.0,0.8,2.0,2.0,1.0,1.0,7.0,8.0,11.0,1.0,0.0,3.0,2.0,16.0,9.0,https://www.basketball-reference.com/boxscores/200202260CLE.html,2001-02
Brent Barry,2002-02-27,Seattle SuperSonics,Atlanta Hawks,0,33.28,4.0,9.0,0.444,2.0,6.0,0.333,2.0,2.0,1.0,1.0,3.0,4.0,4.0,5.0,0.0,4.0,0.0,12.0,6.0,https://www.basketball-reference.com/boxscores/200202270ATL.html,2001-02
Brent Barry,2002-03-01,Seattle SuperSonics,New York Knicks,0,40.08,6.0,11.0,0.545,4.0,7.0,0.5710000000000001,1.0,1.0,1.0,1.0,14.0,15.0,7.0,1.0,0.0,1.0,1.0,17.0,8.0,https://www.basketball-reference.com/boxscores/200203010NYK.html,2001-02
Brent Barry,2002-03-03,Seattle SuperSonics,Memphis Grizzlies,0,30.33,5.0,10.0,0.5,1.0,4.0,0.25,0.0,0.0,,1.0,4.0,5.0,7.0,0.0,0.0,0.0,1.0,11.0,15.0,https://www.basketball-reference.com/boxscores/200203030MEM.html,2001-02
Brent Barry,2002-03-05,Seattle SuperSonics,Minnesota Timberwolves,1,,,,,,,,,,,,,,,,,,,,,https://www.basketball-reference.com/boxscores/200203050SEA.html,2001-02
Brent Barry,2002-03-09,Seattle SuperSonics,New Jersey Nets,1,40.59,4.0,9.0,0.444,1.0,5.0,0.2,2.0,2.0,1.0,0.0,10.0,10.0,7.0,1.0,0.0,1.0,3.0,11.0,15.0,https://www.basketball-reference.com/boxscores/200203090SEA.html,2001-02
Brent Barry,2002-03-11,Seattle SuperSonics,Dallas Mavericks,0,39.42,4.0,12.0,0.333,1.0,6.0,0.16699999999999998,5.0,5.0,1.0,2.0,4.0,6.0,3.0,5.0,2.0,2.0,4.0,14.0,-16.0,https://www.basketball-reference.com/boxscores/200203110DAL.html,2001-02
Brent Barry,2002-03-12,Seattle SuperSonics,Houston Rockets,0,33.25,7.0,12.0,0.583,3.0,5.0,0.6,3.0,3.0,1.0,0.0,5.0,5.0,3.0,1.0,0.0,1.0,4.0,20.0,-5.0,https://www.basketball-reference.com/boxscores/200203120HOU.html,2001-02
Brent Barry,2002-03-15,Seattle SuperSonics,Washington Wizards,1,38.21,9.0,12.0,0.75,4.0,5.0,0.8,9.0,10.0,0.9,0.0,2.0,2.0,2.0,1.0,0.0,1.0,2.0,31.0,-1.0,https://www.basketball-reference.com/boxscores/200203150SEA.html,2001-02
Brent Barry,2002-03-16,Seattle SuperSonics,Los Angeles Clippers,0,39.5,5.0,15.0,0.333,1.0,10.0,0.1,8.0,8.0,1.0,0.0,4.0,4.0,6.0,2.0,2.0,1.0,2.0,19.0,3.0,https://www.basketball-reference.com/boxscores/200203160LAC.html,2001-02
Brent Barry,2002-03-19,Seattle SuperSonics,Golden State Warriors,1,39.03,6.0,8.0,0.75,2.0,3.0,0.667,5.0,7.0,0.7140000000000001,2.0,2.0,4.0,9.0,2.0,0.0,2.0,2.0,19.0,16.0,https://www.basketball-reference.com/boxscores/200203190SEA.html,2001-02
Brent Barry,2002-03-22,Seattle SuperSonics,Houston Rockets,1,35.53,7.0,11.0,0.636,3.0,4.0,0.75,4.0,4.0,1.0,0.0,4.0,4.0,7.0,4.0,0.0,2.0,4.0,21.0,21.0,https://www.basketball-reference.com/boxscores/200203220SEA.html,2001-02
Brent Barry,2002-03-23,Seattle SuperSonics,Denver Nuggets,0,39.34,3.0,11.0,0.273,1.0,7.0,0.14300000000000002,8.0,8.0,1.0,0.0,2.0,2.0,3.0,2.0,1.0,3.0,2.0,15.0,6.0,https://www.basketball-reference.com/boxscores/200203230DEN.html,2001-02
Brent Barry,2002-03-25,Seattle SuperSonics,Utah Jazz,1,40.03,7.0,13.0,0.5379999999999999,1.0,4.0,0.25,3.0,4.0,0.75,0.0,3.0,3.0,6.0,4.0,1.0,1.0,3.0,18.0,8.0,https://www.basketball-reference.com/boxscores/200203250SEA.html,2001-02
Brent Barry,2002-03-27,Seattle SuperSonics,Memphis Grizzlies,1,41.39,7.0,12.0,0.583,2.0,5.0,0.4,1.0,1.0,1.0,0.0,5.0,5.0,9.0,1.0,0.0,2.0,4.0,17.0,20.0,https://www.basketball-reference.com/boxscores/200203270SEA.html,2001-02
Brent Barry,2002-03-29,Seattle SuperSonics,San Antonio Spurs,1,40.12,5.0,12.0,0.417,0.0,3.0,0.0,1.0,2.0,0.5,0.0,9.0,9.0,4.0,1.0,1.0,5.0,2.0,11.0,-5.0,https://www.basketball-reference.com/boxscores/200203290SEA.html,2001-02
Brent Barry,2002-03-30,Seattle SuperSonics,Portland Trail Blazers,0,38.25,9.0,11.0,0.818,4.0,5.0,0.8,0.0,0.0,,0.0,5.0,5.0,5.0,0.0,0.0,3.0,2.0,22.0,1.0,https://www.basketball-reference.com/boxscores/200203300POR.html,2001-02
