Unnamed: 0,season,Player,Date,Team,Against,Home,MP,FG,FGA,FG%,3P,3PA,3P%,FT,FTA,FT%,ORB,DRB,TRB,AST,STL,BLK,TOV,PF,PTS,+/-,GameLink,TS%,DD,DT,FPTS
,2020-21,Brodric Thomas,2020-12-28,Houston Rockets,Denver Nuggets,0.0,8.11,1.0,3.0,0.333,0.0,2.0,0.0,3.0,5.0,0.6,0.0,0.0,0.0,1.0,0.0,0.0,2.0,2.0,5.0,0.0,https://www.basketball-reference.com/boxscores/202012280DEN.html,13.0,0.0,0.0,5.5
,2020-21,Brodric Thomas,2021-01-23,Houston Rockets,Dallas Mavericks,0.0,5.07,1.0,2.0,0.5,1.0,2.0,0.5,2.0,2.0,1.0,0.0,1.0,1.0,0.0,1.0,1.0,1.0,0.0,5.0,7.0,https://www.basketball-reference.com/boxscores/202101230DAL.html,7.199999999999998,0.0,0.0,10.25
,2020-21,Brodric Thomas,2021-03-26,Cleveland Cavaliers,Los Angeles Lakers,0.0,19.59,0.0,7.0,0.0,0.0,4.0,0.0,5.0,6.0,0.833,0.0,3.0,3.0,2.0,2.0,1.0,2.0,0.0,5.0,-5.0,https://www.basketball-reference.com/boxscores/202103260LAL.html,24.1,0.0,0.0,16.75
,2020-21,Brodric Thomas,2021-03-27,Cleveland Cavaliers,Sacramento Kings,0.0,31.13,2.0,8.0,0.25,1.0,3.0,0.333,2.0,2.0,1.0,0.0,1.0,1.0,1.0,2.0,2.0,0.0,2.0,7.0,8.0,https://www.basketball-reference.com/boxscores/202103270SAC.html,31.08,0.0,0.0,18.25
,2020-21,Brodric Thomas,2021-03-29,Cleveland Cavaliers,Utah Jazz,0.0,26.49,1.0,5.0,0.2,0.0,3.0,0.0,3.0,4.0,0.75,0.0,4.0,4.0,0.0,1.0,0.0,1.0,4.0,5.0,-24.0,https://www.basketball-reference.com/boxscores/202103290UTA.html,16.9,0.0,0.0,11.5
