Unnamed: 0,season,Player,Date,Team,Against,Home,MP,FG,FGA,FG%,3P,3PA,3P%,FT,FTA,FT%,ORB,DRB,TRB,AST,STL,BLK,TOV,PF,PTS,+/-,GameLink,TS%,DD,DT,FPTS
,2019-20,Bruno Fernando,2019-12-21,Atlanta Hawks,Brooklyn Nets,0.0,16.49,0.0,4.0,0.0,0.0,2.0,0.0,1.0,2.0,0.5,2.0,4.0,6.0,1.0,1.0,1.0,0.0,3.0,1.0,-5.0,https://www.basketball-reference.com/boxscores/201912210BRK.html,2.44,0.0,0.0,14.0
,2019-20,Bruno Fernando,2019-12-27,Atlanta Hawks,Milwaukee Bucks,1.0,15.39,3.0,7.0,0.429,0.0,2.0,0.0,0.0,3.0,0.0,2.0,5.0,7.0,1.0,1.0,1.0,1.0,4.0,6.0,-3.0,https://www.basketball-reference.com/boxscores/201912270ATL.html,24.96,0.0,0.0,19.75
,2019-20,Bruno Fernando,2020-01-04,Atlanta Hawks,Indiana Pacers,1.0,21.13,4.0,6.0,0.667,0.0,1.0,0.0,2.0,2.0,1.0,2.0,2.0,4.0,3.0,0.0,0.0,0.0,3.0,10.0,1.0,https://www.basketball-reference.com/boxscores/202001040ATL.html,34.4,0.0,0.0,19.5
,2019-20,Bruno Fernando,2020-02-24,Atlanta Hawks,Philadelphia 76ers,0.0,19.59,4.0,8.0,0.5,1.0,3.0,0.333,1.0,1.0,1.0,1.0,3.0,4.0,0.0,0.0,0.0,0.0,2.0,10.0,2.0,https://www.basketball-reference.com/boxscores/202002240PHI.html,42.2,0.0,0.0,15.5
,2020-21,Bruno Fernando,2021-01-11,Atlanta Hawks,Philadelphia 76ers,1.0,20.43,1.0,4.0,0.25,0.0,1.0,0.0,0.0,2.0,0.0,1.0,4.0,5.0,2.0,0.0,0.0,2.0,3.0,2.0,-6.0,https://www.basketball-reference.com/boxscores/202101110ATL.html,4.88,0.0,0.0,10.25
