Unnamed: 0,season,Player,Date,Team,Against,Home,MP,FG,FGA,FG%,3P,3PA,3P%,FT,FTA,FT%,ORB,DRB,TRB,AST,STL,BLK,TOV,PF,PTS,+/-,GameLink,TS%,DD,DT,FPTS
,2019-20,Caleb Martin,2020-02-12,Charlotte Hornets,Minnesota Timberwolves,0.0,25.05,3.0,7.0,0.429,1.0,2.0,0.5,1.0,2.0,0.5,0.0,3.0,3.0,1.0,1.0,0.0,0.0,5.0,8.0,6.0,https://www.basketball-reference.com/boxscores/202002120MIN.html,31.52,0.0,0.0,15.75
,2019-20,Caleb Martin,2020-03-05,Charlotte Hornets,Denver Nuggets,1.0,14.18,2.0,3.0,0.667,1.0,1.0,1.0,3.0,4.0,0.75,0.0,0.0,0.0,0.0,0.0,0.0,1.0,0.0,8.0,-8.0,https://www.basketball-reference.com/boxscores/202003050CHO.html,19.04,0.0,0.0,8.0
,2019-20,Caleb Martin,2020-03-09,Atlanta Hawks,Charlotte Hornets,1.0,36.31,8.0,10.0,0.8,5.0,6.0,0.833,2.0,2.0,1.0,0.0,0.0,0.0,4.0,3.0,2.0,0.0,6.0,23.0,2.0,https://www.basketball-reference.com/boxscores/202003090ATL.html,125.12,0.0,0.0,41.5
,2019-20,Caleb Martin,2020-03-11,Charlotte Hornets,Miami Heat,0.0,35.0,4.0,12.0,0.333,3.0,6.0,0.5,8.0,8.0,1.0,1.0,6.0,7.0,3.0,4.0,0.0,1.0,0.0,19.0,15.0,https://www.basketball-reference.com/boxscores/202003110MIA.html,147.44,0.0,0.0,41.25
,2020-21,Caleb Martin,2020-12-26,Charlotte Hornets,Oklahoma City Thunder,1.0,15.23,4.0,8.0,0.5,1.0,2.0,0.5,1.0,1.0,1.0,0.0,1.0,1.0,0.0,2.0,0.0,1.0,1.0,10.0,7.0,https://www.basketball-reference.com/boxscores/202012260CHO.html,42.2,0.0,0.0,15.25
,2020-21,Caleb Martin,2021-01-02,Charlotte Hornets,Philadelphia 76ers,0.0,19.06,3.0,7.0,0.429,1.0,3.0,0.333,2.0,2.0,1.0,1.0,4.0,5.0,2.0,1.0,0.0,0.0,1.0,9.0,0.0,https://www.basketball-reference.com/boxscores/202101020PHI.html,35.46,0.0,0.0,20.75
,2020-21,Caleb Martin,2021-01-04,Charlotte Hornets,Philadelphia 76ers,0.0,17.24,2.0,4.0,0.5,0.0,2.0,0.0,3.0,5.0,0.6,2.0,1.0,3.0,2.0,0.0,1.0,3.0,0.0,7.0,0.0,https://www.basketball-reference.com/boxscores/202101040PHI.html,21.7,0.0,0.0,14.25
,2020-21,Caleb Martin,2021-01-09,Charlotte Hornets,Atlanta Hawks,1.0,17.17,6.0,9.0,0.667,3.0,4.0,0.75,0.0,1.0,0.0,0.0,2.0,2.0,2.0,1.0,0.0,0.0,0.0,15.0,6.0,https://www.basketball-reference.com/boxscores/202101090CHO.html,70.8,0.0,0.0,24.0
,2020-21,Caleb Martin,2021-01-14,Charlotte Hornets,Toronto Raptors,0.0,24.14,1.0,7.0,0.14300000000000002,0.0,3.0,0.0,3.0,4.0,0.75,2.0,4.0,6.0,4.0,3.0,0.0,3.0,2.0,5.0,-8.0,https://www.basketball-reference.com/boxscores/202101140TOR.html,21.9,0.0,0.0,23.0
,2020-21,Caleb Martin,2021-02-01,Miami Heat,Charlotte Hornets,1.0,19.54,1.0,4.0,0.25,1.0,3.0,0.333,1.0,2.0,0.5,0.0,2.0,2.0,4.0,0.0,0.0,0.0,2.0,4.0,-6.0,https://www.basketball-reference.com/boxscores/202102010MIA.html,9.76,0.0,0.0,13.0
,2020-21,Caleb Martin,2021-02-03,Charlotte Hornets,Philadelphia 76ers,1.0,17.33,3.0,5.0,0.6,2.0,3.0,0.667,1.0,2.0,0.5,1.0,1.0,2.0,1.0,1.0,1.0,1.0,3.0,9.0,-7.0,https://www.basketball-reference.com/boxscores/202102030CHO.html,26.46,0.0,0.0,17.5
,2020-21,Caleb Martin,2021-02-07,Charlotte Hornets,Washington Wizards,1.0,12.43,2.0,9.0,0.222,0.0,1.0,0.0,0.0,2.0,0.0,2.0,4.0,6.0,0.0,0.0,0.0,1.0,1.0,4.0,-11.0,https://www.basketball-reference.com/boxscores/202102070CHO.html,19.76,0.0,0.0,11.0
,2020-21,Caleb Martin,2021-02-10,Charlotte Hornets,Memphis Grizzlies,0.0,17.51,0.0,1.0,0.0,0.0,1.0,0.0,2.0,2.0,1.0,0.0,2.0,2.0,0.0,3.0,0.0,0.0,1.0,2.0,-1.0,https://www.basketball-reference.com/boxscores/202102100MEM.html,1.88,0.0,0.0,10.5
,2020-21,Caleb Martin,2021-03-01,Charlotte Hornets,Portland Trail Blazers,0.0,22.59,4.0,8.0,0.5,3.0,5.0,0.6,0.0,1.0,0.0,0.0,5.0,5.0,0.0,1.0,0.0,1.0,1.0,11.0,-11.0,https://www.basketball-reference.com/boxscores/202103010POR.html,46.42,0.0,0.0,20.25
,2020-21,Caleb Martin,2021-03-17,Charlotte Hornets,Denver Nuggets,0.0,10.48,2.0,6.0,0.333,1.0,4.0,0.25,3.0,4.0,0.75,0.0,2.0,2.0,1.0,3.0,0.0,1.0,3.0,8.0,4.0,https://www.basketball-reference.com/boxscores/202103170DEN.html,31.04,0.0,0.0,18.0
,2020-21,Caleb Martin,2021-03-20,Charlotte Hornets,Los Angeles Clippers,0.0,7.52,0.0,2.0,0.0,0.0,1.0,0.0,1.0,2.0,0.5,0.0,0.0,0.0,0.0,0.0,0.0,0.0,0.0,1.0,-5.0,https://www.basketball-reference.com/boxscores/202103200LAC.html,1.44,0.0,0.0,1.0
