Unnamed: 0,season,Player,Date,Team,Against,Home,MP,FG,FGA,FG%,3P,3PA,3P%,FT,FTA,FT%,ORB,DRB,TRB,AST,STL,BLK,TOV,PF,PTS,+/-,GameLink,TS%,DD,DT,FPTS
,2018-19,Cameron Payne,2018-12-01,Chicago Bulls,Houston Rockets,0.0,17.52,0.0,4.0,0.0,0.0,3.0,0.0,0.0,2.0,0.0,0.0,0.0,0.0,6.0,2.0,0.0,0.0,2.0,0.0,-9.0,https://www.basketball-reference.com/boxscores/201812010HOU.html,0.0,0.0,0.0,13.0
,2018-19,Cameron Payne,2018-12-04,Chicago Bulls,Indiana Pacers,0.0,20.23,4.0,7.0,0.5710000000000001,1.0,2.0,0.5,1.0,1.0,1.0,0.0,1.0,1.0,4.0,0.0,0.0,1.0,3.0,10.0,-3.0,https://www.basketball-reference.com/boxscores/201812040IND.html,37.2,0.0,0.0,17.25
,2018-19,Cameron Payne,2018-12-07,Chicago Bulls,Oklahoma City Thunder,1.0,11.36,1.0,3.0,0.333,1.0,1.0,1.0,2.0,2.0,1.0,0.0,1.0,1.0,5.0,1.0,1.0,2.0,1.0,5.0,-8.0,https://www.basketball-reference.com/boxscores/201812070CHI.html,9.7,0.0,0.0,17.25
,2018-19,Cameron Payne,2019-01-09,Cleveland Cavaliers,New Orleans Pelicans,0.0,22.17,6.0,8.0,0.75,3.0,5.0,0.6,1.0,2.0,0.5,0.0,0.0,0.0,2.0,0.0,0.0,1.0,2.0,16.0,-2.0,https://www.basketball-reference.com/boxscores/201901090NOP.html,71.04,0.0,0.0,20.0
,2018-19,Cameron Payne,2019-01-11,Cleveland Cavaliers,Houston Rockets,0.0,20.41,3.0,9.0,0.333,1.0,6.0,0.16699999999999998,2.0,2.0,1.0,0.0,4.0,4.0,5.0,3.0,1.0,3.0,3.0,9.0,-6.0,https://www.basketball-reference.com/boxscores/201901110HOU.html,44.46,0.0,0.0,28.5
,2018-19,Cameron Payne,2019-01-18,Cleveland Cavaliers,Utah Jazz,0.0,24.12,5.0,9.0,0.556,0.0,2.0,0.0,4.0,4.0,1.0,0.0,4.0,4.0,3.0,1.0,1.0,0.0,2.0,14.0,7.0,https://www.basketball-reference.com/boxscores/201901180UTA.html,75.32,0.0,0.0,27.5
,2018-19,Cameron Payne,2019-01-21,Cleveland Cavaliers,Chicago Bulls,1.0,25.47,4.0,11.0,0.364,1.0,5.0,0.2,2.0,4.0,0.5,1.0,3.0,4.0,3.0,2.0,1.0,2.0,2.0,11.0,2.0,https://www.basketball-reference.com/boxscores/201901210CLE.html,70.17999999999999,0.0,0.0,26.0
,2020-21,Cameron Payne,2020-12-27,Phoenix Suns,Sacramento Kings,0.0,19.37,2.0,5.0,0.4,1.0,2.0,0.5,2.0,2.0,1.0,0.0,5.0,5.0,6.0,2.0,0.0,0.0,6.0,7.0,26.0,https://www.basketball-reference.com/boxscores/202012270SAC.html,20.58,0.0,0.0,26.75
,2020-21,Cameron Payne,2021-01-06,Phoenix Suns,Toronto Raptors,1.0,16.24,1.0,3.0,0.333,1.0,1.0,1.0,2.0,2.0,1.0,0.0,3.0,3.0,10.0,0.0,0.0,1.0,2.0,5.0,7.0,https://www.basketball-reference.com/boxscores/202101060PHO.html,9.7,0.0,0.0,23.75
,2020-21,Cameron Payne,2021-01-20,Phoenix Suns,Houston Rockets,0.0,18.18,3.0,7.0,0.429,1.0,3.0,0.333,3.0,3.0,1.0,0.0,2.0,2.0,5.0,0.0,1.0,0.0,3.0,10.0,1.0,https://www.basketball-reference.com/boxscores/202101200HOU.html,41.6,0.0,0.0,22.5
,2020-21,Cameron Payne,2021-02-19,Phoenix Suns,New Orleans Pelicans,0.0,17.19,2.0,2.0,1.0,1.0,1.0,1.0,1.0,2.0,0.5,0.0,0.0,0.0,4.0,0.0,0.0,1.0,0.0,6.0,-2.0,https://www.basketball-reference.com/boxscores/202102190NOP.html,8.64,0.0,0.0,12.0
,2020-21,Cameron Payne,2021-02-22,Phoenix Suns,Portland Trail Blazers,1.0,17.16,2.0,8.0,0.25,1.0,5.0,0.2,2.0,2.0,1.0,0.0,3.0,3.0,0.0,0.0,1.0,0.0,0.0,7.0,10.0,https://www.basketball-reference.com/boxscores/202102220PHO.html,31.08,0.0,0.0,13.25
,2020-21,Cameron Payne,2021-03-04,Phoenix Suns,Golden State Warriors,1.0,26.41,7.0,11.0,0.636,2.0,3.0,0.667,1.0,1.0,1.0,1.0,4.0,5.0,10.0,3.0,1.0,2.0,3.0,17.0,21.0,https://www.basketball-reference.com/boxscores/202103040PHO.html,97.24,1.0,0.0,47.25
,2020-21,Cameron Payne,2021-03-11,Phoenix Suns,Portland Trail Blazers,0.0,20.01,4.0,5.0,0.8,3.0,3.0,1.0,2.0,2.0,1.0,0.0,3.0,3.0,6.0,1.0,0.0,1.0,0.0,13.0,24.0,https://www.basketball-reference.com/boxscores/202103110POR.html,38.22,0.0,0.0,28.75
,2020-21,Cameron Payne,2021-03-15,Phoenix Suns,Memphis Grizzlies,1.0,23.41,4.0,7.0,0.5710000000000001,2.0,4.0,0.5,3.0,4.0,0.75,1.0,1.0,2.0,4.0,0.0,0.0,1.0,3.0,13.0,11.0,https://www.basketball-reference.com/boxscores/202103150PHO.html,56.94,0.0,0.0,22.0
,2020-21,Cameron Payne,2021-03-19,Phoenix Suns,Minnesota Timberwolves,1.0,18.34,4.0,8.0,0.5,1.0,2.0,0.5,2.0,2.0,1.0,0.0,5.0,5.0,4.0,0.0,0.0,1.0,0.0,11.0,4.0,https://www.basketball-reference.com/boxscores/202103190PHO.html,48.84,0.0,0.0,23.25
,2020-21,Cameron Payne,2021-03-21,Phoenix Suns,Los Angeles Lakers,1.0,18.44,1.0,3.0,0.333,1.0,2.0,0.5,2.0,2.0,1.0,0.0,1.0,1.0,4.0,0.0,0.0,2.0,3.0,5.0,10.0,https://www.basketball-reference.com/boxscores/202103210PHO.html,9.7,0.0,0.0,11.75
,2020-21,Cameron Payne,2021-03-23,Phoenix Suns,Miami Heat,0.0,21.41,3.0,8.0,0.375,0.0,4.0,0.0,3.0,4.0,0.75,2.0,1.0,3.0,5.0,1.0,0.0,1.0,1.0,9.0,-7.0,https://www.basketball-reference.com/boxscores/202103230MIA.html,43.92,0.0,0.0,21.75
,2020-21,Cameron Payne,2021-03-28,Charlotte Hornets,Phoenix Suns,1.0,14.49,2.0,6.0,0.333,1.0,3.0,0.333,1.0,1.0,1.0,0.0,2.0,2.0,2.0,1.0,0.0,0.0,3.0,6.0,3.0,https://www.basketball-reference.com/boxscores/202103280CHO.html,19.32,0.0,0.0,14.0
