Unnamed: 0,season,Player,Date,Team,Against,Home,MP,FG,FGA,FG%,3P,3PA,3P%,FT,FTA,FT%,ORB,DRB,TRB,AST,STL,BLK,TOV,PF,PTS,+/-,GameLink,TS%,DD,DT,FPTS
,2019-20,Cedi Osman,2019-12-03,Cleveland Cavaliers,Detroit Pistons,1.0,25.5,4.0,6.0,0.667,1.0,3.0,0.333,1.0,2.0,0.5,0.0,0.0,0.0,0.0,0.0,1.0,2.0,2.0,10.0,-6.0,https://www.basketball-reference.com/boxscores/201912030CLE.html,34.4,0.0,0.0,11.5
,2019-20,Cedi Osman,2019-12-06,Cleveland Cavaliers,Orlando Magic,1.0,31.34,5.0,12.0,0.417,3.0,7.0,0.429,1.0,2.0,0.5,0.0,5.0,5.0,4.0,4.0,1.0,2.0,2.0,14.0,2.0,https://www.basketball-reference.com/boxscores/201912060CLE.html,90.16,0.0,0.0,36.75
,2019-20,Cedi Osman,2019-12-09,Cleveland Cavaliers,Boston Celtics,0.0,24.18,1.0,5.0,0.2,1.0,4.0,0.25,1.0,2.0,0.5,0.0,1.0,1.0,1.0,1.0,0.0,1.0,2.0,4.0,-13.0,https://www.basketball-reference.com/boxscores/201912090BOS.html,11.76,0.0,0.0,8.75
,2019-20,Cedi Osman,2019-12-16,Cleveland Cavaliers,Toronto Raptors,0.0,24.39,4.0,10.0,0.4,3.0,6.0,0.5,1.0,2.0,0.5,1.0,1.0,2.0,1.0,1.0,0.0,1.0,1.0,12.0,-20.0,https://www.basketball-reference.com/boxscores/201912160TOR.html,65.28,0.0,0.0,19.0
,2019-20,Cedi Osman,2019-12-18,Cleveland Cavaliers,Charlotte Hornets,1.0,32.11,8.0,12.0,0.667,1.0,4.0,0.25,1.0,4.0,0.25,1.0,2.0,3.0,1.0,2.0,1.0,3.0,0.0,18.0,15.0,https://www.basketball-reference.com/boxscores/201912180CLE.html,123.84,0.0,0.0,28.25
,2019-20,Cedi Osman,2019-12-23,Cleveland Cavaliers,Atlanta Hawks,1.0,33.31,7.0,15.0,0.467,3.0,7.0,0.429,1.0,1.0,1.0,1.0,1.0,2.0,3.0,1.0,0.0,3.0,4.0,18.0,-4.0,https://www.basketball-reference.com/boxscores/201912230CLE.html,138.96,0.0,0.0,27.0
,2019-20,Cedi Osman,2019-12-28,Cleveland Cavaliers,Minnesota Timberwolves,0.0,26.59,2.0,7.0,0.28600000000000003,1.0,4.0,0.25,2.0,4.0,0.5,1.0,6.0,7.0,1.0,0.0,0.0,2.0,2.0,7.0,-3.0,https://www.basketball-reference.com/boxscores/201912280MIN.html,30.66,0.0,0.0,16.75
,2019-20,Cedi Osman,2020-01-04,Cleveland Cavaliers,Oklahoma City Thunder,1.0,35.09,7.0,13.0,0.5379999999999999,5.0,9.0,0.556,3.0,4.0,0.75,0.0,4.0,4.0,0.0,0.0,0.0,1.0,5.0,22.0,-6.0,https://www.basketball-reference.com/boxscores/202001040CLE.html,162.36,0.0,0.0,29.0
,2019-20,Cedi Osman,2020-01-05,Cleveland Cavaliers,Minnesota Timberwolves,1.0,29.43,3.0,8.0,0.375,0.0,3.0,0.0,1.0,1.0,1.0,0.0,2.0,2.0,1.0,0.0,1.0,3.0,2.0,7.0,-35.0,https://www.basketball-reference.com/boxscores/202001050CLE.html,29.54,0.0,0.0,11.5
,2019-20,Cedi Osman,2020-01-07,Cleveland Cavaliers,Detroit Pistons,1.0,36.0,7.0,16.0,0.438,2.0,7.0,0.28600000000000003,1.0,1.0,1.0,1.0,0.0,1.0,2.0,1.0,0.0,1.0,2.0,17.0,-22.0,https://www.basketball-reference.com/boxscores/202001070CLE.html,139.74,0.0,0.0,23.75
,2019-20,Cedi Osman,2020-01-09,Detroit Pistons,Cleveland Cavaliers,1.0,40.22,5.0,9.0,0.556,0.0,2.0,0.0,1.0,4.0,0.25,2.0,2.0,4.0,2.0,0.0,0.0,2.0,2.0,11.0,-7.0,https://www.basketball-reference.com/boxscores/202001090DET.html,59.18,0.0,0.0,18.0
,2019-20,Cedi Osman,2020-01-11,Cleveland Cavaliers,Denver Nuggets,0.0,35.12,4.0,8.0,0.5,2.0,5.0,0.4,1.0,1.0,1.0,0.0,12.0,12.0,4.0,0.0,0.0,3.0,4.0,11.0,18.0,https://www.basketball-reference.com/boxscores/202001110DEN.html,46.42,1.0,0.0,32.5
,2019-20,Cedi Osman,2020-01-13,Cleveland Cavaliers,Los Angeles Lakers,0.0,34.59,5.0,12.0,0.417,4.0,6.0,0.667,1.0,1.0,1.0,0.0,4.0,4.0,1.0,0.0,0.0,1.0,2.0,15.0,-23.0,https://www.basketball-reference.com/boxscores/202001130LAL.html,93.3,0.0,0.0,23.0
,2019-20,Cedi Osman,2020-01-14,Cleveland Cavaliers,Los Angeles Clippers,0.0,24.08,7.0,13.0,0.5379999999999999,5.0,8.0,0.625,2.0,2.0,1.0,0.0,3.0,3.0,1.0,0.0,0.0,2.0,3.0,21.0,-19.0,https://www.basketball-reference.com/boxscores/202001140LAC.html,145.74,0.0,0.0,27.75
,2019-20,Cedi Osman,2020-01-18,Cleveland Cavaliers,Chicago Bulls,0.0,27.52,4.0,5.0,0.8,4.0,5.0,0.8,4.0,4.0,1.0,0.0,3.0,3.0,2.0,2.0,0.0,1.0,3.0,16.0,-6.0,https://www.basketball-reference.com/boxscores/202001180CHI.html,54.08,0.0,0.0,28.25
,2019-20,Cedi Osman,2020-01-23,Cleveland Cavaliers,Washington Wizards,1.0,30.03,4.0,11.0,0.364,0.0,6.0,0.0,1.0,1.0,1.0,0.0,2.0,2.0,5.0,2.0,1.0,0.0,4.0,9.0,-7.0,https://www.basketball-reference.com/boxscores/202001230CLE.html,51.48,0.0,0.0,25.0
,2019-20,Cedi Osman,2020-01-25,Cleveland Cavaliers,Chicago Bulls,1.0,30.18,7.0,11.0,0.636,2.0,4.0,0.5,2.0,3.0,0.667,1.0,0.0,1.0,6.0,2.0,0.0,0.0,2.0,18.0,-11.0,https://www.basketball-reference.com/boxscores/202001250CLE.html,110.88,0.0,0.0,33.25
,2019-20,Cedi Osman,2020-02-05,Cleveland Cavaliers,Oklahoma City Thunder,0.0,23.4,4.0,9.0,0.444,2.0,6.0,0.333,1.0,3.0,0.333,0.0,5.0,5.0,4.0,0.0,0.0,2.0,3.0,11.0,3.0,https://www.basketball-reference.com/boxscores/202002050OKC.html,56.76000000000001,0.0,0.0,23.25
,2019-20,Cedi Osman,2020-02-09,Cleveland Cavaliers,Los Angeles Clippers,1.0,24.59,3.0,8.0,0.375,0.0,3.0,0.0,1.0,2.0,0.5,1.0,3.0,4.0,1.0,1.0,0.0,2.0,2.0,7.0,-20.0,https://www.basketball-reference.com/boxscores/202002090CLE.html,31.08,0.0,0.0,14.5
,2019-20,Cedi Osman,2020-02-21,Cleveland Cavaliers,Washington Wizards,0.0,30.03,5.0,7.0,0.7140000000000001,3.0,5.0,0.6,3.0,4.0,0.75,0.0,10.0,10.0,2.0,1.0,0.0,2.0,2.0,16.0,6.0,https://www.basketball-reference.com/boxscores/202002210WAS.html,70.08,1.0,0.0,35.0
,2019-20,Cedi Osman,2020-02-22,Cleveland Cavaliers,Miami Heat,0.0,37.48,6.0,15.0,0.4,4.0,11.0,0.364,3.0,6.0,0.5,2.0,5.0,7.0,7.0,0.0,0.0,0.0,2.0,19.0,-22.0,https://www.basketball-reference.com/boxscores/202002220MIA.html,167.58,0.0,0.0,40.25
,2019-20,Cedi Osman,2020-02-26,Cleveland Cavaliers,Philadelphia 76ers,1.0,16.34,1.0,2.0,0.5,1.0,2.0,0.5,2.0,2.0,1.0,0.0,2.0,2.0,1.0,0.0,0.0,3.0,4.0,5.0,15.0,https://www.basketball-reference.com/boxscores/202002260CLE.html,7.199999999999998,0.0,0.0,8.0
,2019-20,Cedi Osman,2020-02-29,Cleveland Cavaliers,Indiana Pacers,1.0,22.19,3.0,6.0,0.5,1.0,3.0,0.333,1.0,2.0,0.5,0.0,1.0,1.0,2.0,0.0,0.0,0.0,0.0,8.0,-4.0,https://www.basketball-reference.com/boxscores/202002290CLE.html,27.52,0.0,0.0,12.75
,2019-20,Cedi Osman,2020-03-04,Cleveland Cavaliers,Boston Celtics,1.0,42.51,3.0,14.0,0.214,3.0,9.0,0.333,4.0,4.0,1.0,3.0,2.0,5.0,2.0,1.0,0.0,2.0,3.0,13.0,-6.0,https://www.basketball-reference.com/boxscores/202003040CLE.html,102.44,0.0,0.0,24.75
,2019-20,Cedi Osman,2020-03-07,Cleveland Cavaliers,Denver Nuggets,1.0,38.25,7.0,12.0,0.583,5.0,6.0,0.833,1.0,1.0,1.0,0.0,3.0,3.0,1.0,2.0,0.0,2.0,4.0,20.0,5.0,https://www.basketball-reference.com/boxscores/202003070CLE.html,124.4,0.0,0.0,30.75
,2019-20,Cedi Osman,2020-03-10,Cleveland Cavaliers,Chicago Bulls,0.0,29.52,4.0,16.0,0.25,0.0,4.0,0.0,1.0,1.0,1.0,3.0,3.0,6.0,1.0,0.0,1.0,0.0,3.0,9.0,-13.0,https://www.basketball-reference.com/boxscores/202003100CHI.html,73.98,0.0,0.0,20.0
,2018-19,Cedi Osman,2018-12-01,Cleveland Cavaliers,Toronto Raptors,1.0,35.08,3.0,13.0,0.231,1.0,7.0,0.14300000000000002,5.0,5.0,1.0,0.0,6.0,6.0,3.0,1.0,0.0,2.0,4.0,12.0,-10.0,https://www.basketball-reference.com/boxscores/201812010CLE.html,91.2,0.0,0.0,25.5
,2018-19,Cedi Osman,2018-12-03,Cleveland Cavaliers,Brooklyn Nets,0.0,28.21,2.0,6.0,0.333,0.0,2.0,0.0,4.0,4.0,1.0,0.0,7.0,7.0,1.0,0.0,1.0,1.0,2.0,8.0,-5.0,https://www.basketball-reference.com/boxscores/201812030BRK.html,31.04,0.0,0.0,19.75
,2018-19,Cedi Osman,2018-12-05,Cleveland Cavaliers,Golden State Warriors,1.0,33.08,6.0,12.0,0.5,3.0,6.0,0.5,1.0,2.0,0.5,0.0,3.0,3.0,1.0,2.0,0.0,1.0,4.0,16.0,-21.0,https://www.basketball-reference.com/boxscores/201812050CLE.html,103.04,0.0,0.0,26.25
,2018-19,Cedi Osman,2018-12-07,Cleveland Cavaliers,Sacramento Kings,1.0,32.2,4.0,13.0,0.308,1.0,6.0,0.16699999999999998,1.0,2.0,0.5,2.0,4.0,6.0,3.0,2.0,0.0,2.0,3.0,10.0,-22.0,https://www.basketball-reference.com/boxscores/201812070CLE.html,69.4,0.0,0.0,25.5
,2018-19,Cedi Osman,2018-12-10,Cleveland Cavaliers,Milwaukee Bucks,0.0,30.02,3.0,13.0,0.231,1.0,5.0,0.2,1.0,2.0,0.5,0.0,5.0,5.0,6.0,0.0,0.0,0.0,3.0,8.0,-13.0,https://www.basketball-reference.com/boxscores/201812100MIL.html,55.52,0.0,0.0,23.75
,2018-19,Cedi Osman,2018-12-12,Cleveland Cavaliers,New York Knicks,1.0,32.25,1.0,7.0,0.14300000000000002,0.0,4.0,0.0,4.0,4.0,1.0,1.0,4.0,5.0,1.0,0.0,0.0,0.0,1.0,6.0,4.0,https://www.basketball-reference.com/boxscores/201812120CLE.html,26.28,0.0,0.0,13.75
,2018-19,Cedi Osman,2018-12-16,Cleveland Cavaliers,Philadelphia 76ers,1.0,35.23,6.0,10.0,0.6,2.0,4.0,0.5,4.0,7.0,0.5710000000000001,2.0,2.0,4.0,1.0,1.0,0.0,1.0,3.0,18.0,-26.0,https://www.basketball-reference.com/boxscores/201812160CLE.html,117.72,0.0,0.0,27.0
,2018-19,Cedi Osman,2018-12-21,Cleveland Cavaliers,Toronto Raptors,0.0,22.09,4.0,8.0,0.5,0.0,3.0,0.0,4.0,5.0,0.8,0.0,3.0,3.0,0.0,0.0,0.0,1.0,3.0,12.0,-9.0,https://www.basketball-reference.com/boxscores/201812210TOR.html,61.2,0.0,0.0,15.25
,2018-19,Cedi Osman,2018-12-23,Cleveland Cavaliers,Chicago Bulls,1.0,37.01,6.0,11.0,0.545,2.0,4.0,0.5,3.0,3.0,1.0,1.0,6.0,7.0,1.0,0.0,0.0,1.0,3.0,17.0,-18.0,https://www.basketball-reference.com/boxscores/201812230CLE.html,104.72,0.0,0.0,27.75
,2018-19,Cedi Osman,2018-12-26,Cleveland Cavaliers,Memphis Grizzlies,0.0,30.45,4.0,10.0,0.4,0.0,3.0,0.0,2.0,3.0,0.667,0.0,7.0,7.0,0.0,0.0,0.0,3.0,4.0,10.0,-10.0,https://www.basketball-reference.com/boxscores/201812260MEM.html,56.6,0.0,0.0,17.25
,2018-19,Cedi Osman,2018-12-29,Cleveland Cavaliers,Atlanta Hawks,0.0,35.42,8.0,12.0,0.667,2.0,4.0,0.5,4.0,6.0,0.667,2.0,6.0,8.0,3.0,0.0,0.0,3.0,5.0,22.0,8.0,https://www.basketball-reference.com/boxscores/201812290ATL.html,161.04000000000005,0.0,0.0,36.0
,2018-19,Cedi Osman,2019-01-02,Cleveland Cavaliers,Miami Heat,1.0,29.21,2.0,6.0,0.333,2.0,5.0,0.4,3.0,3.0,1.0,0.0,3.0,3.0,3.0,0.0,0.0,1.0,1.0,9.0,-17.0,https://www.basketball-reference.com/boxscores/201901020CLE.html,32.94,0.0,0.0,17.75
,2018-19,Cedi Osman,2019-01-04,Cleveland Cavaliers,Utah Jazz,1.0,30.37,3.0,9.0,0.333,0.0,2.0,0.0,2.0,2.0,1.0,0.0,3.0,3.0,2.0,0.0,0.0,1.0,2.0,8.0,-28.0,https://www.basketball-reference.com/boxscores/201901040CLE.html,39.52,0.0,0.0,14.25
,2018-19,Cedi Osman,2019-01-05,Cleveland Cavaliers,New Orleans Pelicans,1.0,32.54,5.0,12.0,0.417,2.0,4.0,0.5,1.0,1.0,1.0,0.0,1.0,1.0,5.0,3.0,0.0,3.0,5.0,13.0,-32.0,https://www.basketball-reference.com/boxscores/201901050CLE.html,80.86,0.0,0.0,27.25
,2018-19,Cedi Osman,2019-01-08,Cleveland Cavaliers,Indiana Pacers,1.0,32.08,5.0,11.0,0.455,3.0,8.0,0.375,2.0,2.0,1.0,0.0,2.0,2.0,3.0,0.0,0.0,1.0,4.0,15.0,3.0,https://www.basketball-reference.com/boxscores/201901080CLE.html,89.10000000000002,0.0,0.0,23.0
,2018-19,Cedi Osman,2019-01-09,Cleveland Cavaliers,New Orleans Pelicans,0.0,32.52,3.0,9.0,0.333,2.0,5.0,0.4,2.0,2.0,1.0,1.0,3.0,4.0,1.0,0.0,0.0,3.0,3.0,10.0,-15.0,https://www.basketball-reference.com/boxscores/201901090NOP.html,49.40000000000001,0.0,0.0,16.0
,2018-19,Cedi Osman,2019-01-11,Cleveland Cavaliers,Houston Rockets,0.0,27.4,6.0,10.0,0.6,0.0,3.0,0.0,3.0,3.0,1.0,0.0,3.0,3.0,1.0,1.0,0.0,2.0,3.0,15.0,-27.0,https://www.basketball-reference.com/boxscores/201901110HOU.html,84.9,0.0,0.0,21.25
,2018-19,Cedi Osman,2019-01-13,Cleveland Cavaliers,Los Angeles Lakers,0.0,42.15,8.0,17.0,0.471,2.0,6.0,0.333,2.0,4.0,0.5,0.0,8.0,8.0,1.0,2.0,0.0,2.0,3.0,20.0,12.0,https://www.basketball-reference.com/boxscores/201901130LAL.html,187.6,0.0,0.0,35.5
,2018-19,Cedi Osman,2019-01-19,Cleveland Cavaliers,Denver Nuggets,0.0,30.0,6.0,10.0,0.6,1.0,3.0,0.333,4.0,5.0,0.8,0.0,3.0,3.0,1.0,1.0,1.0,4.0,3.0,17.0,-4.0,https://www.basketball-reference.com/boxscores/201901190DEN.html,103.7,0.0,0.0,24.75
,2018-19,Cedi Osman,2019-01-21,Cleveland Cavaliers,Chicago Bulls,1.0,32.05,3.0,7.0,0.429,1.0,4.0,0.25,1.0,2.0,0.5,0.0,0.0,0.0,3.0,2.0,0.0,1.0,2.0,8.0,-18.0,https://www.basketball-reference.com/boxscores/201901210CLE.html,31.52,0.0,0.0,16.5
,2018-19,Cedi Osman,2019-01-23,Cleveland Cavaliers,Boston Celtics,0.0,33.1,8.0,11.0,0.727,6.0,7.0,0.857,3.0,4.0,0.75,2.0,6.0,8.0,2.0,0.0,0.0,3.0,4.0,25.0,-4.0,https://www.basketball-reference.com/boxscores/201901230BOS.html,159.5,0.0,0.0,39.5
,2018-19,Cedi Osman,2019-01-25,Cleveland Cavaliers,Miami Heat,1.0,39.09,11.0,20.0,0.55,3.0,8.0,0.375,4.0,5.0,0.8,2.0,2.0,4.0,4.0,2.0,0.0,1.0,5.0,29.0,-4.0,https://www.basketball-reference.com/boxscores/201901250CLE.html,321.9,0.0,0.0,45.0
,2018-19,Cedi Osman,2019-01-27,Cleveland Cavaliers,Chicago Bulls,0.0,38.53,6.0,17.0,0.353,2.0,8.0,0.25,3.0,4.0,0.75,2.0,6.0,8.0,2.0,2.0,0.0,2.0,3.0,17.0,-1.0,https://www.basketball-reference.com/boxscores/201901270CHI.html,159.46,0.0,0.0,34.0
,2018-19,Cedi Osman,2019-01-29,Cleveland Cavaliers,Washington Wizards,1.0,35.54,10.0,16.0,0.625,4.0,8.0,0.5,2.0,8.0,0.25,0.0,5.0,5.0,7.0,2.0,1.0,3.0,3.0,26.0,6.0,https://www.basketball-reference.com/boxscores/201901290CLE.html,253.76,0.0,0.0,49.25
,2018-19,Cedi Osman,2019-02-25,Cleveland Cavaliers,Portland Trail Blazers,1.0,32.1,10.0,16.0,0.625,3.0,5.0,0.6,4.0,4.0,1.0,2.0,5.0,7.0,3.0,1.0,0.0,1.0,4.0,27.0,-10.0,https://www.basketball-reference.com/boxscores/201902250CLE.html,239.76,0.0,0.0,43.25
,2018-19,Cedi Osman,2019-02-28,Cleveland Cavaliers,New York Knicks,0.0,31.32,7.0,10.0,0.7,3.0,4.0,0.75,4.0,4.0,1.0,1.0,6.0,7.0,5.0,1.0,2.0,2.0,1.0,21.0,5.0,https://www.basketball-reference.com/boxscores/201902280NYK.html,123.48,0.0,0.0,43.75
,2018-19,Cedi Osman,2019-03-02,Cleveland Cavaliers,Detroit Pistons,1.0,32.06,3.0,9.0,0.333,2.0,4.0,0.5,2.0,2.0,1.0,2.0,2.0,4.0,2.0,1.0,0.0,2.0,3.0,10.0,-28.0,https://www.basketball-reference.com/boxscores/201903020CLE.html,49.40000000000001,0.0,0.0,20.0
,2018-19,Cedi Osman,2019-03-08,Cleveland Cavaliers,Miami Heat,0.0,35.52,1.0,9.0,0.111,1.0,6.0,0.16699999999999998,2.0,2.0,1.0,0.0,4.0,4.0,6.0,0.0,0.0,3.0,4.0,5.0,-14.0,https://www.basketball-reference.com/boxscores/201903080MIA.html,24.700000000000006,0.0,0.0,18.0
,2018-19,Cedi Osman,2019-03-11,Cleveland Cavaliers,Toronto Raptors,1.0,35.03,6.0,16.0,0.375,2.0,6.0,0.333,5.0,5.0,1.0,0.0,7.0,7.0,7.0,1.0,0.0,2.0,1.0,19.0,13.0,https://www.basketball-reference.com/boxscores/201903110CLE.html,172.9,0.0,0.0,40.25
,2018-19,Cedi Osman,2019-03-18,Cleveland Cavaliers,Detroit Pistons,1.0,38.15,7.0,14.0,0.5,2.0,5.0,0.4,5.0,5.0,1.0,0.0,4.0,4.0,6.0,1.0,0.0,0.0,1.0,21.0,11.0,https://www.basketball-reference.com/boxscores/201903180CLE.html,170.1,0.0,0.0,38.0
,2018-19,Cedi Osman,2019-03-20,Cleveland Cavaliers,Milwaukee Bucks,1.0,29.45,3.0,10.0,0.3,1.0,5.0,0.2,1.0,2.0,0.5,0.0,3.0,3.0,1.0,0.0,0.0,0.0,2.0,8.0,-4.0,https://www.basketball-reference.com/boxscores/201903200CLE.html,43.52,0.0,0.0,13.75
,2018-19,Cedi Osman,2019-03-22,Cleveland Cavaliers,Los Angeles Clippers,1.0,34.38,2.0,7.0,0.28600000000000003,2.0,3.0,0.667,5.0,6.0,0.833,0.0,2.0,2.0,3.0,0.0,0.0,2.0,5.0,11.0,-1.0,https://www.basketball-reference.com/boxscores/201903220CLE.html,53.02,0.0,0.0,18.0
,2018-19,Cedi Osman,2019-03-24,Cleveland Cavaliers,Milwaukee Bucks,0.0,33.14,4.0,10.0,0.4,0.0,5.0,0.0,1.0,2.0,0.5,0.0,3.0,3.0,2.0,1.0,0.0,3.0,6.0,9.0,-16.0,https://www.basketball-reference.com/boxscores/201903240MIL.html,48.96,0.0,0.0,16.25
,2018-19,Cedi Osman,2019-03-26,Cleveland Cavaliers,Boston Celtics,1.0,35.4,6.0,9.0,0.667,3.0,6.0,0.5,0.0,1.0,0.0,0.0,7.0,7.0,2.0,0.0,0.0,0.0,5.0,15.0,-10.0,https://www.basketball-reference.com/boxscores/201903260CLE.html,70.8,0.0,0.0,28.25
,2018-19,Cedi Osman,2019-03-30,Cleveland Cavaliers,Los Angeles Clippers,0.0,33.29,5.0,13.0,0.385,2.0,6.0,0.333,7.0,9.0,0.778,1.0,4.0,5.0,3.0,4.0,0.0,0.0,1.0,19.0,-12.0,https://www.basketball-reference.com/boxscores/201903300LAC.html,161.12,0.0,0.0,38.75
,2020-21,Cedi Osman,2020-12-26,Detroit Pistons,Cleveland Cavaliers,1.0,25.56,7.0,12.0,0.583,4.0,7.0,0.5710000000000001,4.0,6.0,0.667,0.0,4.0,4.0,0.0,1.0,0.0,0.0,1.0,22.0,-12.0,https://www.basketball-reference.com/boxscores/202012260DET.html,161.04000000000005,0.0,0.0,31.0
,2020-21,Cedi Osman,2020-12-27,Cleveland Cavaliers,Philadelphia 76ers,1.0,21.46,5.0,8.0,0.625,2.0,4.0,0.5,2.0,2.0,1.0,0.0,2.0,2.0,2.0,1.0,1.0,1.0,4.0,14.0,20.0,https://www.basketball-reference.com/boxscores/202012270CLE.html,62.16,0.0,0.0,24.0
,2020-21,Cedi Osman,2020-12-29,Cleveland Cavaliers,New York Knicks,1.0,28.51,2.0,12.0,0.16699999999999998,0.0,5.0,0.0,2.0,2.0,1.0,1.0,0.0,1.0,3.0,0.0,0.0,1.0,2.0,6.0,-14.0,https://www.basketball-reference.com/boxscores/202012290CLE.html,38.64,0.0,0.0,11.25
,2020-21,Cedi Osman,2020-12-31,Cleveland Cavaliers,Indiana Pacers,0.0,21.2,1.0,8.0,0.125,1.0,5.0,0.2,0.0,2.0,0.0,1.0,1.0,2.0,1.0,1.0,0.0,0.0,1.0,3.0,-19.0,https://www.basketball-reference.com/boxscores/202012310IND.html,13.32,0.0,0.0,9.5
,2020-21,Cedi Osman,2021-01-04,Cleveland Cavaliers,Orlando Magic,0.0,38.27,6.0,14.0,0.429,4.0,8.0,0.5,2.0,2.0,1.0,1.0,6.0,7.0,7.0,2.0,1.0,3.0,3.0,18.0,-10.0,https://www.basketball-reference.com/boxscores/202101040ORL.html,133.92000000000002,0.0,0.0,43.75
,2020-21,Cedi Osman,2021-01-06,Cleveland Cavaliers,Orlando Magic,0.0,32.53,1.0,12.0,0.083,0.0,7.0,0.0,2.0,2.0,1.0,0.0,5.0,5.0,7.0,3.0,0.0,2.0,4.0,4.0,-20.0,https://www.basketball-reference.com/boxscores/202101060ORL.html,25.76,0.0,0.0,25.75
,2020-21,Cedi Osman,2021-01-07,Cleveland Cavaliers,Memphis Grizzlies,0.0,38.09,6.0,19.0,0.316,4.0,11.0,0.364,0.0,2.0,0.0,1.0,4.0,5.0,7.0,1.0,0.0,2.0,3.0,16.0,7.0,https://www.basketball-reference.com/boxscores/202101070MEM.html,159.04,0.0,0.0,35.75
,2020-21,Cedi Osman,2021-01-11,Cleveland Cavaliers,Memphis Grizzlies,1.0,33.36,5.0,13.0,0.385,3.0,7.0,0.429,1.0,1.0,1.0,0.0,3.0,3.0,4.0,2.0,0.0,1.0,3.0,14.0,-1.0,https://www.basketball-reference.com/boxscores/202101110CLE.html,94.08,0.0,0.0,28.75
,2020-21,Cedi Osman,2021-01-12,Cleveland Cavaliers,Utah Jazz,1.0,37.42,7.0,15.0,0.467,0.0,6.0,0.0,3.0,3.0,1.0,0.0,4.0,4.0,6.0,0.0,1.0,2.0,3.0,17.0,-29.0,https://www.basketball-reference.com/boxscores/202101120CLE.html,138.72,0.0,0.0,32.0
,2020-21,Cedi Osman,2021-01-15,Cleveland Cavaliers,New York Knicks,1.0,39.34,10.0,20.0,0.5,5.0,9.0,0.556,0.0,1.0,0.0,1.0,2.0,3.0,5.0,2.0,0.0,3.0,3.0,25.0,24.0,https://www.basketball-reference.com/boxscores/202101150CLE.html,255.50000000000003,0.0,0.0,41.25
,2020-21,Cedi Osman,2021-01-25,Cleveland Cavaliers,Los Angeles Lakers,1.0,32.0,6.0,11.0,0.545,5.0,8.0,0.625,3.0,4.0,0.75,1.0,1.0,2.0,2.0,3.0,0.0,2.0,2.0,20.0,8.0,https://www.basketball-reference.com/boxscores/202101250CLE.html,127.6,0.0,0.0,33.0
,2020-21,Cedi Osman,2021-01-31,Cleveland Cavaliers,Minnesota Timberwolves,0.0,23.14,3.0,6.0,0.5,1.0,2.0,0.5,2.0,2.0,1.0,0.0,1.0,1.0,0.0,1.0,0.0,1.0,1.0,9.0,-5.0,https://www.basketball-reference.com/boxscores/202101310MIN.html,30.96,0.0,0.0,12.25
,2020-21,Cedi Osman,2021-02-05,Cleveland Cavaliers,Milwaukee Bucks,1.0,22.25,4.0,11.0,0.364,2.0,8.0,0.25,2.0,2.0,1.0,0.0,3.0,3.0,1.0,0.0,0.0,0.0,1.0,12.0,-9.0,https://www.basketball-reference.com/boxscores/202102050CLE.html,71.28,0.0,0.0,18.25
,2020-21,Cedi Osman,2021-02-14,Cleveland Cavaliers,Los Angeles Clippers,0.0,24.35,6.0,12.0,0.5,3.0,7.0,0.429,5.0,6.0,0.833,2.0,1.0,3.0,2.0,0.0,0.0,0.0,2.0,20.0,-2.0,https://www.basketball-reference.com/boxscores/202102140LAC.html,146.4,0.0,0.0,28.25
,2020-21,Cedi Osman,2021-02-15,Cleveland Cavaliers,Golden State Warriors,0.0,35.14,6.0,15.0,0.4,3.0,9.0,0.333,2.0,2.0,1.0,0.0,10.0,10.0,2.0,2.0,0.0,2.0,2.0,17.0,-35.0,https://www.basketball-reference.com/boxscores/202102150GSW.html,134.98000000000002,1.0,0.0,38.0
,2020-21,Cedi Osman,2021-02-19,Cleveland Cavaliers,Denver Nuggets,1.0,26.21,3.0,8.0,0.375,3.0,7.0,0.429,2.0,3.0,0.667,2.0,4.0,6.0,7.0,1.0,0.0,1.0,2.0,11.0,-9.0,https://www.basketball-reference.com/boxscores/202102190CLE.html,51.26000000000001,0.0,0.0,32.0
,2020-21,Cedi Osman,2021-02-23,Cleveland Cavaliers,Atlanta Hawks,1.0,19.57,3.0,7.0,0.429,3.0,7.0,0.429,2.0,2.0,1.0,1.0,1.0,2.0,3.0,0.0,0.0,2.0,2.0,11.0,10.0,https://www.basketball-reference.com/boxscores/202102230CLE.html,43.34,0.0,0.0,18.5
,2020-21,Cedi Osman,2021-03-01,Cleveland Cavaliers,Houston Rockets,0.0,20.0,3.0,7.0,0.429,3.0,6.0,0.5,2.0,2.0,1.0,0.0,5.0,5.0,1.0,0.0,0.0,1.0,2.0,11.0,4.0,https://www.basketball-reference.com/boxscores/202103010HOU.html,43.34,0.0,0.0,19.75
,2020-21,Cedi Osman,2021-03-12,Cleveland Cavaliers,New Orleans Pelicans,0.0,23.45,1.0,9.0,0.111,0.0,6.0,0.0,4.0,4.0,1.0,0.0,1.0,1.0,1.0,1.0,1.0,1.0,3.0,6.0,-23.0,https://www.basketball-reference.com/boxscores/202103120NOP.html,32.28,0.0,0.0,12.25
,2020-21,Cedi Osman,2021-03-14,Cleveland Cavaliers,Atlanta Hawks,0.0,26.15,4.0,11.0,0.364,2.0,4.0,0.5,0.0,1.0,0.0,1.0,3.0,4.0,2.0,1.0,1.0,1.0,1.0,10.0,3.0,https://www.basketball-reference.com/boxscores/202103140ATL.html,57.2,0.0,0.0,22.5
,2020-21,Cedi Osman,2021-03-16,Cleveland Cavaliers,Miami Heat,0.0,21.45,3.0,8.0,0.375,1.0,5.0,0.2,1.0,2.0,0.5,2.0,1.0,3.0,7.0,2.0,0.0,2.0,0.0,8.0,-4.0,https://www.basketball-reference.com/boxscores/202103160MIA.html,35.52,0.0,0.0,25.75
,2020-21,Cedi Osman,2021-03-17,Cleveland Cavaliers,Boston Celtics,1.0,18.38,2.0,5.0,0.4,2.0,4.0,0.5,4.0,5.0,0.8,0.0,1.0,1.0,3.0,2.0,0.0,3.0,1.0,10.0,-1.0,https://www.basketball-reference.com/boxscores/202103170CLE.html,36.0,0.0,0.0,19.25
,2020-21,Cedi Osman,2021-03-21,Cleveland Cavaliers,Toronto Raptors,1.0,23.58,1.0,6.0,0.16699999999999998,1.0,4.0,0.25,2.0,2.0,1.0,0.0,6.0,6.0,6.0,2.0,0.0,0.0,3.0,5.0,10.0,https://www.basketball-reference.com/boxscores/202103210CLE.html,17.2,0.0,0.0,26.0
,2020-21,Cedi Osman,2021-03-22,Cleveland Cavaliers,Sacramento Kings,1.0,18.46,2.0,7.0,0.28600000000000003,0.0,2.0,0.0,1.0,2.0,0.5,0.0,3.0,3.0,1.0,1.0,0.0,0.0,0.0,5.0,4.0,https://www.basketball-reference.com/boxscores/202103220CLE.html,19.7,0.0,0.0,12.25
,2020-21,Cedi Osman,2021-03-26,Cleveland Cavaliers,Los Angeles Lakers,0.0,24.06,2.0,8.0,0.25,1.0,5.0,0.2,1.0,4.0,0.25,0.0,1.0,1.0,0.0,2.0,0.0,2.0,2.0,6.0,1.0,https://www.basketball-reference.com/boxscores/202103260LAL.html,29.28,0.0,0.0,10.75
