Player,Date,Team,Against,Home,MP,FG,FGA,FG%,3P,3PA,3P%,FT,FTA,FT%,ORB,DRB,TRB,AST,STL,BLK,TOV,PF,PTS,+/-,GameLink,season
Chuma Okeke,2020-12-23,Orlando Magic,Miami Heat,1,22.0,1.0,3.0,0.333,0.0,1.0,0.0,1.0,2.0,0.5,2.0,3.0,5.0,2.0,1.0,0.0,1.0,0.0,3.0,-11.0,https://www.basketball-reference.com/boxscores/202012230ORL.html,2020-21
Chuma Okeke,2020-12-26,Orlando Magic,Washington Wizards,0,18.21,1.0,4.0,0.25,0.0,1.0,0.0,1.0,2.0,0.5,1.0,2.0,3.0,2.0,0.0,0.0,0.0,1.0,3.0,-6.0,https://www.basketball-reference.com/boxscores/202012260WAS.html,2020-21
Chuma Okeke,2020-12-27,Orlando Magic,Washington Wizards,0,16.12,0.0,0.0,,0.0,0.0,,0.0,0.0,,1.0,0.0,1.0,2.0,0.0,0.0,1.0,0.0,0.0,-5.0,https://www.basketball-reference.com/boxscores/202012270WAS.html,2020-21
Chuma Okeke,2020-12-29,Orlando Magic,Oklahoma City Thunder,0,17.39,1.0,3.0,0.333,0.0,1.0,0.0,1.0,2.0,0.5,1.0,2.0,3.0,1.0,2.0,1.0,0.0,0.0,3.0,8.0,https://www.basketball-reference.com/boxscores/202012290OKC.html,2020-21
Chuma Okeke,2020-12-31,Orlando Magic,Philadelphia 76ers,1,17.14,2.0,4.0,0.5,2.0,4.0,0.5,0.0,0.0,,0.0,1.0,1.0,1.0,0.0,0.0,1.0,1.0,6.0,-1.0,https://www.basketball-reference.com/boxscores/202012310ORL.html,2020-21
Chuma Okeke,2021-02-02,Orlando Magic,Toronto Raptors,1,17.59,4.0,5.0,0.8,2.0,2.0,1.0,0.0,0.0,,0.0,0.0,0.0,3.0,1.0,0.0,1.0,4.0,10.0,6.0,https://www.basketball-reference.com/boxscores/202102020ORL.html,2020-21
Chuma Okeke,2021-02-05,Orlando Magic,Chicago Bulls,1,17.42,2.0,4.0,0.5,0.0,1.0,0.0,0.0,0.0,,2.0,3.0,5.0,1.0,0.0,0.0,0.0,0.0,4.0,-17.0,https://www.basketball-reference.com/boxscores/202102050ORL.html,2020-21
Chuma Okeke,2021-02-06,Orlando Magic,Chicago Bulls,1,22.03,1.0,5.0,0.2,0.0,2.0,0.0,0.0,0.0,,1.0,4.0,5.0,3.0,1.0,2.0,1.0,0.0,2.0,5.0,https://www.basketball-reference.com/boxscores/202102060ORL.html,2020-21
Chuma Okeke,2021-02-09,Orlando Magic,Portland Trail Blazers,0,27.14,1.0,5.0,0.2,0.0,3.0,0.0,0.0,0.0,,3.0,4.0,7.0,5.0,3.0,0.0,1.0,3.0,2.0,2.0,https://www.basketball-reference.com/boxscores/202102090POR.html,2020-21
Chuma Okeke,2021-02-11,Orlando Magic,Golden State Warriors,0,35.03,3.0,9.0,0.333,3.0,5.0,0.6,0.0,0.0,,2.0,3.0,5.0,5.0,1.0,0.0,2.0,0.0,9.0,8.0,https://www.basketball-reference.com/boxscores/202102110GSW.html,2020-21
Chuma Okeke,2021-02-12,Orlando Magic,Sacramento Kings,0,25.42,1.0,4.0,0.25,0.0,2.0,0.0,0.0,0.0,,2.0,2.0,4.0,1.0,0.0,0.0,1.0,3.0,2.0,4.0,https://www.basketball-reference.com/boxscores/202102120SAC.html,2020-21
Chuma Okeke,2021-02-14,Orlando Magic,Phoenix Suns,0,28.22,4.0,9.0,0.444,1.0,5.0,0.2,0.0,0.0,,1.0,3.0,4.0,1.0,0.0,1.0,0.0,1.0,9.0,-5.0,https://www.basketball-reference.com/boxscores/202102140PHO.html,2020-21
Chuma Okeke,2021-02-17,Orlando Magic,New York Knicks,1,16.35,1.0,3.0,0.333,1.0,2.0,0.5,0.0,0.0,,0.0,1.0,1.0,0.0,2.0,0.0,0.0,0.0,3.0,15.0,https://www.basketball-reference.com/boxscores/202102170ORL.html,2020-21
Chuma Okeke,2021-02-19,Orlando Magic,Golden State Warriors,1,22.1,4.0,8.0,0.5,3.0,4.0,0.75,0.0,0.0,,0.0,5.0,5.0,2.0,0.0,3.0,0.0,1.0,11.0,8.0,https://www.basketball-reference.com/boxscores/202102190ORL.html,2020-21
Chuma Okeke,2021-02-21,Orlando Magic,Detroit Pistons,1,24.39,1.0,3.0,0.333,0.0,1.0,0.0,0.0,0.0,,0.0,3.0,3.0,2.0,1.0,0.0,0.0,2.0,2.0,-5.0,https://www.basketball-reference.com/boxscores/202102210ORL.html,2020-21
Chuma Okeke,2021-02-23,Orlando Magic,Detroit Pistons,1,20.3,2.0,4.0,0.5,2.0,3.0,0.667,0.0,2.0,0.0,1.0,3.0,4.0,3.0,3.0,0.0,1.0,0.0,6.0,5.0,https://www.basketball-reference.com/boxscores/202102230ORL.html,2020-21
Chuma Okeke,2021-02-25,Orlando Magic,Brooklyn Nets,0,17.15,0.0,4.0,0.0,0.0,1.0,0.0,0.0,0.0,,0.0,3.0,3.0,1.0,1.0,0.0,0.0,0.0,0.0,-22.0,https://www.basketball-reference.com/boxscores/202102250BRK.html,2020-21
Chuma Okeke,2021-02-27,Orlando Magic,Utah Jazz,1,22.22,2.0,3.0,0.667,1.0,1.0,1.0,0.0,0.0,,1.0,1.0,2.0,2.0,0.0,0.0,0.0,0.0,5.0,1.0,https://www.basketball-reference.com/boxscores/202102270ORL.html,2020-21
Chuma Okeke,2021-03-01,Orlando Magic,Dallas Mavericks,1,22.42,2.0,3.0,0.667,2.0,3.0,0.667,0.0,0.0,,0.0,3.0,3.0,2.0,0.0,0.0,2.0,0.0,6.0,9.0,https://www.basketball-reference.com/boxscores/202103010ORL.html,2020-21
Chuma Okeke,2021-03-03,Orlando Magic,Atlanta Hawks,1,25.05,0.0,3.0,0.0,0.0,2.0,0.0,2.0,2.0,1.0,0.0,6.0,6.0,0.0,0.0,0.0,1.0,3.0,2.0,-2.0,https://www.basketball-reference.com/boxscores/202103030ORL.html,2020-21
Chuma Okeke,2021-03-11,Orlando Magic,Miami Heat,0,25.34,3.0,6.0,0.5,1.0,2.0,0.5,0.0,0.0,,2.0,3.0,5.0,2.0,0.0,1.0,0.0,1.0,7.0,-11.0,https://www.basketball-reference.com/boxscores/202103110MIA.html,2020-21
Chuma Okeke,2021-03-12,Orlando Magic,San Antonio Spurs,0,27.12,2.0,9.0,0.222,1.0,7.0,0.14300000000000002,3.0,3.0,1.0,0.0,3.0,3.0,2.0,1.0,1.0,2.0,0.0,8.0,-9.0,https://www.basketball-reference.com/boxscores/202103120SAS.html,2020-21
Chuma Okeke,2021-03-14,Orlando Magic,Miami Heat,1,21.15,1.0,4.0,0.25,1.0,3.0,0.333,0.0,0.0,,2.0,1.0,3.0,2.0,1.0,0.0,1.0,4.0,3.0,8.0,https://www.basketball-reference.com/boxscores/202103140ORL.html,2020-21
Chuma Okeke,2021-03-18,Orlando Magic,New York Knicks,0,22.52,2.0,7.0,0.28600000000000003,1.0,3.0,0.333,0.0,0.0,,1.0,8.0,9.0,2.0,0.0,0.0,0.0,0.0,5.0,-1.0,https://www.basketball-reference.com/boxscores/202103180NYK.html,2020-21
Chuma Okeke,2021-03-19,Orlando Magic,Brooklyn Nets,1,18.28,1.0,3.0,0.333,1.0,1.0,1.0,0.0,0.0,,0.0,1.0,1.0,1.0,1.0,0.0,1.0,3.0,3.0,-6.0,https://www.basketball-reference.com/boxscores/202103190ORL.html,2020-21
Chuma Okeke,2021-03-21,Orlando Magic,Boston Celtics,0,20.01,2.0,5.0,0.4,0.0,3.0,0.0,1.0,1.0,1.0,0.0,2.0,2.0,2.0,1.0,1.0,0.0,1.0,5.0,-8.0,https://www.basketball-reference.com/boxscores/202103210BOS.html,2020-21
Chuma Okeke,2021-03-23,Orlando Magic,Denver Nuggets,1,14.34,0.0,1.0,0.0,0.0,1.0,0.0,0.0,0.0,,0.0,2.0,2.0,1.0,1.0,0.0,1.0,0.0,0.0,-20.0,https://www.basketball-reference.com/boxscores/202103230ORL.html,2020-21
Chuma Okeke,2021-03-24,Orlando Magic,Phoenix Suns,1,20.22,6.0,6.0,1.0,4.0,4.0,1.0,1.0,2.0,0.5,0.0,3.0,3.0,0.0,0.0,0.0,0.0,1.0,17.0,1.0,https://www.basketball-reference.com/boxscores/202103240ORL.html,2020-21
Chuma Okeke,2021-03-26,Orlando Magic,Portland Trail Blazers,1,37.03,9.0,15.0,0.6,4.0,6.0,0.667,0.0,0.0,,0.0,6.0,6.0,4.0,2.0,0.0,1.0,1.0,22.0,-2.0,https://www.basketball-reference.com/boxscores/202103260ORL.html,2020-21
Chuma Okeke,2021-03-28,Orlando Magic,Los Angeles Lakers,0,29.57,5.0,11.0,0.455,3.0,6.0,0.5,1.0,1.0,1.0,2.0,4.0,6.0,3.0,0.0,1.0,2.0,0.0,14.0,3.0,https://www.basketball-reference.com/boxscores/202103280LAL.html,2020-21
Chuma Okeke,2021-03-30,Orlando Magic,Los Angeles Clippers,0,28.09,7.0,11.0,0.636,1.0,3.0,0.333,3.0,3.0,1.0,2.0,2.0,4.0,2.0,3.0,0.0,3.0,2.0,18.0,15.0,https://www.basketball-reference.com/boxscores/202103300LAC.html,2020-21
