Player,Date,Team,Against,Home,MP,FG,FGA,FG%,3P,3PA,3P%,FT,FTA,FT%,ORB,DRB,TRB,AST,STL,BLK,TOV,PF,PTS,+/-,GameLink,season
Cory Jefferson,2014-12-02,Brooklyn Nets,New York Knicks,0,,,,,,,,,,,,,,,,,,,,,https://www.basketball-reference.com/boxscores/201412020NYK.html,2014-15
Cory Jefferson,2014-12-05,Brooklyn Nets,Atlanta Hawks,1,13.25,2.0,6.0,0.333,0.0,2.0,0.0,2.0,3.0,0.667,1.0,5.0,6.0,0.0,0.0,0.0,0.0,1.0,6.0,0.0,https://www.basketball-reference.com/boxscores/201412050BRK.html,2014-15
Cory Jefferson,2014-12-08,Brooklyn Nets,Cleveland Cavaliers,1,9.46,2.0,5.0,0.4,0.0,1.0,0.0,0.0,0.0,,0.0,1.0,1.0,0.0,0.0,0.0,0.0,0.0,4.0,-4.0,https://www.basketball-reference.com/boxscores/201412080BRK.html,2014-15
Cory Jefferson,2014-12-10,Brooklyn Nets,Chicago Bulls,0,13.3,2.0,6.0,0.333,0.0,1.0,0.0,0.0,0.0,,1.0,3.0,4.0,0.0,0.0,1.0,1.0,1.0,4.0,-14.0,https://www.basketball-reference.com/boxscores/201412100CHI.html,2014-15
Cory Jefferson,2014-12-12,Brooklyn Nets,Philadelphia 76ers,1,27.57,3.0,7.0,0.429,0.0,0.0,,0.0,2.0,0.0,1.0,6.0,7.0,0.0,1.0,3.0,1.0,1.0,6.0,13.0,https://www.basketball-reference.com/boxscores/201412120BRK.html,2014-15
Cory Jefferson,2014-12-13,Brooklyn Nets,Charlotte Hornets,0,23.24,5.0,5.0,1.0,0.0,0.0,,1.0,1.0,1.0,1.0,4.0,5.0,2.0,0.0,1.0,0.0,4.0,11.0,23.0,https://www.basketball-reference.com/boxscores/201412130CHO.html,2014-15
Cory Jefferson,2014-12-16,Brooklyn Nets,Miami Heat,1,10.02,1.0,4.0,0.25,0.0,0.0,,2.0,4.0,0.5,0.0,2.0,2.0,0.0,0.0,0.0,2.0,3.0,4.0,-9.0,https://www.basketball-reference.com/boxscores/201412160BRK.html,2014-15
Cory Jefferson,2014-12-17,Brooklyn Nets,Toronto Raptors,0,16.55,3.0,4.0,0.75,1.0,1.0,1.0,0.0,0.0,,0.0,1.0,1.0,1.0,0.0,0.0,1.0,2.0,7.0,-4.0,https://www.basketball-reference.com/boxscores/201412170TOR.html,2014-15
Cory Jefferson,2014-12-19,Brooklyn Nets,Cleveland Cavaliers,0,,,,,,,,,,,,,,,,,,,,,https://www.basketball-reference.com/boxscores/201412190CLE.html,2014-15
Cory Jefferson,2014-12-21,Brooklyn Nets,Detroit Pistons,1,,,,,,,,,,,,,,,,,,,,,https://www.basketball-reference.com/boxscores/201412210BRK.html,2014-15
Cory Jefferson,2014-12-23,Brooklyn Nets,Denver Nuggets,1,6.5,1.0,2.0,0.5,0.0,1.0,0.0,1.0,2.0,0.5,1.0,1.0,2.0,0.0,0.0,0.0,0.0,1.0,3.0,3.0,https://www.basketball-reference.com/boxscores/201412230BRK.html,2014-15
Cory Jefferson,2014-12-30,Brooklyn Nets,Chicago Bulls,0,2.39,0.0,1.0,0.0,0.0,0.0,,0.0,0.0,,0.0,1.0,1.0,0.0,0.0,0.0,0.0,0.0,0.0,-5.0,https://www.basketball-reference.com/boxscores/201412300CHI.html,2014-15
Cory Jefferson,2015-01-09,Brooklyn Nets,Philadelphia 76ers,1,,,,,,,,,,,,,,,,,,,,,https://www.basketball-reference.com/boxscores/201501090BRK.html,2014-15
Cory Jefferson,2015-01-10,Brooklyn Nets,Detroit Pistons,0,,,,,,,,,,,,,,,,,,,,,https://www.basketball-reference.com/boxscores/201501100DET.html,2014-15
Cory Jefferson,2015-01-12,Brooklyn Nets,Houston Rockets,1,24.14,2.0,9.0,0.222,1.0,3.0,0.333,2.0,2.0,1.0,0.0,4.0,4.0,0.0,0.0,1.0,1.0,2.0,7.0,-1.0,https://www.basketball-reference.com/boxscores/201501120BRK.html,2014-15
Cory Jefferson,2015-01-14,Brooklyn Nets,Memphis Grizzlies,1,7.11,1.0,1.0,1.0,0.0,0.0,,0.0,0.0,,0.0,2.0,2.0,1.0,1.0,0.0,0.0,3.0,2.0,7.0,https://www.basketball-reference.com/boxscores/201501140BRK.html,2014-15
Cory Jefferson,2015-01-16,Brooklyn Nets,Washington Wizards,0,2.15,0.0,1.0,0.0,0.0,0.0,,0.0,0.0,,0.0,1.0,1.0,1.0,0.0,0.0,0.0,0.0,0.0,1.0,https://www.basketball-reference.com/boxscores/201501160WAS.html,2014-15
Cory Jefferson,2015-01-17,Brooklyn Nets,Washington Wizards,1,0.27,0.0,1.0,0.0,0.0,0.0,,0.0,0.0,,1.0,0.0,1.0,0.0,0.0,0.0,0.0,0.0,0.0,-1.0,https://www.basketball-reference.com/boxscores/201501170BRK.html,2014-15
Cory Jefferson,2015-01-21,Brooklyn Nets,Sacramento Kings,0,,,,,,,,,,,,,,,,,,,,,https://www.basketball-reference.com/boxscores/201501210SAC.html,2014-15
Cory Jefferson,2015-01-22,Brooklyn Nets,Los Angeles Clippers,0,17.35,4.0,10.0,0.4,0.0,1.0,0.0,1.0,2.0,0.5,3.0,5.0,8.0,2.0,1.0,1.0,0.0,0.0,9.0,6.0,https://www.basketball-reference.com/boxscores/201501220LAC.html,2014-15
Cory Jefferson,2015-01-24,Brooklyn Nets,Utah Jazz,0,10.16,1.0,4.0,0.25,0.0,0.0,,0.0,0.0,,0.0,0.0,0.0,0.0,0.0,1.0,0.0,1.0,2.0,-9.0,https://www.basketball-reference.com/boxscores/201501240UTA.html,2014-15
Cory Jefferson,2015-01-28,Brooklyn Nets,Atlanta Hawks,0,15.04,2.0,4.0,0.5,0.0,0.0,,1.0,2.0,0.5,2.0,3.0,5.0,0.0,0.0,0.0,0.0,1.0,5.0,-5.0,https://www.basketball-reference.com/boxscores/201501280ATL.html,2014-15
Cory Jefferson,2015-02-02,Brooklyn Nets,Los Angeles Clippers,1,9.19,0.0,1.0,0.0,0.0,0.0,,0.0,0.0,,0.0,2.0,2.0,0.0,0.0,0.0,2.0,2.0,0.0,4.0,https://www.basketball-reference.com/boxscores/201502020BRK.html,2014-15
Cory Jefferson,2015-02-04,Brooklyn Nets,Toronto Raptors,0,14.44,3.0,6.0,0.5,0.0,0.0,,0.0,0.0,,3.0,2.0,5.0,0.0,0.0,0.0,0.0,1.0,6.0,8.0,https://www.basketball-reference.com/boxscores/201502040TOR.html,2014-15
Cory Jefferson,2015-02-06,Brooklyn Nets,New York Knicks,1,0.1,0.0,0.0,,0.0,0.0,,0.0,0.0,,0.0,0.0,0.0,0.0,0.0,0.0,0.0,1.0,0.0,-2.0,https://www.basketball-reference.com/boxscores/201502060BRK.html,2014-15
Cory Jefferson,2015-02-07,Brooklyn Nets,Washington Wizards,0,14.08,0.0,1.0,0.0,0.0,0.0,,1.0,2.0,0.5,0.0,1.0,1.0,0.0,0.0,1.0,1.0,4.0,1.0,-12.0,https://www.basketball-reference.com/boxscores/201502070WAS.html,2014-15
Cory Jefferson,2015-02-09,Brooklyn Nets,Milwaukee Bucks,0,10.59,1.0,3.0,0.333,0.0,0.0,,0.0,0.0,,0.0,3.0,3.0,1.0,0.0,1.0,0.0,1.0,2.0,0.0,https://www.basketball-reference.com/boxscores/201502090MIL.html,2014-15
Cory Jefferson,2015-02-10,Brooklyn Nets,Memphis Grizzlies,0,4.06,0.0,0.0,,0.0,0.0,,0.0,0.0,,0.0,1.0,1.0,0.0,0.0,1.0,0.0,1.0,0.0,7.0,https://www.basketball-reference.com/boxscores/201502100MEM.html,2014-15
Cory Jefferson,2015-02-20,Brooklyn Nets,Los Angeles Lakers,0,7.22,1.0,3.0,0.333,0.0,0.0,,0.0,0.0,,1.0,0.0,1.0,0.0,0.0,0.0,0.0,2.0,2.0,-1.0,https://www.basketball-reference.com/boxscores/201502200LAL.html,2014-15
Cory Jefferson,2015-02-23,Brooklyn Nets,Denver Nuggets,0,8.57,3.0,4.0,0.75,0.0,0.0,,1.0,2.0,0.5,1.0,4.0,5.0,1.0,1.0,1.0,0.0,0.0,7.0,14.0,https://www.basketball-reference.com/boxscores/201502230DEN.html,2014-15
Cory Jefferson,2015-02-25,Brooklyn Nets,New Orleans Pelicans,0,,,,,,,,,,,,,,,,,,,,,https://www.basketball-reference.com/boxscores/201502250NOP.html,2014-15
Cory Jefferson,2015-02-27,Brooklyn Nets,Houston Rockets,0,9.54,1.0,1.0,1.0,0.0,0.0,,1.0,2.0,0.5,1.0,3.0,4.0,0.0,0.0,0.0,0.0,0.0,3.0,5.0,https://www.basketball-reference.com/boxscores/201502270HOU.html,2014-15
Cory Jefferson,2015-02-28,Brooklyn Nets,Dallas Mavericks,0,,,,,,,,,,,,,,,,,,,,,https://www.basketball-reference.com/boxscores/201502280DAL.html,2014-15
Cory Jefferson,2015-03-02,Brooklyn Nets,Golden State Warriors,1,,,,,,,,,,,,,,,,,,,,,https://www.basketball-reference.com/boxscores/201503020BRK.html,2014-15
Cory Jefferson,2015-03-04,Brooklyn Nets,Charlotte Hornets,1,13.46,3.0,6.0,0.5,0.0,0.0,,0.0,0.0,,3.0,1.0,4.0,0.0,0.0,0.0,0.0,4.0,6.0,2.0,https://www.basketball-reference.com/boxscores/201503040BRK.html,2014-15
Cory Jefferson,2015-03-08,Brooklyn Nets,Utah Jazz,1,15.17,3.0,5.0,0.6,0.0,0.0,,0.0,2.0,0.0,0.0,3.0,3.0,0.0,0.0,0.0,0.0,0.0,6.0,1.0,https://www.basketball-reference.com/boxscores/201503080BRK.html,2014-15
Cory Jefferson,2015-03-10,Brooklyn Nets,New Orleans Pelicans,1,20.56,4.0,8.0,0.5,0.0,0.0,,0.0,0.0,,2.0,5.0,7.0,1.0,0.0,1.0,2.0,0.0,8.0,-11.0,https://www.basketball-reference.com/boxscores/201503100BRK.html,2014-15
Cory Jefferson,2015-03-11,Brooklyn Nets,Miami Heat,0,14.43,1.0,6.0,0.16699999999999998,0.0,1.0,0.0,0.0,2.0,0.0,0.0,2.0,2.0,1.0,1.0,0.0,0.0,2.0,2.0,0.0,https://www.basketball-reference.com/boxscores/201503110MIA.html,2014-15
Cory Jefferson,2015-03-14,Brooklyn Nets,Philadelphia 76ers,0,12.52,3.0,3.0,1.0,0.0,0.0,,0.0,0.0,,2.0,3.0,5.0,1.0,1.0,1.0,1.0,0.0,6.0,-7.0,https://www.basketball-reference.com/boxscores/201503140PHI.html,2014-15
Cory Jefferson,2015-03-16,Brooklyn Nets,Minnesota Timberwolves,0,15.2,2.0,6.0,0.333,0.0,0.0,,0.0,2.0,0.0,1.0,0.0,1.0,0.0,0.0,0.0,1.0,4.0,4.0,-4.0,https://www.basketball-reference.com/boxscores/201503160MIN.html,2014-15
Cory Jefferson,2015-03-18,Brooklyn Nets,Cleveland Cavaliers,0,13.54,2.0,2.0,1.0,0.0,0.0,,0.0,0.0,,1.0,1.0,2.0,1.0,0.0,2.0,0.0,2.0,4.0,-5.0,https://www.basketball-reference.com/boxscores/201503180CLE.html,2014-15
Cory Jefferson,2015-03-21,Brooklyn Nets,Indiana Pacers,0,13.21,1.0,1.0,1.0,0.0,0.0,,1.0,2.0,0.5,1.0,2.0,3.0,0.0,0.0,0.0,0.0,2.0,3.0,12.0,https://www.basketball-reference.com/boxscores/201503210IND.html,2014-15
Cory Jefferson,2015-03-23,Brooklyn Nets,Boston Celtics,1,6.1,1.0,2.0,0.5,0.0,0.0,,0.0,0.0,,1.0,3.0,4.0,0.0,0.0,1.0,1.0,0.0,2.0,-2.0,https://www.basketball-reference.com/boxscores/201503230BRK.html,2014-15
Cory Jefferson,2015-03-25,Brooklyn Nets,Charlotte Hornets,0,6.06,0.0,2.0,0.0,0.0,0.0,,0.0,0.0,,0.0,1.0,1.0,0.0,0.0,2.0,1.0,2.0,0.0,3.0,https://www.basketball-reference.com/boxscores/201503250CHO.html,2014-15
Cory Jefferson,2015-03-27,Brooklyn Nets,Cleveland Cavaliers,1,2.04,0.0,1.0,0.0,0.0,0.0,,0.0,0.0,,0.0,1.0,1.0,0.0,0.0,0.0,0.0,0.0,0.0,4.0,https://www.basketball-reference.com/boxscores/201503270BRK.html,2014-15
Cory Jefferson,2015-03-29,Brooklyn Nets,Los Angeles Lakers,1,,,,,,,,,,,,,,,,,,,,,https://www.basketball-reference.com/boxscores/201503290BRK.html,2014-15
Cory Jefferson,2015-03-31,Brooklyn Nets,Indiana Pacers,1,,,,,,,,,,,,,,,,,,,,,https://www.basketball-reference.com/boxscores/201503310BRK.html,2014-15
Cory Jefferson,2015-12-01,Phoenix Suns,Brooklyn Nets,0,,,,,,,,,,,,,,,,,,,,,https://www.basketball-reference.com/boxscores/201512010BRK.html,2015-16
Cory Jefferson,2015-12-02,Detroit Pistons,Phoenix Suns,1,3.41,1.0,2.0,0.5,0.0,0.0,,0.0,0.0,,0.0,2.0,2.0,0.0,0.0,0.0,0.0,2.0,2.0,5.0,https://www.basketball-reference.com/boxscores/201512020DET.html,2015-16
Cory Jefferson,2015-12-04,Phoenix Suns,Washington Wizards,0,,,,,,,,,,,,,,,,,,,,,https://www.basketball-reference.com/boxscores/201512040WAS.html,2015-16
Cory Jefferson,2015-12-06,Phoenix Suns,Memphis Grizzlies,0,0.0,0.0,0.0,,0.0,0.0,,0.0,0.0,,0.0,0.0,0.0,0.0,0.0,0.0,0.0,0.0,0.0,,https://www.basketball-reference.com/boxscores/201512060MEM.html,2015-16
Cory Jefferson,2015-12-07,Phoenix Suns,Chicago Bulls,0,0.0,0.0,0.0,,0.0,0.0,,0.0,0.0,,0.0,0.0,0.0,0.0,0.0,0.0,0.0,0.0,0.0,0.0,https://www.basketball-reference.com/boxscores/201512070CHI.html,2015-16
Cory Jefferson,2015-12-09,Phoenix Suns,Orlando Magic,1,,,,,,,,,,,,,,,,,,,,,https://www.basketball-reference.com/boxscores/201512090PHO.html,2015-16
Cory Jefferson,2015-12-11,Phoenix Suns,Portland Trail Blazers,1,10.59,2.0,3.0,0.667,0.0,0.0,,0.0,0.0,,0.0,2.0,2.0,0.0,0.0,1.0,0.0,1.0,4.0,-2.0,https://www.basketball-reference.com/boxscores/201512110PHO.html,2015-16
Cory Jefferson,2015-12-26,Phoenix Suns,Philadelphia 76ers,1,,,,,,,,,,,,,,,,,,,,,https://www.basketball-reference.com/boxscores/201512260PHO.html,2015-16
Cory Jefferson,2015-12-28,Phoenix Suns,Cleveland Cavaliers,1,,,,,,,,,,,,,,,,,,,,,https://www.basketball-reference.com/boxscores/201512280PHO.html,2015-16
Cory Jefferson,2015-12-30,Phoenix Suns,San Antonio Spurs,0,7.48,2.0,4.0,0.5,0.0,1.0,0.0,0.0,0.0,,1.0,3.0,4.0,0.0,0.0,0.0,0.0,2.0,4.0,-2.0,https://www.basketball-reference.com/boxscores/201512300SAS.html,2015-16
Cory Jefferson,2015-12-31,Phoenix Suns,Oklahoma City Thunder,0,,,,,,,,,,,,,,,,,,,,,https://www.basketball-reference.com/boxscores/201512310OKC.html,2015-16
Cory Jefferson,2016-01-21,Phoenix Suns,San Antonio Spurs,1,17.16,1.0,8.0,0.125,0.0,0.0,,2.0,2.0,1.0,3.0,2.0,5.0,0.0,0.0,0.0,0.0,2.0,4.0,-6.0,https://www.basketball-reference.com/boxscores/201601210PHO.html,2015-16
Cory Jefferson,2016-01-23,Phoenix Suns,Atlanta Hawks,1,,,,,,,,,,,,,,,,,,,,,https://www.basketball-reference.com/boxscores/201601230PHO.html,2015-16
Cory Jefferson,2016-01-26,Phoenix Suns,Philadelphia 76ers,0,,,,,,,,,,,,,,,,,,,,,https://www.basketball-reference.com/boxscores/201601260PHI.html,2015-16
Cory Jefferson,2016-01-27,Phoenix Suns,Cleveland Cavaliers,0,4.54,2.0,2.0,1.0,0.0,0.0,,2.0,2.0,1.0,1.0,0.0,1.0,0.0,0.0,0.0,0.0,0.0,6.0,4.0,https://www.basketball-reference.com/boxscores/201601270CLE.html,2015-16
Cory Jefferson,2016-01-29,Phoenix Suns,New York Knicks,0,,,,,,,,,,,,,,,,,,,,,https://www.basketball-reference.com/boxscores/201601290NYK.html,2015-16
