Player,Date,Team,Against,Home,MP,FG,FGA,FG%,3P,3PA,3P%,FT,FTA,FT%,ORB,DRB,TRB,AST,STL,BLK,TOV,PF,PTS,+/-,GameLink,season
D.J. Stephens,2018-12-02,Memphis Grizzlies,Philadelphia 76ers,0,,,,,,,,,,,,,,,,,,,,,https://www.basketball-reference.com/boxscores/201812020PHI.html,2018-19
D.J. Stephens,2018-12-07,Memphis Grizzlies,New Orleans Pelicans,0,,,,,,,,,,,,,,,,,,,,,https://www.basketball-reference.com/boxscores/201812070NOP.html,2018-19
D.J. Stephens,2018-12-08,Memphis Grizzlies,Los Angeles Lakers,1,6.44,1.0,2.0,0.5,0.0,0.0,,0.0,0.0,,0.0,0.0,0.0,0.0,1.0,0.0,1.0,0.0,2.0,-3.0,https://www.basketball-reference.com/boxscores/201812080MEM.html,2018-19
D.J. Stephens,2018-12-10,Memphis Grizzlies,Denver Nuggets,0,,,,,,,,,,,,,,,,,,,,,https://www.basketball-reference.com/boxscores/201812100DEN.html,2018-19
D.J. Stephens,2014-03-27,Milwaukee Bucks,Los Angeles Lakers,1,,,,,,,,,,,,,,,,,,,,,https://www.basketball-reference.com/boxscores/201403270MIL.html,2013-14
D.J. Stephens,2014-03-29,Milwaukee Bucks,Miami Heat,1,11.42,2.0,5.0,0.4,0.0,0.0,,1.0,1.0,1.0,1.0,3.0,4.0,0.0,0.0,0.0,0.0,0.0,5.0,-3.0,https://www.basketball-reference.com/boxscores/201403290MIL.html,2013-14
D.J. Stephens,2014-03-31,Milwaukee Bucks,Detroit Pistons,0,,,,,,,,,,,,,,,,,,,,,https://www.basketball-reference.com/boxscores/201403310DET.html,2013-14
