Unnamed: 0,season,Player,Date,Team,Against,Home,MP,FG,FGA,FG%,3P,3PA,3P%,FT,FTA,FT%,ORB,DRB,TRB,AST,STL,BLK,TOV,PF,PTS,+/-,GameLink,TS%,DD,DT,FPTS
,2019-20,Damian Lillard,2019-12-03,Portland Trail Blazers,Los Angeles Clippers,0.0,29.54,5.0,15.0,0.333,2.0,9.0,0.222,4.0,5.0,0.8,0.0,2.0,2.0,7.0,1.0,0.0,2.0,2.0,16.0,-13.0,https://www.basketball-reference.com/boxscores/201912030LAC.html,137.6,0.0,0.0,31.0
,2019-20,Damian Lillard,2019-12-04,Portland Trail Blazers,Sacramento Kings,1.0,37.27,7.0,12.0,0.583,4.0,6.0,0.667,6.0,7.0,0.857,0.0,4.0,4.0,10.0,2.0,1.0,4.0,2.0,24.0,14.0,https://www.basketball-reference.com/boxscores/201912040POR.html,180.96,1.0,0.0,51.0
,2019-20,Damian Lillard,2019-12-06,Portland Trail Blazers,Los Angeles Lakers,1.0,40.44,9.0,18.0,0.5,2.0,8.0,0.25,9.0,11.0,0.818,0.0,7.0,7.0,8.0,0.0,0.0,4.0,0.0,29.0,-10.0,https://www.basketball-reference.com/boxscores/201912060POR.html,331.18,0.0,0.0,48.75
,2019-20,Damian Lillard,2019-12-08,Portland Trail Blazers,Oklahoma City Thunder,1.0,38.34,8.0,24.0,0.333,2.0,12.0,0.16699999999999998,8.0,8.0,1.0,0.0,3.0,3.0,7.0,1.0,0.0,3.0,3.0,26.0,-9.0,https://www.basketball-reference.com/boxscores/201912080POR.html,357.76,0.0,0.0,41.75
,2019-20,Damian Lillard,2019-12-10,Portland Trail Blazers,New York Knicks,1.0,28.59,9.0,15.0,0.6,8.0,12.0,0.667,5.0,5.0,1.0,0.0,2.0,2.0,6.0,0.0,0.0,3.0,2.0,31.0,28.0,https://www.basketball-reference.com/boxscores/201912100POR.html,266.6,0.0,0.0,45.0
,2019-20,Damian Lillard,2019-12-12,Portland Trail Blazers,Denver Nuggets,0.0,37.33,5.0,16.0,0.313,2.0,9.0,0.222,1.0,2.0,0.5,1.0,1.0,2.0,11.0,1.0,0.0,2.0,0.0,13.0,-11.0,https://www.basketball-reference.com/boxscores/201912120DEN.html,109.72,1.0,0.0,35.0
,2019-20,Damian Lillard,2019-12-16,Portland Trail Blazers,Phoenix Suns,0.0,36.47,9.0,21.0,0.429,3.0,8.0,0.375,6.0,7.0,0.857,0.0,1.0,1.0,5.0,0.0,0.0,4.0,4.0,27.0,10.0,https://www.basketball-reference.com/boxscores/201912160PHO.html,325.08,0.0,0.0,35.25
,2019-20,Damian Lillard,2019-12-18,Portland Trail Blazers,Golden State Warriors,1.0,37.16,9.0,20.0,0.45,2.0,8.0,0.25,11.0,13.0,0.846,1.0,4.0,5.0,13.0,1.0,1.0,3.0,1.0,31.0,11.0,https://www.basketball-reference.com/boxscores/201912180POR.html,398.66,1.0,0.0,61.25
,2019-20,Damian Lillard,2019-12-20,Portland Trail Blazers,Orlando Magic,1.0,36.26,13.0,21.0,0.619,7.0,13.0,0.5379999999999999,3.0,3.0,1.0,0.0,3.0,3.0,6.0,1.0,0.0,5.0,1.0,36.0,28.0,https://www.basketball-reference.com/boxscores/201912200POR.html,401.76,0.0,0.0,51.75
,2019-20,Damian Lillard,2019-12-21,Portland Trail Blazers,Minnesota Timberwolves,1.0,38.02,10.0,25.0,0.4,3.0,12.0,0.25,6.0,9.0,0.667,0.0,3.0,3.0,7.0,1.0,1.0,3.0,0.0,29.0,5.0,https://www.basketball-reference.com/boxscores/201912210POR.html,419.92,0.0,0.0,47.25
,2019-20,Damian Lillard,2019-12-23,Portland Trail Blazers,New Orleans Pelicans,1.0,36.53,6.0,21.0,0.28600000000000003,0.0,10.0,0.0,6.0,6.0,1.0,0.0,3.0,3.0,7.0,2.0,0.0,3.0,1.0,18.0,-14.0,https://www.basketball-reference.com/boxscores/201912230POR.html,212.76,0.0,0.0,34.75
,2019-20,Damian Lillard,2019-12-26,Portland Trail Blazers,Utah Jazz,0.0,37.28,10.0,21.0,0.476,7.0,13.0,0.5379999999999999,7.0,8.0,0.875,1.0,3.0,4.0,8.0,0.0,0.0,1.0,4.0,34.0,-26.0,https://www.basketball-reference.com/boxscores/201912260UTA.html,416.84,0.0,0.0,54.0
,2019-20,Damian Lillard,2019-12-28,Portland Trail Blazers,Los Angeles Lakers,1.0,39.17,7.0,17.0,0.412,4.0,13.0,0.308,13.0,14.0,0.929,0.0,2.0,2.0,9.0,1.0,1.0,3.0,4.0,31.0,-5.0,https://www.basketball-reference.com/boxscores/201912280POR.html,358.98,0.0,0.0,51.5
,2019-20,Damian Lillard,2019-12-30,Portland Trail Blazers,Phoenix Suns,1.0,38.07,10.0,20.0,0.5,5.0,12.0,0.417,8.0,12.0,0.667,1.0,4.0,5.0,7.0,1.0,0.0,2.0,1.0,33.0,3.0,https://www.basketball-reference.com/boxscores/201912300POR.html,417.12,0.0,0.0,53.25
,2019-20,Damian Lillard,2020-01-03,Portland Trail Blazers,Washington Wizards,0.0,34.16,10.0,20.0,0.5,2.0,6.0,0.333,13.0,14.0,0.929,0.0,3.0,3.0,3.0,1.0,0.0,1.0,1.0,35.0,29.0,https://www.basketball-reference.com/boxscores/202001030WAS.html,457.8,0.0,0.0,45.75
,2019-20,Damian Lillard,2020-01-05,Portland Trail Blazers,Miami Heat,0.0,41.39,11.0,22.0,0.5,6.0,12.0,0.5,6.0,7.0,0.857,0.0,1.0,1.0,12.0,3.0,0.0,3.0,1.0,34.0,-13.0,https://www.basketball-reference.com/boxscores/202001050MIA.html,426.36,1.0,0.0,61.75
,2019-20,Damian Lillard,2020-01-07,Portland Trail Blazers,Toronto Raptors,0.0,36.58,5.0,11.0,0.455,4.0,7.0,0.5710000000000001,6.0,6.0,1.0,0.0,4.0,4.0,9.0,0.0,2.0,4.0,0.0,20.0,8.0,https://www.basketball-reference.com/boxscores/202001070TOR.html,136.4,0.0,0.0,42.5
,2019-20,Damian Lillard,2020-01-09,Portland Trail Blazers,Minnesota Timberwolves,0.0,29.37,6.0,18.0,0.333,3.0,10.0,0.3,5.0,6.0,0.833,2.0,2.0,4.0,8.0,0.0,0.0,0.0,0.0,20.0,-15.0,https://www.basketball-reference.com/boxscores/202001090MIN.html,206.4,0.0,0.0,38.5
,2019-20,Damian Lillard,2020-01-11,Portland Trail Blazers,Milwaukee Bucks,1.0,35.01,10.0,20.0,0.5,3.0,8.0,0.375,3.0,3.0,1.0,1.0,2.0,3.0,5.0,0.0,0.0,3.0,2.0,26.0,-12.0,https://www.basketball-reference.com/boxscores/202001110POR.html,277.16,0.0,0.0,37.25
,2019-20,Damian Lillard,2020-01-13,Portland Trail Blazers,Charlotte Hornets,1.0,35.36,10.0,16.0,0.625,5.0,10.0,0.5,5.0,7.0,0.7140000000000001,0.0,3.0,3.0,9.0,0.0,0.0,4.0,1.0,30.0,-7.0,https://www.basketball-reference.com/boxscores/202001130POR.html,286.2,0.0,0.0,47.75
,2019-20,Damian Lillard,2020-01-15,Portland Trail Blazers,Houston Rockets,0.0,37.48,8.0,20.0,0.4,1.0,8.0,0.125,8.0,8.0,1.0,1.0,6.0,7.0,7.0,2.0,0.0,1.0,3.0,25.0,4.0,https://www.basketball-reference.com/boxscores/202001150HOU.html,294.0,0.0,0.0,48.25
,2019-20,Damian Lillard,2020-01-17,Portland Trail Blazers,Dallas Mavericks,0.0,39.46,13.0,25.0,0.52,3.0,10.0,0.3,5.0,7.0,0.7140000000000001,0.0,1.0,1.0,10.0,2.0,0.0,4.0,1.0,34.0,-5.0,https://www.basketball-reference.com/boxscores/202001170DAL.html,477.36,1.0,0.0,54.75
,2019-20,Damian Lillard,2020-01-18,Portland Trail Blazers,Oklahoma City Thunder,0.0,35.56,10.0,23.0,0.435,5.0,12.0,0.417,9.0,12.0,0.75,0.0,0.0,0.0,6.0,1.0,0.0,4.0,2.0,34.0,-16.0,https://www.basketball-reference.com/boxscores/202001180OKC.html,480.76,0.0,0.0,45.5
,2019-20,Damian Lillard,2020-01-23,Portland Trail Blazers,Dallas Mavericks,1.0,41.42,16.0,28.0,0.5710000000000001,8.0,15.0,0.5329999999999999,7.0,7.0,1.0,0.0,6.0,6.0,8.0,1.0,0.0,5.0,0.0,47.0,-2.0,https://www.basketball-reference.com/boxscores/202001230POR.html,730.38,0.0,0.0,70.0
,2019-20,Damian Lillard,2020-01-26,Portland Trail Blazers,Indiana Pacers,1.0,38.28,14.0,23.0,0.609,8.0,12.0,0.667,14.0,16.0,0.875,0.0,6.0,6.0,13.0,1.0,0.0,1.0,0.0,50.0,19.0,https://www.basketball-reference.com/boxscores/202001260POR.html,751.0,1.0,0.0,83.5
,2019-20,Damian Lillard,2020-01-29,Portland Trail Blazers,Houston Rockets,1.0,39.11,11.0,21.0,0.524,6.0,12.0,0.5,8.0,10.0,0.8,1.0,9.0,10.0,11.0,1.0,0.0,8.0,3.0,36.0,6.0,https://www.basketball-reference.com/boxscores/202001290POR.html,457.2,1.0,1.0,68.0
,2019-20,Damian Lillard,2020-01-31,Portland Trail Blazers,Los Angeles Lakers,0.0,40.16,17.0,30.0,0.5670000000000001,7.0,12.0,0.583,7.0,8.0,0.875,1.0,8.0,9.0,10.0,2.0,0.0,1.0,1.0,48.0,12.0,https://www.basketball-reference.com/boxscores/202001310LAL.html,804.48,1.0,0.0,82.25
,2019-20,Damian Lillard,2020-02-01,Portland Trail Blazers,Utah Jazz,1.0,36.19,17.0,29.0,0.586,9.0,15.0,0.6,8.0,8.0,1.0,0.0,2.0,2.0,12.0,1.0,0.0,2.0,2.0,51.0,17.0,https://www.basketball-reference.com/boxscores/202002010POR.html,829.2600000000001,1.0,0.0,78.0
,2019-20,Damian Lillard,2020-02-04,Portland Trail Blazers,Denver Nuggets,0.0,30.04,8.0,23.0,0.348,1.0,6.0,0.16699999999999998,4.0,4.0,1.0,1.0,1.0,2.0,9.0,1.0,0.0,0.0,0.0,21.0,-23.0,https://www.basketball-reference.com/boxscores/202002040DEN.html,259.98,0.0,0.0,39.5
,2019-20,Damian Lillard,2020-02-06,Portland Trail Blazers,San Antonio Spurs,1.0,37.2,9.0,20.0,0.45,3.0,9.0,0.333,5.0,5.0,1.0,0.0,2.0,2.0,10.0,0.0,0.0,7.0,1.0,26.0,-9.0,https://www.basketball-reference.com/boxscores/202002060POR.html,288.6,1.0,0.0,42.5
,2019-20,Damian Lillard,2020-02-07,Portland Trail Blazers,Utah Jazz,0.0,43.29,16.0,30.0,0.5329999999999999,8.0,14.0,0.5710000000000001,2.0,3.0,0.667,1.0,5.0,6.0,6.0,1.0,2.0,4.0,2.0,42.0,6.0,https://www.basketball-reference.com/boxscores/202002070UTA.html,657.72,0.0,0.0,66.5
,2019-20,Damian Lillard,2020-02-09,Portland Trail Blazers,Miami Heat,1.0,37.32,11.0,23.0,0.478,6.0,15.0,0.4,5.0,6.0,0.833,1.0,3.0,4.0,8.0,1.0,1.0,3.0,2.0,33.0,11.0,https://www.basketball-reference.com/boxscores/202002090POR.html,423.06,0.0,0.0,55.5
,2019-20,Damian Lillard,2020-02-11,Portland Trail Blazers,New Orleans Pelicans,0.0,29.04,6.0,16.0,0.375,0.0,4.0,0.0,8.0,9.0,0.889,1.0,4.0,5.0,6.0,0.0,0.0,3.0,1.0,20.0,-16.0,https://www.basketball-reference.com/boxscores/202002110NOP.html,199.6,0.0,0.0,33.75
,2019-20,Damian Lillard,2020-02-12,Portland Trail Blazers,Memphis Grizzlies,0.0,36.4,7.0,19.0,0.368,2.0,7.0,0.28600000000000003,4.0,4.0,1.0,2.0,3.0,5.0,10.0,1.0,0.0,4.0,3.0,20.0,-7.0,https://www.basketball-reference.com/boxscores/202002120MEM.html,207.6,1.0,0.0,43.25
,2019-20,Damian Lillard,2020-03-04,Portland Trail Blazers,Washington Wizards,1.0,31.47,6.0,12.0,0.5,4.0,7.0,0.5710000000000001,6.0,6.0,1.0,2.0,2.0,4.0,5.0,2.0,1.0,3.0,1.0,22.0,22.0,https://www.basketball-reference.com/boxscores/202003040POR.html,161.04000000000005,0.0,0.0,41.0
,2019-20,Damian Lillard,2020-03-06,Portland Trail Blazers,Phoenix Suns,0.0,38.02,6.0,16.0,0.375,3.0,7.0,0.429,9.0,10.0,0.9,0.0,3.0,3.0,6.0,0.0,0.0,4.0,2.0,24.0,-6.0,https://www.basketball-reference.com/boxscores/202003060PHO.html,244.8,0.0,0.0,36.25
,2019-20,Damian Lillard,2020-03-07,Portland Trail Blazers,Sacramento Kings,1.0,33.19,4.0,15.0,0.267,2.0,10.0,0.2,2.0,4.0,0.5,0.0,3.0,3.0,6.0,2.0,0.0,1.0,1.0,12.0,-19.0,https://www.basketball-reference.com/boxscores/202003070POR.html,100.56,0.0,0.0,29.25
,2019-20,Damian Lillard,2020-03-10,Portland Trail Blazers,Phoenix Suns,1.0,40.22,8.0,17.0,0.471,5.0,10.0,0.5,4.0,4.0,1.0,0.0,5.0,5.0,7.0,3.0,2.0,2.0,3.0,25.0,23.0,https://www.basketball-reference.com/boxscores/202003100POR.html,234.50000000000003,0.0,0.0,53.25
,2018-19,Damian Lillard,2018-12-02,Portland Trail Blazers,San Antonio Spurs,0.0,41.23,12.0,28.0,0.429,3.0,11.0,0.273,10.0,10.0,1.0,0.0,2.0,2.0,10.0,2.0,0.0,1.0,2.0,37.0,-7.0,https://www.basketball-reference.com/boxscores/201812020SAS.html,599.4,1.0,0.0,60.5
,2018-19,Damian Lillard,2018-12-04,Portland Trail Blazers,Dallas Mavericks,0.0,37.32,10.0,23.0,0.435,2.0,8.0,0.25,11.0,12.0,0.917,2.0,6.0,8.0,8.0,1.0,2.0,6.0,5.0,33.0,-12.0,https://www.basketball-reference.com/boxscores/201812040DAL.html,466.62,0.0,0.0,59.0
,2018-19,Damian Lillard,2018-12-06,Portland Trail Blazers,Phoenix Suns,1.0,27.42,8.0,14.0,0.5710000000000001,3.0,5.0,0.6,6.0,7.0,0.857,1.0,4.0,5.0,8.0,1.0,1.0,4.0,1.0,25.0,31.0,https://www.basketball-reference.com/boxscores/201812060POR.html,213.5,0.0,0.0,46.75
,2018-19,Damian Lillard,2018-12-08,Portland Trail Blazers,Minnesota Timberwolves,1.0,36.11,8.0,16.0,0.5,4.0,9.0,0.444,8.0,9.0,0.889,1.0,7.0,8.0,6.0,1.0,0.0,3.0,1.0,28.0,15.0,https://www.basketball-reference.com/boxscores/201812080POR.html,279.44,0.0,0.0,49.5
,2018-19,Damian Lillard,2018-12-11,Portland Trail Blazers,Houston Rockets,0.0,38.36,12.0,25.0,0.48,4.0,7.0,0.5710000000000001,6.0,7.0,0.857,1.0,1.0,2.0,2.0,0.0,0.0,3.0,3.0,34.0,7.0,https://www.basketball-reference.com/boxscores/201812110HOU.html,477.36,0.0,0.0,40.0
,2018-19,Damian Lillard,2018-12-12,Portland Trail Blazers,Memphis Grizzlies,0.0,38.07,4.0,18.0,0.222,1.0,5.0,0.2,5.0,7.0,0.7140000000000001,1.0,6.0,7.0,3.0,2.0,0.0,4.0,2.0,14.0,-4.0,https://www.basketball-reference.com/boxscores/201812120MEM.html,147.56,0.0,0.0,29.75
,2018-19,Damian Lillard,2018-12-14,Portland Trail Blazers,Toronto Raptors,1.0,29.29,8.0,10.0,0.8,3.0,3.0,1.0,5.0,5.0,1.0,0.0,2.0,2.0,4.0,1.0,1.0,1.0,2.0,24.0,-4.0,https://www.basketball-reference.com/boxscores/201812140POR.html,146.39999999999995,0.0,0.0,37.5
,2018-19,Damian Lillard,2018-12-17,Portland Trail Blazers,Los Angeles Clippers,0.0,35.3,11.0,20.0,0.55,6.0,7.0,0.857,11.0,13.0,0.846,0.0,3.0,3.0,6.0,2.0,0.0,2.0,4.0,39.0,15.0,https://www.basketball-reference.com/boxscores/201812170LAC.html,501.54,0.0,0.0,57.75
,2018-19,Damian Lillard,2018-12-19,Portland Trail Blazers,Memphis Grizzlies,1.0,33.22,9.0,18.0,0.5,5.0,8.0,0.625,1.0,1.0,1.0,0.0,5.0,5.0,4.0,2.0,2.0,4.0,1.0,24.0,-11.0,https://www.basketball-reference.com/boxscores/201812190POR.html,221.28000000000003,0.0,0.0,44.75
,2018-19,Damian Lillard,2018-12-21,Portland Trail Blazers,Utah Jazz,1.0,34.02,7.0,16.0,0.438,4.0,8.0,0.5,1.0,2.0,0.5,3.0,1.0,4.0,2.0,3.0,2.0,4.0,0.0,19.0,-10.0,https://www.basketball-reference.com/boxscores/201812210POR.html,160.36,0.0,0.0,37.0
,2018-19,Damian Lillard,2018-12-27,Golden State Warriors,Portland Trail Blazers,1.0,41.19,7.0,20.0,0.35,3.0,8.0,0.375,4.0,4.0,1.0,0.0,1.0,1.0,5.0,1.0,0.0,1.0,2.0,21.0,-1.0,https://www.basketball-reference.com/boxscores/201812270GSW.html,228.48,0.0,0.0,32.75
,2018-19,Damian Lillard,2018-12-29,Portland Trail Blazers,Golden State Warriors,1.0,38.43,14.0,23.0,0.609,6.0,13.0,0.462,6.0,7.0,0.857,1.0,1.0,2.0,5.0,1.0,0.0,3.0,5.0,40.0,3.0,https://www.basketball-reference.com/boxscores/201812290POR.html,521.5999999999998,0.0,0.0,53.5
,2018-19,Damian Lillard,2019-01-01,Sacramento Kings,Portland Trail Blazers,1.0,41.54,8.0,21.0,0.381,1.0,9.0,0.111,8.0,8.0,1.0,1.0,5.0,6.0,6.0,1.0,0.0,5.0,0.0,25.0,10.0,https://www.basketball-reference.com/boxscores/201901010SAC.html,306.5,0.0,0.0,41.5
,2018-19,Damian Lillard,2019-01-04,Portland Trail Blazers,Oklahoma City Thunder,1.0,35.39,7.0,19.0,0.368,1.0,8.0,0.125,8.0,9.0,0.889,0.0,0.0,0.0,8.0,2.0,0.0,4.0,4.0,23.0,-7.0,https://www.basketball-reference.com/boxscores/201901040POR.html,264.04,0.0,0.0,37.5
,2018-19,Damian Lillard,2019-01-05,Portland Trail Blazers,Houston Rockets,1.0,36.12,5.0,15.0,0.333,2.0,5.0,0.4,5.0,6.0,0.833,1.0,4.0,5.0,12.0,2.0,0.0,4.0,1.0,17.0,13.0,https://www.basketball-reference.com/boxscores/201901050POR.html,149.94,1.0,0.0,45.25
,2018-19,Damian Lillard,2019-01-07,Portland Trail Blazers,New York Knicks,1.0,32.18,5.0,14.0,0.35700000000000004,2.0,6.0,0.333,5.0,5.0,1.0,1.0,3.0,4.0,9.0,1.0,0.0,4.0,1.0,17.0,10.0,https://www.basketball-reference.com/boxscores/201901070POR.html,137.7,0.0,0.0,36.5
,2018-19,Damian Lillard,2019-01-09,Portland Trail Blazers,Chicago Bulls,1.0,33.23,4.0,12.0,0.333,2.0,5.0,0.4,6.0,6.0,1.0,0.0,1.0,1.0,10.0,1.0,0.0,2.0,0.0,16.0,7.0,https://www.basketball-reference.com/boxscores/201901090POR.html,117.12,1.0,0.0,35.25
,2018-19,Damian Lillard,2019-01-11,Portland Trail Blazers,Charlotte Hornets,1.0,28.44,8.0,16.0,0.5,2.0,7.0,0.28600000000000003,2.0,2.0,1.0,2.0,2.0,4.0,5.0,3.0,4.0,2.0,2.0,20.0,26.0,https://www.basketball-reference.com/boxscores/201901110POR.html,168.79999999999995,0.0,0.0,46.5
,2018-19,Damian Lillard,2019-01-13,Portland Trail Blazers,Denver Nuggets,0.0,38.0,8.0,21.0,0.381,2.0,10.0,0.2,8.0,8.0,1.0,1.0,3.0,4.0,7.0,0.0,0.0,2.0,1.0,26.0,-7.0,https://www.basketball-reference.com/boxscores/201901130DEN.html,318.76,0.0,0.0,41.5
,2018-19,Damian Lillard,2019-01-14,Portland Trail Blazers,Sacramento Kings,0.0,36.54,11.0,27.0,0.407,4.0,12.0,0.333,9.0,9.0,1.0,1.0,2.0,3.0,5.0,1.0,0.0,6.0,1.0,35.0,6.0,https://www.basketball-reference.com/boxscores/201901140SAC.html,541.8000000000002,0.0,0.0,47.25
,2018-19,Damian Lillard,2019-01-16,Portland Trail Blazers,Cleveland Cavaliers,1.0,32.0,11.0,19.0,0.579,4.0,6.0,0.667,7.0,7.0,1.0,0.0,2.0,2.0,6.0,0.0,0.0,0.0,2.0,33.0,23.0,https://www.basketball-reference.com/boxscores/201901160POR.html,364.32,0.0,0.0,46.5
,2018-19,Damian Lillard,2019-01-18,Portland Trail Blazers,New Orleans Pelicans,1.0,36.35,8.0,20.0,0.4,2.0,9.0,0.222,6.0,8.0,0.75,3.0,2.0,5.0,8.0,1.0,0.0,2.0,0.0,24.0,16.0,https://www.basketball-reference.com/boxscores/201901180POR.html,282.24,0.0,0.0,44.25
,2018-19,Damian Lillard,2019-01-21,Portland Trail Blazers,Utah Jazz,0.0,36.26,10.0,20.0,0.5,1.0,5.0,0.2,5.0,6.0,0.833,1.0,7.0,8.0,8.0,0.0,0.0,2.0,2.0,26.0,9.0,https://www.basketball-reference.com/boxscores/201901210UTA.html,294.32,0.0,0.0,47.5
,2018-19,Damian Lillard,2019-01-22,Portland Trail Blazers,Oklahoma City Thunder,0.0,40.24,12.0,24.0,0.5,2.0,10.0,0.2,8.0,8.0,1.0,1.0,4.0,5.0,8.0,5.0,0.0,5.0,4.0,34.0,3.0,https://www.basketball-reference.com/boxscores/201901220OKC.html,467.84,0.0,0.0,60.75
,2018-19,Damian Lillard,2019-01-24,Portland Trail Blazers,Phoenix Suns,0.0,29.31,7.0,16.0,0.438,1.0,3.0,0.333,9.0,9.0,1.0,0.0,3.0,3.0,3.0,2.0,2.0,2.0,2.0,24.0,17.0,https://www.basketball-reference.com/boxscores/201901240PHO.html,239.52,0.0,0.0,39.75
,2018-19,Damian Lillard,2019-01-30,Portland Trail Blazers,Utah Jazz,1.0,37.02,12.0,21.0,0.5710000000000001,3.0,7.0,0.429,9.0,9.0,1.0,0.0,8.0,8.0,11.0,2.0,0.0,3.0,2.0,36.0,29.0,https://www.basketball-reference.com/boxscores/201901300POR.html,449.28,1.0,0.0,67.5
,2018-19,Damian Lillard,2019-02-05,Portland Trail Blazers,Miami Heat,1.0,35.1,5.0,15.0,0.333,2.0,10.0,0.2,1.0,2.0,0.5,0.0,3.0,3.0,10.0,1.0,0.0,4.0,3.0,13.0,-16.0,https://www.basketball-reference.com/boxscores/201902050POR.html,103.22,1.0,0.0,33.75
,2018-19,Damian Lillard,2019-02-07,Portland Trail Blazers,San Antonio Spurs,1.0,36.01,10.0,20.0,0.5,0.0,7.0,0.0,4.0,4.0,1.0,0.0,2.0,2.0,9.0,5.0,0.0,2.0,2.0,24.0,9.0,https://www.basketball-reference.com/boxscores/201902070POR.html,261.12,0.0,0.0,49.0
,2018-19,Damian Lillard,2019-02-10,Portland Trail Blazers,Dallas Mavericks,0.0,36.19,10.0,23.0,0.435,6.0,11.0,0.545,4.0,4.0,1.0,0.0,3.0,3.0,5.0,2.0,0.0,5.0,1.0,30.0,2.0,https://www.basketball-reference.com/boxscores/201902100DAL.html,371.4,0.0,0.0,45.75
,2018-19,Damian Lillard,2019-02-11,Portland Trail Blazers,Oklahoma City Thunder,0.0,36.49,9.0,22.0,0.409,3.0,8.0,0.375,10.0,11.0,0.909,1.0,6.0,7.0,6.0,2.0,1.0,4.0,4.0,31.0,8.0,https://www.basketball-reference.com/boxscores/201902110OKC.html,416.02,0.0,0.0,54.25
,2018-19,Damian Lillard,2019-02-13,Portland Trail Blazers,Golden State Warriors,1.0,31.38,9.0,15.0,0.6,6.0,8.0,0.75,5.0,6.0,0.833,1.0,2.0,3.0,8.0,0.0,0.0,0.0,1.0,29.0,8.0,https://www.basketball-reference.com/boxscores/201902130POR.html,255.78,0.0,0.0,47.75
,2018-19,Damian Lillard,2019-02-21,Portland Trail Blazers,Brooklyn Nets,0.0,36.26,5.0,21.0,0.238,2.0,9.0,0.222,1.0,1.0,1.0,4.0,4.0,8.0,8.0,2.0,0.0,1.0,2.0,13.0,30.0,https://www.basketball-reference.com/boxscores/201902210BRK.html,139.36,0.0,0.0,39.5
,2018-19,Damian Lillard,2019-02-23,Portland Trail Blazers,Philadelphia 76ers,0.0,29.38,5.0,10.0,0.5,1.0,5.0,0.2,6.0,6.0,1.0,1.0,5.0,6.0,8.0,1.0,0.0,1.0,1.0,17.0,24.0,https://www.basketball-reference.com/boxscores/201902230PHI.html,107.44,0.0,0.0,38.5
,2018-19,Damian Lillard,2019-02-25,Portland Trail Blazers,Cleveland Cavaliers,0.0,37.2,6.0,13.0,0.462,3.0,9.0,0.333,6.0,6.0,1.0,0.0,4.0,4.0,8.0,0.0,2.0,4.0,3.0,21.0,11.0,https://www.basketball-reference.com/boxscores/201902250CLE.html,164.22,0.0,0.0,41.5
,2018-19,Damian Lillard,2019-02-27,Portland Trail Blazers,Boston Celtics,0.0,37.17,13.0,28.0,0.464,3.0,10.0,0.3,4.0,4.0,1.0,3.0,4.0,7.0,4.0,1.0,0.0,1.0,2.0,33.0,9.0,https://www.basketball-reference.com/boxscores/201902270BOS.html,491.04,0.0,0.0,50.75
,2018-19,Damian Lillard,2019-03-01,Portland Trail Blazers,Toronto Raptors,0.0,37.26,8.0,17.0,0.471,3.0,6.0,0.5,5.0,6.0,0.833,1.0,7.0,8.0,6.0,0.0,0.0,1.0,2.0,24.0,-9.0,https://www.basketball-reference.com/boxscores/201903010TOR.html,235.68,0.0,0.0,44.0
,2018-19,Damian Lillard,2019-03-03,Portland Trail Blazers,Charlotte Hornets,0.0,35.4,9.0,20.0,0.45,4.0,10.0,0.4,1.0,1.0,1.0,1.0,2.0,3.0,2.0,2.0,0.0,2.0,4.0,23.0,5.0,https://www.basketball-reference.com/boxscores/201903030CHO.html,235.06,0.0,0.0,34.75
,2018-19,Damian Lillard,2019-03-05,Portland Trail Blazers,Memphis Grizzlies,0.0,36.51,8.0,18.0,0.444,3.0,10.0,0.3,5.0,5.0,1.0,1.0,1.0,2.0,8.0,0.0,0.0,5.0,4.0,24.0,-10.0,https://www.basketball-reference.com/boxscores/201903050MEM.html,242.4,0.0,0.0,37.5
,2018-19,Damian Lillard,2019-03-09,Portland Trail Blazers,Phoenix Suns,1.0,29.16,4.0,11.0,0.364,2.0,4.0,0.5,8.0,9.0,0.889,0.0,2.0,2.0,9.0,0.0,0.0,0.0,2.0,18.0,19.0,https://www.basketball-reference.com/boxscores/201903090POR.html,134.64,0.0,0.0,35.0
,2018-19,Damian Lillard,2019-03-12,Portland Trail Blazers,Los Angeles Clippers,0.0,33.53,8.0,14.0,0.5710000000000001,3.0,6.0,0.5,1.0,1.0,1.0,0.0,3.0,3.0,12.0,2.0,0.0,3.0,2.0,20.0,12.0,https://www.basketball-reference.com/boxscores/201903120LAC.html,144.4,1.0,0.0,46.75
,2018-19,Damian Lillard,2019-03-15,Portland Trail Blazers,New Orleans Pelicans,0.0,35.04,8.0,18.0,0.444,4.0,9.0,0.444,4.0,4.0,1.0,2.0,2.0,4.0,7.0,2.0,0.0,2.0,0.0,24.0,10.0,https://www.basketball-reference.com/boxscores/201903150NOP.html,237.12,0.0,0.0,44.5
,2018-19,Damian Lillard,2019-03-16,Portland Trail Blazers,San Antonio Spurs,0.0,37.47,13.0,29.0,0.448,3.0,10.0,0.3,5.0,5.0,1.0,0.0,6.0,6.0,5.0,1.0,0.0,1.0,3.0,34.0,3.0,https://www.basketball-reference.com/boxscores/201903160SAS.html,530.4,0.0,0.0,52.0
,2018-19,Damian Lillard,2019-03-18,Portland Trail Blazers,Indiana Pacers,1.0,40.1,9.0,16.0,0.563,4.0,9.0,0.444,8.0,9.0,0.889,0.0,2.0,2.0,15.0,3.0,1.0,6.0,3.0,30.0,17.0,https://www.basketball-reference.com/boxscores/201903180POR.html,299.4000000000001,1.0,0.0,63.0
,2018-19,Damian Lillard,2019-03-20,Portland Trail Blazers,Dallas Mavericks,1.0,30.11,9.0,18.0,0.5,6.0,12.0,0.5,9.0,10.0,0.9,2.0,3.0,5.0,12.0,2.0,0.0,1.0,1.0,33.0,24.0,https://www.basketball-reference.com/boxscores/201903200POR.html,369.6,1.0,0.0,64.75
,2018-19,Damian Lillard,2019-03-23,Portland Trail Blazers,Detroit Pistons,1.0,37.05,9.0,16.0,0.563,6.0,10.0,0.6,4.0,5.0,0.8,2.0,4.0,6.0,9.0,0.0,0.0,4.0,1.0,28.0,3.0,https://www.basketball-reference.com/boxscores/201903230POR.html,254.8,0.0,0.0,50.0
,2018-19,Damian Lillard,2019-03-27,Portland Trail Blazers,Chicago Bulls,0.0,28.27,3.0,12.0,0.25,1.0,6.0,0.16699999999999998,4.0,4.0,1.0,1.0,5.0,6.0,7.0,0.0,0.0,1.0,1.0,11.0,20.0,https://www.basketball-reference.com/boxscores/201903270CHI.html,75.67999999999998,0.0,0.0,29.0
,2018-19,Damian Lillard,2019-03-29,Portland Trail Blazers,Atlanta Hawks,0.0,32.04,13.0,25.0,0.52,4.0,10.0,0.4,6.0,6.0,1.0,0.0,3.0,3.0,7.0,0.0,1.0,2.0,1.0,36.0,18.0,https://www.basketball-reference.com/boxscores/201903290ATL.html,497.52,0.0,0.0,53.25
,2018-19,Damian Lillard,2019-03-30,Portland Trail Blazers,Detroit Pistons,0.0,35.35,8.0,25.0,0.32,3.0,8.0,0.375,4.0,4.0,1.0,1.0,7.0,8.0,3.0,1.0,1.0,3.0,2.0,23.0,-12.0,https://www.basketball-reference.com/boxscores/201903300DET.html,307.74,0.0,0.0,41.5
,2020-21,Damian Lillard,2020-12-23,Portland Trail Blazers,Utah Jazz,1.0,33.41,4.0,12.0,0.333,1.0,7.0,0.14300000000000002,0.0,1.0,0.0,0.0,4.0,4.0,7.0,1.0,1.0,1.0,1.0,9.0,-21.0,https://www.basketball-reference.com/boxscores/202012230POR.html,55.98,0.0,0.0,28.5
,2020-21,Damian Lillard,2020-12-28,Portland Trail Blazers,Los Angeles Lakers,0.0,36.23,10.0,16.0,0.625,5.0,10.0,0.5,6.0,6.0,1.0,0.0,4.0,4.0,5.0,0.0,1.0,5.0,1.0,31.0,-10.0,https://www.basketball-reference.com/boxscores/202012280LAL.html,288.92,0.0,0.0,45.5
,2020-21,Damian Lillard,2020-12-30,Portland Trail Blazers,Los Angeles Clippers,0.0,29.13,3.0,14.0,0.214,0.0,8.0,0.0,14.0,15.0,0.933,1.0,4.0,5.0,4.0,1.0,0.0,4.0,1.0,20.0,-20.0,https://www.basketball-reference.com/boxscores/202012300LAC.html,206.0,0.0,0.0,32.25
,2020-21,Damian Lillard,2021-01-01,Portland Trail Blazers,Golden State Warriors,0.0,35.23,11.0,21.0,0.524,6.0,10.0,0.6,6.0,6.0,1.0,0.0,4.0,4.0,8.0,1.0,0.0,1.0,3.0,34.0,33.0,https://www.basketball-reference.com/boxscores/202101010GSW.html,401.88,0.0,0.0,55.5
,2020-21,Damian Lillard,2021-01-03,Portland Trail Blazers,Golden State Warriors,0.0,39.08,10.0,24.0,0.417,6.0,15.0,0.4,6.0,7.0,0.857,0.0,4.0,4.0,4.0,0.0,0.0,5.0,3.0,32.0,-10.0,https://www.basketball-reference.com/boxscores/202101030GSW.html,433.28,0.0,0.0,43.5
,2020-21,Damian Lillard,2021-01-05,Portland Trail Blazers,Chicago Bulls,1.0,36.42,6.0,17.0,0.353,3.0,11.0,0.273,9.0,11.0,0.818,0.0,5.0,5.0,9.0,0.0,0.0,0.0,1.0,24.0,5.0,https://www.basketball-reference.com/boxscores/202101050POR.html,262.08,0.0,0.0,45.25
,2020-21,Damian Lillard,2021-01-07,Portland Trail Blazers,Minnesota Timberwolves,1.0,28.57,13.0,21.0,0.619,7.0,12.0,0.583,6.0,7.0,0.857,0.0,7.0,7.0,7.0,3.0,0.0,1.0,0.0,39.0,12.0,https://www.basketball-reference.com/boxscores/202101070POR.html,469.56,0.0,0.0,67.25
,2020-21,Damian Lillard,2021-01-09,Portland Trail Blazers,Sacramento Kings,0.0,29.4,5.0,16.0,0.313,1.0,7.0,0.14300000000000002,6.0,6.0,1.0,0.0,4.0,4.0,6.0,1.0,0.0,0.0,0.0,17.0,26.0,https://www.basketball-reference.com/boxscores/202101090SAC.html,158.44,0.0,0.0,33.5
,2020-21,Damian Lillard,2021-01-11,Portland Trail Blazers,Toronto Raptors,1.0,40.03,8.0,16.0,0.5,3.0,6.0,0.5,4.0,4.0,1.0,0.0,7.0,7.0,5.0,0.0,1.0,8.0,0.0,23.0,9.0,https://www.basketball-reference.com/boxscores/202101110POR.html,204.24,0.0,0.0,38.75
,2020-21,Damian Lillard,2021-01-13,Portland Trail Blazers,Sacramento Kings,0.0,41.58,11.0,23.0,0.478,6.0,15.0,0.4,12.0,12.0,1.0,0.0,1.0,1.0,13.0,3.0,0.0,0.0,2.0,40.0,9.0,https://www.basketball-reference.com/boxscores/202101130SAC.html,565.6,1.0,0.0,70.75
,2020-21,Damian Lillard,2021-01-14,Portland Trail Blazers,Indiana Pacers,1.0,35.46,7.0,16.0,0.438,2.0,5.0,0.4,6.0,6.0,1.0,2.0,4.0,6.0,4.0,1.0,0.0,5.0,2.0,22.0,-6.0,https://www.basketball-reference.com/boxscores/202101140POR.html,205.04,0.0,0.0,36.0
,2020-21,Damian Lillard,2021-01-16,Portland Trail Blazers,Atlanta Hawks,1.0,42.44,10.0,23.0,0.435,4.0,12.0,0.333,12.0,12.0,1.0,0.0,7.0,7.0,7.0,1.0,0.0,3.0,3.0,36.0,18.0,https://www.basketball-reference.com/boxscores/202101160POR.html,509.04,0.0,0.0,57.75
,2020-21,Damian Lillard,2021-01-18,Portland Trail Blazers,San Antonio Spurs,1.0,35.35,10.0,23.0,0.435,3.0,10.0,0.3,12.0,12.0,1.0,0.0,3.0,3.0,6.0,1.0,1.0,5.0,2.0,35.0,-3.0,https://www.basketball-reference.com/boxscores/202101180POR.html,494.9,0.0,0.0,50.75
,2020-21,Damian Lillard,2021-01-24,Portland Trail Blazers,New York Knicks,1.0,34.59,11.0,17.0,0.647,6.0,10.0,0.6,11.0,11.0,1.0,1.0,4.0,5.0,8.0,1.0,0.0,3.0,2.0,39.0,2.0,https://www.basketball-reference.com/boxscores/202101240POR.html,425.88,0.0,0.0,60.75
,2020-21,Damian Lillard,2021-01-25,Portland Trail Blazers,Oklahoma City Thunder,1.0,38.35,8.0,22.0,0.364,3.0,12.0,0.25,7.0,8.0,0.875,2.0,4.0,6.0,10.0,0.0,0.0,3.0,3.0,26.0,0.0,https://www.basketball-reference.com/boxscores/202101250POR.html,331.76,1.0,0.0,49.5
,2020-21,Damian Lillard,2021-01-28,Portland Trail Blazers,Houston Rockets,0.0,37.41,11.0,23.0,0.478,5.0,11.0,0.455,3.0,4.0,0.75,0.0,4.0,4.0,9.0,0.0,0.0,4.0,0.0,30.0,1.0,https://www.basketball-reference.com/boxscores/202101280HOU.html,371.4,0.0,0.0,49.0
,2020-21,Damian Lillard,2021-01-30,Portland Trail Blazers,Chicago Bulls,0.0,36.27,15.0,26.0,0.5770000000000001,8.0,17.0,0.471,6.0,6.0,1.0,0.0,5.0,5.0,9.0,1.0,0.0,4.0,2.0,44.0,0.0,https://www.basketball-reference.com/boxscores/202101300CHI.html,630.08,0.0,0.0,67.75
,2020-21,Damian Lillard,2021-02-01,Portland Trail Blazers,Milwaukee Bucks,0.0,27.25,6.0,13.0,0.462,2.0,7.0,0.28600000000000003,5.0,5.0,1.0,1.0,2.0,3.0,7.0,1.0,1.0,0.0,0.0,19.0,-32.0,https://www.basketball-reference.com/boxscores/202102010MIL.html,144.4,0.0,0.0,38.25
,2020-21,Damian Lillard,2021-02-02,Portland Trail Blazers,Washington Wizards,0.0,39.21,9.0,23.0,0.391,4.0,14.0,0.28600000000000003,10.0,10.0,1.0,0.0,2.0,2.0,8.0,0.0,1.0,3.0,2.0,32.0,22.0,https://www.basketball-reference.com/boxscores/202102020WAS.html,438.4,0.0,0.0,49.0
,2020-21,Damian Lillard,2021-02-06,Portland Trail Blazers,New York Knicks,0.0,38.01,10.0,20.0,0.5,6.0,12.0,0.5,3.0,5.0,0.6,1.0,3.0,4.0,9.0,4.0,0.0,4.0,0.0,29.0,-6.0,https://www.basketball-reference.com/boxscores/202102060NYK.html,321.9,0.0,0.0,56.5
,2020-21,Damian Lillard,2021-02-09,Portland Trail Blazers,Orlando Magic,1.0,33.37,9.0,22.0,0.409,5.0,10.0,0.5,13.0,13.0,1.0,1.0,4.0,5.0,2.0,1.0,0.0,2.0,0.0,36.0,10.0,https://www.basketball-reference.com/boxscores/202102090POR.html,498.96,0.0,0.0,48.75
,2020-21,Damian Lillard,2021-02-11,Portland Trail Blazers,Philadelphia 76ers,1.0,35.54,6.0,21.0,0.28600000000000003,4.0,11.0,0.364,14.0,15.0,0.933,0.0,2.0,2.0,7.0,2.0,0.0,3.0,1.0,30.0,-8.0,https://www.basketball-reference.com/boxscores/202102110POR.html,414.0,0.0,0.0,47.5
,2020-21,Damian Lillard,2021-02-12,Portland Trail Blazers,Cleveland Cavaliers,1.0,29.34,7.0,16.0,0.438,0.0,6.0,0.0,6.0,6.0,1.0,0.0,3.0,3.0,9.0,1.0,0.0,4.0,3.0,20.0,20.0,https://www.basketball-reference.com/boxscores/202102120POR.html,186.4,0.0,0.0,37.25
,2020-21,Damian Lillard,2021-02-14,Portland Trail Blazers,Dallas Mavericks,0.0,36.28,12.0,26.0,0.462,5.0,11.0,0.455,5.0,7.0,0.7140000000000001,0.0,3.0,3.0,11.0,1.0,0.0,5.0,5.0,34.0,11.0,https://www.basketball-reference.com/boxscores/202102140DAL.html,494.36,1.0,0.0,57.25
,2020-21,Damian Lillard,2021-02-16,Portland Trail Blazers,Oklahoma City Thunder,0.0,36.57,12.0,25.0,0.48,5.0,14.0,0.35700000000000004,2.0,3.0,0.667,2.0,5.0,7.0,10.0,2.0,0.0,3.0,5.0,31.0,17.0,https://www.basketball-reference.com/boxscores/202102160OKC.html,407.96,1.0,0.0,60.75
,2020-21,Damian Lillard,2021-02-17,Portland Trail Blazers,New Orleans Pelicans,0.0,37.51,14.0,28.0,0.5,7.0,16.0,0.438,8.0,8.0,1.0,1.0,3.0,4.0,16.0,1.0,1.0,4.0,1.0,43.0,14.0,https://www.basketball-reference.com/boxscores/202102170NOP.html,677.68,1.0,0.0,78.5
,2020-21,Damian Lillard,2021-02-20,Portland Trail Blazers,Washington Wizards,1.0,38.56,10.0,30.0,0.333,7.0,17.0,0.412,8.0,8.0,1.0,1.0,5.0,6.0,12.0,1.0,0.0,3.0,1.0,35.0,4.0,https://www.basketball-reference.com/boxscores/202102200POR.html,586.6,1.0,0.0,65.5
,2020-21,Damian Lillard,2021-02-22,Portland Trail Blazers,Phoenix Suns,0.0,28.34,9.0,17.0,0.529,1.0,7.0,0.14300000000000002,5.0,6.0,0.833,0.0,0.0,0.0,7.0,0.0,0.0,6.0,0.0,24.0,-29.0,https://www.basketball-reference.com/boxscores/202102220PHO.html,235.68,0.0,0.0,32.0
,2020-21,Damian Lillard,2021-02-23,Portland Trail Blazers,Denver Nuggets,0.0,34.57,9.0,21.0,0.429,4.0,11.0,0.364,3.0,3.0,1.0,1.0,6.0,7.0,13.0,0.0,0.0,5.0,2.0,25.0,-15.0,https://www.basketball-reference.com/boxscores/202102230DEN.html,279.0,1.0,0.0,53.75
,2020-21,Damian Lillard,2021-02-26,Portland Trail Blazers,Los Angeles Lakers,0.0,42.16,11.0,24.0,0.458,5.0,13.0,0.385,8.0,8.0,1.0,0.0,3.0,3.0,7.0,0.0,1.0,4.0,2.0,35.0,-10.0,https://www.basketball-reference.com/boxscores/202102260LAL.html,481.6,0.0,0.0,51.75
,2020-21,Damian Lillard,2021-03-01,Portland Trail Blazers,Charlotte Hornets,1.0,34.49,8.0,21.0,0.381,6.0,15.0,0.4,1.0,2.0,0.5,0.0,4.0,4.0,10.0,3.0,0.0,3.0,3.0,23.0,3.0,https://www.basketball-reference.com/boxscores/202103010POR.html,251.62,1.0,0.0,51.5
,2020-21,Damian Lillard,2021-03-03,Portland Trail Blazers,Golden State Warriors,1.0,36.17,6.0,17.0,0.353,3.0,10.0,0.3,7.0,8.0,0.875,0.0,5.0,5.0,6.0,2.0,0.0,5.0,1.0,22.0,6.0,https://www.basketball-reference.com/boxscores/202103030POR.html,225.72,0.0,0.0,40.25
,2020-21,Damian Lillard,2021-03-04,Portland Trail Blazers,Sacramento Kings,1.0,38.21,13.0,26.0,0.5,8.0,15.0,0.5329999999999999,10.0,10.0,1.0,0.0,1.0,1.0,7.0,0.0,1.0,0.0,0.0,44.0,6.0,https://www.basketball-reference.com/boxscores/202103040POR.html,668.8,0.0,0.0,61.75
,2020-21,Damian Lillard,2021-03-11,Portland Trail Blazers,Phoenix Suns,1.0,37.24,10.0,23.0,0.435,5.0,12.0,0.417,5.0,5.0,1.0,1.0,6.0,7.0,8.0,2.0,0.0,5.0,1.0,30.0,-6.0,https://www.basketball-reference.com/boxscores/202103110POR.html,378.0,0.0,0.0,54.75
,2020-21,Damian Lillard,2021-03-13,Portland Trail Blazers,Minnesota Timberwolves,0.0,35.35,7.0,19.0,0.368,3.0,10.0,0.3,8.0,9.0,0.889,0.0,5.0,5.0,10.0,0.0,0.0,2.0,1.0,25.0,-3.0,https://www.basketball-reference.com/boxscores/202103130MIN.html,287.0,1.0,0.0,47.75
,2020-21,Damian Lillard,2021-03-14,Portland Trail Blazers,Minnesota Timberwolves,0.0,37.08,12.0,21.0,0.5710000000000001,6.0,13.0,0.462,8.0,9.0,0.889,2.0,5.0,7.0,4.0,0.0,1.0,5.0,5.0,38.0,-2.0,https://www.basketball-reference.com/boxscores/202103140MIN.html,474.24,0.0,0.0,55.25
,2020-21,Damian Lillard,2021-03-16,Portland Trail Blazers,New Orleans Pelicans,1.0,40.36,13.0,20.0,0.65,6.0,13.0,0.462,18.0,18.0,1.0,1.0,5.0,6.0,10.0,0.0,0.0,4.0,3.0,50.0,9.0,https://www.basketball-reference.com/boxscores/202103160POR.html,698.0,1.0,0.0,74.5
,2020-21,Damian Lillard,2021-03-18,Portland Trail Blazers,New Orleans Pelicans,1.0,37.57,12.0,22.0,0.545,6.0,15.0,0.4,6.0,6.0,1.0,1.0,5.0,6.0,0.0,0.0,0.0,7.0,0.0,36.0,0.0,https://www.basketball-reference.com/boxscores/202103180POR.html,443.52,0.0,0.0,43.0
,2020-21,Damian Lillard,2021-03-19,Portland Trail Blazers,Dallas Mavericks,1.0,34.29,10.0,19.0,0.526,4.0,10.0,0.4,7.0,7.0,1.0,0.0,3.0,3.0,6.0,0.0,0.0,1.0,1.0,31.0,0.0,https://www.basketball-reference.com/boxscores/202103190POR.html,342.2399999999999,0.0,0.0,45.25
,2020-21,Damian Lillard,2021-03-21,Portland Trail Blazers,Dallas Mavericks,1.0,29.36,7.0,16.0,0.438,0.0,7.0,0.0,5.0,5.0,1.0,0.0,1.0,1.0,4.0,1.0,0.0,0.0,2.0,19.0,-29.0,https://www.basketball-reference.com/boxscores/202103210POR.html,172.9,0.0,0.0,28.25
,2020-21,Damian Lillard,2021-03-23,Portland Trail Blazers,Brooklyn Nets,1.0,37.52,5.0,17.0,0.294,3.0,14.0,0.214,9.0,9.0,1.0,0.0,3.0,3.0,9.0,0.0,0.0,3.0,0.0,22.0,7.0,https://www.basketball-reference.com/boxscores/202103230POR.html,230.56,0.0,0.0,39.25
,2020-21,Damian Lillard,2021-03-25,Portland Trail Blazers,Miami Heat,0.0,38.52,6.0,19.0,0.316,2.0,8.0,0.25,8.0,8.0,1.0,0.0,3.0,3.0,9.0,0.0,1.0,2.0,3.0,22.0,10.0,https://www.basketball-reference.com/boxscores/202103250MIA.html,247.72,0.0,0.0,41.25
,2020-21,Damian Lillard,2021-03-28,Portland Trail Blazers,Toronto Raptors,0.0,37.43,7.0,21.0,0.333,2.0,7.0,0.28600000000000003,6.0,6.0,1.0,1.0,2.0,3.0,11.0,0.0,0.0,2.0,1.0,22.0,-2.0,https://www.basketball-reference.com/boxscores/202103280TOR.html,260.04,1.0,0.0,43.25
,2020-21,Damian Lillard,2021-03-31,Portland Trail Blazers,Detroit Pistons,0.0,36.23,9.0,19.0,0.474,5.0,7.0,0.7140000000000001,10.0,11.0,0.909,1.0,3.0,4.0,10.0,1.0,0.0,2.0,2.0,33.0,16.0,https://www.basketball-reference.com/boxscores/202103310DET.html,393.36,1.0,0.0,57.5
