Unnamed: 0,season,Player,Date,Team,Against,Home,MP,FG,FGA,FG%,3P,3PA,3P%,FT,FTA,FT%,ORB,DRB,TRB,AST,STL,BLK,TOV,PF,PTS,+/-,GameLink,TS%,DD,DT,FPTS
,2019-20,Danilo Gallinari,2019-12-01,Oklahoma City Thunder,New Orleans Pelicans,0.0,32.02,8.0,14.0,0.5710000000000001,4.0,7.0,0.5710000000000001,3.0,4.0,0.75,0.0,11.0,11.0,3.0,0.0,0.0,0.0,0.0,23.0,16.0,https://www.basketball-reference.com/boxscores/201912010NOP.html,181.24,1.0,0.0,44.25
,2019-20,Danilo Gallinari,2019-12-08,Oklahoma City Thunder,Portland Trail Blazers,0.0,32.18,4.0,11.0,0.364,1.0,8.0,0.125,3.0,4.0,0.75,1.0,6.0,7.0,0.0,1.0,0.0,5.0,4.0,12.0,12.0,https://www.basketball-reference.com/boxscores/201912080POR.html,76.56,0.0,0.0,20.75
,2019-20,Danilo Gallinari,2019-12-11,Oklahoma City Thunder,Sacramento Kings,0.0,33.15,5.0,13.0,0.385,3.0,9.0,0.333,1.0,2.0,0.5,0.0,8.0,8.0,3.0,1.0,0.0,3.0,1.0,14.0,5.0,https://www.basketball-reference.com/boxscores/201912110SAC.html,97.16,0.0,0.0,30.5
,2019-20,Danilo Gallinari,2019-12-14,Oklahoma City Thunder,Denver Nuggets,0.0,29.36,1.0,13.0,0.077,1.0,7.0,0.14300000000000002,4.0,4.0,1.0,0.0,4.0,4.0,2.0,1.0,0.0,3.0,1.0,7.0,-12.0,https://www.basketball-reference.com/boxscores/201912140DEN.html,51.66,0.0,0.0,16.0
,2019-20,Danilo Gallinari,2019-12-16,Oklahoma City Thunder,Chicago Bulls,1.0,31.53,6.0,16.0,0.375,4.0,10.0,0.4,6.0,6.0,1.0,2.0,4.0,6.0,4.0,2.0,0.0,0.0,0.0,22.0,1.0,https://www.basketball-reference.com/boxscores/201912160OKC.html,205.04,0.0,0.0,41.5
,2019-20,Danilo Gallinari,2019-12-18,Oklahoma City Thunder,Memphis Grizzlies,1.0,30.17,7.0,15.0,0.467,3.0,7.0,0.429,3.0,4.0,0.75,0.0,3.0,3.0,3.0,0.0,0.0,0.0,0.0,20.0,-4.0,https://www.basketball-reference.com/boxscores/201912180OKC.html,167.60000000000005,0.0,0.0,29.75
,2019-20,Danilo Gallinari,2019-12-20,Oklahoma City Thunder,Phoenix Suns,1.0,29.32,8.0,14.0,0.5710000000000001,4.0,8.0,0.5,2.0,3.0,0.667,0.0,6.0,6.0,1.0,0.0,1.0,2.0,2.0,22.0,13.0,https://www.basketball-reference.com/boxscores/201912200OKC.html,168.52,0.0,0.0,34.0
,2019-20,Danilo Gallinari,2019-12-31,Oklahoma City Thunder,Dallas Mavericks,1.0,31.05,8.0,14.0,0.5710000000000001,3.0,8.0,0.375,1.0,2.0,0.5,0.0,3.0,3.0,2.0,1.0,0.0,2.0,0.0,20.0,15.0,https://www.basketball-reference.com/boxscores/201912310OKC.html,148.8,0.0,0.0,29.25
,2019-20,Danilo Gallinari,2020-01-04,Oklahoma City Thunder,Cleveland Cavaliers,0.0,27.54,6.0,21.0,0.28600000000000003,5.0,11.0,0.455,2.0,2.0,1.0,3.0,2.0,5.0,3.0,0.0,0.0,0.0,0.0,19.0,12.0,https://www.basketball-reference.com/boxscores/202001040CLE.html,207.86,0.0,0.0,32.25
,2019-20,Danilo Gallinari,2020-01-06,Oklahoma City Thunder,Philadelphia 76ers,0.0,29.28,4.0,12.0,0.333,3.0,8.0,0.375,7.0,9.0,0.778,1.0,6.0,7.0,2.0,1.0,0.0,0.0,1.0,18.0,-9.0,https://www.basketball-reference.com/boxscores/202001060PHI.html,143.64,0.0,0.0,33.25
,2019-20,Danilo Gallinari,2020-01-09,Oklahoma City Thunder,Houston Rockets,1.0,27.56,7.0,11.0,0.636,3.0,6.0,0.5,6.0,6.0,1.0,1.0,10.0,11.0,4.0,1.0,0.0,0.0,0.0,23.0,24.0,https://www.basketball-reference.com/boxscores/202001090OKC.html,156.86,1.0,0.0,47.25
,2019-20,Danilo Gallinari,2020-01-11,Oklahoma City Thunder,Los Angeles Lakers,1.0,31.37,8.0,17.0,0.471,4.0,9.0,0.444,4.0,4.0,1.0,1.0,1.0,2.0,3.0,0.0,0.0,1.0,4.0,24.0,-14.0,https://www.basketball-reference.com/boxscores/202001110OKC.html,225.12,0.0,0.0,32.5
,2019-20,Danilo Gallinari,2020-01-13,Oklahoma City Thunder,Minnesota Timberwolves,0.0,33.12,8.0,12.0,0.667,3.0,4.0,0.75,11.0,12.0,0.917,0.0,4.0,4.0,1.0,1.0,0.0,1.0,3.0,30.0,10.0,https://www.basketball-reference.com/boxscores/202001130MIN.html,259.20000000000005,0.0,0.0,39.5
,2019-20,Danilo Gallinari,2020-01-15,Oklahoma City Thunder,Toronto Raptors,1.0,30.4,7.0,16.0,0.438,4.0,11.0,0.364,5.0,5.0,1.0,0.0,4.0,4.0,3.0,0.0,0.0,2.0,1.0,23.0,8.0,https://www.basketball-reference.com/boxscores/202001150OKC.html,209.3,0.0,0.0,33.5
,2019-20,Danilo Gallinari,2020-01-17,Oklahoma City Thunder,Miami Heat,1.0,33.11,7.0,15.0,0.467,7.0,12.0,0.583,6.0,7.0,0.857,2.0,4.0,6.0,4.0,1.0,0.0,2.0,0.0,27.0,3.0,https://www.basketball-reference.com/boxscores/202001170OKC.html,244.08,0.0,0.0,45.0
,2019-20,Danilo Gallinari,2020-01-20,Oklahoma City Thunder,Houston Rockets,0.0,34.4,7.0,19.0,0.368,4.0,8.0,0.5,7.0,7.0,1.0,5.0,8.0,13.0,0.0,1.0,0.0,4.0,1.0,25.0,13.0,https://www.basketball-reference.com/boxscores/202001200HOU.html,276.0,1.0,0.0,44.25
,2019-20,Danilo Gallinari,2020-01-22,Oklahoma City Thunder,Orlando Magic,0.0,31.4,4.0,11.0,0.364,2.0,7.0,0.28600000000000003,2.0,2.0,1.0,0.0,6.0,6.0,1.0,1.0,0.0,1.0,0.0,12.0,5.0,https://www.basketball-reference.com/boxscores/202001220ORL.html,71.28,0.0,0.0,23.5
,2019-20,Danilo Gallinari,2020-01-24,Oklahoma City Thunder,Atlanta Hawks,1.0,28.07,7.0,10.0,0.7,4.0,6.0,0.667,7.0,7.0,1.0,1.0,5.0,6.0,3.0,1.0,0.0,1.0,2.0,25.0,10.0,https://www.basketball-reference.com/boxscores/202001240OKC.html,163.5,0.0,0.0,40.5
,2019-20,Danilo Gallinari,2020-01-27,Oklahoma City Thunder,Dallas Mavericks,1.0,31.38,4.0,12.0,0.333,2.0,5.0,0.4,4.0,4.0,1.0,0.0,5.0,5.0,6.0,1.0,0.0,0.0,0.0,14.0,2.0,https://www.basketball-reference.com/boxscores/202001270OKC.html,96.32,0.0,0.0,32.25
,2019-20,Danilo Gallinari,2020-01-29,Oklahoma City Thunder,Sacramento Kings,0.0,29.03,7.0,13.0,0.5379999999999999,4.0,9.0,0.444,1.0,2.0,0.5,1.0,3.0,4.0,4.0,0.0,0.0,2.0,0.0,19.0,16.0,https://www.basketball-reference.com/boxscores/202001290SAC.html,131.86,0.0,0.0,31.0
,2019-20,Danilo Gallinari,2020-01-31,Oklahoma City Thunder,Phoenix Suns,0.0,32.17,9.0,17.0,0.529,1.0,6.0,0.16699999999999998,8.0,9.0,0.889,0.0,4.0,4.0,0.0,0.0,0.0,1.0,0.0,27.0,7.0,https://www.basketball-reference.com/boxscores/202001310PHO.html,282.9600000000001,0.0,0.0,32.0
,2019-20,Danilo Gallinari,2020-02-05,Oklahoma City Thunder,Cleveland Cavaliers,1.0,30.43,5.0,11.0,0.455,2.0,5.0,0.4,3.0,4.0,0.75,0.0,5.0,5.0,1.0,1.0,0.0,1.0,1.0,15.0,-3.0,https://www.basketball-reference.com/boxscores/202002050OKC.html,95.7,0.0,0.0,25.25
,2019-20,Danilo Gallinari,2020-02-07,Oklahoma City Thunder,Detroit Pistons,1.0,32.3,5.0,15.0,0.333,3.0,11.0,0.273,6.0,6.0,1.0,0.0,9.0,9.0,4.0,0.0,0.0,0.0,1.0,19.0,12.0,https://www.basketball-reference.com/boxscores/202002070OKC.html,167.58,0.0,0.0,37.75
,2019-20,Danilo Gallinari,2020-02-09,Oklahoma City Thunder,Boston Celtics,1.0,31.17,8.0,14.0,0.5710000000000001,3.0,6.0,0.5,5.0,6.0,0.833,2.0,3.0,5.0,1.0,0.0,0.0,2.0,2.0,24.0,6.0,https://www.basketball-reference.com/boxscores/202002090OKC.html,199.68,0.0,0.0,32.25
,2019-20,Danilo Gallinari,2020-02-11,Oklahoma City Thunder,San Antonio Spurs,1.0,30.26,4.0,16.0,0.25,2.0,7.0,0.28600000000000003,5.0,7.0,0.7140000000000001,0.0,8.0,8.0,3.0,1.0,0.0,1.0,1.0,15.0,0.0,https://www.basketball-reference.com/boxscores/202002110OKC.html,143.1,0.0,0.0,32.0
,2019-20,Danilo Gallinari,2020-02-13,Oklahoma City Thunder,New Orleans Pelicans,0.0,32.46,12.0,18.0,0.667,3.0,5.0,0.6,2.0,2.0,1.0,0.0,2.0,2.0,1.0,2.0,0.0,2.0,4.0,29.0,8.0,https://www.basketball-reference.com/boxscores/202002130NOP.html,273.76,0.0,0.0,37.5
,2019-20,Danilo Gallinari,2020-02-21,Oklahoma City Thunder,Denver Nuggets,1.0,32.23,4.0,14.0,0.28600000000000003,2.0,7.0,0.28600000000000003,5.0,5.0,1.0,0.0,3.0,3.0,2.0,1.0,0.0,1.0,1.0,15.0,2.0,https://www.basketball-reference.com/boxscores/202002210OKC.html,121.5,0.0,0.0,24.25
,2019-20,Danilo Gallinari,2020-02-23,Oklahoma City Thunder,San Antonio Spurs,1.0,25.54,3.0,8.0,0.375,2.0,4.0,0.5,4.0,4.0,1.0,0.0,4.0,4.0,1.0,0.0,0.0,3.0,2.0,12.0,26.0,https://www.basketball-reference.com/boxscores/202002230OKC.html,58.56,0.0,0.0,18.0
,2019-20,Danilo Gallinari,2020-02-25,Oklahoma City Thunder,Chicago Bulls,0.0,31.35,8.0,16.0,0.5,5.0,10.0,0.5,3.0,4.0,0.75,0.0,4.0,4.0,0.0,1.0,0.0,1.0,0.0,24.0,-6.0,https://www.basketball-reference.com/boxscores/202002250CHI.html,213.12,0.0,0.0,33.0
,2019-20,Danilo Gallinari,2020-02-27,Oklahoma City Thunder,Sacramento Kings,1.0,33.33,8.0,17.0,0.471,4.0,8.0,0.5,4.0,5.0,0.8,0.0,6.0,6.0,0.0,1.0,0.0,0.0,1.0,24.0,7.0,https://www.basketball-reference.com/boxscores/202002270OKC.html,230.4,0.0,0.0,35.5
,2019-20,Danilo Gallinari,2020-03-03,Oklahoma City Thunder,Los Angeles Clippers,1.0,28.32,4.0,13.0,0.308,4.0,9.0,0.444,3.0,5.0,0.6,0.0,4.0,4.0,0.0,1.0,0.0,1.0,0.0,15.0,-25.0,https://www.basketball-reference.com/boxscores/202003030OKC.html,114.0,0.0,0.0,23.5
,2019-20,Danilo Gallinari,2020-03-04,Oklahoma City Thunder,Detroit Pistons,0.0,33.1,7.0,15.0,0.467,3.0,8.0,0.375,2.0,3.0,0.667,1.0,6.0,7.0,1.0,4.0,0.0,0.0,0.0,19.0,9.0,https://www.basketball-reference.com/boxscores/202003040DET.html,155.04,0.0,0.0,38.75
,2019-20,Danilo Gallinari,2020-03-06,Oklahoma City Thunder,New York Knicks,0.0,27.31,7.0,13.0,0.5379999999999999,3.0,6.0,0.5,5.0,6.0,0.833,0.0,1.0,1.0,2.0,0.0,0.0,0.0,1.0,22.0,18.0,https://www.basketball-reference.com/boxscores/202003060NYK.html,172.04000000000005,0.0,0.0,27.75
,2019-20,Danilo Gallinari,2020-03-08,Oklahoma City Thunder,Boston Celtics,0.0,34.24,6.0,17.0,0.353,2.0,7.0,0.28600000000000003,4.0,5.0,0.8,0.0,6.0,6.0,0.0,0.0,0.0,1.0,1.0,18.0,8.0,https://www.basketball-reference.com/boxscores/202003080BOS.html,172.79999999999995,0.0,0.0,26.0
,2018-19,Danilo Gallinari,2018-12-02,Los Angeles Clippers,Dallas Mavericks,0.0,34.29,7.0,16.0,0.438,2.0,5.0,0.4,5.0,5.0,1.0,2.0,4.0,6.0,3.0,1.0,0.0,1.0,1.0,21.0,-13.0,https://www.basketball-reference.com/boxscores/201812020DAL.html,191.1,0.0,0.0,35.5
,2018-19,Danilo Gallinari,2018-12-03,Los Angeles Clippers,New Orleans Pelicans,0.0,31.28,7.0,13.0,0.5379999999999999,2.0,6.0,0.333,8.0,8.0,1.0,1.0,4.0,5.0,4.0,0.0,0.0,0.0,3.0,24.0,-3.0,https://www.basketball-reference.com/boxscores/201812030NOP.html,198.24,0.0,0.0,37.25
,2018-19,Danilo Gallinari,2018-12-05,Los Angeles Clippers,Memphis Grizzlies,0.0,33.34,5.0,15.0,0.333,3.0,7.0,0.429,4.0,8.0,0.5,1.0,4.0,5.0,2.0,1.0,0.0,0.0,2.0,17.0,-3.0,https://www.basketball-reference.com/boxscores/201812050MEM.html,157.42,0.0,0.0,29.75
,2018-19,Danilo Gallinari,2018-12-08,Los Angeles Clippers,Miami Heat,1.0,32.51,3.0,10.0,0.3,1.0,3.0,0.333,5.0,6.0,0.833,3.0,8.0,11.0,3.0,0.0,1.0,5.0,2.0,12.0,-13.0,https://www.basketball-reference.com/boxscores/201812080LAC.html,75.84,1.0,0.0,31.25
,2018-19,Danilo Gallinari,2018-12-10,Phoenix Suns,Los Angeles Clippers,1.0,37.08,6.0,12.0,0.5,2.0,5.0,0.4,11.0,12.0,0.917,0.0,5.0,5.0,0.0,2.0,0.0,1.0,1.0,25.0,3.0,https://www.basketball-reference.com/boxscores/201812100PHO.html,216.0,0.0,0.0,35.75
,2018-19,Danilo Gallinari,2018-12-11,Los Angeles Clippers,Toronto Raptors,1.0,20.3,4.0,10.0,0.4,1.0,5.0,0.2,2.0,2.0,1.0,1.0,4.0,5.0,2.0,1.0,0.0,1.0,0.0,11.0,-24.0,https://www.basketball-reference.com/boxscores/201812110LAC.html,59.84,0.0,0.0,22.25
,2018-19,Danilo Gallinari,2018-12-13,Los Angeles Clippers,San Antonio Spurs,0.0,27.17,3.0,7.0,0.429,2.0,4.0,0.5,7.0,7.0,1.0,0.0,3.0,3.0,4.0,1.0,0.0,0.0,3.0,15.0,-11.0,https://www.basketball-reference.com/boxscores/201812130SAS.html,75.6,0.0,0.0,27.75
,2018-19,Danilo Gallinari,2018-12-15,Los Angeles Clippers,Oklahoma City Thunder,0.0,37.26,10.0,16.0,0.625,4.0,6.0,0.667,4.0,5.0,0.8,0.0,7.0,7.0,2.0,2.0,0.0,7.0,3.0,28.0,0.0,https://www.basketball-reference.com/boxscores/201812150OKC.html,254.8,0.0,0.0,42.25
,2018-19,Danilo Gallinari,2018-12-17,Los Angeles Clippers,Portland Trail Blazers,1.0,33.42,6.0,16.0,0.375,2.0,6.0,0.333,8.0,8.0,1.0,1.0,4.0,5.0,3.0,0.0,0.0,3.0,3.0,22.0,-12.0,https://www.basketball-reference.com/boxscores/201812170LAC.html,214.72,0.0,0.0,32.25
,2018-19,Danilo Gallinari,2018-12-20,Los Angeles Clippers,Dallas Mavericks,1.0,33.52,11.0,16.0,0.688,3.0,6.0,0.5,7.0,7.0,1.0,1.0,5.0,6.0,4.0,0.0,2.0,3.0,2.0,32.0,6.0,https://www.basketball-reference.com/boxscores/201812200LAC.html,305.28,0.0,0.0,49.5
,2018-19,Danilo Gallinari,2018-12-22,Los Angeles Clippers,Denver Nuggets,1.0,24.4,7.0,11.0,0.636,3.0,5.0,0.6,4.0,4.0,1.0,1.0,3.0,4.0,2.0,1.0,0.0,0.0,1.0,21.0,17.0,https://www.basketball-reference.com/boxscores/201812220LAC.html,133.98,0.0,0.0,32.5
,2018-19,Danilo Gallinari,2018-12-23,Los Angeles Clippers,Golden State Warriors,0.0,36.35,8.0,11.0,0.727,5.0,5.0,1.0,4.0,4.0,1.0,0.0,11.0,11.0,3.0,0.0,0.0,2.0,4.0,25.0,1.0,https://www.basketball-reference.com/boxscores/201812230GSW.html,159.5,1.0,0.0,45.75
,2018-19,Danilo Gallinari,2018-12-26,Los Angeles Clippers,Sacramento Kings,1.0,23.0,4.0,11.0,0.364,1.0,5.0,0.2,5.0,6.0,0.833,0.0,5.0,5.0,3.0,1.0,0.0,1.0,2.0,14.0,5.0,https://www.basketball-reference.com/boxscores/201812260LAC.html,95.48,0.0,0.0,26.75
,2018-19,Danilo Gallinari,2018-12-28,Los Angeles Clippers,Los Angeles Lakers,0.0,34.38,5.0,13.0,0.385,1.0,3.0,0.333,8.0,9.0,0.889,1.0,8.0,9.0,3.0,1.0,1.0,0.0,0.0,19.0,-8.0,https://www.basketball-reference.com/boxscores/201812280LAL.html,161.12,0.0,0.0,39.25
,2018-19,Danilo Gallinari,2018-12-29,Los Angeles Clippers,San Antonio Spurs,1.0,28.25,6.0,14.0,0.429,2.0,4.0,0.5,7.0,7.0,1.0,2.0,7.0,9.0,2.0,0.0,0.0,2.0,4.0,21.0,-16.0,https://www.basketball-reference.com/boxscores/201812290LAC.html,179.33999999999997,0.0,0.0,35.25
,2018-19,Danilo Gallinari,2019-01-01,Los Angeles Clippers,Philadelphia 76ers,1.0,34.27,7.0,15.0,0.467,2.0,6.0,0.333,5.0,6.0,0.833,2.0,5.0,7.0,3.0,1.0,0.0,2.0,2.0,21.0,1.0,https://www.basketball-reference.com/boxscores/201901010LAC.html,185.22,0.0,0.0,36.25
,2018-19,Danilo Gallinari,2019-01-04,Los Angeles Clippers,Phoenix Suns,0.0,36.35,6.0,11.0,0.545,1.0,4.0,0.25,8.0,9.0,0.889,2.0,5.0,7.0,6.0,2.0,0.0,2.0,0.0,21.0,12.0,https://www.basketball-reference.com/boxscores/201901040PHO.html,157.08,0.0,0.0,42.25
,2018-19,Danilo Gallinari,2019-01-06,Los Angeles Clippers,Orlando Magic,1.0,32.57,5.0,16.0,0.313,2.0,10.0,0.2,1.0,1.0,1.0,0.0,5.0,5.0,2.0,0.0,0.0,0.0,3.0,13.0,11.0,https://www.basketball-reference.com/boxscores/201901060LAC.html,106.86,0.0,0.0,23.25
,2018-19,Danilo Gallinari,2019-01-10,Los Angeles Clippers,Denver Nuggets,0.0,32.23,6.0,17.0,0.353,3.0,6.0,0.5,3.0,6.0,0.5,2.0,1.0,3.0,4.0,1.0,0.0,2.0,0.0,18.0,-21.0,https://www.basketball-reference.com/boxscores/201901100DEN.html,176.76,0.0,0.0,30.25
,2018-19,Danilo Gallinari,2019-01-12,Los Angeles Clippers,Detroit Pistons,1.0,37.4,6.0,15.0,0.4,3.0,9.0,0.333,8.0,8.0,1.0,0.0,6.0,6.0,2.0,1.0,0.0,5.0,3.0,23.0,-9.0,https://www.basketball-reference.com/boxscores/201901120LAC.html,212.98,0.0,0.0,34.5
,2018-19,Danilo Gallinari,2019-01-14,Los Angeles Clippers,New Orleans Pelicans,1.0,33.22,8.0,13.0,0.615,6.0,9.0,0.667,3.0,3.0,1.0,0.0,4.0,4.0,6.0,2.0,0.0,4.0,5.0,25.0,-6.0,https://www.basketball-reference.com/boxscores/201901140LAC.html,179.0,0.0,0.0,44.0
,2018-19,Danilo Gallinari,2019-01-16,Los Angeles Clippers,Utah Jazz,1.0,34.04,3.0,14.0,0.214,2.0,6.0,0.333,1.0,2.0,0.5,1.0,3.0,4.0,1.0,0.0,0.0,0.0,3.0,9.0,-20.0,https://www.basketball-reference.com/boxscores/201901160LAC.html,66.96000000000001,0.0,0.0,16.5
,2018-19,Danilo Gallinari,2019-01-18,Los Angeles Clippers,Golden State Warriors,1.0,8.01,0.0,3.0,0.0,0.0,2.0,0.0,1.0,2.0,0.5,0.0,3.0,3.0,0.0,1.0,0.0,0.0,0.0,1.0,-2.0,https://www.basketball-reference.com/boxscores/201901180LAC.html,1.94,0.0,0.0,6.75
,2018-19,Danilo Gallinari,2019-02-09,Los Angeles Clippers,Boston Celtics,0.0,29.23,5.0,10.0,0.5,2.0,6.0,0.333,7.0,7.0,1.0,0.0,10.0,10.0,4.0,0.0,0.0,2.0,1.0,19.0,25.0,https://www.basketball-reference.com/boxscores/201902090BOS.html,124.26,1.0,0.0,38.5
,2018-19,Danilo Gallinari,2019-02-11,Los Angeles Clippers,Minnesota Timberwolves,0.0,25.38,2.0,10.0,0.2,1.0,7.0,0.14300000000000002,7.0,8.0,0.875,0.0,5.0,5.0,1.0,1.0,0.0,2.0,3.0,12.0,-12.0,https://www.basketball-reference.com/boxscores/201902110MIN.html,81.12,0.0,0.0,21.25
,2018-19,Danilo Gallinari,2019-02-13,Los Angeles Clippers,Phoenix Suns,1.0,19.34,6.0,8.0,0.75,4.0,5.0,0.8,4.0,6.0,0.667,1.0,5.0,6.0,3.0,0.0,2.0,1.0,0.0,20.0,19.0,https://www.basketball-reference.com/boxscores/201902130LAC.html,106.4,0.0,0.0,37.5
,2018-19,Danilo Gallinari,2019-02-22,Los Angeles Clippers,Memphis Grizzlies,0.0,30.48,5.0,13.0,0.385,1.0,7.0,0.14300000000000002,12.0,12.0,1.0,1.0,6.0,7.0,1.0,3.0,1.0,3.0,2.0,23.0,-5.0,https://www.basketball-reference.com/boxscores/201902220MEM.html,210.22000000000003,0.0,0.0,40.25
,2018-19,Danilo Gallinari,2019-02-24,Los Angeles Clippers,Denver Nuggets,0.0,24.34,6.0,13.0,0.462,0.0,3.0,0.0,7.0,7.0,1.0,0.0,4.0,4.0,1.0,1.0,0.0,2.0,1.0,19.0,-11.0,https://www.basketball-reference.com/boxscores/201902240DEN.html,152.76,0.0,0.0,26.5
,2018-19,Danilo Gallinari,2019-02-25,Los Angeles Clippers,Dallas Mavericks,1.0,31.23,7.0,13.0,0.5379999999999999,4.0,7.0,0.5710000000000001,2.0,2.0,1.0,0.0,2.0,2.0,2.0,0.0,1.0,2.0,2.0,20.0,-4.0,https://www.basketball-reference.com/boxscores/201902250LAC.html,138.8,0.0,0.0,28.5
,2018-19,Danilo Gallinari,2019-02-27,Los Angeles Clippers,Utah Jazz,0.0,30.22,3.0,14.0,0.214,0.0,6.0,0.0,12.0,13.0,0.923,2.0,3.0,5.0,1.0,1.0,1.0,1.0,2.0,18.0,-2.0,https://www.basketball-reference.com/boxscores/201902270UTA.html,177.48,0.0,0.0,29.25
,2018-19,Danilo Gallinari,2019-03-01,Los Angeles Clippers,Sacramento Kings,0.0,29.33,5.0,12.0,0.417,1.0,5.0,0.2,8.0,9.0,0.889,1.0,8.0,9.0,3.0,0.0,0.0,1.0,3.0,19.0,13.0,https://www.basketball-reference.com/boxscores/201903010SAC.html,151.62,0.0,0.0,34.75
,2018-19,Danilo Gallinari,2019-03-03,Los Angeles Clippers,New York Knicks,1.0,23.13,8.0,15.0,0.5329999999999999,3.0,6.0,0.5,1.0,1.0,1.0,1.0,6.0,7.0,4.0,0.0,0.0,3.0,2.0,20.0,21.0,https://www.basketball-reference.com/boxscores/201903030LAC.html,154.4,0.0,0.0,34.75
,2018-19,Danilo Gallinari,2019-03-04,Los Angeles Clippers,Los Angeles Lakers,0.0,28.28,9.0,15.0,0.6,3.0,5.0,0.6,2.0,3.0,0.667,0.0,6.0,6.0,1.0,0.0,1.0,1.0,2.0,23.0,1.0,https://www.basketball-reference.com/boxscores/201903040LAL.html,187.68,0.0,0.0,35.0
,2018-19,Danilo Gallinari,2019-03-08,Los Angeles Clippers,Oklahoma City Thunder,1.0,33.36,10.0,19.0,0.526,2.0,5.0,0.4,12.0,15.0,0.8,2.0,4.0,6.0,2.0,0.0,0.0,0.0,1.0,34.0,13.0,https://www.basketball-reference.com/boxscores/201903080LAC.html,435.2000000000001,0.0,0.0,45.5
,2018-19,Danilo Gallinari,2019-03-11,Los Angeles Clippers,Boston Celtics,1.0,27.12,9.0,12.0,0.75,4.0,5.0,0.8,3.0,3.0,1.0,0.0,5.0,5.0,2.0,0.0,0.0,2.0,1.0,25.0,10.0,https://www.basketball-reference.com/boxscores/201903110LAC.html,166.5,0.0,0.0,35.25
,2018-19,Danilo Gallinari,2019-03-15,Los Angeles Clippers,Chicago Bulls,1.0,33.59,10.0,14.0,0.7140000000000001,4.0,4.0,1.0,3.0,5.0,0.6,0.0,7.0,7.0,2.0,1.0,1.0,1.0,2.0,27.0,15.0,https://www.basketball-reference.com/boxscores/201903150LAC.html,218.7,0.0,0.0,44.25
,2018-19,Danilo Gallinari,2019-03-17,Los Angeles Clippers,Brooklyn Nets,1.0,30.53,7.0,17.0,0.412,1.0,5.0,0.2,5.0,5.0,1.0,1.0,10.0,11.0,5.0,1.0,0.0,1.0,1.0,20.0,5.0,https://www.basketball-reference.com/boxscores/201903170LAC.html,192.0,1.0,0.0,44.25
,2018-19,Danilo Gallinari,2019-03-19,Los Angeles Clippers,Indiana Pacers,1.0,30.36,8.0,17.0,0.471,4.0,9.0,0.444,4.0,4.0,1.0,0.0,2.0,2.0,3.0,2.0,0.0,2.0,0.0,24.0,6.0,https://www.basketball-reference.com/boxscores/201903190LAC.html,225.12,0.0,0.0,36.0
,2018-19,Danilo Gallinari,2019-03-22,Los Angeles Clippers,Cleveland Cavaliers,0.0,32.39,11.0,15.0,0.733,1.0,4.0,0.25,4.0,4.0,1.0,0.0,3.0,3.0,3.0,1.0,0.0,1.0,1.0,27.0,10.0,https://www.basketball-reference.com/boxscores/201903220CLE.html,226.26,0.0,0.0,37.25
,2018-19,Danilo Gallinari,2019-03-24,Los Angeles Clippers,New York Knicks,0.0,33.23,5.0,16.0,0.313,3.0,10.0,0.3,13.0,14.0,0.929,2.0,6.0,8.0,1.0,0.0,0.0,2.0,4.0,26.0,8.0,https://www.basketball-reference.com/boxscores/201903240NYK.html,288.08,0.0,0.0,38.0
,2018-19,Danilo Gallinari,2019-03-26,Los Angeles Clippers,Minnesota Timberwolves,0.0,29.59,7.0,16.0,0.438,6.0,9.0,0.667,5.0,5.0,1.0,0.0,10.0,10.0,4.0,1.0,0.0,2.0,1.0,25.0,13.0,https://www.basketball-reference.com/boxscores/201903260MIN.html,227.5,1.0,0.0,48.5
,2018-19,Danilo Gallinari,2019-03-28,Los Angeles Clippers,Milwaukee Bucks,0.0,24.11,3.0,9.0,0.333,1.0,4.0,0.25,7.0,7.0,1.0,0.0,8.0,8.0,4.0,1.0,0.0,1.0,0.0,14.0,-5.0,https://www.basketball-reference.com/boxscores/201903280MIL.html,84.56,0.0,0.0,32.0
,2018-19,Danilo Gallinari,2019-03-31,Los Angeles Clippers,Memphis Grizzlies,1.0,30.53,6.0,11.0,0.545,1.0,4.0,0.25,14.0,16.0,0.875,1.0,14.0,15.0,5.0,0.0,0.0,3.0,2.0,27.0,13.0,https://www.basketball-reference.com/boxscores/201903310LAC.html,243.54,1.0,0.0,53.25
,2020-21,Danilo Gallinari,2020-12-23,Atlanta Hawks,Chicago Bulls,0.0,24.26,4.0,6.0,0.667,1.0,2.0,0.5,4.0,4.0,1.0,0.0,4.0,4.0,3.0,0.0,0.0,3.0,2.0,13.0,31.0,https://www.basketball-reference.com/boxscores/202012230CHI.html,50.44,0.0,0.0,21.5
,2020-21,Danilo Gallinari,2021-01-22,Atlanta Hawks,Minnesota Timberwolves,0.0,14.41,3.0,8.0,0.375,1.0,4.0,0.25,3.0,3.0,1.0,1.0,3.0,4.0,0.0,0.0,0.0,0.0,0.0,10.0,11.0,https://www.basketball-reference.com/boxscores/202101220MIN.html,46.6,0.0,0.0,15.5
,2020-21,Danilo Gallinari,2021-01-24,Atlanta Hawks,Milwaukee Bucks,0.0,18.4,4.0,8.0,0.5,3.0,6.0,0.5,6.0,6.0,1.0,0.0,2.0,2.0,2.0,0.0,0.0,0.0,2.0,17.0,-5.0,https://www.basketball-reference.com/boxscores/202101240MIL.html,90.44,0.0,0.0,24.0
,2020-21,Danilo Gallinari,2021-01-26,Atlanta Hawks,Los Angeles Clippers,1.0,14.27,0.0,2.0,0.0,0.0,2.0,0.0,2.0,2.0,1.0,0.0,1.0,1.0,0.0,0.0,0.0,3.0,2.0,2.0,7.0,https://www.basketball-reference.com/boxscores/202101260ATL.html,2.88,0.0,0.0,1.75
,2020-21,Danilo Gallinari,2021-01-29,Atlanta Hawks,Washington Wizards,0.0,18.18,4.0,8.0,0.5,2.0,4.0,0.5,1.0,2.0,0.5,0.0,3.0,3.0,0.0,0.0,0.0,3.0,2.0,11.0,-3.0,https://www.basketball-reference.com/boxscores/202101290WAS.html,48.84,0.0,0.0,14.25
,2020-21,Danilo Gallinari,2021-02-03,Atlanta Hawks,Dallas Mavericks,1.0,20.5,4.0,11.0,0.364,2.0,8.0,0.25,9.0,9.0,1.0,1.0,1.0,2.0,2.0,0.0,1.0,0.0,3.0,19.0,-1.0,https://www.basketball-reference.com/boxscores/202102030ATL.html,142.12,0.0,0.0,27.5
,2020-21,Danilo Gallinari,2021-02-04,Atlanta Hawks,Utah Jazz,1.0,18.04,1.0,6.0,0.16699999999999998,0.0,2.0,0.0,3.0,3.0,1.0,1.0,3.0,4.0,0.0,0.0,0.0,2.0,2.0,5.0,2.0,https://www.basketball-reference.com/boxscores/202102040ATL.html,18.3,0.0,0.0,9.0
,2020-21,Danilo Gallinari,2021-02-06,Atlanta Hawks,Toronto Raptors,1.0,24.35,4.0,6.0,0.667,3.0,5.0,0.6,3.0,3.0,1.0,0.0,5.0,5.0,4.0,0.0,0.0,2.0,4.0,14.0,9.0,https://www.basketball-reference.com/boxscores/202102060ATL.html,51.24,0.0,0.0,26.75
,2020-21,Danilo Gallinari,2021-02-10,Atlanta Hawks,Dallas Mavericks,0.0,30.07,2.0,12.0,0.16699999999999998,1.0,7.0,0.14300000000000002,6.0,6.0,1.0,0.0,3.0,3.0,3.0,0.0,0.0,0.0,1.0,11.0,-2.0,https://www.basketball-reference.com/boxscores/202102100DAL.html,80.52000000000002,0.0,0.0,19.75
,2020-21,Danilo Gallinari,2021-02-13,Atlanta Hawks,Indiana Pacers,1.0,26.2,7.0,14.0,0.5,4.0,8.0,0.5,2.0,4.0,0.5,0.0,7.0,7.0,0.0,1.0,0.0,1.0,5.0,20.0,-20.0,https://www.basketball-reference.com/boxscores/202102130ATL.html,157.6,0.0,0.0,32.25
,2020-21,Danilo Gallinari,2021-02-15,Atlanta Hawks,New York Knicks,0.0,26.01,3.0,5.0,0.6,3.0,4.0,0.75,7.0,7.0,1.0,0.0,5.0,5.0,0.0,0.0,1.0,0.0,5.0,16.0,-14.0,https://www.basketball-reference.com/boxscores/202102150NYK.html,64.64,0.0,0.0,25.75
,2020-21,Danilo Gallinari,2021-02-17,Atlanta Hawks,Boston Celtics,0.0,24.59,3.0,13.0,0.231,2.0,6.0,0.333,1.0,1.0,1.0,0.0,2.0,2.0,1.0,0.0,0.0,2.0,2.0,9.0,0.0,https://www.basketball-reference.com/boxscores/202102170BOS.html,60.48,0.0,0.0,13.0
,2020-21,Danilo Gallinari,2021-02-19,Atlanta Hawks,Boston Celtics,0.0,24.08,2.0,14.0,0.14300000000000002,2.0,7.0,0.28600000000000003,3.0,4.0,0.75,0.0,2.0,2.0,3.0,1.0,0.0,1.0,3.0,9.0,9.0,https://www.basketball-reference.com/boxscores/202102190BOS.html,70.92,0.0,0.0,18.5
,2020-21,Danilo Gallinari,2021-02-21,Atlanta Hawks,Denver Nuggets,1.0,20.51,3.0,6.0,0.5,1.0,3.0,0.333,5.0,5.0,1.0,1.0,4.0,5.0,3.0,2.0,0.0,1.0,1.0,12.0,5.0,https://www.basketball-reference.com/boxscores/202102210ATL.html,49.2,0.0,0.0,26.75
,2020-21,Danilo Gallinari,2021-02-23,Atlanta Hawks,Cleveland Cavaliers,0.0,23.13,1.0,7.0,0.14300000000000002,1.0,4.0,0.25,2.0,2.0,1.0,0.0,0.0,0.0,1.0,0.0,0.0,1.0,2.0,5.0,-10.0,https://www.basketball-reference.com/boxscores/202102230CLE.html,19.7,0.0,0.0,6.5
,2020-21,Danilo Gallinari,2021-02-24,Atlanta Hawks,Boston Celtics,1.0,33.29,13.0,16.0,0.813,10.0,12.0,0.833,2.0,2.0,1.0,0.0,6.0,6.0,2.0,2.0,0.0,4.0,2.0,38.0,25.0,https://www.basketball-reference.com/boxscores/202102240ATL.html,320.72,0.0,0.0,55.5
,2020-21,Danilo Gallinari,2021-02-26,Atlanta Hawks,Oklahoma City Thunder,0.0,25.18,2.0,8.0,0.25,0.0,3.0,0.0,4.0,5.0,0.8,0.0,5.0,5.0,2.0,0.0,0.0,0.0,1.0,8.0,-10.0,https://www.basketball-reference.com/boxscores/202102260OKC.html,40.8,0.0,0.0,17.25
,2020-21,Danilo Gallinari,2021-02-28,Atlanta Hawks,Miami Heat,0.0,19.29,2.0,10.0,0.2,0.0,7.0,0.0,2.0,2.0,1.0,1.0,3.0,4.0,2.0,2.0,0.0,0.0,2.0,6.0,-18.0,https://www.basketball-reference.com/boxscores/202102280MIA.html,32.64,0.0,0.0,18.0
,2020-21,Danilo Gallinari,2021-03-02,Atlanta Hawks,Miami Heat,0.0,24.55,2.0,7.0,0.28600000000000003,2.0,6.0,0.333,2.0,2.0,1.0,0.0,4.0,4.0,0.0,1.0,0.0,1.0,1.0,8.0,20.0,https://www.basketball-reference.com/boxscores/202103020MIA.html,31.52,0.0,0.0,15.5
,2020-21,Danilo Gallinari,2021-03-03,Atlanta Hawks,Orlando Magic,0.0,39.19,8.0,18.0,0.444,5.0,10.0,0.5,2.0,2.0,1.0,0.0,9.0,9.0,6.0,2.0,1.0,0.0,3.0,23.0,7.0,https://www.basketball-reference.com/boxscores/202103030ORL.html,217.12,0.0,0.0,51.75
,2020-21,Danilo Gallinari,2021-03-11,Atlanta Hawks,Toronto Raptors,0.0,29.07,6.0,10.0,0.6,4.0,8.0,0.5,4.0,4.0,1.0,1.0,4.0,5.0,1.0,2.0,0.0,1.0,2.0,20.0,10.0,https://www.basketball-reference.com/boxscores/202103110TOR.html,117.6,0.0,0.0,33.25
,2020-21,Danilo Gallinari,2021-03-14,Atlanta Hawks,Cleveland Cavaliers,1.0,28.23,5.0,12.0,0.417,3.0,7.0,0.429,7.0,7.0,1.0,1.0,4.0,5.0,0.0,1.0,1.0,1.0,3.0,20.0,11.0,https://www.basketball-reference.com/boxscores/202103140ATL.html,150.8,0.0,0.0,31.25
,2020-21,Danilo Gallinari,2021-03-16,Atlanta Hawks,Houston Rockets,0.0,34.09,10.0,14.0,0.7140000000000001,5.0,8.0,0.625,4.0,4.0,1.0,0.0,6.0,6.0,0.0,1.0,1.0,0.0,3.0,29.0,17.0,https://www.basketball-reference.com/boxscores/202103160HOU.html,228.52,0.0,0.0,43.0
,2020-21,Danilo Gallinari,2021-03-18,Atlanta Hawks,Oklahoma City Thunder,1.0,24.51,3.0,9.0,0.333,0.0,3.0,0.0,2.0,3.0,0.667,1.0,8.0,9.0,1.0,0.0,0.0,1.0,1.0,8.0,6.0,https://www.basketball-reference.com/boxscores/202103180ATL.html,41.28,0.0,0.0,20.25
,2020-21,Danilo Gallinari,2021-03-20,Atlanta Hawks,Los Angeles Lakers,0.0,30.03,6.0,12.0,0.5,4.0,6.0,0.667,2.0,2.0,1.0,0.0,4.0,4.0,3.0,2.0,1.0,0.0,1.0,18.0,-8.0,https://www.basketball-reference.com/boxscores/202103200LAL.html,115.92,0.0,0.0,35.5
,2020-21,Danilo Gallinari,2021-03-22,Atlanta Hawks,Los Angeles Clippers,0.0,23.38,2.0,9.0,0.222,1.0,5.0,0.2,1.0,1.0,1.0,0.0,4.0,4.0,2.0,0.0,0.0,0.0,1.0,6.0,14.0,https://www.basketball-reference.com/boxscores/202103220LAC.html,28.32,0.0,0.0,14.5
,2020-21,Danilo Gallinari,2021-03-24,Atlanta Hawks,Sacramento Kings,0.0,25.4,3.0,9.0,0.333,0.0,3.0,0.0,6.0,7.0,0.857,0.0,3.0,3.0,2.0,0.0,0.0,2.0,1.0,12.0,-3.0,https://www.basketball-reference.com/boxscores/202103240SAC.html,72.48,0.0,0.0,17.75
,2020-21,Danilo Gallinari,2021-03-28,Atlanta Hawks,Denver Nuggets,0.0,23.06,5.0,10.0,0.5,1.0,4.0,0.25,3.0,3.0,1.0,0.0,2.0,2.0,2.0,0.0,1.0,0.0,3.0,14.0,-8.0,https://www.basketball-reference.com/boxscores/202103280DEN.html,79.24000000000002,0.0,0.0,22.0
,2020-21,Danilo Gallinari,2021-03-30,Atlanta Hawks,Phoenix Suns,0.0,23.29,4.0,10.0,0.4,2.0,7.0,0.28600000000000003,3.0,3.0,1.0,0.0,3.0,3.0,3.0,0.0,0.0,0.0,4.0,13.0,-8.0,https://www.basketball-reference.com/boxscores/202103300PHO.html,73.58,0.0,0.0,22.25
