Unnamed: 0,season,Player,Date,Team,Against,Home,MP,FG,FGA,FG%,3P,3PA,3P%,FT,FTA,FT%,ORB,DRB,TRB,AST,STL,BLK,TOV,PF,PTS,+/-,GameLink,TS%,DD,DT,FPTS
,2019-20,Dario Šarić,2019-12-02,Phoenix Suns,Charlotte Hornets,0.0,32.03,5.0,11.0,0.455,1.0,5.0,0.2,5.0,5.0,1.0,3.0,7.0,10.0,2.0,0.0,1.0,0.0,3.0,16.0,6.0,https://www.basketball-reference.com/boxscores/201912020CHO.html,105.6,1.0,0.0,35.0
,2019-20,Dario Šarić,2019-12-04,Phoenix Suns,Orlando Magic,0.0,25.31,3.0,7.0,0.429,1.0,4.0,0.25,3.0,4.0,0.75,3.0,3.0,6.0,2.0,0.0,0.0,2.0,3.0,10.0,-3.0,https://www.basketball-reference.com/boxscores/201912040ORL.html,43.8,0.0,0.0,20.0
,2019-20,Dario Šarić,2019-12-05,New Orleans Pelicans,Phoenix Suns,1.0,25.56,4.0,9.0,0.444,0.0,3.0,0.0,1.0,1.0,1.0,2.0,1.0,3.0,1.0,1.0,0.0,1.0,6.0,9.0,4.0,https://www.basketball-reference.com/boxscores/201912050NOP.html,42.48,0.0,0.0,15.75
,2019-20,Dario Šarić,2019-12-09,Phoenix Suns,Minnesota Timberwolves,1.0,32.16,7.0,11.0,0.636,2.0,6.0,0.333,4.0,5.0,0.8,1.0,8.0,9.0,1.0,1.0,0.0,1.0,3.0,20.0,12.0,https://www.basketball-reference.com/boxscores/201912090PHO.html,132.0,0.0,0.0,35.25
,2019-20,Dario Šarić,2019-12-16,Phoenix Suns,Portland Trail Blazers,1.0,31.26,6.0,10.0,0.6,1.0,5.0,0.2,4.0,4.0,1.0,1.0,6.0,7.0,1.0,1.0,0.0,3.0,3.0,17.0,-11.0,https://www.basketball-reference.com/boxscores/201912160PHO.html,99.96,0.0,0.0,28.25
,2019-20,Dario Šarić,2019-12-23,Phoenix Suns,Denver Nuggets,1.0,16.36,6.0,11.0,0.545,1.0,4.0,0.25,0.0,1.0,0.0,2.0,4.0,6.0,2.0,0.0,0.0,0.0,0.0,13.0,-13.0,https://www.basketball-reference.com/boxscores/201912230PHO.html,74.36,0.0,0.0,24.0
,2019-20,Dario Šarić,2019-12-27,Phoenix Suns,Golden State Warriors,0.0,22.23,3.0,6.0,0.5,2.0,5.0,0.4,3.0,3.0,1.0,4.0,6.0,10.0,2.0,0.0,0.0,3.0,0.0,11.0,-2.0,https://www.basketball-reference.com/boxscores/201912270GSW.html,40.26000000000001,1.0,0.0,27.0
,2019-20,Dario Šarić,2019-12-30,Phoenix Suns,Portland Trail Blazers,0.0,16.52,1.0,5.0,0.2,0.0,2.0,0.0,0.0,1.0,0.0,1.0,1.0,2.0,0.0,0.0,0.0,1.0,0.0,2.0,-12.0,https://www.basketball-reference.com/boxscores/201912300POR.html,5.44,0.0,0.0,4.0
,2019-20,Dario Šarić,2020-01-10,Phoenix Suns,Orlando Magic,1.0,20.32,3.0,6.0,0.5,1.0,3.0,0.333,2.0,2.0,1.0,1.0,1.0,2.0,0.0,1.0,0.0,3.0,2.0,9.0,-9.0,https://www.basketball-reference.com/boxscores/202001100PHO.html,30.96,0.0,0.0,12.5
,2019-20,Dario Šarić,2020-01-14,Phoenix Suns,Atlanta Hawks,0.0,18.42,1.0,4.0,0.25,0.0,1.0,0.0,2.0,2.0,1.0,0.0,1.0,1.0,2.0,1.0,0.0,0.0,0.0,4.0,-8.0,https://www.basketball-reference.com/boxscores/202001140ATL.html,9.76,0.0,0.0,10.25
,2019-20,Dario Šarić,2020-01-20,Phoenix Suns,San Antonio Spurs,1.0,20.25,2.0,5.0,0.4,1.0,2.0,0.5,5.0,5.0,1.0,1.0,4.0,5.0,1.0,0.0,0.0,0.0,0.0,10.0,-22.0,https://www.basketball-reference.com/boxscores/202001200PHO.html,36.0,0.0,0.0,18.25
,2019-20,Dario Šarić,2020-01-26,Phoenix Suns,Memphis Grizzlies,0.0,22.37,0.0,4.0,0.0,0.0,3.0,0.0,5.0,6.0,0.833,2.0,0.0,2.0,3.0,1.0,0.0,0.0,1.0,5.0,-10.0,https://www.basketball-reference.com/boxscores/202001260MEM.html,16.6,0.0,0.0,14.0
,2019-20,Dario Šarić,2020-02-21,Phoenix Suns,Toronto Raptors,0.0,19.37,2.0,6.0,0.333,1.0,4.0,0.25,3.0,4.0,0.75,3.0,2.0,5.0,3.0,0.0,0.0,2.0,3.0,8.0,-12.0,https://www.basketball-reference.com/boxscores/202002210TOR.html,31.04,0.0,0.0,18.25
,2019-20,Dario Šarić,2020-02-24,Phoenix Suns,Utah Jazz,0.0,16.01,5.0,5.0,1.0,2.0,2.0,1.0,2.0,2.0,1.0,0.0,3.0,3.0,2.0,0.0,0.0,2.0,2.0,14.0,15.0,https://www.basketball-reference.com/boxscores/202002240UTA.html,41.16,0.0,0.0,20.75
,2019-20,Dario Šarić,2020-02-26,Phoenix Suns,Los Angeles Clippers,1.0,31.0,1.0,7.0,0.14300000000000002,0.0,3.0,0.0,3.0,4.0,0.75,2.0,7.0,9.0,3.0,0.0,0.0,0.0,1.0,5.0,-7.0,https://www.basketball-reference.com/boxscores/202002260PHO.html,21.9,0.0,0.0,20.75
,2019-20,Dario Šarić,2020-02-29,Phoenix Suns,Golden State Warriors,1.0,28.12,4.0,8.0,0.5,0.0,2.0,0.0,3.0,4.0,0.75,2.0,7.0,9.0,3.0,0.0,1.0,0.0,2.0,11.0,-14.0,https://www.basketball-reference.com/boxscores/202002290PHO.html,53.68,0.0,0.0,28.75
,2019-20,Dario Šarić,2020-03-03,Phoenix Suns,Toronto Raptors,1.0,22.43,6.0,8.0,0.75,2.0,3.0,0.667,2.0,2.0,1.0,0.0,3.0,3.0,2.0,0.0,0.0,2.0,4.0,16.0,0.0,https://www.basketball-reference.com/boxscores/202003030PHO.html,71.04,0.0,0.0,22.75
,2019-20,Dario Šarić,2020-03-06,Phoenix Suns,Portland Trail Blazers,1.0,38.06,9.0,13.0,0.6920000000000001,2.0,4.0,0.5,4.0,5.0,0.8,3.0,5.0,8.0,0.0,3.0,1.0,1.0,2.0,24.0,3.0,https://www.basketball-reference.com/boxscores/202003060PHO.html,182.4,0.0,0.0,42.5
,2019-20,Dario Šarić,2020-03-08,Phoenix Suns,Milwaukee Bucks,1.0,26.17,3.0,7.0,0.429,3.0,4.0,0.75,2.0,4.0,0.5,2.0,3.0,5.0,1.0,1.0,0.0,1.0,3.0,11.0,4.0,https://www.basketball-reference.com/boxscores/202003080PHO.html,48.18,0.0,0.0,21.75
,2019-20,Dario Šarić,2020-03-10,Phoenix Suns,Portland Trail Blazers,0.0,38.48,9.0,16.0,0.563,4.0,6.0,0.667,2.0,2.0,1.0,3.0,8.0,11.0,2.0,0.0,1.0,0.0,4.0,24.0,-10.0,https://www.basketball-reference.com/boxscores/202003100POR.html,202.56,1.0,0.0,45.75
,2018-19,Dario Šarić,2018-12-01,Minnesota Timberwolves,Boston Celtics,1.0,20.24,3.0,7.0,0.429,0.0,4.0,0.0,1.0,2.0,0.5,1.0,3.0,4.0,1.0,0.0,1.0,0.0,1.0,7.0,-3.0,https://www.basketball-reference.com/boxscores/201812010MIN.html,27.58,0.0,0.0,15.5
,2018-19,Dario Šarić,2018-12-03,Minnesota Timberwolves,Houston Rockets,1.0,20.55,4.0,8.0,0.5,3.0,4.0,0.75,1.0,1.0,1.0,0.0,0.0,0.0,1.0,0.0,0.0,1.0,1.0,12.0,2.0,https://www.basketball-reference.com/boxscores/201812030MIN.html,50.64,0.0,0.0,14.5
,2018-19,Dario Šarić,2018-12-10,Minnesota Timberwolves,Golden State Warriors,0.0,30.39,6.0,9.0,0.667,0.0,3.0,0.0,1.0,1.0,1.0,1.0,7.0,8.0,2.0,0.0,0.0,1.0,1.0,13.0,2.0,https://www.basketball-reference.com/boxscores/201812100GSW.html,61.36,0.0,0.0,25.5
,2018-19,Dario Šarić,2018-12-12,Minnesota Timberwolves,Sacramento Kings,0.0,31.17,6.0,9.0,0.667,2.0,5.0,0.4,4.0,4.0,1.0,2.0,4.0,6.0,3.0,1.0,0.0,0.0,4.0,18.0,-6.0,https://www.basketball-reference.com/boxscores/201812120SAC.html,96.84,0.0,0.0,33.0
,2018-19,Dario Šarić,2018-12-15,Minnesota Timberwolves,Phoenix Suns,0.0,34.56,6.0,12.0,0.5,2.0,5.0,0.4,1.0,1.0,1.0,3.0,8.0,11.0,2.0,1.0,0.0,1.0,2.0,15.0,2.0,https://www.basketball-reference.com/boxscores/201812150PHO.html,93.3,1.0,0.0,35.25
,2018-19,Dario Šarić,2018-12-17,Minnesota Timberwolves,Sacramento Kings,1.0,20.14,4.0,6.0,0.667,1.0,2.0,0.5,3.0,4.0,0.75,0.0,7.0,7.0,3.0,0.0,0.0,0.0,2.0,12.0,32.0,https://www.basketball-reference.com/boxscores/201812170MIN.html,46.56,0.0,0.0,25.75
,2018-19,Dario Šarić,2018-12-21,Minnesota Timberwolves,San Antonio Spurs,0.0,20.06,2.0,5.0,0.4,0.0,1.0,0.0,3.0,3.0,1.0,1.0,4.0,5.0,4.0,1.0,0.0,3.0,0.0,7.0,-27.0,https://www.basketball-reference.com/boxscores/201812210SAS.html,22.12,0.0,0.0,19.75
,2018-19,Dario Šarić,2018-12-26,Minnesota Timberwolves,Chicago Bulls,0.0,19.37,4.0,9.0,0.444,2.0,4.0,0.5,2.0,2.0,1.0,1.0,1.0,2.0,3.0,0.0,0.0,3.0,0.0,12.0,4.0,https://www.basketball-reference.com/boxscores/201812260CHI.html,59.28,0.0,0.0,18.5
,2018-19,Dario Šarić,2018-12-30,Minnesota Timberwolves,Miami Heat,0.0,18.35,4.0,10.0,0.4,2.0,3.0,0.667,3.0,3.0,1.0,1.0,3.0,4.0,1.0,1.0,1.0,2.0,0.0,13.0,0.0,https://www.basketball-reference.com/boxscores/201812300MIA.html,73.58,0.0,0.0,23.5
,2018-19,Dario Šarić,2019-01-04,Minnesota Timberwolves,Orlando Magic,1.0,23.05,4.0,8.0,0.5,1.0,3.0,0.333,1.0,1.0,1.0,1.0,3.0,4.0,0.0,2.0,0.0,1.0,4.0,10.0,-4.0,https://www.basketball-reference.com/boxscores/201901040MIN.html,42.2,0.0,0.0,19.0
,2018-19,Dario Šarić,2019-01-06,Minnesota Timberwolves,Los Angeles Lakers,1.0,21.49,2.0,5.0,0.4,1.0,2.0,0.5,1.0,2.0,0.5,1.0,0.0,1.0,2.0,0.0,0.0,1.0,2.0,6.0,-14.0,https://www.basketball-reference.com/boxscores/201901060MIN.html,17.64,0.0,0.0,10.25
,2018-19,Dario Šarić,2019-01-08,Minnesota Timberwolves,Oklahoma City Thunder,0.0,25.06,5.0,12.0,0.417,2.0,6.0,0.333,3.0,5.0,0.6,4.0,3.0,7.0,2.0,1.0,0.0,2.0,2.0,15.0,22.0,https://www.basketball-reference.com/boxscores/201901080OKC.html,106.5,0.0,0.0,28.75
,2018-19,Dario Šarić,2019-01-12,Minnesota Timberwolves,New Orleans Pelicans,1.0,16.14,4.0,7.0,0.5710000000000001,2.0,3.0,0.667,4.0,4.0,1.0,1.0,3.0,4.0,0.0,0.0,0.0,1.0,4.0,14.0,-4.0,https://www.basketball-reference.com/boxscores/201901120MIN.html,61.32,0.0,0.0,19.5
,2018-19,Dario Šarić,2019-01-20,Minnesota Timberwolves,Phoenix Suns,1.0,20.18,3.0,5.0,0.6,1.0,2.0,0.5,2.0,3.0,0.667,2.0,3.0,5.0,2.0,1.0,0.0,1.0,4.0,9.0,7.0,https://www.basketball-reference.com/boxscores/201901200MIN.html,28.44,0.0,0.0,20.25
,2018-19,Dario Šarić,2019-01-24,Minnesota Timberwolves,Los Angeles Lakers,0.0,20.1,1.0,2.0,0.5,0.0,1.0,0.0,2.0,2.0,1.0,2.0,4.0,6.0,1.0,1.0,0.0,0.0,1.0,4.0,8.0,https://www.basketball-reference.com/boxscores/201901240LAL.html,5.76,0.0,0.0,15.0
,2018-19,Dario Šarić,2019-02-05,Minnesota Timberwolves,Memphis Grizzlies,0.0,32.4,7.0,11.0,0.636,4.0,7.0,0.5710000000000001,4.0,4.0,1.0,2.0,5.0,7.0,5.0,0.0,0.0,2.0,3.0,22.0,29.0,https://www.basketball-reference.com/boxscores/201902050MEM.html,140.36,0.0,0.0,39.25
,2018-19,Dario Šarić,2019-02-08,Minnesota Timberwolves,New Orleans Pelicans,0.0,24.54,2.0,6.0,0.333,1.0,1.0,1.0,4.0,4.0,1.0,1.0,2.0,3.0,1.0,1.0,0.0,2.0,1.0,9.0,13.0,https://www.basketball-reference.com/boxscores/201902080NOP.html,34.92,0.0,0.0,15.75
,2018-19,Dario Šarić,2019-02-11,Minnesota Timberwolves,Los Angeles Clippers,1.0,33.28,7.0,11.0,0.636,4.0,5.0,0.8,1.0,1.0,1.0,4.0,4.0,8.0,2.0,2.0,0.0,1.0,4.0,19.0,6.0,https://www.basketball-reference.com/boxscores/201902110MIN.html,108.68,0.0,0.0,37.5
,2018-19,Dario Šarić,2019-02-13,Minnesota Timberwolves,Houston Rockets,1.0,24.22,6.0,9.0,0.667,2.0,2.0,1.0,1.0,1.0,1.0,4.0,4.0,8.0,1.0,1.0,0.0,1.0,1.0,15.0,4.0,https://www.basketball-reference.com/boxscores/201902130MIN.html,70.8,0.0,0.0,29.0
,2018-19,Dario Šarić,2019-02-22,Minnesota Timberwolves,New York Knicks,0.0,23.06,4.0,7.0,0.5710000000000001,3.0,4.0,0.75,2.0,4.0,0.5,0.0,7.0,7.0,0.0,1.0,0.0,2.0,3.0,13.0,-6.0,https://www.basketball-reference.com/boxscores/201902220NYK.html,56.94,0.0,0.0,24.25
,2018-19,Dario Šarić,2019-02-23,Minnesota Timberwolves,Milwaukee Bucks,0.0,29.36,2.0,11.0,0.182,1.0,5.0,0.2,2.0,2.0,1.0,3.0,5.0,8.0,3.0,1.0,0.0,0.0,0.0,7.0,-16.0,https://www.basketball-reference.com/boxscores/201902230MIL.html,41.58000000000001,0.0,0.0,24.0
,2018-19,Dario Šarić,2019-02-27,Atlanta Hawks,Minnesota Timberwolves,1.0,29.13,1.0,11.0,0.091,0.0,6.0,0.0,4.0,4.0,1.0,1.0,3.0,4.0,4.0,2.0,0.0,1.0,2.0,6.0,7.0,https://www.basketball-reference.com/boxscores/201902270ATL.html,38.28,0.0,0.0,20.5
,2018-19,Dario Šarić,2019-03-03,Minnesota Timberwolves,Washington Wizards,0.0,21.47,5.0,9.0,0.556,1.0,3.0,0.333,2.0,5.0,0.4,1.0,4.0,5.0,2.0,0.0,0.0,1.0,3.0,13.0,-15.0,https://www.basketball-reference.com/boxscores/201903030WAS.html,72.8,0.0,0.0,22.25
,2018-19,Dario Šarić,2019-03-05,Minnesota Timberwolves,Oklahoma City Thunder,1.0,23.45,3.0,5.0,0.6,2.0,4.0,0.5,2.0,2.0,1.0,0.0,7.0,7.0,2.0,0.0,0.0,3.0,1.0,10.0,6.0,https://www.basketball-reference.com/boxscores/201903050MIN.html,29.4,0.0,0.0,21.25
,2018-19,Dario Šarić,2019-03-14,Minnesota Timberwolves,Utah Jazz,0.0,21.37,4.0,8.0,0.5,0.0,3.0,0.0,2.0,2.0,1.0,0.0,1.0,1.0,1.0,0.0,0.0,0.0,4.0,10.0,-14.0,https://www.basketball-reference.com/boxscores/201903140UTA.html,44.40000000000001,0.0,0.0,12.75
,2018-19,Dario Šarić,2019-03-17,Minnesota Timberwolves,Houston Rockets,0.0,23.15,3.0,7.0,0.429,0.0,1.0,0.0,2.0,2.0,1.0,4.0,4.0,8.0,0.0,1.0,0.0,2.0,1.0,8.0,-23.0,https://www.basketball-reference.com/boxscores/201903170HOU.html,31.52,0.0,0.0,19.0
,2018-19,Dario Šarić,2019-03-19,Minnesota Timberwolves,Golden State Warriors,1.0,27.52,3.0,10.0,0.3,0.0,3.0,0.0,7.0,8.0,0.875,2.0,4.0,6.0,2.0,0.0,0.0,1.0,2.0,13.0,9.0,https://www.basketball-reference.com/boxscores/201903190MIN.html,87.88,0.0,0.0,23.0
,2018-19,Dario Šarić,2019-03-21,Minnesota Timberwolves,Charlotte Hornets,0.0,28.27,5.0,10.0,0.5,2.0,3.0,0.667,3.0,4.0,0.75,3.0,4.0,7.0,1.0,0.0,0.0,1.0,3.0,15.0,-3.0,https://www.basketball-reference.com/boxscores/201903210CHO.html,88.2,0.0,0.0,25.75
,2018-19,Dario Šarić,2019-03-23,Minnesota Timberwolves,Memphis Grizzlies,0.0,26.08,3.0,9.0,0.333,3.0,6.0,0.5,2.0,2.0,1.0,1.0,3.0,4.0,3.0,1.0,1.0,3.0,3.0,11.0,16.0,https://www.basketball-reference.com/boxscores/201903230MEM.html,54.34,0.0,0.0,24.5
,2018-19,Dario Šarić,2019-03-26,Minnesota Timberwolves,Los Angeles Clippers,1.0,27.11,7.0,10.0,0.7,2.0,3.0,0.667,2.0,2.0,1.0,3.0,2.0,5.0,1.0,1.0,0.0,3.0,1.0,18.0,-9.0,https://www.basketball-reference.com/boxscores/201903260MIN.html,97.92,0.0,0.0,27.25
,2018-19,Dario Šarić,2019-03-30,Minnesota Timberwolves,Philadelphia 76ers,1.0,25.06,1.0,6.0,0.16699999999999998,0.0,1.0,0.0,2.0,2.0,1.0,0.0,4.0,4.0,1.0,2.0,0.0,1.0,2.0,4.0,-4.0,https://www.basketball-reference.com/boxscores/201903300MIN.html,13.76,0.0,0.0,14.0
,2020-21,Dario Šarić,2020-12-29,Phoenix Suns,New Orleans Pelicans,1.0,14.16,3.0,4.0,0.75,2.0,3.0,0.667,2.0,2.0,1.0,0.0,4.0,4.0,1.0,1.0,0.0,3.0,1.0,10.0,21.0,https://www.basketball-reference.com/boxscores/202012290PHO.html,24.4,0.0,0.0,18.0
,2020-21,Dario Šarić,2020-12-31,Phoenix Suns,Utah Jazz,0.0,18.1,1.0,7.0,0.14300000000000002,1.0,5.0,0.2,2.0,2.0,1.0,0.0,5.0,5.0,1.0,0.0,0.0,2.0,2.0,5.0,11.0,https://www.basketball-reference.com/boxscores/202012310UTA.html,19.7,0.0,0.0,12.25
,2020-21,Dario Šarić,2021-01-03,Phoenix Suns,Los Angeles Clippers,1.0,17.02,6.0,9.0,0.667,2.0,5.0,0.4,1.0,2.0,0.5,1.0,3.0,4.0,1.0,1.0,0.0,2.0,3.0,15.0,12.0,https://www.basketball-reference.com/boxscores/202101030PHO.html,74.10000000000002,0.0,0.0,23.5
,2020-21,Dario Šarić,2021-01-06,Phoenix Suns,Toronto Raptors,1.0,16.34,6.0,11.0,0.545,2.0,3.0,0.667,1.0,1.0,1.0,1.0,4.0,5.0,1.0,0.0,0.0,0.0,2.0,15.0,9.0,https://www.basketball-reference.com/boxscores/202101060PHO.html,85.8,0.0,0.0,23.75
,2020-21,Dario Šarić,2021-01-08,Detroit Pistons,Phoenix Suns,1.0,28.19,4.0,12.0,0.333,2.0,6.0,0.333,2.0,2.0,1.0,1.0,5.0,6.0,0.0,2.0,0.0,4.0,3.0,12.0,7.0,https://www.basketball-reference.com/boxscores/202101080DET.html,77.28,0.0,0.0,22.5
,2020-21,Dario Šarić,2021-01-11,Phoenix Suns,Washington Wizards,0.0,20.19,4.0,8.0,0.5,1.0,4.0,0.25,4.0,4.0,1.0,0.0,6.0,6.0,1.0,0.0,1.0,0.0,2.0,13.0,-2.0,https://www.basketball-reference.com/boxscores/202101110WAS.html,63.44,0.0,0.0,24.5
,2020-21,Dario Šarić,2021-02-13,Phoenix Suns,Philadelphia 76ers,1.0,19.5,5.0,10.0,0.5,1.0,4.0,0.25,4.0,4.0,1.0,1.0,1.0,2.0,4.0,4.0,1.0,1.0,4.0,15.0,18.0,https://www.basketball-reference.com/boxscores/202102130PHO.html,88.2,0.0,0.0,33.5
,2020-21,Dario Šarić,2021-02-14,Phoenix Suns,Orlando Magic,1.0,15.51,2.0,7.0,0.28600000000000003,0.0,2.0,0.0,3.0,3.0,1.0,3.0,2.0,5.0,0.0,0.0,0.0,2.0,1.0,7.0,-2.0,https://www.basketball-reference.com/boxscores/202102140PHO.html,29.12,0.0,0.0,12.25
,2020-21,Dario Šarić,2021-02-16,Phoenix Suns,Brooklyn Nets,1.0,13.25,2.0,5.0,0.4,0.0,1.0,0.0,4.0,4.0,1.0,0.0,1.0,1.0,1.0,2.0,0.0,0.0,1.0,8.0,-1.0,https://www.basketball-reference.com/boxscores/202102160PHO.html,27.04,0.0,0.0,14.75
,2020-21,Dario Šarić,2021-02-20,Phoenix Suns,Memphis Grizzlies,0.0,19.08,7.0,9.0,0.778,3.0,5.0,0.6,2.0,2.0,1.0,0.0,1.0,1.0,1.0,0.0,0.0,1.0,4.0,19.0,18.0,https://www.basketball-reference.com/boxscores/202102200MEM.html,93.86,0.0,0.0,22.75
,2020-21,Dario Šarić,2021-02-22,Phoenix Suns,Portland Trail Blazers,1.0,21.23,5.0,12.0,0.417,2.0,4.0,0.5,2.0,2.0,1.0,4.0,5.0,9.0,1.0,0.0,0.0,0.0,0.0,14.0,13.0,https://www.basketball-reference.com/boxscores/202102220PHO.html,90.16,0.0,0.0,27.75
,2020-21,Dario Šarić,2021-02-24,Phoenix Suns,Charlotte Hornets,1.0,15.31,2.0,4.0,0.5,0.0,1.0,0.0,2.0,3.0,0.667,1.0,3.0,4.0,2.0,3.0,0.0,0.0,2.0,6.0,10.0,https://www.basketball-reference.com/boxscores/202102240PHO.html,15.96,0.0,0.0,20.0
,2020-21,Dario Šarić,2021-03-02,Phoenix Suns,Los Angeles Lakers,0.0,26.2,7.0,17.0,0.412,2.0,5.0,0.4,5.0,6.0,0.833,1.0,4.0,5.0,3.0,1.0,0.0,2.0,1.0,21.0,13.0,https://www.basketball-reference.com/boxscores/202103020LAL.html,206.22,0.0,0.0,33.75
,2020-21,Dario Šarić,2021-03-11,Phoenix Suns,Portland Trail Blazers,0.0,24.12,5.0,9.0,0.556,0.0,2.0,0.0,1.0,2.0,0.5,1.0,4.0,5.0,2.0,0.0,0.0,1.0,4.0,11.0,15.0,https://www.basketball-reference.com/boxscores/202103110POR.html,54.34,0.0,0.0,19.75
,2020-21,Dario Šarić,2021-03-13,Phoenix Suns,Indiana Pacers,1.0,26.12,6.0,9.0,0.667,3.0,4.0,0.75,2.0,2.0,1.0,0.0,5.0,5.0,1.0,0.0,0.0,3.0,4.0,17.0,4.0,https://www.basketball-reference.com/boxscores/202103130PHO.html,83.98,0.0,0.0,24.75
,2020-21,Dario Šarić,2021-03-18,Phoenix Suns,Minnesota Timberwolves,1.0,21.39,3.0,8.0,0.375,1.0,3.0,0.333,1.0,2.0,0.5,3.0,5.0,8.0,1.0,0.0,0.0,3.0,3.0,8.0,-9.0,https://www.basketball-reference.com/boxscores/202103180PHO.html,35.52,0.0,0.0,18.5
,2020-21,Dario Šarić,2021-03-21,Phoenix Suns,Los Angeles Lakers,1.0,15.05,1.0,6.0,0.16699999999999998,0.0,3.0,0.0,2.0,2.0,1.0,0.0,2.0,2.0,2.0,0.0,0.0,2.0,2.0,4.0,-4.0,https://www.basketball-reference.com/boxscores/202103210PHO.html,13.76,0.0,0.0,8.5
,2020-21,Dario Šarić,2021-03-26,Phoenix Suns,Toronto Raptors,0.0,18.48,3.0,9.0,0.333,0.0,3.0,0.0,2.0,2.0,1.0,1.0,3.0,4.0,1.0,0.0,0.0,0.0,2.0,8.0,4.0,https://www.basketball-reference.com/boxscores/202103260TOR.html,39.52,0.0,0.0,14.5
,2020-21,Dario Šarić,2021-03-28,Charlotte Hornets,Phoenix Suns,1.0,17.56,1.0,5.0,0.2,0.0,1.0,0.0,4.0,4.0,1.0,2.0,2.0,4.0,1.0,1.0,0.0,1.0,1.0,6.0,3.0,https://www.basketball-reference.com/boxscores/202103280CHO.html,20.28,0.0,0.0,14.0
,2020-21,Dario Šarić,2021-03-30,Phoenix Suns,Atlanta Hawks,1.0,17.53,7.0,8.0,0.875,3.0,3.0,1.0,3.0,4.0,0.75,2.0,3.0,5.0,2.0,0.0,0.0,1.0,0.0,20.0,12.0,https://www.basketball-reference.com/boxscores/202103300PHO.html,97.6,0.0,0.0,30.25
,2020-21,Dario Šarić,2021-03-31,Phoenix Suns,Chicago Bulls,1.0,20.27,6.0,9.0,0.667,3.0,5.0,0.6,1.0,1.0,1.0,2.0,2.0,4.0,2.0,1.0,0.0,0.0,2.0,16.0,3.0,https://www.basketball-reference.com/boxscores/202103310PHO.html,75.52,0.0,0.0,27.5
