Player,Date,Team,Against,Home,MP,FG,FGA,FG%,3P,3PA,3P%,FT,FTA,FT%,ORB,DRB,TRB,AST,STL,BLK,TOV,PF,PTS,+/-,GameLink,season
Darko Miličić,2006-12-01,Orlando Magic,Portland Trail Blazers,0,27.21,5.0,12.0,0.417,0.0,0.0,,0.0,0.0,,1.0,2.0,3.0,2.0,0.0,1.0,1.0,5.0,10.0,-2.0,https://www.basketball-reference.com/boxscores/200612010POR.html,2006-07
Darko Miličić,2006-12-03,Orlando Magic,Los Angeles Clippers,0,25.37,4.0,6.0,0.667,0.0,0.0,,3.0,4.0,0.75,0.0,4.0,4.0,1.0,1.0,0.0,2.0,3.0,11.0,-24.0,https://www.basketball-reference.com/boxscores/200612030LAC.html,2006-07
Darko Miličić,2006-12-04,Orlando Magic,Sacramento Kings,0,21.4,2.0,5.0,0.4,0.0,0.0,,0.0,0.0,,0.0,3.0,3.0,0.0,1.0,3.0,3.0,2.0,4.0,1.0,https://www.basketball-reference.com/boxscores/200612040SAC.html,2006-07
Darko Miličić,2006-12-06,Orlando Magic,Indiana Pacers,0,14.08,1.0,3.0,0.333,0.0,0.0,,0.0,0.0,,2.0,1.0,3.0,0.0,0.0,0.0,0.0,3.0,2.0,-13.0,https://www.basketball-reference.com/boxscores/200612060IND.html,2006-07
Darko Miličić,2006-12-08,Orlando Magic,Detroit Pistons,1,24.33,2.0,5.0,0.4,0.0,0.0,,0.0,2.0,0.0,0.0,5.0,5.0,1.0,1.0,2.0,1.0,2.0,4.0,3.0,https://www.basketball-reference.com/boxscores/200612080ORL.html,2006-07
Darko Miličić,2006-12-09,Orlando Magic,Philadelphia 76ers,1,16.21,1.0,7.0,0.14300000000000002,0.0,0.0,,0.0,0.0,,1.0,2.0,3.0,0.0,1.0,0.0,1.0,2.0,2.0,-4.0,https://www.basketball-reference.com/boxscores/200612090ORL.html,2006-07
Darko Miličić,2006-12-11,Orlando Magic,Phoenix Suns,1,27.38,4.0,8.0,0.5,0.0,0.0,,2.0,3.0,0.667,2.0,4.0,6.0,0.0,0.0,1.0,2.0,0.0,10.0,-9.0,https://www.basketball-reference.com/boxscores/200612110ORL.html,2006-07
Darko Miličić,2006-12-13,Orlando Magic,Toronto Raptors,1,26.37,3.0,6.0,0.5,0.0,0.0,,2.0,2.0,1.0,3.0,4.0,7.0,1.0,1.0,0.0,1.0,1.0,8.0,8.0,https://www.basketball-reference.com/boxscores/200612130ORL.html,2006-07
Darko Miličić,2006-12-14,Orlando Magic,Charlotte Bobcats,0,26.24,3.0,8.0,0.375,0.0,0.0,,0.0,0.0,,0.0,4.0,4.0,5.0,0.0,3.0,3.0,4.0,6.0,-3.0,https://www.basketball-reference.com/boxscores/200612140CHA.html,2006-07
Darko Miličić,2006-12-16,Orlando Magic,Cleveland Cavaliers,1,32.03,4.0,10.0,0.4,0.0,0.0,,4.0,6.0,0.667,3.0,6.0,9.0,1.0,1.0,0.0,1.0,3.0,12.0,15.0,https://www.basketball-reference.com/boxscores/200612160ORL.html,2006-07
Darko Miličić,2006-12-20,Orlando Magic,New Orleans/Oklahoma City Hornets,1,23.06,1.0,6.0,0.16699999999999998,0.0,0.0,,2.0,6.0,0.333,0.0,1.0,1.0,0.0,2.0,2.0,3.0,4.0,4.0,-9.0,https://www.basketball-reference.com/boxscores/200612200ORL.html,2006-07
Darko Miličić,2006-12-22,Orlando Magic,Golden State Warriors,1,19.28,2.0,8.0,0.25,0.0,0.0,,3.0,6.0,0.5,5.0,4.0,9.0,0.0,0.0,1.0,1.0,0.0,7.0,2.0,https://www.basketball-reference.com/boxscores/200612220ORL.html,2006-07
Darko Miličić,2006-12-23,Orlando Magic,Cleveland Cavaliers,0,23.4,0.0,0.0,,0.0,0.0,,0.0,0.0,,0.0,2.0,2.0,3.0,0.0,3.0,4.0,3.0,0.0,-5.0,https://www.basketball-reference.com/boxscores/200612230CLE.html,2006-07
Darko Miličić,2006-12-27,Orlando Magic,Los Angeles Lakers,1,19.04,5.0,10.0,0.5,0.0,0.0,,3.0,5.0,0.6,4.0,4.0,8.0,0.0,1.0,2.0,1.0,1.0,13.0,-8.0,https://www.basketball-reference.com/boxscores/200612270ORL.html,2006-07
Darko Miličić,2006-12-29,Orlando Magic,Washington Wizards,0,16.2,3.0,5.0,0.6,0.0,1.0,0.0,0.0,1.0,0.0,0.0,0.0,0.0,0.0,1.0,1.0,1.0,2.0,6.0,6.0,https://www.basketball-reference.com/boxscores/200612290WAS.html,2006-07
Darko Miličić,2006-12-30,Orlando Magic,Miami Heat,1,14.52,2.0,8.0,0.25,0.0,0.0,,1.0,2.0,0.5,2.0,2.0,4.0,1.0,0.0,1.0,0.0,0.0,5.0,9.0,https://www.basketball-reference.com/boxscores/200612300ORL.html,2006-07
Darko Miličić,2007-01-02,Orlando Magic,Los Angeles Clippers,1,21.31,3.0,8.0,0.375,0.0,0.0,,2.0,2.0,1.0,1.0,3.0,4.0,1.0,0.0,1.0,2.0,3.0,8.0,1.0,https://www.basketball-reference.com/boxscores/200701020ORL.html,2006-07
Darko Miličić,2007-01-05,Orlando Magic,Charlotte Bobc,1,4.55,0.0,1.0,0.0,0.0,0.0,,0.0,0.0,,0.0,0.0,0.0,0.0,0.0,0.0,1.0,0.0,0.0,-6.0,https://www.basketball-reference.com/boxscores/200701050ORL.html,2006-07
Darko Miličić,2007-01-07,Orlando Magic,Boston Celtics,1,24.55,4.0,6.0,0.667,0.0,0.0,,4.0,6.0,0.667,2.0,2.0,4.0,1.0,1.0,3.0,3.0,5.0,12.0,-1.0,https://www.basketball-reference.com/boxscores/200701070ORL.html,2006-07
Darko Miličić,2007-01-10,Orlando Magic,Golden State Warriors,0,25.45,1.0,11.0,0.091,0.0,0.0,,2.0,6.0,0.333,5.0,2.0,7.0,2.0,0.0,4.0,1.0,4.0,4.0,12.0,https://www.basketball-reference.com/boxscores/200701100GSW.html,2006-07
Darko Miličić,2007-01-12,Orlando Magic,Los Angeles Lakers,0,15.2,3.0,6.0,0.5,0.0,0.0,,0.0,0.0,,2.0,2.0,4.0,4.0,0.0,2.0,2.0,2.0,6.0,2.0,https://www.basketball-reference.com/boxscores/200701120LAL.html,2006-07
Darko Miličić,2007-01-13,Orlando Magic,Phoenix Suns,0,29.24,4.0,9.0,0.444,0.0,0.0,,2.0,4.0,0.5,2.0,5.0,7.0,2.0,1.0,1.0,2.0,2.0,10.0,1.0,https://www.basketball-reference.com/boxscores/200701130PHO.html,2006-07
Darko Miličić,2007-01-16,New Orleans/Oklahoma City Hornets,Orlando Magic,1,27.28,4.0,11.0,0.364,0.0,0.0,,3.0,4.0,0.75,3.0,7.0,10.0,0.0,0.0,2.0,5.0,2.0,11.0,-13.0,https://www.basketball-reference.com/boxscores/200701160NOK.html,2006-07
Darko Miličić,2007-01-19,Orlando Magic,Washington Wizards,1,25.33,2.0,7.0,0.28600000000000003,0.0,0.0,,2.0,2.0,1.0,1.0,3.0,4.0,3.0,0.0,3.0,3.0,2.0,6.0,-6.0,https://www.basketball-reference.com/boxscores/200701190ORL.html,2006-07
Darko Miličić,2007-01-20,Orlando Magic,New Jersey Nets,0,23.41,2.0,6.0,0.333,0.0,0.0,,4.0,9.0,0.444,5.0,5.0,10.0,1.0,0.0,1.0,4.0,1.0,8.0,5.0,https://www.basketball-reference.com/boxscores/200701200NJN.html,2006-07
Darko Miličić,2007-01-22,Orlando Magic,Cleveland Cavaliers,0,21.12,4.0,7.0,0.5710000000000001,0.0,0.0,,1.0,2.0,0.5,2.0,7.0,9.0,0.0,0.0,1.0,1.0,5.0,9.0,20.0,https://www.basketball-reference.com/boxscores/200701220CLE.html,2006-07
Darko Miličić,2007-01-23,Orlando Magic,Dallas Mavericks,1,14.01,1.0,3.0,0.333,0.0,0.0,,0.0,0.0,,0.0,1.0,1.0,1.0,0.0,0.0,2.0,5.0,2.0,2.0,https://www.basketball-reference.com/boxscores/200701230ORL.html,2006-07
Darko Miličić,2007-01-26,Orlando Magic,Atlanta Hawks,1,29.01,4.0,6.0,0.667,0.0,0.0,,0.0,0.0,,1.0,3.0,4.0,1.0,0.0,0.0,1.0,2.0,8.0,-3.0,https://www.basketball-reference.com/boxscores/200701260ORL.html,2006-07
Darko Miličić,2007-01-29,Orlando Magic,Atlanta Hawks,0,25.59,3.0,8.0,0.375,0.0,0.0,,3.0,4.0,0.75,2.0,6.0,8.0,0.0,1.0,2.0,1.0,1.0,9.0,-1.0,https://www.basketball-reference.com/boxscores/200701290ATL.html,2006-07
Darko Miličić,2007-01-31,Orlando Magic,Milwaukee Bucks,1,34.11,3.0,11.0,0.273,0.0,0.0,,8.0,11.0,0.727,5.0,5.0,10.0,0.0,2.0,4.0,2.0,0.0,14.0,19.0,https://www.basketball-reference.com/boxscores/200701310ORL.html,2006-07
Darko Miličić,2007-02-02,Orlando Magic,New Jersey Nets,1,24.55,6.0,9.0,0.667,0.0,0.0,,2.0,4.0,0.5,0.0,2.0,2.0,3.0,0.0,1.0,2.0,1.0,14.0,11.0,https://www.basketball-reference.com/boxscores/200702020ORL.html,2006-07
Darko Miličić,2007-02-03,Orlando Magic,New York Knicks,1,26.5,7.0,10.0,0.7,0.0,0.0,,5.0,7.0,0.7140000000000001,3.0,3.0,6.0,0.0,1.0,1.0,3.0,6.0,19.0,-5.0,https://www.basketball-reference.com/boxscores/200702030ORL.html,2006-07
Darko Miličić,2007-02-06,Orlando Magic,Milwaukee Bucks,0,21.39,4.0,11.0,0.364,0.0,0.0,,1.0,2.0,0.5,0.0,6.0,6.0,1.0,0.0,1.0,2.0,3.0,9.0,-7.0,https://www.basketball-reference.com/boxscores/200702060MIL.html,2006-07
Darko Miličić,2007-02-07,Orlando Magic,Toronto Raptors,0,24.12,5.0,11.0,0.455,0.0,0.0,,0.0,0.0,,2.0,4.0,6.0,2.0,1.0,1.0,0.0,5.0,10.0,-12.0,https://www.basketball-reference.com/boxscores/200702070TOR.html,2006-07
Darko Miličić,2007-02-09,Orlando Magic,San Antonio Spurs,1,33.01,1.0,5.0,0.2,0.0,0.0,,2.0,2.0,1.0,1.0,2.0,3.0,2.0,1.0,3.0,1.0,2.0,4.0,-2.0,https://www.basketball-reference.com/boxscores/200702090ORL.html,2006-07
Darko Miličić,2007-02-10,Orlando Magic,New Jersey Nets,0,36.59,7.0,11.0,0.636,0.0,0.0,,2.0,2.0,1.0,3.0,9.0,12.0,0.0,1.0,4.0,3.0,2.0,16.0,-12.0,https://www.basketball-reference.com/boxscores/200702100NJN.html,2006-07
Darko Miličić,2007-02-14,Orlando Magic,Portland Trail Blazers,1,34.26,6.0,10.0,0.6,0.0,0.0,,9.0,9.0,1.0,1.0,7.0,8.0,4.0,0.0,2.0,0.0,2.0,21.0,20.0,https://www.basketball-reference.com/boxscores/200702140ORL.html,2006-07
Darko Miličić,2007-02-20,Orlando Magic,New York Knicks,0,31.4,5.0,9.0,0.556,0.0,0.0,,2.0,4.0,0.5,4.0,3.0,7.0,1.0,1.0,1.0,2.0,4.0,12.0,-1.0,https://www.basketball-reference.com/boxscores/200702200NYK.html,2006-07
Darko Miličić,2007-02-21,Orlando Magic,Detroit Pistons,0,32.1,2.0,9.0,0.222,0.0,0.0,,3.0,8.0,0.375,2.0,5.0,7.0,2.0,2.0,2.0,1.0,3.0,7.0,-9.0,https://www.basketball-reference.com/boxscores/200702210DET.html,2006-07
Darko Miličić,2007-02-23,Orlando Magic,Detroit Pistons,1,34.36,4.0,7.0,0.5710000000000001,0.0,0.0,,0.0,0.0,,0.0,6.0,6.0,0.0,0.0,1.0,1.0,4.0,8.0,-14.0,https://www.basketball-reference.com/boxscores/200702230ORL.html,2006-07
Darko Miličić,2007-02-25,Orlando Magic,Houston Rockets,1,33.39,3.0,9.0,0.333,0.0,0.0,,2.0,2.0,1.0,2.0,1.0,3.0,1.0,0.0,3.0,1.0,3.0,8.0,-3.0,https://www.basketball-reference.com/boxscores/200702250ORL.html,2006-07
Darko Miličić,2007-02-26,Orlando Magic,Chicago Bulls,0,34.57,6.0,11.0,0.545,0.0,0.0,,2.0,4.0,0.5,7.0,9.0,16.0,2.0,0.0,5.0,1.0,2.0,14.0,1.0,https://www.basketball-reference.com/boxscores/200702260CHI.html,2006-07
Darko Miličić,2007-02-28,Orlando Magic,Denver Nuggets,0,24.52,5.0,9.0,0.556,0.0,0.0,,0.0,1.0,0.0,2.0,6.0,8.0,0.0,2.0,2.0,2.0,3.0,10.0,-12.0,https://www.basketball-reference.com/boxscores/200702280DEN.html,2006-07
Darko Miličić,2007-03-02,Orlando Magic,San Antonio Spurs,0,33.19,2.0,9.0,0.222,0.0,0.0,,2.0,2.0,1.0,1.0,3.0,4.0,1.0,0.0,2.0,0.0,4.0,6.0,-18.0,https://www.basketball-reference.com/boxscores/200703020SAS.html,2006-07
Darko Miličić,2007-03-03,Orlando Magic,Dallas Mavericks,0,37.45,3.0,11.0,0.273,0.0,0.0,,1.0,2.0,0.5,4.0,4.0,8.0,0.0,1.0,0.0,1.0,3.0,7.0,-9.0,https://www.basketball-reference.com/boxscores/200703030DAL.html,2006-07
Darko Miličić,2007-03-05,Orlando Magic,Milwaukee Bucks,1,32.51,4.0,11.0,0.364,0.0,0.0,,1.0,1.0,1.0,3.0,4.0,7.0,1.0,0.0,2.0,1.0,2.0,9.0,21.0,https://www.basketball-reference.com/boxscores/200703050ORL.html,2006-07
Darko Miličić,2007-03-08,Orlando Magic,Chicago Bulls,1,16.11,1.0,5.0,0.2,0.0,0.0,,0.0,0.0,,2.0,3.0,5.0,1.0,0.0,0.0,0.0,5.0,2.0,-19.0,https://www.basketball-reference.com/boxscores/200703080ORL.html,2006-07
Darko Miličić,2007-03-11,Orlando Magic,Houston Rockets,0,34.55,6.0,12.0,0.5,0.0,0.0,,3.0,3.0,1.0,2.0,7.0,9.0,3.0,0.0,4.0,2.0,6.0,15.0,-14.0,https://www.basketball-reference.com/boxscores/200703110HOU.html,2006-07
Darko Miličić,2007-03-12,Orlando Magic,Charlotte Bobcats,0,26.07,3.0,9.0,0.333,0.0,0.0,,2.0,2.0,1.0,3.0,1.0,4.0,1.0,1.0,2.0,0.0,4.0,8.0,-10.0,https://www.basketball-reference.com/boxscores/200703120CHA.html,2006-07
Darko Miličić,2007-03-17,Orlando Magic,Sacramento Kings,1,28.07,5.0,6.0,0.833,0.0,0.0,,0.0,0.0,,1.0,4.0,5.0,1.0,0.0,1.0,2.0,4.0,10.0,-5.0,https://www.basketball-reference.com/boxscores/200703170ORL.html,2006-07
Darko Miličić,2007-03-18,Orlando Magic,Miami Heat,0,25.51,4.0,6.0,0.667,0.0,0.0,,4.0,4.0,1.0,3.0,7.0,10.0,0.0,0.0,2.0,1.0,4.0,12.0,2.0,https://www.basketball-reference.com/boxscores/200703180MIA.html,2006-07
Darko Miličić,2007-03-21,Orlando Magic,Toronto Raptors,0,21.02,1.0,4.0,0.25,0.0,0.0,,0.0,0.0,,0.0,3.0,3.0,0.0,1.0,3.0,0.0,3.0,2.0,6.0,https://www.basketball-reference.com/boxscores/200703210TOR.html,2006-07
Darko Miličić,2007-03-23,Orlando Magic,New Jersey Nets,1,16.39,3.0,5.0,0.6,0.0,0.0,,1.0,3.0,0.333,3.0,2.0,5.0,0.0,0.0,1.0,2.0,2.0,7.0,-1.0,https://www.basketball-reference.com/boxscores/200703230ORL.html,2006-07
Darko Miličić,2007-03-26,Orlando Magic,New York Knicks,0,16.53,2.0,2.0,1.0,0.0,0.0,,0.0,0.0,,1.0,1.0,2.0,2.0,0.0,1.0,2.0,3.0,4.0,-2.0,https://www.basketball-reference.com/boxscores/200703260NYK.html,2006-07
Darko Miličić,2007-03-28,Boston Celtics,Orlando Magic,1,2.02,0.0,0.0,,0.0,0.0,,0.0,0.0,,0.0,0.0,0.0,0.0,0.0,0.0,0.0,1.0,0.0,3.0,https://www.basketball-reference.com/boxscores/200703280BOS.html,2006-07
Darko Miličić,2007-03-30,Orlando Magic,Indiana Pacers,1,19.41,1.0,1.0,1.0,0.0,0.0,,0.0,0.0,,2.0,4.0,6.0,1.0,1.0,0.0,1.0,1.0,2.0,8.0,https://www.basketball-reference.com/boxscores/200703300ORL.html,2006-07
Darko Miličić,2007-12-01,Memphis Grizzlies,Minnesota Timberwolves,1,33.4,0.0,5.0,0.0,0.0,0.0,,0.0,0.0,,0.0,5.0,5.0,2.0,1.0,5.0,3.0,3.0,0.0,25.0,https://www.basketball-reference.com/boxscores/200712010MEM.html,2007-08
Darko Miličić,2007-12-03,Memphis Grizzlies,Portland Trail Blazers,1,5.34,0.0,3.0,0.0,0.0,0.0,,0.0,0.0,,0.0,1.0,1.0,0.0,0.0,0.0,0.0,0.0,0.0,1.0,https://www.basketball-reference.com/boxscores/200712030MEM.html,2007-08
Darko Miličić,2007-12-07,New Orleans Hornets,Memphis Grizzlies,1,43.39,4.0,7.0,0.5710000000000001,0.0,0.0,,0.0,0.0,,1.0,5.0,6.0,1.0,0.0,2.0,3.0,3.0,8.0,1.0,https://www.basketball-reference.com/boxscores/200712070NOH.html,2007-08
Darko Miličić,2007-12-08,Memphis Grizzlies,Atlanta Hawks,0,27.06,1.0,8.0,0.125,0.0,0.0,,0.0,0.0,,1.0,6.0,7.0,3.0,0.0,1.0,1.0,1.0,2.0,-11.0,https://www.basketball-reference.com/boxscores/200712080ATL.html,2007-08
Darko Miličić,2007-12-11,Memphis Grizzlies,Detroit Pistons,1,25.45,6.0,12.0,0.5,0.0,0.0,,0.0,1.0,0.0,1.0,2.0,3.0,0.0,0.0,0.0,1.0,2.0,12.0,-7.0,https://www.basketball-reference.com/boxscores/200712110MEM.html,2007-08
Darko Miličić,2007-12-14,Memphis Grizzlies,Los Angeles Clippers,1,30.51,3.0,9.0,0.333,0.0,0.0,,0.0,0.0,,2.0,10.0,12.0,2.0,3.0,1.0,1.0,3.0,6.0,-4.0,https://www.basketball-reference.com/boxscores/200712140MEM.html,2007-08
Darko Miličić,2007-12-15,Memphis Grizzlies,Orlando Magic,0,16.16,2.0,5.0,0.4,0.0,0.0,,0.0,0.0,,1.0,2.0,3.0,0.0,0.0,3.0,0.0,5.0,4.0,-12.0,https://www.basketball-reference.com/boxscores/200712150ORL.html,2007-08
Darko Miličić,2007-12-17,Memphis Grizzlies,Golden State Warriors,1,8.38,1.0,2.0,0.5,0.0,0.0,,0.0,0.0,,0.0,2.0,2.0,1.0,1.0,0.0,0.0,2.0,2.0,2.0,https://www.basketball-reference.com/boxscores/200712170MEM.html,2007-08
Darko Miličić,2007-12-19,Memphis Grizzlies,San Antonio Spurs,1,23.52,1.0,4.0,0.25,0.0,0.0,,0.0,0.0,,3.0,3.0,6.0,3.0,1.0,3.0,0.0,4.0,2.0,5.0,https://www.basketball-reference.com/boxscores/200712190MEM.html,2007-08
Darko Miličić,2007-12-21,Memphis Grizzlies,Detroit Pistons,0,25.51,1.0,4.0,0.25,0.0,0.0,,0.0,0.0,,1.0,3.0,4.0,0.0,0.0,0.0,4.0,3.0,2.0,-10.0,https://www.basketball-reference.com/boxscores/200712210DET.html,2007-08
Darko Miličić,2007-12-22,Memphis Grizzlies,Philadelphia 76ers,1,11.41,1.0,3.0,0.333,0.0,0.0,,0.0,0.0,,0.0,1.0,1.0,0.0,0.0,4.0,0.0,4.0,2.0,1.0,https://www.basketball-reference.com/boxscores/200712220MEM.html,2007-08
Darko Miličić,2007-12-26,Memphis Grizzlies,New Orleans Hornets,1,13.39,1.0,2.0,0.5,0.0,0.0,,0.0,0.0,,2.0,1.0,3.0,1.0,0.0,0.0,2.0,0.0,2.0,-6.0,https://www.basketball-reference.com/boxscores/200712260MEM.html,2007-08
Darko Miličić,2007-12-28,Memphis Grizzlies,Houston Rockets,1,27.17,5.0,12.0,0.417,0.0,0.0,,2.0,2.0,1.0,3.0,5.0,8.0,1.0,0.0,1.0,3.0,6.0,12.0,-13.0,https://www.basketball-reference.com/boxscores/200712280MEM.html,2007-08
Darko Miličić,2007-12-30,Memphis Grizzlies,San Antonio Spurs,0,28.13,5.0,11.0,0.455,0.0,0.0,,1.0,1.0,1.0,2.0,3.0,5.0,2.0,2.0,3.0,3.0,5.0,11.0,-16.0,https://www.basketball-reference.com/boxscores/200712300SAS.html,2007-08
Darko Miličić,2008-01-02,Memphis Grizzlies,Indiana Pacers,0,20.29,2.0,6.0,0.333,0.0,0.0,,1.0,2.0,0.5,0.0,4.0,4.0,0.0,0.0,3.0,0.0,4.0,5.0,10.0,https://www.basketball-reference.com/boxscores/200801020IND.html,2007-08
Darko Miličić,2008-01-04,Memphis Grizzlies,Boston Celtics,0,26.14,3.0,10.0,0.3,0.0,1.0,0.0,0.0,0.0,,0.0,8.0,8.0,1.0,0.0,4.0,4.0,2.0,6.0,-17.0,https://www.basketball-reference.com/boxscores/200801040BOS.html,2007-08
Darko Miličić,2008-01-06,Memphis Grizzlies,Miami Heat,1,25.1,4.0,5.0,0.8,0.0,0.0,,0.0,0.0,,2.0,3.0,5.0,1.0,0.0,2.0,2.0,4.0,8.0,9.0,https://www.basketball-reference.com/boxscores/200801060MEM.html,2007-08
Darko Miličić,2008-01-08,Memphis Grizzlies,Los Angeles Lakers,1,27.1,6.0,9.0,0.667,0.0,0.0,,0.0,0.0,,3.0,8.0,11.0,4.0,0.0,4.0,2.0,3.0,12.0,-8.0,https://www.basketball-reference.com/boxscores/200801080MEM.html,2007-08
Darko Miličić,2008-01-10,Memphis Grizzlies,Sacramento Kings,0,31.17,3.0,6.0,0.5,0.0,0.0,,0.0,4.0,0.0,1.0,6.0,7.0,1.0,2.0,3.0,4.0,2.0,6.0,7.0,https://www.basketball-reference.com/boxscores/200801100SAC.html,2007-08
Darko Miličić,2008-01-11,Memphis Grizzlies,Golden State Warriors,0,10.34,0.0,4.0,0.0,0.0,0.0,,0.0,0.0,,0.0,1.0,1.0,0.0,1.0,3.0,3.0,2.0,0.0,-27.0,https://www.basketball-reference.com/boxscores/200801110GSW.html,2007-08
Darko Miličić,2008-01-13,Memphis Grizzlies,Los Angeles Lakers,0,25.55,4.0,10.0,0.4,0.0,0.0,,0.0,0.0,,2.0,3.0,5.0,1.0,0.0,0.0,2.0,4.0,8.0,-7.0,https://www.basketball-reference.com/boxscores/200801130LAL.html,2007-08
Darko Miličić,2008-01-18,Memphis Grizzlies,Seattle SuperSonics,1,18.58,3.0,7.0,0.429,0.0,0.0,,0.0,0.0,,1.0,3.0,4.0,2.0,0.0,5.0,1.0,2.0,6.0,25.0,https://www.basketball-reference.com/boxscores/200801180MEM.html,2007-08
Darko Miličić,2008-01-19,Memphis Grizzlies,Charlotte Bobcats,0,8.55,0.0,0.0,,0.0,0.0,,0.0,0.0,,1.0,0.0,1.0,0.0,0.0,1.0,0.0,0.0,0.0,-6.0,https://www.basketball-reference.com/boxscores/200801190CHA.html,2007-08
Darko Miličić,2008-01-21,Memphis Grizzlies,Chicago Bulls,1,15.3,2.0,5.0,0.4,0.0,0.0,,1.0,2.0,0.5,0.0,3.0,3.0,0.0,0.0,1.0,2.0,1.0,5.0,-6.0,https://www.basketball-reference.com/boxscores/200801210MEM.html,2007-08
Darko Miličić,2008-01-23,Memphis Grizzlies,Orlando Magic,1,23.21,4.0,5.0,0.8,0.0,0.0,,0.0,2.0,0.0,1.0,0.0,1.0,0.0,0.0,1.0,0.0,4.0,8.0,-13.0,https://www.basketball-reference.com/boxscores/200801230MEM.html,2007-08
Darko Miličić,2008-01-25,Memphis Grizzlies,Washington Wizards,0,32.37,3.0,9.0,0.333,0.0,0.0,,0.0,0.0,,0.0,4.0,4.0,0.0,0.0,2.0,1.0,3.0,6.0,-20.0,https://www.basketball-reference.com/boxscores/200801250WAS.html,2007-08
Darko Miličić,2008-01-28,Memphis Grizzlies,Dallas Mavericks,1,22.56,1.0,4.0,0.25,0.0,0.0,,0.0,0.0,,0.0,5.0,5.0,1.0,0.0,2.0,0.0,4.0,2.0,-14.0,https://www.basketball-reference.com/boxscores/200801280MEM.html,2007-08
Darko Miličić,2008-01-30,Memphis Grizzlies,Denver Nuggets,1,40.14,6.0,10.0,0.6,0.0,0.0,,2.0,2.0,1.0,7.0,9.0,16.0,1.0,0.0,5.0,3.0,1.0,14.0,7.0,https://www.basketball-reference.com/boxscores/200801300MEM.html,2007-08
Darko Miličić,2008-02-02,Memphis Grizzlies,Utah Jazz,1,35.3,6.0,9.0,0.667,0.0,0.0,,0.0,1.0,0.0,3.0,9.0,12.0,1.0,0.0,2.0,3.0,3.0,12.0,-10.0,https://www.basketball-reference.com/boxscores/200802020MEM.html,2007-08
Darko Miličić,2008-02-05,Memphis Grizzlies,Milwaukee Bucks,1,32.13,5.0,11.0,0.455,0.0,0.0,,1.0,2.0,0.5,3.0,9.0,12.0,2.0,0.0,2.0,2.0,4.0,11.0,9.0,https://www.basketball-reference.com/boxscores/200802050MEM.html,2007-08
Darko Miličić,2008-02-08,Memphis Grizzlies,Dallas Mavericks,0,24.53,2.0,8.0,0.25,0.0,0.0,,0.0,0.0,,2.0,4.0,6.0,0.0,0.0,0.0,0.0,1.0,4.0,-13.0,https://www.basketball-reference.com/boxscores/200802080DAL.html,2007-08
Darko Miličić,2008-02-09,Memphis Grizzlies,New Orleans Hornets,0,39.04,5.0,12.0,0.417,0.0,0.0,,4.0,6.0,0.667,2.0,5.0,7.0,2.0,2.0,3.0,5.0,5.0,14.0,-18.0,https://www.basketball-reference.com/boxscores/200802090NOH.html,2007-08
Darko Miličić,2008-02-12,Memphis Grizzlies,Sacramento Kings,1,33.26,5.0,10.0,0.5,0.0,0.0,,4.0,6.0,0.667,4.0,4.0,8.0,3.0,0.0,1.0,5.0,3.0,14.0,4.0,https://www.basketball-reference.com/boxscores/200802120MEM.html,2007-08
Darko Miličić,2008-02-13,Memphis Grizzlies,Philadelphia 76ers,0,13.07,0.0,4.0,0.0,0.0,0.0,,0.0,0.0,,1.0,4.0,5.0,0.0,1.0,1.0,3.0,1.0,0.0,-21.0,https://www.basketball-reference.com/boxscores/200802130PHI.html,2007-08
Darko Miličić,2008-02-19,Memphis Grizzlies,Seattle SuperSonics,0,20.48,2.0,8.0,0.25,0.0,0.0,,0.0,0.0,,3.0,4.0,7.0,0.0,1.0,2.0,1.0,2.0,4.0,6.0,https://www.basketball-reference.com/boxscores/200802190SEA.html,2007-08
Darko Miličić,2008-02-20,Memphis Grizzlies,Los Angeles Clippers,0,19.42,0.0,7.0,0.0,0.0,0.0,,2.0,4.0,0.5,3.0,5.0,8.0,1.0,3.0,0.0,0.0,1.0,2.0,-1.0,https://www.basketball-reference.com/boxscores/200802200LAC.html,2007-08
Darko Miličić,2008-02-22,Memphis Grizzlies,Dallas Mavericks,1,15.0,2.0,5.0,0.4,0.0,0.0,,0.0,0.0,,0.0,2.0,2.0,1.0,1.0,0.0,1.0,3.0,4.0,-20.0,https://www.basketball-reference.com/boxscores/200802220MEM.html,2007-08
Darko Miličić,2008-02-24,Memphis Grizzlies,Cleveland Cavaliers,0,12.27,1.0,2.0,0.5,0.0,0.0,,0.0,0.0,,1.0,3.0,4.0,0.0,0.0,0.0,0.0,2.0,2.0,-17.0,https://www.basketball-reference.com/boxscores/200802240CLE.html,2007-08
Darko Miličić,2008-02-26,Memphis Grizzlies,Phoenix Suns,1,21.07,6.0,12.0,0.5,0.0,0.0,,3.0,3.0,1.0,4.0,3.0,7.0,0.0,2.0,1.0,1.0,3.0,15.0,10.0,https://www.basketball-reference.com/boxscores/200802260MEM.html,2007-08
Darko Miličić,2008-02-29,Memphis Grizzlies,Houston Rockets,0,20.43,1.0,4.0,0.25,0.0,0.0,,0.0,0.0,,0.0,8.0,8.0,0.0,0.0,2.0,1.0,4.0,2.0,3.0,https://www.basketball-reference.com/boxscores/200802290HOU.html,2007-08
Darko Miličić,2008-03-01,Memphis Grizzlies,Utah Jazz,1,36.49,4.0,6.0,0.667,0.0,0.0,,3.0,4.0,0.75,2.0,9.0,11.0,1.0,1.0,0.0,1.0,5.0,11.0,-2.0,https://www.basketball-reference.com/boxscores/200803010MEM.html,2007-08
Darko Miličić,2008-03-04,Memphis Grizzlies,Chicago Bulls,0,31.53,10.0,14.0,0.7140000000000001,0.0,0.0,,1.0,4.0,0.25,2.0,5.0,7.0,0.0,0.0,0.0,0.0,4.0,21.0,-2.0,https://www.basketball-reference.com/boxscores/200803040CHI.html,2007-08
Darko Miličić,2008-03-05,Memphis Grizzlies,New Jersey Nets,1,34.05,8.0,12.0,0.667,0.0,0.0,,0.0,0.0,,3.0,8.0,11.0,0.0,0.0,2.0,3.0,4.0,16.0,1.0,https://www.basketball-reference.com/boxscores/200803050MEM.html,2007-08
Darko Miličić,2008-03-08,Memphis Grizzlies,Boston Celtics,1,30.3,4.0,8.0,0.5,0.0,0.0,,2.0,2.0,1.0,1.0,3.0,4.0,1.0,1.0,2.0,0.0,3.0,10.0,-24.0,https://www.basketball-reference.com/boxscores/200803080MEM.html,2007-08
Darko Miličić,2008-03-11,Memphis Grizzlies,Phoenix Suns,0,24.21,6.0,15.0,0.4,0.0,0.0,,0.0,0.0,,2.0,2.0,4.0,0.0,0.0,0.0,1.0,2.0,12.0,-33.0,https://www.basketball-reference.com/boxscores/200803110PHO.html,2007-08
Darko Miličić,2008-03-12,Memphis Grizzlies,Denver Nuggets,0,9.06,0.0,2.0,0.0,0.0,0.0,,0.0,2.0,0.0,2.0,2.0,4.0,0.0,0.0,1.0,0.0,0.0,0.0,2.0,https://www.basketball-reference.com/boxscores/200803120DEN.html,2007-08
Darko Miličić,2008-03-17,Memphis Grizzlies,Charlotte Bobc,1,28.55,4.0,13.0,0.308,0.0,0.0,,3.0,6.0,0.5,4.0,6.0,10.0,1.0,1.0,1.0,0.0,1.0,11.0,17.0,https://www.basketball-reference.com/boxscores/200803170MEM.html,2007-08
Darko Miličić,2008-03-19,Memphis Grizzlies,Minnesota Timberwolves,0,26.12,2.0,4.0,0.5,0.0,0.0,,1.0,4.0,0.25,2.0,7.0,9.0,3.0,0.0,2.0,0.0,3.0,5.0,-2.0,https://www.basketball-reference.com/boxscores/200803190MIN.html,2007-08
Darko Miličić,2008-03-21,Memphis Grizzlies,New York Knicks,0,18.33,3.0,6.0,0.5,0.0,0.0,,1.0,4.0,0.25,0.0,2.0,2.0,0.0,1.0,0.0,1.0,2.0,7.0,3.0,https://www.basketball-reference.com/boxscores/200803210NYK.html,2007-08
Darko Miličić,2008-03-22,Memphis Grizzlies,Sacramento Kings,1,30.24,6.0,11.0,0.545,0.0,0.0,,7.0,8.0,0.875,4.0,6.0,10.0,1.0,1.0,3.0,1.0,1.0,19.0,10.0,https://www.basketball-reference.com/boxscores/200803220MEM.html,2007-08
Darko Miličić,2008-03-24,Memphis Grizzlies,Denver Nuggets,1,11.15,0.0,4.0,0.0,0.0,0.0,,0.0,0.0,,1.0,3.0,4.0,0.0,0.0,0.0,1.0,4.0,0.0,-17.0,https://www.basketball-reference.com/boxscores/200803240MEM.html,2007-08
Darko Miličić,2008-03-26,Sacramento Kings,Memphis Grizzlies,1,34.47,2.0,5.0,0.4,0.0,0.0,,0.0,2.0,0.0,4.0,5.0,9.0,0.0,1.0,2.0,2.0,4.0,4.0,10.0,https://www.basketball-reference.com/boxscores/200803260SAC.html,2007-08
Darko Miličić,2008-03-28,Memphis Grizzlies,Los Angeles Lakers,0,33.21,7.0,14.0,0.5,0.0,0.0,,6.0,7.0,0.857,3.0,9.0,12.0,3.0,0.0,4.0,2.0,1.0,20.0,6.0,https://www.basketball-reference.com/boxscores/200803280LAL.html,2007-08
Darko Miličić,2008-03-29,Memphis Grizzlies,Los Angeles Clippers,0,27.01,3.0,11.0,0.273,0.0,0.0,,1.0,2.0,0.5,5.0,4.0,9.0,1.0,0.0,2.0,1.0,2.0,7.0,-4.0,https://www.basketball-reference.com/boxscores/200803290LAC.html,2007-08
Darko Miličić,2008-03-31,Memphis Grizzlies,Atlanta Hawks,1,15.49,2.0,4.0,0.5,0.0,0.0,,0.0,0.0,,1.0,2.0,3.0,0.0,0.0,0.0,1.0,2.0,4.0,-29.0,https://www.basketball-reference.com/boxscores/200803310MEM.html,2007-08
Darko Miličić,2010-12-01,Minnesota Timberwolves,Dallas Mavericks,0,35.53,6.0,15.0,0.4,0.0,0.0,,0.0,2.0,0.0,3.0,5.0,8.0,3.0,0.0,2.0,4.0,3.0,12.0,-9.0,https://www.basketball-reference.com/boxscores/201012010DAL.html,2010-11
Darko Miličić,2010-12-03,Minnesota Timberwolves,San Antonio Spurs,0,25.29,2.0,10.0,0.2,0.0,0.0,,0.0,0.0,,4.0,2.0,6.0,4.0,0.0,1.0,1.0,6.0,4.0,-13.0,https://www.basketball-reference.com/boxscores/201012030SAS.html,2010-11
Darko Miličić,2010-12-04,Minnesota Timberwolves,Cleveland Cavaliers,1,26.18,6.0,12.0,0.5,0.0,0.0,,2.0,2.0,1.0,1.0,8.0,9.0,3.0,0.0,3.0,1.0,3.0,14.0,41.0,https://www.basketball-reference.com/boxscores/201012040MIN.html,2010-11
Darko Miličić,2010-12-06,Minnesota Timberwolves,New York Knicks,0,7.48,4.0,4.0,1.0,0.0,0.0,,2.0,2.0,1.0,1.0,0.0,1.0,1.0,0.0,1.0,2.0,2.0,10.0,8.0,https://www.basketball-reference.com/boxscores/201012060NYK.html,2010-11
Darko Miličić,2010-12-08,Minnesota Timberwolves,Oklahoma City Thunder,1,,,,,,,,,,,,,,,,,,,,,https://www.basketball-reference.com/boxscores/201012080MIN.html,2010-11
Darko Miličić,2010-12-10,Minnesota Timberwolves,Detroit Pistons,1,36.35,3.0,8.0,0.375,0.0,0.0,,5.0,6.0,0.833,2.0,3.0,5.0,2.0,0.0,7.0,3.0,1.0,11.0,2.0,https://www.basketball-reference.com/boxscores/201012100MIN.html,2010-11
Darko Miličić,2010-12-11,Minnesota Timberwolves,Chicago Bulls,0,13.41,2.0,7.0,0.28600000000000003,0.0,0.0,,0.0,0.0,,0.0,1.0,1.0,0.0,0.0,2.0,1.0,3.0,4.0,-11.0,https://www.basketball-reference.com/boxscores/201012110CHI.html,2010-11
Darko Miličić,2010-12-14,Minnesota Timberwolves,Golden State Warriors,0,31.34,12.0,19.0,0.632,0.0,0.0,,1.0,1.0,1.0,6.0,5.0,11.0,0.0,1.0,0.0,4.0,5.0,25.0,-15.0,https://www.basketball-reference.com/boxscores/201012140GSW.html,2010-11
Darko Miličić,2010-12-15,Minnesota Timberwolves,Phoenix Suns,0,34.27,8.0,15.0,0.5329999999999999,0.0,0.0,,0.0,2.0,0.0,2.0,3.0,5.0,2.0,3.0,2.0,3.0,2.0,16.0,-14.0,https://www.basketball-reference.com/boxscores/201012150PHO.html,2010-11
Darko Miličić,2010-12-17,Minnesota Timberwolves,Portland Trail Blazers,0,0.57,0.0,1.0,0.0,0.0,0.0,,0.0,0.0,,0.0,0.0,0.0,0.0,0.0,0.0,0.0,0.0,0.0,-2.0,https://www.basketball-reference.com/boxscores/201012170POR.html,2010-11
Darko Miličić,2010-12-20,Minnesota Timberwolves,Los Angeles Clippers,0,4.43,0.0,0.0,,0.0,0.0,,0.0,0.0,,0.0,0.0,0.0,0.0,0.0,1.0,0.0,2.0,0.0,2.0,https://www.basketball-reference.com/boxscores/201012200LAC.html,2010-11
Darko Miličić,2010-12-22,Minnesota Timberwolves,Utah Jazz,1,24.28,3.0,10.0,0.3,0.0,0.0,,0.0,2.0,0.0,3.0,1.0,4.0,1.0,2.0,2.0,2.0,6.0,6.0,-7.0,https://www.basketball-reference.com/boxscores/201012220MIN.html,2010-11
Darko Miličić,2010-12-26,Minnesota Timberwolves,Cleveland Cavaliers,0,17.33,2.0,4.0,0.5,0.0,0.0,,0.0,0.0,,1.0,0.0,1.0,0.0,2.0,1.0,1.0,3.0,4.0,-6.0,https://www.basketball-reference.com/boxscores/201012260CLE.html,2010-11
Darko Miličić,2010-12-27,Minnesota Timberwolves,New Orleans Hornets,1,19.54,7.0,9.0,0.778,0.0,0.0,,0.0,0.0,,1.0,4.0,5.0,3.0,1.0,2.0,1.0,4.0,14.0,6.0,https://www.basketball-reference.com/boxscores/201012270MIN.html,2010-11
Darko Miličić,2010-12-29,Minnesota Timberwolves,Denver Nuggets,1,14.04,1.0,2.0,0.5,0.0,0.0,,0.0,0.0,,1.0,2.0,3.0,1.0,0.0,3.0,2.0,2.0,2.0,1.0,https://www.basketball-reference.com/boxscores/201012290MIN.html,2010-11
Darko Miličić,2011-01-01,Minnesota Timberwolves,New Jersey Nets,1,20.12,8.0,9.0,0.889,0.0,0.0,,0.0,0.0,,2.0,0.0,2.0,3.0,2.0,0.0,3.0,5.0,16.0,16.0,https://www.basketball-reference.com/boxscores/201101010MIN.html,2010-11
Darko Miličić,2011-01-03,Minnesota Timberwolves,Boston Celtics,0,23.58,6.0,10.0,0.6,0.0,0.0,,2.0,4.0,0.5,3.0,3.0,6.0,3.0,0.0,0.0,1.0,5.0,14.0,8.0,https://www.basketball-reference.com/boxscores/201101030BOS.html,2010-11
Darko Miličić,2011-01-07,Minnesota Timberwolves,Portland Trail Blazers,1,17.09,1.0,2.0,0.5,0.0,0.0,,0.0,0.0,,0.0,2.0,2.0,2.0,0.0,0.0,2.0,4.0,2.0,3.0,https://www.basketball-reference.com/boxscores/201101070MIN.html,2010-11
Darko Miličić,2011-01-09,Minnesota Timberwolves,San Antonio Spurs,0,32.05,5.0,16.0,0.313,0.0,0.0,,1.0,2.0,0.5,6.0,4.0,10.0,2.0,2.0,5.0,2.0,4.0,11.0,2.0,https://www.basketball-reference.com/boxscores/201101090SAS.html,2010-11
Darko Miličić,2011-01-11,Minnesota Timberwolves,San Antonio Spurs,1,23.23,2.0,6.0,0.333,0.0,0.0,,3.0,4.0,0.75,0.0,1.0,1.0,0.0,2.0,1.0,3.0,4.0,7.0,-13.0,https://www.basketball-reference.com/boxscores/201101110MIN.html,2010-11
Darko Miličić,2011-01-13,Minnesota Timberwolves,Washington Wizards,1,33.2,7.0,16.0,0.438,0.0,0.0,,0.0,0.0,,3.0,8.0,11.0,2.0,0.0,2.0,4.0,0.0,14.0,21.0,https://www.basketball-reference.com/boxscores/201101130MIN.html,2010-11
Darko Miličić,2011-01-15,Minnesota Timberwolves,Orlando Magic,1,19.15,5.0,7.0,0.7140000000000001,0.0,0.0,,3.0,4.0,0.75,2.0,4.0,6.0,1.0,0.0,3.0,2.0,6.0,13.0,-7.0,https://www.basketball-reference.com/boxscores/201101150MIN.html,2010-11
Darko Miličić,2011-01-17,Minnesota Timberwolves,Portland Trail Blazers,0,34.22,11.0,16.0,0.688,0.0,0.0,,0.0,2.0,0.0,5.0,3.0,8.0,0.0,2.0,4.0,3.0,5.0,22.0,-12.0,https://www.basketball-reference.com/boxscores/201101170POR.html,2010-11
Darko Miličić,2011-01-19,Minnesota Timberwolves,Los Angeles Clippers,0,23.32,3.0,6.0,0.5,0.0,0.0,,0.0,0.0,,2.0,1.0,3.0,1.0,2.0,4.0,3.0,2.0,6.0,-12.0,https://www.basketball-reference.com/boxscores/201101190LAC.html,2010-11
Darko Miličić,2011-01-24,Minnesota Timberwolves,Houston Rockets,1,29.52,7.0,13.0,0.5379999999999999,0.0,0.0,,1.0,2.0,0.5,0.0,6.0,6.0,3.0,0.0,1.0,2.0,3.0,15.0,5.0,https://www.basketball-reference.com/boxscores/201101240MIN.html,2010-11
Darko Miličić,2011-01-28,Minnesota Timberwolves,Utah Jazz,0,31.14,5.0,12.0,0.417,0.0,0.0,,1.0,3.0,0.333,1.0,8.0,9.0,1.0,1.0,2.0,2.0,0.0,11.0,-10.0,https://www.basketball-reference.com/boxscores/201101280UTA.html,2010-11
Darko Miličić,2011-01-29,Minnesota Timberwolves,Toronto Raptors,1,26.37,3.0,8.0,0.375,0.0,0.0,,3.0,4.0,0.75,2.0,6.0,8.0,2.0,1.0,3.0,2.0,2.0,9.0,20.0,https://www.basketball-reference.com/boxscores/201101290MIN.html,2010-11
Darko Miličić,2011-02-02,Minnesota Timberwolves,Memphis Grizzlies,1,20.2,1.0,6.0,0.16699999999999998,0.0,0.0,,1.0,2.0,0.5,0.0,2.0,2.0,3.0,0.0,1.0,5.0,0.0,3.0,-11.0,https://www.basketball-reference.com/boxscores/201102020MIN.html,2010-11
Darko Miličić,2011-02-04,Minnesota Timberwolves,Toronto Raptors,0,32.21,7.0,13.0,0.5379999999999999,0.0,0.0,,1.0,2.0,0.5,3.0,4.0,7.0,0.0,2.0,4.0,2.0,4.0,15.0,-16.0,https://www.basketball-reference.com/boxscores/201102040TOR.html,2010-11
Darko Miličić,2011-02-05,Minnesota Timberwolves,Denver Nuggets,1,37.09,5.0,9.0,0.556,0.0,0.0,,0.0,0.0,,1.0,4.0,5.0,0.0,1.0,3.0,2.0,4.0,10.0,-10.0,https://www.basketball-reference.com/boxscores/201102050MIN.html,2010-11
Darko Miličić,2011-02-07,Minnesota Timberwolves,New Orleans Hornets,0,3.55,0.0,0.0,,0.0,0.0,,0.0,0.0,,0.0,0.0,0.0,0.0,0.0,0.0,0.0,2.0,0.0,3.0,https://www.basketball-reference.com/boxscores/201102070NOH.html,2010-11
Darko Miličić,2011-02-08,Minnesota Timberwolves,Houston Rockets,0,,,,,,,,,,,,,,,,,,,,,https://www.basketball-reference.com/boxscores/201102080HOU.html,2010-11
Darko Miličić,2011-02-11,Minnesota Timberwolves,Indiana Pacers,0,,,,,,,,,,,,,,,,,,,,,https://www.basketball-reference.com/boxscores/201102110IND.html,2010-11
Darko Miličić,2011-02-12,Minnesota Timberwolves,Philadelphia 76ers,1,,,,,,,,,,,,,,,,,,,,,https://www.basketball-reference.com/boxscores/201102120MIN.html,2010-11
Darko Miličić,2011-02-14,Minnesota Timberwolves,Portland Trail Blazers,1,32.07,7.0,15.0,0.467,0.0,0.0,,1.0,1.0,1.0,1.0,4.0,5.0,1.0,1.0,2.0,2.0,5.0,15.0,-12.0,https://www.basketball-reference.com/boxscores/201102140MIN.html,2010-11
Darko Miličić,2011-02-16,Minnesota Timberwolves,Los Angeles Clippers,1,36.11,6.0,12.0,0.5,0.0,0.0,,0.0,3.0,0.0,5.0,1.0,6.0,3.0,1.0,1.0,4.0,3.0,12.0,-20.0,https://www.basketball-reference.com/boxscores/201102160MIN.html,2010-11
Darko Miličić,2011-02-22,Minnesota Timberwolves,Milwaukee Bucks,0,21.37,2.0,6.0,0.333,0.0,0.0,,1.0,2.0,0.5,4.0,1.0,5.0,1.0,0.0,0.0,3.0,4.0,5.0,-2.0,https://www.basketball-reference.com/boxscores/201102220MIL.html,2010-11
Darko Miličić,2011-02-23,Minnesota Timberwolves,Memphis Grizzlies,1,30.09,4.0,10.0,0.4,0.0,0.0,,0.0,0.0,,4.0,3.0,7.0,1.0,1.0,3.0,3.0,5.0,8.0,-12.0,https://www.basketball-reference.com/boxscores/201102230MIN.html,2010-11
Darko Miličić,2011-02-25,Minnesota Timberwolves,New Orleans Hornets,1,22.48,2.0,5.0,0.4,0.0,0.0,,1.0,2.0,0.5,5.0,3.0,8.0,0.0,1.0,2.0,2.0,5.0,5.0,-13.0,https://www.basketball-reference.com/boxscores/201102250MIN.html,2010-11
Darko Miličić,2011-02-27,Minnesota Timberwolves,Golden State Warriors,1,12.33,2.0,3.0,0.667,0.0,0.0,,0.0,0.0,,1.0,2.0,3.0,1.0,1.0,1.0,1.0,4.0,4.0,24.0,https://www.basketball-reference.com/boxscores/201102270MIN.html,2010-11
Darko Miličić,2011-03-01,Minnesota Timberwolves,Los Angeles Lakers,1,25.37,2.0,7.0,0.28600000000000003,0.0,0.0,,0.0,0.0,,1.0,4.0,5.0,0.0,1.0,1.0,2.0,5.0,4.0,-5.0,https://www.basketball-reference.com/boxscores/201103010MIN.html,2010-11
Darko Miličić,2011-03-02,Minnesota Timberwolves,Detroit Pistons,0,,,,,,,,,,,,,,,,,,,,,https://www.basketball-reference.com/boxscores/201103020DET.html,2010-11
Darko Miličić,2011-03-04,Minnesota Timberwolves,Philadelphia 76ers,0,,,,,,,,,,,,,,,,,,,,,https://www.basketball-reference.com/boxscores/201103040PHI.html,2010-11
Darko Miličić,2011-03-05,Minnesota Timberwolves,Washington Wizards,0,,,,,,,,,,,,,,,,,,,,,https://www.basketball-reference.com/boxscores/201103050WAS.html,2010-11
Darko Miličić,2011-03-07,Minnesota Timberwolves,Dallas Mavericks,1,19.23,3.0,5.0,0.6,0.0,0.0,,0.0,0.0,,2.0,2.0,4.0,1.0,1.0,1.0,2.0,2.0,6.0,-4.0,https://www.basketball-reference.com/boxscores/201103070MIN.html,2010-11
Darko Miličić,2011-03-09,Minnesota Timberwolves,Indiana Pacers,1,17.23,2.0,5.0,0.4,0.0,0.0,,0.0,0.0,,2.0,2.0,4.0,0.0,0.0,4.0,1.0,4.0,4.0,17.0,https://www.basketball-reference.com/boxscores/201103090MIN.html,2010-11
Darko Miličić,2011-03-11,Minnesota Timberwolves,Utah Jazz,1,26.22,7.0,13.0,0.5379999999999999,0.0,0.0,,0.0,2.0,0.0,1.0,5.0,6.0,4.0,2.0,2.0,2.0,3.0,14.0,20.0,https://www.basketball-reference.com/boxscores/201103110MIN.html,2010-11
Darko Miličić,2011-03-13,Minnesota Timberwolves,Golden State Warriors,0,18.36,1.0,4.0,0.25,0.0,0.0,,0.0,0.0,,2.0,3.0,5.0,0.0,0.0,2.0,6.0,3.0,2.0,-9.0,https://www.basketball-reference.com/boxscores/201103130GSW.html,2010-11
Darko Miličić,2011-03-16,Minnesota Timberwolves,Utah Jazz,0,26.3,3.0,7.0,0.429,0.0,0.0,,4.0,4.0,1.0,1.0,5.0,6.0,2.0,1.0,1.0,0.0,5.0,10.0,-7.0,https://www.basketball-reference.com/boxscores/201103160UTA.html,2010-11
Darko Miličić,2011-03-18,Minnesota Timberwolves,Los Angeles Lakers,0,32.1,4.0,8.0,0.5,0.0,0.0,,0.0,2.0,0.0,0.0,5.0,5.0,3.0,1.0,1.0,2.0,4.0,8.0,-7.0,https://www.basketball-reference.com/boxscores/201103180LAL.html,2010-11
Darko Miličić,2011-03-20,Minnesota Timberwolves,Sacramento Kings,1,25.53,6.0,10.0,0.6,0.0,0.0,,1.0,2.0,0.5,0.0,6.0,6.0,1.0,3.0,2.0,2.0,2.0,13.0,-16.0,https://www.basketball-reference.com/boxscores/201103200MIN.html,2010-11
Darko Miličić,2011-03-24,Minnesota Timberwolves,Dallas Mavericks,0,14.31,0.0,2.0,0.0,0.0,0.0,,0.0,0.0,,0.0,2.0,2.0,1.0,0.0,1.0,2.0,4.0,0.0,1.0,https://www.basketball-reference.com/boxscores/201103240DAL.html,2010-11
Darko Miličić,2011-03-25,Minnesota Timberwolves,Oklahoma City Thunder,0,32.02,7.0,11.0,0.636,0.0,0.0,,2.0,2.0,1.0,3.0,1.0,4.0,1.0,2.0,0.0,2.0,5.0,16.0,-8.0,https://www.basketball-reference.com/boxscores/201103250OKC.html,2010-11
Darko Miličić,2011-03-27,Minnesota Timberwolves,Boston Celtics,1,39.11,6.0,10.0,0.6,0.0,0.0,,3.0,3.0,1.0,3.0,6.0,9.0,0.0,2.0,2.0,3.0,5.0,15.0,5.0,https://www.basketball-reference.com/boxscores/201103270MIN.html,2010-11
Darko Miličić,2011-03-30,Minnesota Timberwolves,Chicago Bulls,1,26.23,3.0,7.0,0.429,0.0,0.0,,1.0,2.0,0.5,0.0,3.0,3.0,2.0,1.0,0.0,0.0,2.0,7.0,-16.0,https://www.basketball-reference.com/boxscores/201103300MIN.html,2010-11
Darko Miličić,2009-12-01,New York Knicks,Phoenix Suns,1,,,,,,,,,,,,,,,,,,,,,https://www.basketball-reference.com/boxscores/200912010NYK.html,2009-10
Darko Miličić,2009-12-02,New York Knicks,Orlando Magic,0,,,,,,,,,,,,,,,,,,,,,https://www.basketball-reference.com/boxscores/200912020ORL.html,2009-10
Darko Miličić,2009-12-04,New York Knicks,Atlanta Hawks,0,,,,,,,,,,,,,,,,,,,,,https://www.basketball-reference.com/boxscores/200912040ATL.html,2009-10
Darko Miličić,2009-12-06,New York Knicks,New Jersey Nets,1,,,,,,,,,,,,,,,,,,,,,https://www.basketball-reference.com/boxscores/200912060NYK.html,2009-10
Darko Miličić,2009-12-07,New York Knicks,Portland Trail Blazers,1,,,,,,,,,,,,,,,,,,,,,https://www.basketball-reference.com/boxscores/200912070NYK.html,2009-10
Darko Miličić,2009-12-11,New York Knicks,New Orleans Hornets,0,,,,,,,,,,,,,,,,,,,,,https://www.basketball-reference.com/boxscores/200912110NOH.html,2009-10
Darko Miličić,2010-02-21,Minnesota Timberwolves,Oklahoma City Thunder,1,19.05,4.0,7.0,0.5710000000000001,0.0,0.0,,0.0,2.0,0.0,4.0,4.0,8.0,2.0,0.0,1.0,1.0,2.0,8.0,35.0,https://www.basketball-reference.com/boxscores/201002210MIN.html,2009-10
Darko Miličić,2010-02-23,Minnesota Timberwolves,Miami Heat,0,24.31,2.0,3.0,0.667,0.0,0.0,,0.0,2.0,0.0,0.0,2.0,2.0,0.0,0.0,3.0,1.0,3.0,4.0,1.0,https://www.basketball-reference.com/boxscores/201002230MIA.html,2009-10
Darko Miličić,2010-02-24,Minnesota Timberwolves,Atlanta Hawks,0,10.14,0.0,1.0,0.0,0.0,0.0,,0.0,0.0,,0.0,2.0,2.0,0.0,0.0,4.0,0.0,3.0,0.0,-9.0,https://www.basketball-reference.com/boxscores/201002240ATL.html,2009-10
Darko Miličić,2010-02-26,Minnesota Timberwolves,Oklahoma City Thunder,0,24.59,3.0,8.0,0.375,0.0,0.0,,0.0,0.0,,3.0,6.0,9.0,1.0,0.0,0.0,2.0,2.0,6.0,-14.0,https://www.basketball-reference.com/boxscores/201002260OKC.html,2009-10
Darko Miličić,2010-02-27,Minnesota Timberwolves,Portland Trail Blazers,1,22.49,2.0,5.0,0.4,0.0,0.0,,0.0,0.0,,1.0,3.0,4.0,0.0,1.0,3.0,3.0,6.0,4.0,-10.0,https://www.basketball-reference.com/boxscores/201002270MIN.html,2009-10
Darko Miličić,2010-03-03,Minnesota Timberwolves,Dallas Mavericks,0,14.03,3.0,3.0,1.0,0.0,0.0,,0.0,0.0,,1.0,1.0,2.0,1.0,0.0,0.0,1.0,4.0,6.0,8.0,https://www.basketball-reference.com/boxscores/201003030DAL.html,2009-10
Darko Miličić,2010-03-06,Minnesota Timberwolves,Houston Rockets,1,31.39,1.0,5.0,0.2,0.0,0.0,,0.0,0.0,,3.0,6.0,9.0,5.0,1.0,0.0,0.0,2.0,2.0,-10.0,https://www.basketball-reference.com/boxscores/201003060MIN.html,2009-10
Darko Miličić,2010-03-08,Minnesota Timberwolves,Dallas Mavericks,1,18.32,1.0,3.0,0.333,0.0,0.0,,1.0,2.0,0.5,0.0,5.0,5.0,2.0,0.0,0.0,1.0,4.0,3.0,4.0,https://www.basketball-reference.com/boxscores/201003080MIN.html,2009-10
Darko Miličić,2010-03-10,Minnesota Timberwolves,Denver Nuggets,1,26.33,2.0,6.0,0.333,0.0,0.0,,2.0,2.0,1.0,3.0,9.0,12.0,2.0,0.0,1.0,1.0,3.0,6.0,2.0,https://www.basketball-reference.com/boxscores/201003100MIN.html,2009-10
Darko Miličić,2010-03-12,Minnesota Timberwolves,San Antonio Spurs,1,27.08,5.0,6.0,0.833,0.0,0.0,,2.0,2.0,1.0,2.0,3.0,5.0,1.0,0.0,0.0,1.0,5.0,12.0,-15.0,https://www.basketball-reference.com/boxscores/201003120MIN.html,2009-10
Darko Miličić,2010-03-14,Minnesota Timberwolves,Sacramento Kings,0,,,,,,,,,,,,,,,,,,,,,https://www.basketball-reference.com/boxscores/201003140SAC.html,2009-10
Darko Miličić,2010-03-16,Minnesota Timberwolves,Phoenix Suns,0,17.05,2.0,4.0,0.5,0.0,0.0,,0.0,0.0,,1.0,1.0,2.0,2.0,1.0,0.0,0.0,4.0,4.0,-12.0,https://www.basketball-reference.com/boxscores/201003160PHO.html,2009-10
Darko Miličić,2010-03-17,Minnesota Timberwolves,Utah Jazz,0,29.16,4.0,8.0,0.5,0.0,0.0,,1.0,2.0,0.5,1.0,2.0,3.0,2.0,1.0,1.0,2.0,5.0,9.0,-9.0,https://www.basketball-reference.com/boxscores/201003170UTA.html,2009-10
Darko Miličić,2010-03-19,Minnesota Timberwolves,Los Angeles Lakers,0,28.57,8.0,12.0,0.667,0.0,0.0,,0.0,0.0,,5.0,7.0,12.0,3.0,1.0,1.0,1.0,2.0,16.0,-3.0,https://www.basketball-reference.com/boxscores/201003190LAL.html,2009-10
Darko Miličić,2010-03-22,Minnesota Timberwolves,Toronto Raptors,1,27.16,4.0,7.0,0.5710000000000001,0.0,0.0,,0.0,0.0,,2.0,4.0,6.0,0.0,0.0,2.0,0.0,3.0,8.0,-8.0,https://www.basketball-reference.com/boxscores/201003220MIN.html,2009-10
Darko Miličić,2010-03-24,Minnesota Timberwolves,Charlotte Bobcats,0,32.42,4.0,8.0,0.5,0.0,0.0,,2.0,3.0,0.667,1.0,3.0,4.0,0.0,1.0,2.0,4.0,4.0,10.0,-14.0,https://www.basketball-reference.com/boxscores/201003240CHA.html,2009-10
Darko Miličić,2010-03-26,Minnesota Timberwolves,Orlando Magic,0,31.22,7.0,16.0,0.438,0.0,0.0,,0.0,0.0,,1.0,3.0,4.0,5.0,2.0,0.0,0.0,5.0,14.0,3.0,https://www.basketball-reference.com/boxscores/201003260ORL.html,2009-10
Darko Miličić,2010-03-28,Minnesota Timberwolves,Phoenix Suns,1,19.26,3.0,13.0,0.231,0.0,0.0,,0.0,0.0,,3.0,1.0,4.0,0.0,2.0,1.0,1.0,3.0,6.0,-6.0,https://www.basketball-reference.com/boxscores/201003280MIN.html,2009-10
Darko Miličić,2010-03-31,Minnesota Timberwolves,Sacramento Kings,1,37.3,7.0,10.0,0.7,0.0,0.0,,1.0,3.0,0.333,2.0,8.0,10.0,3.0,1.0,4.0,1.0,2.0,15.0,9.0,https://www.basketball-reference.com/boxscores/201003310MIN.html,2009-10
Darko Miličić,2008-12-03,Memphis Grizzlies,Atlanta Hawks,0,19.25,0.0,1.0,0.0,0.0,0.0,,2.0,2.0,1.0,1.0,2.0,3.0,0.0,0.0,0.0,0.0,4.0,2.0,4.0,https://www.basketball-reference.com/boxscores/200812030ATL.html,2008-09
Darko Miličić,2008-12-05,Memphis Grizzlies,Los Angeles Clippers,1,33.21,2.0,6.0,0.333,0.0,0.0,,1.0,2.0,0.5,3.0,6.0,9.0,0.0,3.0,2.0,2.0,5.0,5.0,6.0,https://www.basketball-reference.com/boxscores/200812050MEM.html,2008-09
Darko Miličić,2008-12-06,Memphis Grizzlies,New Orleans Hornets,0,20.19,3.0,5.0,0.6,0.0,0.0,,0.0,0.0,,1.0,3.0,4.0,0.0,0.0,0.0,1.0,2.0,6.0,-13.0,https://www.basketball-reference.com/boxscores/200812060NOH.html,2008-09
Darko Miličić,2008-12-08,Memphis Grizzlies,Houston Rockets,1,10.34,2.0,2.0,1.0,0.0,0.0,,1.0,2.0,0.5,2.0,3.0,5.0,1.0,0.0,1.0,1.0,5.0,5.0,2.0,https://www.basketball-reference.com/boxscores/200812080MEM.html,2008-09
Darko Miličić,2008-12-10,Memphis Grizzlies,Oklahoma City Thunder,0,26.07,3.0,5.0,0.6,0.0,0.0,,1.0,2.0,0.5,3.0,1.0,4.0,0.0,0.0,4.0,1.0,3.0,7.0,-2.0,https://www.basketball-reference.com/boxscores/200812100OKC.html,2008-09
Darko Miličić,2008-12-12,Memphis Grizzlies,Chicago Bulls,1,35.02,5.0,11.0,0.455,0.0,0.0,,3.0,4.0,0.75,6.0,5.0,11.0,1.0,1.0,2.0,1.0,2.0,13.0,6.0,https://www.basketball-reference.com/boxscores/200812120MEM.html,2008-09
Darko Miličić,2008-12-14,Memphis Grizzlies,Miami Heat,1,30.1,5.0,8.0,0.625,0.0,0.0,,3.0,4.0,0.75,1.0,3.0,4.0,1.0,0.0,5.0,0.0,3.0,13.0,11.0,https://www.basketball-reference.com/boxscores/200812140MEM.html,2008-09
Darko Miličić,2008-12-16,Memphis Grizzlies,New Orleans Hornets,1,25.14,2.0,7.0,0.28600000000000003,0.0,0.0,,2.0,2.0,1.0,1.0,5.0,6.0,0.0,1.0,1.0,2.0,5.0,6.0,-7.0,https://www.basketball-reference.com/boxscores/200812160MEM.html,2008-09
Darko Miličić,2008-12-19,Memphis Grizzlies,Charlotte Bobc,1,23.39,4.0,5.0,0.8,0.0,0.0,,3.0,3.0,1.0,1.0,3.0,4.0,1.0,0.0,2.0,1.0,2.0,11.0,-15.0,https://www.basketball-reference.com/boxscores/200812190MEM.html,2008-09
Darko Miličić,2008-12-22,Memphis Grizzlies,Los Angeles Lakers,1,33.24,4.0,5.0,0.8,0.0,0.0,,3.0,4.0,0.75,3.0,5.0,8.0,0.0,0.0,3.0,2.0,5.0,11.0,-6.0,https://www.basketball-reference.com/boxscores/200812220MEM.html,2008-09
Darko Miličić,2008-12-23,Memphis Grizzlies,Dallas Mavericks,0,19.43,0.0,2.0,0.0,0.0,0.0,,0.0,2.0,0.0,1.0,5.0,6.0,1.0,1.0,0.0,1.0,1.0,0.0,-10.0,https://www.basketball-reference.com/boxscores/200812230DAL.html,2008-09
Darko Miličić,2008-12-26,Memphis Grizzlies,Indiana Pacers,1,17.35,5.0,7.0,0.7140000000000001,0.0,0.0,,4.0,11.0,0.364,2.0,3.0,5.0,2.0,0.0,1.0,0.0,2.0,14.0,5.0,https://www.basketball-reference.com/boxscores/200812260MEM.html,2008-09
Darko Miličić,2009-02-04,Memphis Grizzlies,Houston Rockets,1,14.35,4.0,4.0,1.0,0.0,0.0,,1.0,2.0,0.5,1.0,1.0,2.0,1.0,0.0,1.0,0.0,3.0,9.0,-4.0,https://www.basketball-reference.com/boxscores/200902040MEM.html,2008-09
Darko Miličić,2009-02-06,Memphis Grizzlies,Los Angeles Clippers,1,14.39,4.0,6.0,0.667,0.0,0.0,,1.0,2.0,0.5,1.0,3.0,4.0,0.0,0.0,1.0,0.0,4.0,9.0,-9.0,https://www.basketball-reference.com/boxscores/200902060MEM.html,2008-09
Darko Miličić,2009-02-07,Memphis Grizzlies,Toronto Raptors,1,18.31,1.0,7.0,0.14300000000000002,0.0,0.0,,0.0,2.0,0.0,2.0,6.0,8.0,1.0,0.0,2.0,1.0,3.0,2.0,0.0,https://www.basketball-reference.com/boxscores/200902070MEM.html,2008-09
Darko Miličić,2009-02-09,Memphis Grizzlies,New Orleans Hornets,1,22.04,2.0,5.0,0.4,0.0,0.0,,0.0,0.0,,2.0,4.0,6.0,1.0,0.0,3.0,2.0,0.0,4.0,6.0,https://www.basketball-reference.com/boxscores/200902090MEM.html,2008-09
Darko Miličić,2009-02-11,Memphis Grizzlies,Philadelphia 76ers,0,16.25,1.0,2.0,0.5,0.0,0.0,,0.0,0.0,,0.0,5.0,5.0,0.0,0.0,0.0,0.0,2.0,2.0,8.0,https://www.basketball-reference.com/boxscores/200902110PHI.html,2008-09
Darko Miličić,2009-02-17,Memphis Grizzlies,Utah Jazz,0,23.53,6.0,7.0,0.857,0.0,0.0,,3.0,5.0,0.6,3.0,7.0,10.0,3.0,0.0,1.0,1.0,2.0,15.0,-12.0,https://www.basketball-reference.com/boxscores/200902170UTA.html,2008-09
Darko Miličić,2009-02-18,Memphis Grizzlies,Portland Trail Blazers,0,14.46,4.0,7.0,0.5710000000000001,0.0,0.0,,0.0,0.0,,1.0,1.0,2.0,0.0,0.0,0.0,0.0,1.0,8.0,5.0,https://www.basketball-reference.com/boxscores/200902180POR.html,2008-09
Darko Miličić,2009-02-20,Memphis Grizzlies,Sacramento Kings,1,20.51,5.0,11.0,0.455,0.0,0.0,,2.0,2.0,1.0,3.0,5.0,8.0,1.0,1.0,2.0,1.0,2.0,12.0,10.0,https://www.basketball-reference.com/boxscores/200902200MEM.html,2008-09
Darko Miličić,2009-02-24,Memphis Grizzlies,Cleveland Cavaliers,0,11.18,1.0,4.0,0.25,0.0,0.0,,0.0,0.0,,1.0,1.0,2.0,1.0,0.0,0.0,1.0,1.0,2.0,6.0,https://www.basketball-reference.com/boxscores/200902240CLE.html,2008-09
Darko Miličić,2009-02-25,Memphis Grizzlies,Indiana Pacers,0,11.14,1.0,3.0,0.333,0.0,0.0,,2.0,2.0,1.0,0.0,2.0,2.0,0.0,1.0,0.0,0.0,0.0,4.0,-2.0,https://www.basketball-reference.com/boxscores/200902250IND.html,2008-09
Darko Miličić,2009-02-28,Memphis Grizzlies,Oklahoma City Thunder,1,20.54,3.0,3.0,1.0,0.0,0.0,,1.0,5.0,0.2,1.0,4.0,5.0,0.0,1.0,1.0,2.0,3.0,7.0,-7.0,https://www.basketball-reference.com/boxscores/200902280MEM.html,2008-09
Darko Miličić,2009-03-03,Memphis Grizzlies,Los Angeles Lakers,0,13.35,1.0,5.0,0.2,0.0,0.0,,0.0,0.0,,1.0,1.0,2.0,0.0,0.0,0.0,1.0,1.0,2.0,-11.0,https://www.basketball-reference.com/boxscores/200903030LAL.html,2008-09
Darko Miličić,2009-03-04,Memphis Grizzlies,Los Angeles Clippers,0,4.48,0.0,0.0,,0.0,0.0,,0.0,0.0,,0.0,2.0,2.0,1.0,0.0,0.0,0.0,0.0,0.0,3.0,https://www.basketball-reference.com/boxscores/200903040LAC.html,2008-09
Darko Miličić,2009-03-07,Memphis Grizzlies,Philadelphia 76ers,1,8.51,0.0,0.0,,0.0,0.0,,0.0,2.0,0.0,0.0,1.0,1.0,0.0,0.0,0.0,1.0,0.0,0.0,-6.0,https://www.basketball-reference.com/boxscores/200903070MEM.html,2008-09
Darko Miličić,2009-03-08,Memphis Grizzlies,Houston Rockets,0,17.37,0.0,7.0,0.0,0.0,0.0,,0.0,0.0,,1.0,3.0,4.0,0.0,0.0,0.0,1.0,2.0,0.0,-21.0,https://www.basketball-reference.com/boxscores/200903080HOU.html,2008-09
Darko Miličić,2009-03-11,Memphis Grizzlies,Minnesota Timberwolves,0,19.57,5.0,9.0,0.556,0.0,0.0,,0.0,2.0,0.0,1.0,9.0,10.0,0.0,0.0,1.0,3.0,2.0,10.0,8.0,https://www.basketball-reference.com/boxscores/200903110MIN.html,2008-09
Darko Miličić,2009-03-13,Memphis Grizzlies,Boston Celtics,0,12.09,2.0,4.0,0.5,0.0,0.0,,1.0,1.0,1.0,0.0,2.0,2.0,0.0,0.0,1.0,1.0,0.0,5.0,-10.0,https://www.basketball-reference.com/boxscores/200903130BOS.html,2008-09
Darko Miličić,2009-03-15,Memphis Grizzlies,Detroit Pistons,0,20.14,6.0,10.0,0.6,0.0,0.0,,0.0,1.0,0.0,3.0,8.0,11.0,3.0,0.0,1.0,1.0,2.0,12.0,6.0,https://www.basketball-reference.com/boxscores/200903150DET.html,2008-09
Darko Miličić,2009-03-16,Memphis Grizzlies,Portland Trail Blazers,1,1.2,0.0,2.0,0.0,0.0,0.0,,2.0,2.0,1.0,0.0,0.0,0.0,0.0,0.0,0.0,0.0,1.0,2.0,-2.0,https://www.basketball-reference.com/boxscores/200903160MEM.html,2008-09
Darko Miličić,2009-03-18,Memphis Grizzlies,Denver Nuggets,1,,,,,,,,,,,,,,,,,,,,,https://www.basketball-reference.com/boxscores/200903180MEM.html,2008-09
Darko Miličić,2009-03-20,Memphis Grizzlies,New Orleans Hornets,0,13.48,2.0,4.0,0.5,0.0,0.0,,4.0,4.0,1.0,3.0,3.0,6.0,0.0,0.0,1.0,0.0,2.0,8.0,13.0,https://www.basketball-reference.com/boxscores/200903200NOH.html,2008-09
Darko Miličić,2009-03-21,Memphis Grizzlies,Boston Celtics,1,16.59,2.0,5.0,0.4,0.0,0.0,,2.0,2.0,1.0,5.0,0.0,5.0,0.0,1.0,1.0,0.0,2.0,6.0,-9.0,https://www.basketball-reference.com/boxscores/200903210MEM.html,2008-09
Darko Miličić,2009-03-23,Memphis Grizzlies,Miami Heat,0,14.2,4.0,8.0,0.5,0.0,0.0,,1.0,2.0,0.5,3.0,2.0,5.0,1.0,0.0,1.0,2.0,2.0,9.0,2.0,https://www.basketball-reference.com/boxscores/200903230MIA.html,2008-09
Darko Miličić,2009-03-27,Memphis Grizzlies,Sacramento Kings,0,12.31,1.0,1.0,1.0,0.0,0.0,,3.0,4.0,0.75,0.0,3.0,3.0,0.0,0.0,0.0,1.0,2.0,5.0,-1.0,https://www.basketball-reference.com/boxscores/200903270SAC.html,2008-09
Darko Miličić,2009-03-28,Memphis Grizzlies,Portland Trail Blazers,0,9.48,2.0,3.0,0.667,0.0,0.0,,0.0,0.0,,0.0,1.0,1.0,1.0,0.0,1.0,1.0,0.0,4.0,-7.0,https://www.basketball-reference.com/boxscores/200903280POR.html,2008-09
Darko Miličić,2009-03-30,Memphis Grizzlies,Golden State Warriors,0,10.51,0.0,0.0,,0.0,0.0,,0.0,0.0,,1.0,2.0,3.0,0.0,0.0,0.0,1.0,1.0,0.0,4.0,https://www.basketball-reference.com/boxscores/200903300GSW.html,2008-09
Darko Miličić,2003-12-01,New York Knicks,Detroit Pistons,1,,,,,,,,,,,,,,,,,,,,,https://www.basketball-reference.com/boxscores/200312010NYK.html,2003-04
Darko Miličić,2003-12-03,Detroit Pistons,Miami Heat,1,,,,,,,,,,,,,,,,,,,,,https://www.basketball-reference.com/boxscores/200312030DET.html,2003-04
Darko Miličić,2003-12-06,Detroit Pistons,Houston Rockets,0,,,,,,,,,,,,,,,,,,,,,https://www.basketball-reference.com/boxscores/200312060HOU.html,2003-04
Darko Miličić,2003-12-09,Detroit Pistons,Philadelphia 76ers,1,,,,,,,,,,,,,,,,,,,,,https://www.basketball-reference.com/boxscores/200312090DET.html,2003-04
Darko Miličić,2003-12-11,Detroit Pistons,Cleveland Cavaliers,0,0.49,0.0,2.0,0.0,0.0,0.0,,0.0,0.0,,0.0,0.0,0.0,0.0,0.0,0.0,0.0,0.0,0.0,0.0,https://www.basketball-reference.com/boxscores/200312110CLE.html,2003-04
Darko Miličić,2003-12-12,Detroit Pistons,Seattle SuperSonics,1,3.4,1.0,1.0,1.0,0.0,0.0,,0.0,0.0,,0.0,0.0,0.0,0.0,0.0,0.0,1.0,0.0,2.0,1.0,https://www.basketball-reference.com/boxscores/200312120DET.html,2003-04
Darko Miličić,2003-12-17,Detroit Pistons,Chicago Bulls,1,,,,,,,,,,,,,,,,,,,,,https://www.basketball-reference.com/boxscores/200312170DET.html,2003-04
Darko Miličić,2003-12-19,Detroit Pistons,Indiana Pacers,0,,,,,,,,,,,,,,,,,,,,,https://www.basketball-reference.com/boxscores/200312190IND.html,2003-04
Darko Miličić,2003-12-21,Detroit Pistons,Utah Jazz,1,5.48,1.0,1.0,1.0,0.0,0.0,,1.0,3.0,0.333,0.0,1.0,1.0,2.0,0.0,1.0,1.0,4.0,3.0,2.0,https://www.basketball-reference.com/boxscores/200312210DET.html,2003-04
Darko Miličić,2003-12-23,Detroit Pistons,Milwaukee Bucks,0,,,,,,,,,,,,,,,,,,,,,https://www.basketball-reference.com/boxscores/200312230MIL.html,2003-04
Darko Miličić,2003-12-26,Detroit Pistons,New Jersey Nets,1,,,,,,,,,,,,,,,,,,,,,https://www.basketball-reference.com/boxscores/200312260DET.html,2003-04
Darko Miličić,2003-12-27,Detroit Pistons,Atlanta Hawks,0,,,,,,,,,,,,,,,,,,,,,https://www.basketball-reference.com/boxscores/200312270ATL.html,2003-04
Darko Miličić,2003-12-29,Detroit Pistons,New Orleans Hornets,1,,,,,,,,,,,,,,,,,,,,,https://www.basketball-reference.com/boxscores/200312290DET.html,2003-04
Darko Miličić,2003-12-31,Detroit Pistons,Portland Trail Blazers,1,,,,,,,,,,,,,,,,,,,,,https://www.basketball-reference.com/boxscores/200312310DET.html,2003-04
Darko Miličić,2004-01-02,Detroit Pistons,Phoenix Suns,1,0.18,0.0,0.0,,0.0,0.0,,0.0,0.0,,0.0,0.0,0.0,0.0,0.0,0.0,0.0,0.0,0.0,0.0,https://www.basketball-reference.com/boxscores/200401020DET.html,2003-04
Darko Miličić,2004-01-03,Detroit Pistons,Golden State Warriors,1,,,,,,,,,,,,,,,,,,,,,https://www.basketball-reference.com/boxscores/200401030DET.html,2003-04
Darko Miličić,2004-01-05,Detroit Pistons,Boston Celtics,0,,,,,,,,,,,,,,,,,,,,,https://www.basketball-reference.com/boxscores/200401050BOS.html,2003-04
Darko Miličić,2004-01-07,Detroit Pistons,Houston Rockets,1,5.54,3.0,7.0,0.429,0.0,0.0,,0.0,2.0,0.0,3.0,1.0,4.0,0.0,0.0,1.0,0.0,2.0,6.0,-2.0,https://www.basketball-reference.com/boxscores/200401070DET.html,2003-04
Darko Miličić,2004-01-11,Detroit Pistons,Dallas Mavericks,1,2.15,1.0,2.0,0.5,0.0,0.0,,0.0,0.0,,0.0,0.0,0.0,0.0,0.0,0.0,1.0,2.0,2.0,-4.0,https://www.basketball-reference.com/boxscores/200401110DET.html,2003-04
Darko Miličić,2004-01-13,Detroit Pistons,Chicago Bulls,0,2.01,0.0,0.0,,0.0,0.0,,1.0,2.0,0.5,0.0,0.0,0.0,0.0,0.0,0.0,0.0,0.0,1.0,2.0,https://www.basketball-reference.com/boxscores/200401130CHI.html,2003-04
Darko Miličić,2004-01-14,Detroit Pistons,Toronto Raptors,1,,,,,,,,,,,,,,,,,,,,,https://www.basketball-reference.com/boxscores/200401140DET.html,2003-04
Darko Miličić,2004-01-16,Detroit Pistons,Washington Wizards,1,8.55,0.0,2.0,0.0,0.0,0.0,,0.0,0.0,,0.0,3.0,3.0,1.0,1.0,0.0,0.0,2.0,0.0,-7.0,https://www.basketball-reference.com/boxscores/200401160DET.html,2003-04
Darko Miličić,2004-01-17,Detroit Pistons,Milwaukee Bucks,0,,,,,,,,,,,,,,,,,,,,,https://www.basketball-reference.com/boxscores/200401170MIL.html,2003-04
Darko Miličić,2004-01-19,Detroit Pistons,San Antonio Spurs,1,,,,,,,,,,,,,,,,,,,,,https://www.basketball-reference.com/boxscores/200401190DET.html,2003-04
Darko Miličić,2004-01-20,Detroit Pistons,Indiana Pacers,0,,,,,,,,,,,,,,,,,,,,,https://www.basketball-reference.com/boxscores/200401200IND.html,2003-04
Darko Miličić,2004-01-23,Detroit Pistons,Minnesota Timberwolves,0,,,,,,,,,,,,,,,,,,,,,https://www.basketball-reference.com/boxscores/200401230MIN.html,2003-04
Darko Miličić,2004-01-25,Detroit Pistons,Atlanta Hawks,1,,,,,,,,,,,,,,,,,,,,,https://www.basketball-reference.com/boxscores/200401250DET.html,2003-04
Darko Miličić,2004-01-28,Detroit Pistons,Boston Celtics,0,,,,,,,,,,,,,,,,,,,,,https://www.basketball-reference.com/boxscores/200401280BOS.html,2003-04
Darko Miličić,2004-01-30,Toronto Raptors,Detroit Pistons,1,,,,,,,,,,,,,,,,,,,,,https://www.basketball-reference.com/boxscores/200401300TOR.html,2003-04
Darko Miličić,2004-01-31,Detroit Pistons,Memphis Grizzlies,1,,,,,,,,,,,,,,,,,,,,,https://www.basketball-reference.com/boxscores/200401310DET.html,2003-04
Darko Miličić,2004-02-02,Miami Heat,Detroit Pistons,1,,,,,,,,,,,,,,,,,,,,,https://www.basketball-reference.com/boxscores/200402020MIA.html,2003-04
Darko Miličić,2004-02-03,Detroit Pistons,Cleveland Cavaliers,1,,,,,,,,,,,,,,,,,,,,,https://www.basketball-reference.com/boxscores/200402030DET.html,2003-04
Darko Miličić,2004-02-06,Detroit Pistons,New Orleans Hornets,0,,,,,,,,,,,,,,,,,,,,,https://www.basketball-reference.com/boxscores/200402060NOH.html,2003-04
Darko Miličić,2004-02-07,Detroit Pistons,Dallas Mavericks,0,,,,,,,,,,,,,,,,,,,,,https://www.basketball-reference.com/boxscores/200402070DAL.html,2003-04
Darko Miličić,2004-02-10,Detroit Pistons,New Jersey Nets,0,,,,,,,,,,,,,,,,,,,,,https://www.basketball-reference.com/boxscores/200402100NJN.html,2003-04
Darko Miličić,2004-02-11,Detroit Pistons,Sacramento Kings,1,6.05,1.0,2.0,0.5,0.0,0.0,,0.0,0.0,,0.0,0.0,0.0,0.0,1.0,0.0,1.0,0.0,2.0,3.0,https://www.basketball-reference.com/boxscores/200402110DET.html,2003-04
Darko Miličić,2004-02-17,Detroit Pistons,New York Knicks,0,,,,,,,,,,,,,,,,,,,,,https://www.basketball-reference.com/boxscores/200402170NYK.html,2003-04
Darko Miličić,2004-02-18,Detroit Pistons,Milwaukee Bucks,1,,,,,,,,,,,,,,,,,,,,,https://www.basketball-reference.com/boxscores/200402180DET.html,2003-04
Darko Miličić,2004-02-20,Detroit Pistons,Minnesota Timberwolves,1,,,,,,,,,,,,,,,,,,,,,https://www.basketball-reference.com/boxscores/200402200DET.html,2003-04
Darko Miličić,2004-02-22,Detroit Pistons,Orlando Magic,1,,,,,,,,,,,,,,,,,,,,,https://www.basketball-reference.com/boxscores/200402220DET.html,2003-04
Darko Miličić,2004-02-23,Detroit Pistons,Philadelphia 76ers,0,,,,,,,,,,,,,,,,,,,,,https://www.basketball-reference.com/boxscores/200402230PHI.html,2003-04
Darko Miličić,2004-02-25,Detroit Pistons,Chicago Bulls,0,4.5,0.0,2.0,0.0,0.0,0.0,,6.0,8.0,0.75,0.0,0.0,0.0,0.0,0.0,0.0,0.0,1.0,6.0,-3.0,https://www.basketball-reference.com/boxscores/200402250CHI.html,2003-04
Darko Miličić,2004-02-27,Detroit Pistons,Atlanta Hawks,1,13.0,0.0,3.0,0.0,0.0,0.0,,2.0,2.0,1.0,1.0,3.0,4.0,1.0,0.0,1.0,1.0,5.0,2.0,-4.0,https://www.basketball-reference.com/boxscores/200402270DET.html,2003-04
Darko Miličić,2004-02-29,Detroit Pistons,Los Angeles Clippers,0,0.48,0.0,0.0,,0.0,0.0,,1.0,2.0,0.5,0.0,0.0,0.0,0.0,0.0,0.0,1.0,0.0,1.0,-2.0,https://www.basketball-reference.com/boxscores/200402290LAC.html,2003-04
Darko Miličić,2004-03-01,Detroit Pistons,Utah Jazz,0,,,,,,,,,,,,,,,,,,,,,https://www.basketball-reference.com/boxscores/200403010UTA.html,2003-04
Darko Miličić,2004-03-04,Detroit Pistons,Portland Trail Blazers,0,4.17,1.0,2.0,0.5,0.0,1.0,0.0,0.0,0.0,,0.0,1.0,1.0,0.0,0.0,1.0,1.0,1.0,2.0,-5.0,https://www.basketball-reference.com/boxscores/200403040POR.html,2003-04
Darko Miličić,2004-03-06,Detroit Pistons,Denver Nuggets,0,9.24,2.0,5.0,0.4,0.0,0.0,,0.0,0.0,,1.0,3.0,4.0,0.0,0.0,0.0,1.0,1.0,4.0,-1.0,https://www.basketball-reference.com/boxscores/200403060DEN.html,2003-04
Darko Miličić,2004-03-07,Detroit Pistons,Seattle SuperSonics,0,3.49,1.0,2.0,0.5,0.0,0.0,,0.0,0.0,,0.0,2.0,2.0,0.0,0.0,0.0,1.0,1.0,2.0,-1.0,https://www.basketball-reference.com/boxscores/200403070SEA.html,2003-04
Darko Miličić,2004-03-10,Detroit Pistons,Chicago Bulls,1,10.1,1.0,3.0,0.333,0.0,0.0,,0.0,0.0,,1.0,1.0,2.0,1.0,1.0,2.0,0.0,1.0,2.0,4.0,https://www.basketball-reference.com/boxscores/200403100DET.html,2003-04
Darko Miličić,2004-03-14,Detroit Pistons,Philadelphia 76ers,1,3.25,0.0,2.0,0.0,0.0,0.0,,0.0,2.0,0.0,1.0,0.0,1.0,0.0,0.0,2.0,0.0,0.0,0.0,0.0,https://www.basketball-reference.com/boxscores/200403140DET.html,2003-04
Darko Miličić,2004-03-18,Detroit Pistons,New Jersey Nets,0,2.18,0.0,1.0,0.0,0.0,0.0,,0.0,0.0,,0.0,0.0,0.0,0.0,0.0,0.0,0.0,0.0,0.0,-3.0,https://www.basketball-reference.com/boxscores/200403180NJN.html,2003-04
Darko Miličić,2004-03-19,Detroit Pistons,Denver Nuggets,1,3.28,1.0,3.0,0.333,0.0,0.0,,0.0,0.0,,0.0,2.0,2.0,0.0,1.0,0.0,0.0,0.0,2.0,-1.0,https://www.basketball-reference.com/boxscores/200403190DET.html,2003-04
Darko Miličić,2004-03-21,Detroit Pistons,Cleveland Cavaliers,0,6.41,0.0,3.0,0.0,0.0,0.0,,0.0,0.0,,0.0,2.0,2.0,1.0,0.0,1.0,0.0,1.0,0.0,-3.0,https://www.basketball-reference.com/boxscores/200403210CLE.html,2003-04
Darko Miličić,2004-03-23,Detroit Pistons,New Orleans Hornets,0,,,,,,,,,,,,,,,,,,,,,https://www.basketball-reference.com/boxscores/200403230NOH.html,2003-04
Darko Miličić,2004-03-25,Detroit Pistons,San Antonio Spurs,0,,,,,,,,,,,,,,,,,,,,,https://www.basketball-reference.com/boxscores/200403250SAS.html,2003-04
Darko Miličić,2004-03-27,Detroit Pistons,New York Knicks,1,8.32,0.0,5.0,0.0,0.0,0.0,,0.0,0.0,,1.0,2.0,3.0,0.0,0.0,1.0,1.0,1.0,0.0,-12.0,https://www.basketball-reference.com/boxscores/200403270DET.html,2003-04
Darko Miličić,2004-03-31,Detroit Pistons,Los Angeles Clippers,1,1.11,0.0,2.0,0.0,0.0,0.0,,0.0,0.0,,0.0,0.0,0.0,0.0,0.0,0.0,0.0,0.0,0.0,-4.0,https://www.basketball-reference.com/boxscores/200403310DET.html,2003-04
