Unnamed: 0,season,Player,Date,Team,Against,Home,MP,FG,FGA,FG%,3P,3PA,3P%,FT,FTA,FT%,ORB,DRB,TRB,AST,STL,BLK,TOV,PF,PTS,+/-,GameLink,TS%,DD,DT,FPTS
,2019-20,Derrick Favors,2019-12-25,New Orleans Pelicans,Denver Nuggets,0.0,30.29,3.0,9.0,0.333,0.0,1.0,0.0,2.0,2.0,1.0,3.0,10.0,13.0,8.0,1.0,3.0,3.0,3.0,8.0,12.0,https://www.basketball-reference.com/boxscores/201912250DEN.html,39.52,0.0,0.0,42.75
,2019-20,Derrick Favors,2020-01-03,New Orleans Pelicans,Los Angeles Lakers,0.0,33.54,7.0,11.0,0.636,0.0,1.0,0.0,1.0,1.0,1.0,5.0,9.0,14.0,2.0,0.0,4.0,0.0,3.0,15.0,8.0,https://www.basketball-reference.com/boxscores/202001030LAL.html,85.8,1.0,0.0,44.5
,2019-20,Derrick Favors,2020-02-21,New Orleans Pelicans,Portland Trail Blazers,0.0,25.49,4.0,8.0,0.5,0.0,1.0,0.0,0.0,1.0,0.0,3.0,9.0,12.0,1.0,1.0,0.0,0.0,2.0,8.0,17.0,https://www.basketball-reference.com/boxscores/202002210POR.html,33.76,0.0,0.0,26.5
,2019-20,Derrick Favors,2020-03-04,Dallas Mavericks,New Orleans Pelicans,1.0,31.33,5.0,8.0,0.625,0.0,1.0,0.0,0.0,2.0,0.0,6.0,8.0,14.0,2.0,1.0,1.0,1.0,2.0,10.0,10.0,https://www.basketball-reference.com/boxscores/202003040DAL.html,44.40000000000001,1.0,0.0,35.0
,2018-19,Derrick Favors,2018-12-10,Utah Jazz,Oklahoma City Thunder,0.0,27.55,5.0,8.0,0.625,0.0,1.0,0.0,2.0,6.0,0.333,1.0,2.0,3.0,2.0,1.0,1.0,0.0,1.0,12.0,-13.0,https://www.basketball-reference.com/boxscores/201812100OKC.html,63.84,0.0,0.0,22.75
,2018-19,Derrick Favors,2018-12-19,Utah Jazz,Golden State Warriors,1.0,25.54,5.0,7.0,0.7140000000000001,0.0,2.0,0.0,2.0,2.0,1.0,4.0,5.0,9.0,1.0,0.0,1.0,3.0,1.0,12.0,0.0,https://www.basketball-reference.com/boxscores/201812190UTA.html,47.28,0.0,0.0,25.25
,2018-19,Derrick Favors,2018-12-22,Utah Jazz,Oklahoma City Thunder,1.0,27.43,7.0,15.0,0.467,1.0,1.0,1.0,1.0,2.0,0.5,2.0,3.0,5.0,3.0,1.0,2.0,1.0,1.0,16.0,2.0,https://www.basketball-reference.com/boxscores/201812220UTA.html,127.04,0.0,0.0,32.75
,2018-19,Derrick Favors,2018-12-25,Utah Jazz,Portland Trail Blazers,1.0,18.53,3.0,5.0,0.6,0.0,1.0,0.0,1.0,2.0,0.5,4.0,6.0,10.0,2.0,0.0,0.0,0.0,3.0,7.0,4.0,https://www.basketball-reference.com/boxscores/201812250UTA.html,20.58,0.0,0.0,22.5
,2018-19,Derrick Favors,2018-12-27,Utah Jazz,Philadelphia 76ers,1.0,18.51,1.0,3.0,0.333,0.0,2.0,0.0,2.0,4.0,0.5,1.0,6.0,7.0,1.0,0.0,1.0,2.0,4.0,4.0,-5.0,https://www.basketball-reference.com/boxscores/201812270UTA.html,9.52,0.0,0.0,15.25
,2018-19,Derrick Favors,2019-01-01,Utah Jazz,Toronto Raptors,0.0,27.26,8.0,12.0,0.667,0.0,2.0,0.0,5.0,8.0,0.625,6.0,3.0,9.0,0.0,0.0,2.0,0.0,4.0,21.0,-13.0,https://www.basketball-reference.com/boxscores/201901010TOR.html,162.96,0.0,0.0,36.25
,2018-19,Derrick Favors,2019-01-04,Utah Jazz,Cleveland Cavaliers,0.0,24.56,4.0,9.0,0.444,0.0,1.0,0.0,2.0,2.0,1.0,3.0,2.0,5.0,0.0,1.0,3.0,0.0,0.0,10.0,8.0,https://www.basketball-reference.com/boxscores/201901040CLE.html,49.40000000000001,0.0,0.0,24.25
,2018-19,Derrick Favors,2019-01-05,Utah Jazz,Detroit Pistons,0.0,28.15,3.0,8.0,0.375,1.0,2.0,0.5,6.0,7.0,0.857,1.0,4.0,5.0,3.0,1.0,2.0,0.0,2.0,13.0,-8.0,https://www.basketball-reference.com/boxscores/201901050DET.html,72.02,0.0,0.0,30.25
,2018-19,Derrick Favors,2019-01-07,Utah Jazz,Milwaukee Bucks,0.0,27.23,6.0,13.0,0.462,0.0,3.0,0.0,0.0,2.0,0.0,2.0,5.0,7.0,1.0,1.0,3.0,1.0,2.0,12.0,-7.0,https://www.basketball-reference.com/boxscores/201901070MIL.html,83.28,0.0,0.0,29.75
,2018-19,Derrick Favors,2019-01-11,Utah Jazz,Los Angeles Lakers,1.0,25.43,4.0,10.0,0.4,0.0,2.0,0.0,7.0,9.0,0.778,4.0,9.0,13.0,1.0,0.0,1.0,0.0,1.0,15.0,11.0,https://www.basketball-reference.com/boxscores/201901110UTA.html,104.7,1.0,0.0,35.75
,2018-19,Derrick Favors,2019-01-14,Utah Jazz,Detroit Pistons,1.0,23.39,4.0,9.0,0.444,0.0,2.0,0.0,2.0,5.0,0.4,3.0,5.0,8.0,1.0,1.0,0.0,1.0,2.0,10.0,-8.0,https://www.basketball-reference.com/boxscores/201901140UTA.html,56.0,0.0,0.0,23.0
,2018-19,Derrick Favors,2019-01-16,Utah Jazz,Los Angeles Clippers,0.0,22.2,5.0,7.0,0.7140000000000001,0.0,1.0,0.0,1.0,4.0,0.25,1.0,9.0,10.0,2.0,0.0,0.0,1.0,0.0,11.0,7.0,https://www.basketball-reference.com/boxscores/201901160LAC.html,48.18,1.0,0.0,27.0
,2018-19,Derrick Favors,2019-01-18,Utah Jazz,Cleveland Cavaliers,1.0,22.44,4.0,11.0,0.364,0.0,2.0,0.0,4.0,4.0,1.0,3.0,7.0,10.0,0.0,1.0,1.0,1.0,1.0,12.0,2.0,https://www.basketball-reference.com/boxscores/201901180UTA.html,76.56,1.0,0.0,29.0
,2018-19,Derrick Favors,2019-01-21,Utah Jazz,Portland Trail Blazers,1.0,24.03,3.0,7.0,0.429,0.0,2.0,0.0,6.0,6.0,1.0,3.0,6.0,9.0,2.0,0.0,3.0,2.0,3.0,12.0,-3.0,https://www.basketball-reference.com/boxscores/201901210UTA.html,57.84,0.0,0.0,31.25
,2018-19,Derrick Favors,2019-01-25,Utah Jazz,Minnesota Timberwolves,1.0,22.47,5.0,9.0,0.556,1.0,2.0,0.5,2.0,2.0,1.0,2.0,4.0,6.0,0.0,0.0,1.0,0.0,4.0,13.0,-9.0,https://www.basketball-reference.com/boxscores/201901250UTA.html,64.22,0.0,0.0,23.0
,2018-19,Derrick Favors,2019-01-27,Utah Jazz,Minnesota Timberwolves,0.0,26.56,5.0,8.0,0.625,1.0,2.0,0.5,0.0,1.0,0.0,2.0,9.0,11.0,1.0,1.0,1.0,1.0,1.0,11.0,14.0,https://www.basketball-reference.com/boxscores/201901270MIN.html,46.42,1.0,0.0,31.25
,2018-19,Derrick Favors,2019-02-01,Utah Jazz,Atlanta Hawks,1.0,26.38,6.0,8.0,0.75,0.0,1.0,0.0,2.0,2.0,1.0,7.0,0.0,7.0,4.0,1.0,2.0,1.0,0.0,14.0,15.0,https://www.basketball-reference.com/boxscores/201902010UTA.html,62.16,0.0,0.0,34.25
,2018-19,Derrick Favors,2019-02-06,Utah Jazz,Phoenix Suns,1.0,23.0,6.0,11.0,0.545,0.0,1.0,0.0,2.0,2.0,1.0,0.0,3.0,3.0,0.0,2.0,2.0,1.0,3.0,14.0,17.0,https://www.basketball-reference.com/boxscores/201902060UTA.html,83.16000000000003,0.0,0.0,25.25
,2018-19,Derrick Favors,2019-02-09,Utah Jazz,San Antonio Spurs,1.0,19.03,4.0,10.0,0.4,0.0,1.0,0.0,3.0,5.0,0.6,2.0,8.0,10.0,1.0,2.0,0.0,2.0,1.0,11.0,0.0,https://www.basketball-reference.com/boxscores/201902090UTA.html,67.1,1.0,0.0,29.0
,2018-19,Derrick Favors,2019-02-27,Utah Jazz,Los Angeles Clippers,1.0,22.29,5.0,11.0,0.455,0.0,1.0,0.0,3.0,4.0,0.75,4.0,7.0,11.0,1.0,1.0,3.0,1.0,3.0,13.0,-3.0,https://www.basketball-reference.com/boxscores/201902270UTA.html,82.94,1.0,0.0,36.75
,2018-19,Derrick Favors,2019-02-28,Utah Jazz,Denver Nuggets,0.0,29.32,4.0,7.0,0.5710000000000001,0.0,2.0,0.0,7.0,8.0,0.875,3.0,8.0,11.0,3.0,1.0,0.0,0.0,2.0,15.0,11.0,https://www.basketball-reference.com/boxscores/201902280DEN.html,78.89999999999998,1.0,0.0,36.25
,2018-19,Derrick Favors,2019-03-06,Utah Jazz,New Orleans Pelicans,0.0,24.5,9.0,11.0,0.818,1.0,1.0,1.0,6.0,6.0,1.0,2.0,3.0,5.0,1.0,1.0,2.0,2.0,2.0,25.0,9.0,https://www.basketball-reference.com/boxscores/201903060NOP.html,170.5,0.0,0.0,38.25
,2018-19,Derrick Favors,2019-03-11,Utah Jazz,Oklahoma City Thunder,1.0,21.53,2.0,5.0,0.4,0.0,1.0,0.0,1.0,2.0,0.5,3.0,3.0,6.0,2.0,1.0,1.0,2.0,5.0,5.0,2.0,https://www.basketball-reference.com/boxscores/201903110UTA.html,14.7,0.0,0.0,18.5
,2018-19,Derrick Favors,2019-03-13,Utah Jazz,Phoenix Suns,0.0,25.46,8.0,14.0,0.5710000000000001,1.0,3.0,0.333,1.0,2.0,0.5,3.0,4.0,7.0,7.0,1.0,1.0,1.0,1.0,18.0,2.0,https://www.basketball-reference.com/boxscores/201903130PHO.html,133.92000000000002,0.0,0.0,41.25
,2018-19,Derrick Favors,2019-03-14,Utah Jazz,Minnesota Timberwolves,1.0,26.5,8.0,12.0,0.667,0.0,1.0,0.0,1.0,2.0,0.5,5.0,6.0,11.0,0.0,1.0,2.0,0.0,2.0,17.0,-2.0,https://www.basketball-reference.com/boxscores/201903140UTA.html,109.48,1.0,0.0,37.75
,2018-19,Derrick Favors,2019-03-16,Utah Jazz,Brooklyn Nets,1.0,22.08,4.0,10.0,0.4,0.0,1.0,0.0,5.0,7.0,0.7140000000000001,4.0,8.0,12.0,1.0,0.0,3.0,1.0,0.0,13.0,11.0,https://www.basketball-reference.com/boxscores/201903160UTA.html,85.02,1.0,0.0,36.0
,2020-21,Derrick Favors,2021-02-02,Utah Jazz,Detroit Pistons,1.0,18.31,2.0,4.0,0.5,0.0,1.0,0.0,2.0,2.0,1.0,1.0,5.0,6.0,1.0,1.0,2.0,0.0,4.0,6.0,19.0,https://www.basketball-reference.com/boxscores/202102020UTA.html,14.64,0.0,0.0,21.0
