Unnamed: 0,season,Player,Date,Team,Against,Home,MP,FG,FGA,FG%,3P,3PA,3P%,FT,FTA,FT%,ORB,DRB,TRB,AST,STL,BLK,TOV,PF,PTS,+/-,GameLink,TS%,DD,DT,FPTS
,2019-20,Devin Booker,2019-12-02,Phoenix Suns,Charlotte Hornets,0.0,38.23,7.0,15.0,0.467,3.0,10.0,0.3,6.0,7.0,0.857,1.0,3.0,4.0,4.0,1.0,1.0,5.0,3.0,23.0,8.0,https://www.basketball-reference.com/boxscores/201912020CHO.html,207.92,0.0,0.0,37.0
,2019-20,Devin Booker,2019-12-04,Phoenix Suns,Orlando Magic,0.0,29.59,7.0,16.0,0.438,2.0,5.0,0.4,1.0,2.0,0.5,0.0,3.0,3.0,5.0,0.0,0.0,2.0,2.0,17.0,-5.0,https://www.basketball-reference.com/boxscores/201912040ORL.html,143.48,0.0,0.0,28.25
,2019-20,Devin Booker,2019-12-05,New Orleans Pelicans,Phoenix Suns,1.0,42.27,13.0,23.0,0.565,5.0,11.0,0.455,13.0,13.0,1.0,2.0,6.0,8.0,9.0,2.0,0.0,5.0,4.0,44.0,11.0,https://www.basketball-reference.com/boxscores/201912050NOP.html,631.8399999999998,0.0,0.0,71.5
,2019-20,Devin Booker,2019-12-07,Phoenix Suns,Houston Rockets,0.0,37.11,11.0,19.0,0.579,2.0,4.0,0.5,11.0,16.0,0.688,1.0,3.0,4.0,5.0,1.0,0.0,1.0,4.0,35.0,-5.0,https://www.basketball-reference.com/boxscores/201912070HOU.html,455.7,0.0,0.0,50.0
,2019-20,Devin Booker,2019-12-09,Phoenix Suns,Minnesota Timberwolves,1.0,36.15,11.0,20.0,0.55,3.0,7.0,0.429,1.0,2.0,0.5,1.0,3.0,4.0,7.0,0.0,1.0,3.0,1.0,26.0,15.0,https://www.basketball-reference.com/boxscores/201912090PHO.html,271.44,0.0,0.0,43.5
,2019-20,Devin Booker,2019-12-11,Phoenix Suns,Memphis Grizzlies,1.0,39.17,6.0,17.0,0.353,0.0,3.0,0.0,3.0,4.0,0.75,1.0,4.0,5.0,10.0,1.0,0.0,1.0,1.0,15.0,-15.0,https://www.basketball-reference.com/boxscores/201912110PHO.html,140.70000000000002,1.0,0.0,38.75
,2019-20,Devin Booker,2019-12-20,Phoenix Suns,Oklahoma City Thunder,0.0,27.57,6.0,11.0,0.545,0.0,2.0,0.0,6.0,7.0,0.857,1.0,3.0,4.0,3.0,1.0,0.0,4.0,3.0,18.0,-9.0,https://www.basketball-reference.com/boxscores/201912200OKC.html,126.72,0.0,0.0,27.5
,2019-20,Devin Booker,2019-12-21,Phoenix Suns,Houston Rockets,1.0,33.31,6.0,16.0,0.375,0.0,3.0,0.0,7.0,7.0,1.0,2.0,4.0,6.0,9.0,0.0,0.0,5.0,2.0,19.0,-14.0,https://www.basketball-reference.com/boxscores/201912210PHO.html,181.26,0.0,0.0,37.5
,2019-20,Devin Booker,2019-12-23,Phoenix Suns,Denver Nuggets,1.0,34.21,3.0,12.0,0.25,1.0,6.0,0.16699999999999998,4.0,4.0,1.0,1.0,2.0,3.0,6.0,1.0,0.0,2.0,5.0,11.0,-5.0,https://www.basketball-reference.com/boxscores/201912230PHO.html,75.67999999999998,0.0,0.0,25.25
,2019-20,Devin Booker,2019-12-27,Phoenix Suns,Golden State Warriors,0.0,37.36,13.0,24.0,0.542,1.0,6.0,0.16699999999999998,7.0,8.0,0.875,0.0,3.0,3.0,4.0,2.0,0.0,8.0,3.0,34.0,-10.0,https://www.basketball-reference.com/boxscores/201912270GSW.html,467.84,0.0,0.0,44.25
,2019-20,Devin Booker,2019-12-28,Phoenix Suns,Sacramento Kings,0.0,40.55,14.0,23.0,0.609,0.0,4.0,0.0,4.0,6.0,0.667,1.0,2.0,3.0,10.0,2.0,0.0,3.0,3.0,32.0,6.0,https://www.basketball-reference.com/boxscores/201912280SAC.html,410.24,1.0,0.0,54.25
,2019-20,Devin Booker,2020-01-01,Phoenix Suns,Los Angeles Lakers,0.0,37.14,11.0,23.0,0.478,1.0,3.0,0.333,9.0,10.0,0.9,0.0,2.0,2.0,7.0,1.0,0.0,6.0,3.0,32.0,-13.0,https://www.basketball-reference.com/boxscores/202001010LAL.html,438.4,0.0,0.0,44.5
,2019-20,Devin Booker,2020-01-03,Phoenix Suns,New York Knicks,1.0,38.27,14.0,27.0,0.519,2.0,5.0,0.4,8.0,8.0,1.0,0.0,3.0,3.0,7.0,0.0,0.0,4.0,4.0,38.0,7.0,https://www.basketball-reference.com/boxscores/202001030PHO.html,579.88,0.0,0.0,51.25
,2019-20,Devin Booker,2020-01-05,Phoenix Suns,Memphis Grizzlies,1.0,37.14,13.0,20.0,0.65,1.0,5.0,0.2,13.0,14.0,0.929,0.0,2.0,2.0,6.0,0.0,0.0,2.0,2.0,40.0,5.0,https://www.basketball-reference.com/boxscores/202001050PHO.html,523.2,0.0,0.0,51.0
,2019-20,Devin Booker,2020-01-07,Phoenix Suns,Sacramento Kings,1.0,39.23,12.0,21.0,0.5710000000000001,2.0,6.0,0.333,8.0,8.0,1.0,1.0,3.0,4.0,7.0,1.0,0.0,2.0,2.0,34.0,0.0,https://www.basketball-reference.com/boxscores/202001070PHO.html,416.84,0.0,0.0,51.5
,2019-20,Devin Booker,2020-01-10,Phoenix Suns,Orlando Magic,1.0,36.42,7.0,15.0,0.467,4.0,8.0,0.5,6.0,6.0,1.0,0.0,3.0,3.0,5.0,3.0,0.0,3.0,1.0,24.0,7.0,https://www.basketball-reference.com/boxscores/202001100PHO.html,211.68,0.0,0.0,41.75
,2019-20,Devin Booker,2020-01-12,Phoenix Suns,Charlotte Hornets,1.0,37.59,3.0,12.0,0.25,1.0,6.0,0.16699999999999998,5.0,6.0,0.833,0.0,4.0,4.0,9.0,1.0,1.0,7.0,4.0,12.0,14.0,https://www.basketball-reference.com/boxscores/202001120PHO.html,87.84,0.0,0.0,31.5
,2019-20,Devin Booker,2020-01-14,Phoenix Suns,Atlanta Hawks,0.0,34.07,12.0,23.0,0.522,2.0,4.0,0.5,13.0,13.0,1.0,2.0,5.0,7.0,3.0,2.0,0.0,3.0,4.0,39.0,-1.0,https://www.basketball-reference.com/boxscores/202001140ATL.html,560.04,0.0,0.0,55.75
,2019-20,Devin Booker,2020-01-16,Phoenix Suns,New York Knicks,0.0,27.55,9.0,17.0,0.529,2.0,8.0,0.25,9.0,11.0,0.818,0.0,4.0,4.0,4.0,1.0,0.0,4.0,5.0,29.0,31.0,https://www.basketball-reference.com/boxscores/202001160NYK.html,316.68,0.0,0.0,41.0
,2019-20,Devin Booker,2020-01-18,Phoenix Suns,Boston Celtics,0.0,40.39,12.0,20.0,0.6,1.0,4.0,0.25,14.0,15.0,0.933,0.0,10.0,10.0,9.0,2.0,0.0,4.0,4.0,39.0,17.0,https://www.basketball-reference.com/boxscores/202001180BOS.html,518.7,1.0,0.0,68.5
,2019-20,Devin Booker,2020-01-20,Phoenix Suns,San Antonio Spurs,1.0,38.44,13.0,23.0,0.565,4.0,6.0,0.667,7.0,7.0,1.0,1.0,6.0,7.0,5.0,0.0,0.0,5.0,3.0,37.0,6.0,https://www.basketball-reference.com/boxscores/202001200PHO.html,482.48,0.0,0.0,52.75
,2019-20,Devin Booker,2020-01-22,Phoenix Suns,Indiana Pacers,1.0,31.11,5.0,12.0,0.417,0.0,3.0,0.0,6.0,6.0,1.0,0.0,2.0,2.0,3.0,1.0,0.0,4.0,2.0,16.0,-24.0,https://www.basketball-reference.com/boxscores/202001220PHO.html,117.12,0.0,0.0,23.0
,2019-20,Devin Booker,2020-01-24,Phoenix Suns,San Antonio Spurs,0.0,40.42,11.0,20.0,0.55,3.0,7.0,0.429,10.0,10.0,1.0,0.0,4.0,4.0,10.0,0.0,1.0,6.0,6.0,35.0,6.0,https://www.basketball-reference.com/boxscores/202001240SAS.html,427.0,1.0,0.0,56.5
,2019-20,Devin Booker,2020-01-26,Phoenix Suns,Memphis Grizzlies,0.0,39.28,11.0,24.0,0.458,5.0,11.0,0.455,9.0,10.0,0.9,0.0,2.0,2.0,5.0,0.0,1.0,4.0,3.0,36.0,-2.0,https://www.basketball-reference.com/boxscores/202001260MEM.html,511.2,0.0,0.0,48.5
,2019-20,Devin Booker,2020-01-28,Phoenix Suns,Dallas Mavericks,0.0,30.44,12.0,20.0,0.6,2.0,4.0,0.5,6.0,8.0,0.75,0.0,6.0,6.0,9.0,2.0,0.0,1.0,1.0,32.0,36.0,https://www.basketball-reference.com/boxscores/202001280DAL.html,376.32,0.0,0.0,57.5
,2019-20,Devin Booker,2020-01-31,Phoenix Suns,Oklahoma City Thunder,1.0,39.28,9.0,18.0,0.5,1.0,5.0,0.2,8.0,8.0,1.0,0.0,3.0,3.0,5.0,0.0,0.0,7.0,6.0,27.0,-15.0,https://www.basketball-reference.com/boxscores/202001310PHO.html,290.52,0.0,0.0,35.25
,2019-20,Devin Booker,2020-02-02,Phoenix Suns,Milwaukee Bucks,0.0,33.47,9.0,15.0,0.6,2.0,5.0,0.4,12.0,13.0,0.923,0.0,7.0,7.0,6.0,0.0,0.0,5.0,1.0,32.0,-13.0,https://www.basketball-reference.com/boxscores/202002020MIL.html,331.52,0.0,0.0,48.25
,2019-20,Devin Booker,2020-02-03,Phoenix Suns,Brooklyn Nets,0.0,31.37,3.0,15.0,0.2,1.0,4.0,0.25,4.0,5.0,0.8,0.0,4.0,4.0,4.0,1.0,0.0,4.0,3.0,11.0,-22.0,https://www.basketball-reference.com/boxscores/202002030BRK.html,94.6,0.0,0.0,22.5
,2019-20,Devin Booker,2020-02-05,Phoenix Suns,Detroit Pistons,0.0,41.5,8.0,16.0,0.5,2.0,6.0,0.333,4.0,5.0,0.8,0.0,4.0,4.0,7.0,0.0,0.0,3.0,3.0,22.0,-4.0,https://www.basketball-reference.com/boxscores/202002050DET.html,200.2,0.0,0.0,37.0
,2019-20,Devin Booker,2020-02-07,Phoenix Suns,Houston Rockets,1.0,29.33,10.0,18.0,0.556,4.0,8.0,0.5,9.0,9.0,1.0,2.0,7.0,9.0,3.0,0.0,1.0,4.0,1.0,33.0,26.0,https://www.basketball-reference.com/boxscores/202002070PHO.html,362.34,0.0,0.0,50.75
,2019-20,Devin Booker,2020-02-08,Phoenix Suns,Denver Nuggets,1.0,36.46,5.0,16.0,0.313,3.0,8.0,0.375,8.0,8.0,1.0,0.0,3.0,3.0,9.0,1.0,0.0,2.0,3.0,21.0,1.0,https://www.basketball-reference.com/boxscores/202002080PHO.html,204.96,0.0,0.0,40.75
,2019-20,Devin Booker,2020-02-10,Phoenix Suns,Los Angeles Lakers,0.0,31.31,2.0,11.0,0.182,0.0,4.0,0.0,6.0,7.0,0.857,0.0,4.0,4.0,5.0,0.0,0.0,3.0,3.0,10.0,-9.0,https://www.basketball-reference.com/boxscores/202002100LAL.html,70.4,0.0,0.0,21.0
,2019-20,Devin Booker,2020-02-12,Phoenix Suns,Golden State Warriors,1.0,37.15,8.0,22.0,0.364,2.0,8.0,0.25,9.0,9.0,1.0,0.0,5.0,5.0,8.0,2.0,1.0,5.0,0.0,27.0,17.0,https://www.basketball-reference.com/boxscores/202002120PHO.html,350.4600000000001,0.0,0.0,49.75
,2019-20,Devin Booker,2020-02-21,Phoenix Suns,Toronto Raptors,0.0,34.08,8.0,18.0,0.444,1.0,5.0,0.2,4.0,4.0,1.0,0.0,5.0,5.0,8.0,0.0,0.0,0.0,0.0,21.0,-24.0,https://www.basketball-reference.com/boxscores/202002210TOR.html,207.48,0.0,0.0,39.75
,2019-20,Devin Booker,2020-02-22,Phoenix Suns,Chicago Bulls,0.0,38.27,9.0,21.0,0.429,5.0,10.0,0.5,6.0,6.0,1.0,0.0,5.0,5.0,5.0,1.0,0.0,5.0,2.0,29.0,24.0,https://www.basketball-reference.com/boxscores/202002220CHI.html,342.7800000000001,0.0,0.0,44.75
,2019-20,Devin Booker,2020-02-24,Phoenix Suns,Utah Jazz,0.0,34.19,8.0,18.0,0.444,2.0,4.0,0.5,6.0,7.0,0.857,0.0,4.0,4.0,10.0,0.0,0.0,4.0,5.0,24.0,13.0,https://www.basketball-reference.com/boxscores/202002240UTA.html,252.96,1.0,0.0,44.0
,2019-20,Devin Booker,2020-02-26,Phoenix Suns,Los Angeles Clippers,1.0,39.14,5.0,19.0,0.263,1.0,8.0,0.125,3.0,3.0,1.0,0.0,0.0,0.0,10.0,0.0,0.0,4.0,4.0,14.0,2.0,https://www.basketball-reference.com/boxscores/202002260PHO.html,142.24,1.0,0.0,28.5
,2019-20,Devin Booker,2020-02-28,Phoenix Suns,Detroit Pistons,1.0,39.51,10.0,17.0,0.588,1.0,4.0,0.25,5.0,7.0,0.7140000000000001,0.0,6.0,6.0,6.0,2.0,0.0,6.0,2.0,26.0,-3.0,https://www.basketball-reference.com/boxscores/202002280PHO.html,261.04,0.0,0.0,44.0
,2019-20,Devin Booker,2020-02-29,Phoenix Suns,Golden State Warriors,1.0,38.19,6.0,16.0,0.375,4.0,7.0,0.5710000000000001,5.0,5.0,1.0,0.0,0.0,0.0,1.0,0.0,1.0,6.0,3.0,21.0,-22.0,https://www.basketball-reference.com/boxscores/202002290PHO.html,191.1,0.0,0.0,23.5
,2019-20,Devin Booker,2020-03-03,Phoenix Suns,Toronto Raptors,1.0,37.25,5.0,14.0,0.35700000000000004,2.0,8.0,0.25,10.0,12.0,0.833,0.0,4.0,4.0,10.0,1.0,0.0,3.0,5.0,22.0,-16.0,https://www.basketball-reference.com/boxscores/202003030PHO.html,212.08,1.0,0.0,44.5
,2019-20,Devin Booker,2020-03-06,Phoenix Suns,Portland Trail Blazers,1.0,38.43,8.0,20.0,0.4,3.0,9.0,0.333,4.0,4.0,1.0,0.0,5.0,5.0,12.0,1.0,0.0,3.0,4.0,23.0,-3.0,https://www.basketball-reference.com/boxscores/202003060PHO.html,250.24,1.0,0.0,50.25
,2019-20,Devin Booker,2020-03-08,Phoenix Suns,Milwaukee Bucks,1.0,39.14,13.0,17.0,0.765,4.0,6.0,0.667,6.0,7.0,0.857,1.0,4.0,5.0,8.0,1.0,2.0,6.0,4.0,36.0,8.0,https://www.basketball-reference.com/boxscores/202003080PHO.html,361.44,0.0,0.0,59.25
,2019-20,Devin Booker,2020-03-10,Phoenix Suns,Portland Trail Blazers,0.0,35.49,9.0,25.0,0.36,2.0,7.0,0.28600000000000003,9.0,10.0,0.9,0.0,6.0,6.0,9.0,0.0,0.0,4.0,3.0,29.0,-7.0,https://www.basketball-reference.com/boxscores/202003100POR.html,426.3,0.0,0.0,49.0
,2018-19,Devin Booker,2018-12-15,Phoenix Suns,Minnesota Timberwolves,1.0,35.59,10.0,16.0,0.625,3.0,6.0,0.5,5.0,6.0,0.833,0.0,7.0,7.0,7.0,0.0,0.0,2.0,2.0,28.0,2.0,https://www.basketball-reference.com/boxscores/201812150PHO.html,260.96000000000004,0.0,0.0,47.75
,2018-19,Devin Booker,2018-12-17,Phoenix Suns,New York Knicks,0.0,37.16,11.0,23.0,0.478,2.0,7.0,0.28600000000000003,14.0,15.0,0.933,0.0,7.0,7.0,2.0,2.0,0.0,1.0,5.0,38.0,10.0,https://www.basketball-reference.com/boxscores/201812170NYK.html,562.4,0.0,0.0,54.25
,2018-19,Devin Booker,2018-12-19,Phoenix Suns,Boston Celtics,0.0,37.14,9.0,23.0,0.391,3.0,8.0,0.375,4.0,6.0,0.667,2.0,3.0,5.0,8.0,1.0,2.0,6.0,2.0,25.0,-4.0,https://www.basketball-reference.com/boxscores/201812190BOS.html,320.5,0.0,0.0,47.75
,2018-19,Devin Booker,2018-12-22,Washington Wizards,Phoenix Suns,1.0,54.36,12.0,28.0,0.429,2.0,12.0,0.16699999999999998,7.0,8.0,0.875,3.0,1.0,4.0,14.0,1.0,1.0,4.0,5.0,33.0,-1.0,https://www.basketball-reference.com/boxscores/201812220WAS.html,520.08,1.0,0.0,63.0
,2018-19,Devin Booker,2018-12-23,Phoenix Suns,Brooklyn Nets,0.0,30.03,10.0,23.0,0.435,1.0,4.0,0.25,4.0,4.0,1.0,2.0,0.0,2.0,9.0,0.0,0.0,4.0,2.0,25.0,-4.0,https://www.basketball-reference.com/boxscores/201812230BRK.html,309.5,0.0,0.0,39.5
,2018-19,Devin Booker,2018-12-26,Orlando Magic,Phoenix Suns,1.0,39.52,13.0,24.0,0.542,5.0,8.0,0.625,4.0,5.0,0.8,0.0,7.0,7.0,8.0,2.0,1.0,5.0,3.0,35.0,-3.0,https://www.basketball-reference.com/boxscores/201812260ORL.html,458.5,0.0,0.0,61.75
,2018-19,Devin Booker,2018-12-28,Phoenix Suns,Oklahoma City Thunder,1.0,32.55,8.0,22.0,0.364,2.0,5.0,0.4,7.0,8.0,0.875,0.0,7.0,7.0,10.0,3.0,0.0,2.0,5.0,25.0,-6.0,https://www.basketball-reference.com/boxscores/201812280PHO.html,319.0,1.0,0.0,55.75
,2018-19,Devin Booker,2018-12-29,Phoenix Suns,Denver Nuggets,1.0,36.11,11.0,18.0,0.611,1.0,5.0,0.2,4.0,4.0,1.0,0.0,1.0,1.0,8.0,1.0,0.0,3.0,2.0,27.0,-4.0,https://www.basketball-reference.com/boxscores/201812290PHO.html,266.76000000000005,0.0,0.0,41.25
,2018-19,Devin Booker,2018-12-31,Phoenix Suns,Golden State Warriors,1.0,32.46,6.0,15.0,0.4,2.0,5.0,0.4,6.0,6.0,1.0,0.0,2.0,2.0,6.0,1.0,0.0,5.0,4.0,20.0,-21.0,https://www.basketball-reference.com/boxscores/201812310PHO.html,176.4,0.0,0.0,32.0
,2018-19,Devin Booker,2019-01-02,Phoenix Suns,Philadelphia 76ers,1.0,35.21,10.0,22.0,0.455,2.0,7.0,0.28600000000000003,15.0,17.0,0.882,1.0,1.0,2.0,8.0,0.0,0.0,3.0,4.0,37.0,-14.0,https://www.basketball-reference.com/boxscores/201901020PHO.html,545.38,0.0,0.0,51.0
,2018-19,Devin Booker,2019-01-04,Phoenix Suns,Los Angeles Clippers,1.0,37.06,8.0,14.0,0.5710000000000001,1.0,2.0,0.5,6.0,11.0,0.545,2.0,1.0,3.0,4.0,0.0,0.0,4.0,4.0,23.0,-16.0,https://www.basketball-reference.com/boxscores/201901040PHO.html,216.66,0.0,0.0,31.25
,2018-19,Devin Booker,2019-01-17,Phoenix Suns,Toronto Raptors,0.0,35.11,10.0,21.0,0.476,4.0,9.0,0.444,6.0,9.0,0.667,0.0,2.0,2.0,8.0,0.0,0.0,6.0,3.0,30.0,2.0,https://www.basketball-reference.com/boxscores/201901170TOR.html,374.4,0.0,0.0,43.5
,2018-19,Devin Booker,2019-01-19,Phoenix Suns,Charlotte Hornets,0.0,37.32,10.0,23.0,0.435,2.0,7.0,0.28600000000000003,10.0,12.0,0.833,1.0,1.0,2.0,11.0,0.0,0.0,0.0,0.0,32.0,0.0,https://www.basketball-reference.com/boxscores/201901190CHO.html,452.48,1.0,0.0,53.0
,2018-19,Devin Booker,2019-01-20,Phoenix Suns,Minnesota Timberwolves,0.0,32.57,7.0,15.0,0.467,1.0,6.0,0.16699999999999998,3.0,4.0,0.75,0.0,6.0,6.0,6.0,0.0,0.0,5.0,5.0,18.0,-11.0,https://www.basketball-reference.com/boxscores/201901200MIN.html,150.84,0.0,0.0,32.5
,2018-19,Devin Booker,2019-01-22,Phoenix Suns,Minnesota Timberwolves,1.0,24.12,6.0,11.0,0.545,0.0,1.0,0.0,2.0,2.0,1.0,0.0,3.0,3.0,4.0,1.0,1.0,4.0,3.0,14.0,-20.0,https://www.basketball-reference.com/boxscores/201901220PHO.html,83.16000000000003,0.0,0.0,25.75
,2018-19,Devin Booker,2019-01-24,Phoenix Suns,Portland Trail Blazers,1.0,30.15,9.0,20.0,0.45,2.0,7.0,0.28600000000000003,7.0,8.0,0.875,0.0,1.0,1.0,3.0,1.0,0.0,8.0,2.0,27.0,-31.0,https://www.basketball-reference.com/boxscores/201901240PHO.html,317.52,0.0,0.0,31.75
,2018-19,Devin Booker,2019-01-25,Phoenix Suns,Denver Nuggets,0.0,30.02,9.0,19.0,0.474,2.0,4.0,0.5,15.0,16.0,0.938,0.0,4.0,4.0,2.0,0.0,0.0,4.0,2.0,35.0,-20.0,https://www.basketball-reference.com/boxscores/201901250DEN.html,455.7,0.0,0.0,42.0
,2018-19,Devin Booker,2019-01-27,Phoenix Suns,Los Angeles Lakers,0.0,36.18,9.0,18.0,0.5,0.0,1.0,0.0,3.0,3.0,1.0,1.0,1.0,2.0,6.0,0.0,0.0,3.0,3.0,21.0,-11.0,https://www.basketball-reference.com/boxscores/201901270LAL.html,202.86,0.0,0.0,31.0
,2018-19,Devin Booker,2019-01-29,Phoenix Suns,San Antonio Spurs,0.0,40.17,14.0,19.0,0.737,3.0,6.0,0.5,7.0,7.0,1.0,0.0,5.0,5.0,7.0,2.0,0.0,6.0,1.0,38.0,0.0,https://www.basketball-reference.com/boxscores/201901290SAS.html,419.52,0.0,0.0,57.25
,2018-19,Devin Booker,2019-02-02,Phoenix Suns,Atlanta Hawks,1.0,42.44,13.0,27.0,0.481,4.0,10.0,0.4,2.0,3.0,0.667,1.0,7.0,8.0,10.0,1.0,0.0,4.0,2.0,32.0,5.0,https://www.basketball-reference.com/boxscores/201902020PHO.html,453.12,1.0,0.0,60.0
,2018-19,Devin Booker,2019-02-04,Phoenix Suns,Houston Rockets,1.0,32.38,7.0,12.0,0.583,0.0,2.0,0.0,5.0,7.0,0.7140000000000001,2.0,5.0,7.0,5.0,0.0,0.0,0.0,4.0,19.0,-21.0,https://www.basketball-reference.com/boxscores/201902040PHO.html,143.26,0.0,0.0,35.25
,2018-19,Devin Booker,2019-02-10,Phoenix Suns,Sacramento Kings,0.0,35.22,9.0,19.0,0.474,3.0,5.0,0.6,6.0,7.0,0.857,1.0,7.0,8.0,6.0,0.0,0.0,5.0,5.0,27.0,-15.0,https://www.basketball-reference.com/boxscores/201902100SAC.html,298.08,0.0,0.0,45.0
,2018-19,Devin Booker,2019-02-13,Phoenix Suns,Los Angeles Clippers,0.0,32.48,2.0,10.0,0.2,0.0,3.0,0.0,6.0,6.0,1.0,1.0,5.0,6.0,5.0,1.0,1.0,3.0,3.0,10.0,-15.0,https://www.basketball-reference.com/boxscores/201902130LAC.html,63.2,0.0,0.0,27.5
,2018-19,Devin Booker,2019-02-21,Phoenix Suns,Cleveland Cavaliers,0.0,37.57,10.0,20.0,0.5,3.0,9.0,0.333,7.0,9.0,0.778,0.0,1.0,1.0,7.0,1.0,0.0,9.0,4.0,30.0,-12.0,https://www.basketball-reference.com/boxscores/201902210CLE.html,359.4000000000001,0.0,0.0,40.75
,2018-19,Devin Booker,2019-02-23,Phoenix Suns,Atlanta Hawks,0.0,36.06,8.0,23.0,0.348,2.0,6.0,0.333,8.0,8.0,1.0,0.0,7.0,7.0,8.0,0.0,1.0,2.0,3.0,26.0,-14.0,https://www.basketball-reference.com/boxscores/201902230ATL.html,344.76,0.0,0.0,48.75
,2018-19,Devin Booker,2019-02-25,Phoenix Suns,Miami Heat,0.0,32.49,6.0,16.0,0.375,3.0,9.0,0.333,5.0,5.0,1.0,1.0,3.0,4.0,9.0,0.0,0.0,4.0,5.0,20.0,3.0,https://www.basketball-reference.com/boxscores/201902250MIA.html,182.0,0.0,0.0,38.0
,2018-19,Devin Booker,2019-03-01,Phoenix Suns,New Orleans Pelicans,1.0,33.33,6.0,17.0,0.353,1.0,5.0,0.2,13.0,14.0,0.929,2.0,4.0,6.0,7.0,1.0,0.0,6.0,2.0,26.0,-12.0,https://www.basketball-reference.com/boxscores/201903010PHO.html,301.08,0.0,0.0,43.5
,2018-19,Devin Booker,2019-03-02,Phoenix Suns,Los Angeles Lakers,1.0,39.46,8.0,18.0,0.444,0.0,5.0,0.0,9.0,9.0,1.0,0.0,4.0,4.0,4.0,1.0,0.0,4.0,2.0,25.0,13.0,https://www.basketball-reference.com/boxscores/201903020PHO.html,274.5,0.0,0.0,36.0
,2018-19,Devin Booker,2019-03-04,Phoenix Suns,Milwaukee Bucks,1.0,39.13,8.0,18.0,0.444,2.0,4.0,0.5,4.0,4.0,1.0,1.0,4.0,5.0,7.0,1.0,0.0,4.0,3.0,22.0,15.0,https://www.basketball-reference.com/boxscores/201903040PHO.html,217.36,0.0,0.0,39.75
,2018-19,Devin Booker,2019-03-06,Phoenix Suns,New York Knicks,1.0,33.56,14.0,23.0,0.609,6.0,10.0,0.6,7.0,7.0,1.0,1.0,4.0,5.0,4.0,2.0,1.0,5.0,4.0,41.0,17.0,https://www.basketball-reference.com/boxscores/201903060PHO.html,534.64,0.0,0.0,59.75
,2018-19,Devin Booker,2019-03-09,Phoenix Suns,Portland Trail Blazers,0.0,30.35,7.0,19.0,0.368,1.0,4.0,0.25,8.0,8.0,1.0,0.0,2.0,2.0,5.0,2.0,0.0,4.0,3.0,23.0,-6.0,https://www.basketball-reference.com/boxscores/201903090POR.html,258.98,0.0,0.0,35.5
,2018-19,Devin Booker,2019-03-10,Phoenix Suns,Golden State Warriors,0.0,40.36,13.0,23.0,0.565,2.0,6.0,0.333,9.0,9.0,1.0,1.0,7.0,8.0,11.0,2.0,0.0,5.0,3.0,37.0,12.0,https://www.basketball-reference.com/boxscores/201903100GSW.html,498.76,1.0,0.0,67.0
,2018-19,Devin Booker,2019-03-13,Phoenix Suns,Utah Jazz,1.0,35.36,9.0,20.0,0.45,2.0,4.0,0.5,7.0,9.0,0.778,0.0,4.0,4.0,6.0,0.0,1.0,4.0,2.0,27.0,-8.0,https://www.basketball-reference.com/boxscores/201903130PHO.html,323.4600000000001,0.0,0.0,42.0
,2018-19,Devin Booker,2019-03-15,Phoenix Suns,Houston Rockets,0.0,37.09,9.0,22.0,0.409,1.0,7.0,0.14300000000000002,10.0,11.0,0.909,1.0,4.0,5.0,7.0,0.0,0.0,5.0,1.0,29.0,-1.0,https://www.basketball-reference.com/boxscores/201903150HOU.html,389.18,0.0,0.0,43.75
,2018-19,Devin Booker,2019-03-16,New Orleans Pelicans,Phoenix Suns,1.0,41.09,12.0,26.0,0.462,3.0,8.0,0.375,13.0,18.0,0.722,1.0,4.0,5.0,13.0,0.0,1.0,7.0,3.0,40.0,3.0,https://www.basketball-reference.com/boxscores/201903160NOP.html,678.4000000000002,1.0,0.0,66.75
,2018-19,Devin Booker,2019-03-18,Phoenix Suns,Chicago Bulls,1.0,40.24,9.0,24.0,0.375,1.0,8.0,0.125,6.0,10.0,0.6,1.0,7.0,8.0,7.0,0.0,0.0,3.0,4.0,25.0,-15.0,https://www.basketball-reference.com/boxscores/201903180PHO.html,355.0,0.0,0.0,44.5
,2018-19,Devin Booker,2019-03-21,Phoenix Suns,Detroit Pistons,1.0,32.2,8.0,17.0,0.471,2.0,5.0,0.4,8.0,10.0,0.8,0.0,5.0,5.0,2.0,3.0,0.0,5.0,3.0,26.0,-15.0,https://www.basketball-reference.com/boxscores/201903210PHO.html,278.2,0.0,0.0,39.75
,2018-19,Devin Booker,2019-03-23,Phoenix Suns,Sacramento Kings,0.0,39.02,10.0,27.0,0.37,2.0,11.0,0.182,10.0,10.0,1.0,0.0,2.0,2.0,10.0,2.0,0.0,3.0,0.0,32.0,-5.0,https://www.basketball-reference.com/boxscores/201903230SAC.html,502.4,1.0,0.0,54.0
,2018-19,Devin Booker,2019-03-25,Phoenix Suns,Utah Jazz,0.0,41.06,19.0,34.0,0.5589999999999999,5.0,8.0,0.625,16.0,17.0,0.941,1.0,3.0,4.0,4.0,1.0,0.0,6.0,5.0,59.0,-13.0,https://www.basketball-reference.com/boxscores/201903250UTA.html,1223.66,0.0,0.0,71.5
,2018-19,Devin Booker,2019-03-27,Phoenix Suns,Washington Wizards,1.0,36.54,19.0,29.0,0.655,3.0,9.0,0.333,9.0,10.0,0.9,2.0,8.0,10.0,4.0,1.0,1.0,5.0,3.0,50.0,8.0,https://www.basketball-reference.com/boxscores/201903270PHO.html,835.0,1.0,0.0,72.5
,2018-19,Devin Booker,2019-03-30,Phoenix Suns,Memphis Grizzlies,1.0,42.44,19.0,29.0,0.655,3.0,6.0,0.5,7.0,8.0,0.875,1.0,2.0,3.0,11.0,0.0,0.0,6.0,3.0,48.0,1.0,https://www.basketball-reference.com/boxscores/201903300PHO.html,780.48,1.0,0.0,67.75
,2020-21,Devin Booker,2020-12-23,Phoenix Suns,Dallas Mavericks,1.0,34.07,8.0,15.0,0.5329999999999999,2.0,6.0,0.333,4.0,6.0,0.667,0.0,5.0,5.0,3.0,2.0,0.0,8.0,4.0,22.0,7.0,https://www.basketball-reference.com/boxscores/202012230PHO.html,194.04,0.0,0.0,33.75
,2020-21,Devin Booker,2020-12-26,Phoenix Suns,Sacramento Kings,0.0,38.15,10.0,21.0,0.476,3.0,7.0,0.429,3.0,3.0,1.0,0.0,3.0,3.0,3.0,1.0,0.0,7.0,5.0,26.0,3.0,https://www.basketball-reference.com/boxscores/202012260SAC.html,290.16,0.0,0.0,34.25
,2020-21,Devin Booker,2020-12-27,Phoenix Suns,Sacramento Kings,0.0,35.17,8.0,19.0,0.421,1.0,6.0,0.16699999999999998,3.0,4.0,0.75,1.0,4.0,5.0,5.0,2.0,1.0,4.0,1.0,20.0,16.0,https://www.basketball-reference.com/boxscores/202012270SAC.html,207.6,0.0,0.0,38.25
,2020-21,Devin Booker,2020-12-31,Phoenix Suns,Utah Jazz,0.0,35.18,10.0,17.0,0.588,1.0,2.0,0.5,4.0,7.0,0.5710000000000001,0.0,3.0,3.0,7.0,0.0,1.0,6.0,3.0,25.0,-2.0,https://www.basketball-reference.com/boxscores/202012310UTA.html,251.0,0.0,0.0,38.75
,2020-21,Devin Booker,2021-01-01,Phoenix Suns,Denver Nuggets,0.0,34.55,9.0,17.0,0.529,3.0,7.0,0.429,1.0,2.0,0.5,0.0,2.0,2.0,2.0,0.0,0.0,8.0,4.0,22.0,-13.0,https://www.basketball-reference.com/boxscores/202101010DEN.html,196.68,0.0,0.0,25.0
,2020-21,Devin Booker,2021-01-03,Phoenix Suns,Los Angeles Clippers,1.0,44.4,7.0,13.0,0.5379999999999999,1.0,3.0,0.333,10.0,12.0,0.833,1.0,4.0,5.0,8.0,0.0,0.0,2.0,2.0,25.0,14.0,https://www.basketball-reference.com/boxscores/202101030PHO.html,228.5,0.0,0.0,42.75
,2020-21,Devin Booker,2021-01-06,Phoenix Suns,Toronto Raptors,1.0,34.36,6.0,14.0,0.429,3.0,8.0,0.375,9.0,10.0,0.9,1.0,0.0,1.0,6.0,0.0,0.0,1.0,1.0,24.0,2.0,https://www.basketball-reference.com/boxscores/202101060PHO.html,220.8,0.0,0.0,35.25
,2020-21,Devin Booker,2021-01-08,Detroit Pistons,Phoenix Suns,1.0,37.55,8.0,18.0,0.444,5.0,12.0,0.417,2.0,4.0,0.5,0.0,0.0,0.0,3.0,2.0,1.0,5.0,3.0,23.0,-17.0,https://www.basketball-reference.com/boxscores/202101080DET.html,227.24,0.0,0.0,33.5
,2020-21,Devin Booker,2021-01-09,Phoenix Suns,Indiana Pacers,0.0,36.05,9.0,19.0,0.474,1.0,5.0,0.2,6.0,6.0,1.0,0.0,3.0,3.0,7.0,2.0,0.0,0.0,3.0,25.0,5.0,https://www.basketball-reference.com/boxscores/202101090IND.html,270.5,0.0,0.0,43.75
,2020-21,Devin Booker,2021-01-11,Phoenix Suns,Washington Wizards,0.0,32.46,11.0,21.0,0.524,1.0,3.0,0.333,10.0,10.0,1.0,0.0,3.0,3.0,0.0,1.0,1.0,1.0,4.0,33.0,-15.0,https://www.basketball-reference.com/boxscores/202101110WAS.html,419.1,0.0,0.0,40.75
,2020-21,Devin Booker,2021-01-20,Phoenix Suns,Houston Rockets,0.0,34.32,10.0,18.0,0.556,1.0,4.0,0.25,3.0,4.0,0.75,0.0,5.0,5.0,2.0,0.0,1.0,6.0,5.0,24.0,8.0,https://www.basketball-reference.com/boxscores/202101200HOU.html,237.12,0.0,0.0,32.75
,2020-21,Devin Booker,2021-02-01,Phoenix Suns,Dallas Mavericks,0.0,31.25,9.0,19.0,0.474,4.0,8.0,0.5,2.0,2.0,1.0,0.0,1.0,1.0,0.0,1.0,0.0,2.0,4.0,24.0,-1.0,https://www.basketball-reference.com/boxscores/202102010DAL.html,238.56,0.0,0.0,28.25
,2020-21,Devin Booker,2021-02-03,Phoenix Suns,New Orleans Pelicans,0.0,31.5,9.0,20.0,0.45,0.0,4.0,0.0,7.0,8.0,0.875,0.0,4.0,4.0,2.0,0.0,0.0,3.0,1.0,25.0,-14.0,https://www.basketball-reference.com/boxscores/202102030NOP.html,294.0,0.0,0.0,31.5
,2020-21,Devin Booker,2021-02-05,Phoenix Suns,Detroit Pistons,1.0,30.31,8.0,14.0,0.5710000000000001,3.0,7.0,0.429,4.0,6.0,0.667,0.0,2.0,2.0,2.0,2.0,0.0,4.0,5.0,23.0,7.0,https://www.basketball-reference.com/boxscores/202102050PHO.html,191.36,0.0,0.0,32.0
,2020-21,Devin Booker,2021-02-07,Phoenix Suns,Boston Celtics,1.0,37.43,7.0,16.0,0.438,1.0,4.0,0.25,3.0,3.0,1.0,0.0,7.0,7.0,11.0,1.0,1.0,3.0,2.0,18.0,11.0,https://www.basketball-reference.com/boxscores/202102070PHO.html,155.88,1.0,0.0,47.25
,2020-21,Devin Booker,2021-02-08,Phoenix Suns,Cleveland Cavaliers,1.0,34.38,14.0,27.0,0.519,5.0,9.0,0.556,3.0,4.0,0.75,0.0,5.0,5.0,8.0,0.0,0.0,4.0,4.0,36.0,8.0,https://www.basketball-reference.com/boxscores/202102080PHO.html,517.6800000000002,0.0,0.0,54.75
,2020-21,Devin Booker,2021-02-10,Phoenix Suns,Milwaukee Bucks,1.0,39.04,11.0,21.0,0.524,1.0,4.0,0.25,7.0,9.0,0.778,1.0,5.0,6.0,3.0,0.0,0.0,3.0,4.0,30.0,7.0,https://www.basketball-reference.com/boxscores/202102100PHO.html,374.4,0.0,0.0,41.0
,2020-21,Devin Booker,2021-02-13,Phoenix Suns,Philadelphia 76ers,1.0,33.52,14.0,23.0,0.609,3.0,5.0,0.6,5.0,6.0,0.833,0.0,5.0,5.0,4.0,0.0,0.0,2.0,5.0,36.0,1.0,https://www.basketball-reference.com/boxscores/202102130PHO.html,461.52,0.0,0.0,48.75
,2020-21,Devin Booker,2021-02-14,Phoenix Suns,Orlando Magic,1.0,34.57,10.0,16.0,0.625,1.0,3.0,0.333,6.0,7.0,0.857,0.0,4.0,4.0,6.0,0.0,0.0,0.0,2.0,27.0,15.0,https://www.basketball-reference.com/boxscores/202102140PHO.html,257.58,0.0,0.0,41.5
,2020-21,Devin Booker,2021-02-16,Phoenix Suns,Brooklyn Nets,1.0,36.28,9.0,20.0,0.45,0.0,4.0,0.0,4.0,4.0,1.0,0.0,2.0,2.0,7.0,1.0,0.0,2.0,4.0,22.0,-5.0,https://www.basketball-reference.com/boxscores/202102160PHO.html,239.36,0.0,0.0,36.0
,2020-21,Devin Booker,2021-02-19,Phoenix Suns,New Orleans Pelicans,0.0,30.47,9.0,18.0,0.5,2.0,5.0,0.4,3.0,3.0,1.0,0.0,4.0,4.0,2.0,1.0,0.0,4.0,4.0,23.0,2.0,https://www.basketball-reference.com/boxscores/202102190NOP.html,222.18,0.0,0.0,32.0
,2020-21,Devin Booker,2021-02-20,Phoenix Suns,Memphis Grizzlies,0.0,26.09,7.0,13.0,0.5379999999999999,5.0,7.0,0.7140000000000001,4.0,4.0,1.0,1.0,4.0,5.0,5.0,0.0,0.0,4.0,1.0,23.0,19.0,https://www.basketball-reference.com/boxscores/202102200MEM.html,169.74,0.0,0.0,37.25
,2020-21,Devin Booker,2021-02-22,Phoenix Suns,Portland Trail Blazers,1.0,29.03,12.0,17.0,0.706,2.0,2.0,1.0,8.0,8.0,1.0,1.0,3.0,4.0,4.0,0.0,0.0,1.0,0.0,34.0,28.0,https://www.basketball-reference.com/boxscores/202102220PHO.html,348.84,0.0,0.0,45.5
,2020-21,Devin Booker,2021-02-24,Phoenix Suns,Charlotte Hornets,1.0,31.03,13.0,24.0,0.542,4.0,10.0,0.4,3.0,4.0,0.75,0.0,0.0,0.0,3.0,1.0,0.0,5.0,5.0,33.0,-4.0,https://www.basketball-reference.com/boxscores/202102240PHO.html,425.04,0.0,0.0,39.0
,2020-21,Devin Booker,2021-02-26,Phoenix Suns,Chicago Bulls,0.0,35.0,9.0,24.0,0.375,0.0,3.0,0.0,4.0,7.0,0.5710000000000001,0.0,2.0,2.0,5.0,2.0,0.0,1.0,0.0,22.0,10.0,https://www.basketball-reference.com/boxscores/202102260CHI.html,297.88,0.0,0.0,35.5
,2020-21,Devin Booker,2021-02-28,Phoenix Suns,Minnesota Timberwolves,0.0,34.07,15.0,26.0,0.5770000000000001,1.0,6.0,0.16699999999999998,12.0,13.0,0.923,0.0,5.0,5.0,5.0,0.0,1.0,2.0,3.0,43.0,18.0,https://www.basketball-reference.com/boxscores/202102280MIN.html,681.98,0.0,0.0,58.25
,2020-21,Devin Booker,2021-03-02,Phoenix Suns,Los Angeles Lakers,0.0,23.41,7.0,12.0,0.583,1.0,3.0,0.333,2.0,2.0,1.0,0.0,3.0,3.0,6.0,3.0,0.0,3.0,2.0,17.0,13.0,https://www.basketball-reference.com/boxscores/202103020LAL.html,109.48,0.0,0.0,34.75
,2020-21,Devin Booker,2021-03-04,Phoenix Suns,Golden State Warriors,1.0,29.49,6.0,20.0,0.3,1.0,5.0,0.2,3.0,4.0,0.75,0.0,5.0,5.0,6.0,1.0,0.0,2.0,2.0,16.0,1.0,https://www.basketball-reference.com/boxscores/202103040PHO.html,174.08,0.0,0.0,32.75
,2020-21,Devin Booker,2021-03-11,Phoenix Suns,Portland Trail Blazers,0.0,35.53,12.0,21.0,0.5710000000000001,3.0,5.0,0.6,8.0,8.0,1.0,0.0,5.0,5.0,8.0,0.0,0.0,5.0,3.0,35.0,3.0,https://www.basketball-reference.com/boxscores/202103110POR.html,429.1,0.0,0.0,52.25
,2020-21,Devin Booker,2021-03-13,Phoenix Suns,Indiana Pacers,1.0,36.51,9.0,20.0,0.45,1.0,6.0,0.16699999999999998,1.0,2.0,0.5,2.0,2.0,4.0,7.0,0.0,1.0,6.0,1.0,20.0,-4.0,https://www.basketball-reference.com/boxscores/202103130PHO.html,208.8,0.0,0.0,35.0
,2020-21,Devin Booker,2021-03-15,Phoenix Suns,Memphis Grizzlies,1.0,30.11,10.0,19.0,0.526,3.0,8.0,0.375,4.0,4.0,1.0,0.0,4.0,4.0,5.0,0.0,0.0,2.0,2.0,27.0,17.0,https://www.basketball-reference.com/boxscores/202103150PHO.html,280.26000000000005,0.0,0.0,40.0
,2020-21,Devin Booker,2021-03-18,Phoenix Suns,Minnesota Timberwolves,1.0,34.41,13.0,22.0,0.591,3.0,8.0,0.375,6.0,7.0,0.857,0.0,4.0,4.0,6.0,0.0,1.0,5.0,4.0,35.0,-3.0,https://www.basketball-reference.com/boxscores/202103180PHO.html,438.9,0.0,0.0,50.0
,2020-21,Devin Booker,2021-03-19,Phoenix Suns,Minnesota Timberwolves,1.0,35.45,6.0,18.0,0.333,1.0,4.0,0.25,3.0,4.0,0.75,1.0,6.0,7.0,5.0,2.0,0.0,5.0,2.0,16.0,18.0,https://www.basketball-reference.com/boxscores/202103190PHO.html,158.08,0.0,0.0,34.25
,2020-21,Devin Booker,2021-03-21,Phoenix Suns,Los Angeles Lakers,1.0,33.34,11.0,22.0,0.5,1.0,5.0,0.2,3.0,6.0,0.5,3.0,6.0,9.0,4.0,1.0,0.0,1.0,2.0,26.0,21.0,https://www.basketball-reference.com/boxscores/202103210PHO.html,320.32,0.0,0.0,45.25
,2020-21,Devin Booker,2021-03-23,Phoenix Suns,Miami Heat,0.0,27.1,10.0,19.0,0.526,2.0,8.0,0.25,1.0,1.0,1.0,0.0,5.0,5.0,3.0,0.0,0.0,0.0,1.0,23.0,19.0,https://www.basketball-reference.com/boxscores/202103230MIA.html,223.56,0.0,0.0,34.75
,2020-21,Devin Booker,2021-03-24,Phoenix Suns,Orlando Magic,0.0,32.28,9.0,21.0,0.429,1.0,5.0,0.2,6.0,6.0,1.0,1.0,6.0,7.0,7.0,3.0,0.0,2.0,3.0,25.0,6.0,https://www.basketball-reference.com/boxscores/202103240ORL.html,295.5,0.0,0.0,49.75
,2020-21,Devin Booker,2021-03-26,Phoenix Suns,Toronto Raptors,0.0,33.42,6.0,14.0,0.429,2.0,5.0,0.4,2.0,2.0,1.0,0.0,6.0,6.0,2.0,1.0,0.0,4.0,2.0,16.0,-5.0,https://www.basketball-reference.com/boxscores/202103260TOR.html,119.04,0.0,0.0,27.5
,2020-21,Devin Booker,2021-03-28,Charlotte Hornets,Phoenix Suns,1.0,41.56,10.0,26.0,0.385,4.0,11.0,0.364,11.0,12.0,0.917,1.0,5.0,6.0,3.0,2.0,0.0,3.0,3.0,35.0,4.0,https://www.basketball-reference.com/boxscores/202103280CHO.html,547.4,0.0,0.0,51.5
,2020-21,Devin Booker,2021-03-30,Phoenix Suns,Atlanta Hawks,1.0,32.44,8.0,19.0,0.421,2.0,7.0,0.28600000000000003,3.0,3.0,1.0,0.0,3.0,3.0,3.0,0.0,0.0,2.0,2.0,21.0,-3.0,https://www.basketball-reference.com/boxscores/202103300PHO.html,213.36,0.0,0.0,29.25
,2020-21,Devin Booker,2021-03-31,Phoenix Suns,Chicago Bulls,1.0,35.14,17.0,24.0,0.708,2.0,5.0,0.4,9.0,10.0,0.9,1.0,3.0,4.0,4.0,1.0,1.0,5.0,3.0,45.0,7.0,https://www.basketball-reference.com/boxscores/202103310PHO.html,639.0,0.0,0.0,58.5
