Unnamed: 0,season,Player,Date,Team,Against,Home,MP,FG,FGA,FG%,3P,3PA,3P%,FT,FTA,FT%,ORB,DRB,TRB,AST,STL,BLK,TOV,PF,PTS,+/-,GameLink,TS%,DD,DT,FPTS
,2019-20,Doug McDermott,2019-12-02,Indiana Pacers,Memphis Grizzlies,0.0,20.01,1.0,4.0,0.25,0.0,2.0,0.0,2.0,2.0,1.0,0.0,3.0,3.0,1.0,0.0,0.0,0.0,2.0,4.0,1.0,https://www.basketball-reference.com/boxscores/201912020MEM.html,9.76,0.0,0.0,9.25
,2019-20,Doug McDermott,2019-12-04,Indiana Pacers,Oklahoma City Thunder,0.0,18.06,5.0,9.0,0.556,2.0,3.0,0.667,2.0,2.0,1.0,1.0,1.0,2.0,0.0,0.0,0.0,0.0,1.0,14.0,4.0,https://www.basketball-reference.com/boxscores/201912040OKC.html,69.16000000000001,0.0,0.0,17.5
,2019-20,Doug McDermott,2019-12-07,Indiana Pacers,New York Knicks,0.0,19.47,6.0,11.0,0.545,3.0,4.0,0.75,1.0,1.0,1.0,0.0,2.0,2.0,3.0,0.0,1.0,2.0,4.0,16.0,3.0,https://www.basketball-reference.com/boxscores/201912070NYK.html,91.52,0.0,0.0,25.5
,2019-20,Doug McDermott,2019-12-11,Indiana Pacers,Boston Celtics,1.0,18.21,3.0,11.0,0.273,0.0,2.0,0.0,2.0,4.0,0.5,2.0,3.0,5.0,0.0,0.0,0.0,0.0,3.0,8.0,12.0,https://www.basketball-reference.com/boxscores/201912110IND.html,51.04,0.0,0.0,14.25
,2019-20,Doug McDermott,2019-12-13,Indiana Pacers,Atlanta Hawks,0.0,28.38,6.0,7.0,0.857,3.0,3.0,1.0,1.0,1.0,1.0,0.0,2.0,2.0,2.0,0.0,0.0,0.0,1.0,16.0,13.0,https://www.basketball-reference.com/boxscores/201912130ATL.html,59.52,0.0,0.0,23.0
,2019-20,Doug McDermott,2019-12-17,Indiana Pacers,Los Angeles Lakers,1.0,17.46,2.0,5.0,0.4,1.0,3.0,0.333,1.0,2.0,0.5,1.0,1.0,2.0,1.0,0.0,0.0,0.0,2.0,6.0,1.0,https://www.basketball-reference.com/boxscores/201912170IND.html,17.64,0.0,0.0,10.5
,2019-20,Doug McDermott,2019-12-31,Indiana Pacers,Philadelphia 76ers,1.0,23.14,5.0,7.0,0.7140000000000001,0.0,2.0,0.0,2.0,2.0,1.0,0.0,2.0,2.0,1.0,0.0,0.0,0.0,2.0,12.0,10.0,https://www.basketball-reference.com/boxscores/201912310IND.html,47.28,0.0,0.0,16.0
,2019-20,Doug McDermott,2020-01-13,Indiana Pacers,Philadelphia 76ers,1.0,13.57,2.0,8.0,0.25,1.0,2.0,0.5,3.0,3.0,1.0,2.0,2.0,4.0,0.0,0.0,0.0,0.0,1.0,8.0,2.0,https://www.basketball-reference.com/boxscores/202001130IND.html,37.28,0.0,0.0,13.5
,2019-20,Doug McDermott,2020-01-15,Indiana Pacers,Minnesota Timberwolves,0.0,18.24,5.0,10.0,0.5,1.0,4.0,0.25,3.0,4.0,0.75,0.0,2.0,2.0,2.0,1.0,0.0,0.0,1.0,14.0,5.0,https://www.basketball-reference.com/boxscores/202001150MIN.html,82.32,0.0,0.0,22.0
,2019-20,Doug McDermott,2020-01-20,Indiana Pacers,Utah Jazz,0.0,22.52,3.0,11.0,0.273,2.0,7.0,0.28600000000000003,0.0,1.0,0.0,1.0,0.0,1.0,2.0,0.0,0.0,1.0,1.0,8.0,-15.0,https://www.basketball-reference.com/boxscores/202001200UTA.html,45.76,0.0,0.0,12.75
,2019-20,Doug McDermott,2020-01-26,Indiana Pacers,Portland Trail Blazers,0.0,29.51,6.0,11.0,0.545,6.0,8.0,0.75,1.0,1.0,1.0,0.0,1.0,1.0,1.0,0.0,0.0,0.0,2.0,19.0,11.0,https://www.basketball-reference.com/boxscores/202001260POR.html,108.68,0.0,0.0,24.75
,2019-20,Doug McDermott,2020-02-01,Indiana Pacers,New York Knicks,1.0,16.41,3.0,9.0,0.333,1.0,5.0,0.2,1.0,2.0,0.5,0.0,1.0,1.0,1.0,0.0,0.0,0.0,0.0,8.0,2.0,https://www.basketball-reference.com/boxscores/202002010IND.html,39.52,0.0,0.0,11.25
,2019-20,Doug McDermott,2020-02-03,Indiana Pacers,Dallas Mavericks,1.0,20.09,5.0,9.0,0.556,0.0,3.0,0.0,1.0,1.0,1.0,0.0,2.0,2.0,3.0,0.0,0.0,0.0,1.0,11.0,3.0,https://www.basketball-reference.com/boxscores/202002030IND.html,51.92,0.0,0.0,18.0
,2019-20,Doug McDermott,2020-02-05,Indiana Pacers,Toronto Raptors,0.0,22.45,6.0,10.0,0.6,4.0,7.0,0.5710000000000001,3.0,3.0,1.0,0.0,4.0,4.0,0.0,0.0,0.0,0.0,2.0,19.0,21.0,https://www.basketball-reference.com/boxscores/202002050TOR.html,107.54,0.0,0.0,26.0
,2019-20,Doug McDermott,2020-02-08,Indiana Pacers,New Orleans Pelicans,1.0,16.37,4.0,9.0,0.444,1.0,5.0,0.2,0.0,1.0,0.0,0.0,0.0,0.0,0.0,0.0,0.0,0.0,2.0,9.0,-4.0,https://www.basketball-reference.com/boxscores/202002080IND.html,42.48,0.0,0.0,9.5
,2019-20,Doug McDermott,2020-02-10,Indiana Pacers,Brooklyn Nets,1.0,18.13,5.0,8.0,0.625,2.0,4.0,0.5,1.0,1.0,1.0,0.0,4.0,4.0,1.0,0.0,0.0,0.0,2.0,13.0,11.0,https://www.basketball-reference.com/boxscores/202002100IND.html,54.86,0.0,0.0,20.5
,2019-20,Doug McDermott,2020-02-21,Indiana Pacers,New York Knicks,0.0,13.34,4.0,6.0,0.667,2.0,3.0,0.667,4.0,4.0,1.0,0.0,0.0,0.0,0.0,0.0,0.0,0.0,1.0,14.0,-5.0,https://www.basketball-reference.com/boxscores/202002210NYK.html,54.32,0.0,0.0,15.0
,2019-20,Doug McDermott,2020-02-29,Indiana Pacers,Cleveland Cavaliers,0.0,10.13,3.0,6.0,0.5,1.0,3.0,0.333,2.0,2.0,1.0,0.0,1.0,1.0,1.0,0.0,0.0,3.0,2.0,9.0,-4.0,https://www.basketball-reference.com/boxscores/202002290CLE.html,30.96,0.0,0.0,10.75
,2019-20,Doug McDermott,2020-03-04,Indiana Pacers,Milwaukee Bucks,0.0,18.53,6.0,8.0,0.75,3.0,3.0,1.0,1.0,1.0,1.0,0.0,1.0,1.0,1.0,2.0,0.0,0.0,1.0,16.0,-4.0,https://www.basketball-reference.com/boxscores/202003040MIL.html,67.52,0.0,0.0,24.25
,2018-19,Doug McDermott,2018-12-01,Indiana Pacers,Sacramento Kings,0.0,22.02,5.0,8.0,0.625,2.0,4.0,0.5,2.0,3.0,0.667,0.0,1.0,1.0,1.0,0.0,0.0,0.0,4.0,14.0,-12.0,https://www.basketball-reference.com/boxscores/201812010SAC.html,65.24000000000001,0.0,0.0,17.75
,2018-19,Doug McDermott,2018-12-07,Indiana Pacers,Orlando Magic,0.0,13.42,2.0,4.0,0.5,1.0,2.0,0.5,2.0,2.0,1.0,0.0,3.0,3.0,1.0,0.0,0.0,1.0,2.0,7.0,10.0,https://www.basketball-reference.com/boxscores/201812070ORL.html,17.08,0.0,0.0,12.25
,2018-19,Doug McDermott,2018-12-10,Indiana Pacers,Washington Wizards,1.0,12.01,1.0,3.0,0.333,0.0,2.0,0.0,1.0,1.0,1.0,0.0,0.0,0.0,1.0,0.0,0.0,3.0,3.0,3.0,-15.0,https://www.basketball-reference.com/boxscores/201812100IND.html,5.16,0.0,0.0,3.0
,2018-19,Doug McDermott,2018-12-14,Indiana Pacers,Philadelphia 76ers,0.0,16.09,0.0,3.0,0.0,0.0,3.0,0.0,2.0,2.0,1.0,0.0,1.0,1.0,1.0,0.0,0.0,0.0,1.0,2.0,6.0,https://www.basketball-reference.com/boxscores/201812140PHI.html,3.88,0.0,0.0,4.75
,2018-19,Doug McDermott,2018-12-18,Indiana Pacers,Cleveland Cavaliers,1.0,20.59,4.0,9.0,0.444,2.0,4.0,0.5,2.0,3.0,0.667,0.0,0.0,0.0,0.0,1.0,0.0,1.0,1.0,12.0,-10.0,https://www.basketball-reference.com/boxscores/201812180IND.html,61.92,0.0,0.0,14.5
,2018-19,Doug McDermott,2018-12-28,Indiana Pacers,Detroit Pistons,1.0,22.24,5.0,8.0,0.625,1.0,2.0,0.5,1.0,2.0,0.5,0.0,3.0,3.0,0.0,0.0,0.0,0.0,1.0,12.0,25.0,https://www.basketball-reference.com/boxscores/201812280IND.html,53.28,0.0,0.0,16.25
,2018-19,Doug McDermott,2019-01-08,Indiana Pacers,Cleveland Cavaliers,0.0,14.34,2.0,3.0,0.667,1.0,2.0,0.5,2.0,2.0,1.0,0.0,1.0,1.0,2.0,0.0,0.0,1.0,1.0,7.0,-1.0,https://www.basketball-reference.com/boxscores/201901080CLE.html,13.58,0.0,0.0,11.25
,2018-19,Doug McDermott,2019-01-09,Indiana Pacers,Boston Celtics,0.0,16.35,1.0,5.0,0.2,1.0,2.0,0.5,1.0,1.0,1.0,0.0,2.0,2.0,0.0,1.0,0.0,0.0,1.0,4.0,-1.0,https://www.basketball-reference.com/boxscores/201901090BOS.html,10.88,0.0,0.0,9.0
,2018-19,Doug McDermott,2019-01-11,Indiana Pacers,New York Knicks,0.0,18.59,4.0,7.0,0.5710000000000001,2.0,3.0,0.667,2.0,2.0,1.0,0.0,0.0,0.0,0.0,0.0,0.0,1.0,0.0,12.0,-2.0,https://www.basketball-reference.com/boxscores/201901110NYK.html,47.28,0.0,0.0,12.5
,2018-19,Doug McDermott,2019-01-19,Indiana Pacers,Dallas Mavericks,1.0,15.5,3.0,4.0,0.75,1.0,2.0,0.5,2.0,2.0,1.0,0.0,0.0,0.0,0.0,0.0,0.0,2.0,2.0,9.0,2.0,https://www.basketball-reference.com/boxscores/201901190IND.html,21.96,0.0,0.0,8.5
,2018-19,Doug McDermott,2019-01-20,Indiana Pacers,Charlotte Hornets,1.0,15.21,2.0,5.0,0.4,0.0,2.0,0.0,3.0,3.0,1.0,1.0,2.0,3.0,4.0,0.0,1.0,0.0,1.0,7.0,6.0,https://www.basketball-reference.com/boxscores/201901200IND.html,22.12,0.0,0.0,18.75
,2018-19,Doug McDermott,2019-01-26,Indiana Pacers,Memphis Grizzlies,0.0,15.55,1.0,3.0,0.333,1.0,2.0,0.5,1.0,1.0,1.0,0.0,1.0,1.0,0.0,0.0,0.0,2.0,1.0,4.0,1.0,https://www.basketball-reference.com/boxscores/201901260MEM.html,6.88,0.0,0.0,4.75
,2018-19,Doug McDermott,2019-01-28,Indiana Pacers,Golden State Warriors,1.0,18.34,2.0,7.0,0.28600000000000003,1.0,3.0,0.333,1.0,1.0,1.0,1.0,5.0,6.0,0.0,0.0,0.0,0.0,1.0,6.0,0.0,https://www.basketball-reference.com/boxscores/201901280IND.html,22.32,0.0,0.0,14.0
,2018-19,Doug McDermott,2019-01-30,Indiana Pacers,Washington Wizards,0.0,21.09,4.0,10.0,0.4,3.0,7.0,0.429,1.0,2.0,0.5,0.0,0.0,0.0,0.0,0.0,0.0,0.0,0.0,12.0,-9.0,https://www.basketball-reference.com/boxscores/201901300WAS.html,65.28,0.0,0.0,13.5
,2018-19,Doug McDermott,2019-01-31,Indiana Pacers,Orlando Magic,0.0,15.47,2.0,5.0,0.4,0.0,2.0,0.0,1.0,1.0,1.0,0.0,1.0,1.0,1.0,0.0,0.0,0.0,0.0,5.0,-7.0,https://www.basketball-reference.com/boxscores/201901310ORL.html,13.6,0.0,0.0,7.75
,2018-19,Doug McDermott,2019-02-11,Indiana Pacers,Charlotte Hornets,1.0,10.36,2.0,3.0,0.667,0.0,1.0,0.0,2.0,2.0,1.0,0.0,0.0,0.0,1.0,0.0,0.0,0.0,1.0,6.0,17.0,https://www.basketball-reference.com/boxscores/201902110IND.html,11.64,0.0,0.0,7.5
,2018-19,Doug McDermott,2019-02-22,Indiana Pacers,New Orleans Pelicans,1.0,19.14,2.0,5.0,0.4,2.0,3.0,0.667,3.0,5.0,0.6,1.0,2.0,3.0,2.0,0.0,0.0,0.0,0.0,9.0,18.0,https://www.basketball-reference.com/boxscores/201902220IND.html,32.4,0.0,0.0,16.75
,2018-19,Doug McDermott,2019-02-25,Indiana Pacers,Detroit Pistons,0.0,14.04,1.0,3.0,0.333,1.0,3.0,0.333,2.0,2.0,1.0,0.0,1.0,1.0,3.0,1.0,0.0,0.0,0.0,5.0,-5.0,https://www.basketball-reference.com/boxscores/201902250DET.html,9.7,0.0,0.0,13.25
,2018-19,Doug McDermott,2019-02-27,Indiana Pacers,Dallas Mavericks,0.0,18.11,3.0,6.0,0.5,0.0,2.0,0.0,1.0,2.0,0.5,0.0,1.0,1.0,2.0,0.0,1.0,1.0,1.0,7.0,8.0,https://www.basketball-reference.com/boxscores/201902270DAL.html,24.08,0.0,0.0,12.75
,2018-19,Doug McDermott,2019-02-28,Indiana Pacers,Minnesota Timberwolves,1.0,15.01,2.0,3.0,0.667,2.0,2.0,1.0,3.0,3.0,1.0,0.0,3.0,3.0,1.0,0.0,0.0,2.0,0.0,9.0,-4.0,https://www.basketball-reference.com/boxscores/201902280IND.html,19.44,0.0,0.0,14.25
,2018-19,Doug McDermott,2019-03-10,Indiana Pacers,Philadelphia 76ers,0.0,14.46,4.0,6.0,0.667,1.0,1.0,1.0,1.0,1.0,1.0,0.0,1.0,1.0,0.0,0.0,0.0,1.0,0.0,10.0,2.0,https://www.basketball-reference.com/boxscores/201903100PHI.html,32.2,0.0,0.0,11.25
,2018-19,Doug McDermott,2019-03-12,Indiana Pacers,New York Knicks,1.0,14.23,4.0,6.0,0.667,0.0,2.0,0.0,0.0,1.0,0.0,1.0,2.0,3.0,0.0,1.0,0.0,0.0,3.0,8.0,4.0,https://www.basketball-reference.com/boxscores/201903120IND.html,25.76,0.0,0.0,13.75
,2018-19,Doug McDermott,2019-03-21,Indiana Pacers,Golden State Warriors,0.0,27.25,5.0,9.0,0.556,0.0,2.0,0.0,1.0,1.0,1.0,0.0,1.0,1.0,1.0,0.0,0.0,1.0,1.0,11.0,-3.0,https://www.basketball-reference.com/boxscores/201903210GSW.html,51.92,0.0,0.0,13.25
,2020-21,Doug McDermott,2020-12-23,Indiana Pacers,New York Knicks,1.0,28.17,5.0,12.0,0.417,0.0,6.0,0.0,3.0,4.0,0.75,1.0,5.0,6.0,2.0,1.0,0.0,1.0,2.0,13.0,6.0,https://www.basketball-reference.com/boxscores/202012230IND.html,89.44,0.0,0.0,25.0
,2020-21,Doug McDermott,2020-12-27,Indiana Pacers,Boston Celtics,1.0,27.1,6.0,12.0,0.5,3.0,7.0,0.429,1.0,2.0,0.5,1.0,0.0,1.0,3.0,1.0,0.0,0.0,1.0,16.0,-9.0,https://www.basketball-reference.com/boxscores/202012270IND.html,103.04,0.0,0.0,25.25
,2020-21,Doug McDermott,2020-12-31,Indiana Pacers,Cleveland Cavaliers,1.0,25.19,6.0,13.0,0.462,3.0,6.0,0.5,3.0,6.0,0.5,3.0,6.0,9.0,0.0,0.0,0.0,2.0,3.0,18.0,-1.0,https://www.basketball-reference.com/boxscores/202012310IND.html,140.76,0.0,0.0,29.75
,2020-21,Doug McDermott,2021-01-02,Indiana Pacers,New York Knicks,1.0,20.17,3.0,13.0,0.231,2.0,9.0,0.222,1.0,1.0,1.0,0.0,0.0,0.0,0.0,0.0,0.0,0.0,0.0,9.0,5.0,https://www.basketball-reference.com/boxscores/202101020IND.html,60.48,0.0,0.0,10.0
,2020-21,Doug McDermott,2021-01-09,Indiana Pacers,Phoenix Suns,1.0,23.18,3.0,3.0,1.0,2.0,2.0,1.0,4.0,4.0,1.0,0.0,1.0,1.0,2.0,0.0,0.0,0.0,2.0,12.0,-8.0,https://www.basketball-reference.com/boxscores/202101090IND.html,28.56,0.0,0.0,17.25
,2020-21,Doug McDermott,2021-01-11,Indiana Pacers,Sacramento Kings,0.0,29.54,8.0,10.0,0.8,3.0,5.0,0.6,2.0,2.0,1.0,1.0,3.0,4.0,1.0,1.0,0.0,0.0,2.0,21.0,5.0,https://www.basketball-reference.com/boxscores/202101110SAC.html,114.24,0.0,0.0,31.0
,2020-21,Doug McDermott,2021-01-14,Indiana Pacers,Portland Trail Blazers,0.0,25.09,6.0,14.0,0.429,1.0,6.0,0.16699999999999998,3.0,3.0,1.0,0.0,3.0,3.0,3.0,0.0,0.0,1.0,1.0,16.0,24.0,https://www.basketball-reference.com/boxscores/202101140POR.html,122.56,0.0,0.0,24.25
,2020-21,Doug McDermott,2021-01-20,Indiana Pacers,Dallas Mavericks,1.0,34.18,6.0,16.0,0.375,2.0,7.0,0.28600000000000003,2.0,4.0,0.5,3.0,5.0,8.0,3.0,0.0,1.0,1.0,2.0,16.0,-14.0,https://www.basketball-reference.com/boxscores/202101200IND.html,142.08,0.0,0.0,33.0
,2020-21,Doug McDermott,2021-01-24,Indiana Pacers,Toronto Raptors,1.0,32.07,5.0,8.0,0.625,1.0,3.0,0.333,2.0,2.0,1.0,0.0,4.0,4.0,2.0,2.0,0.0,2.0,2.0,13.0,-9.0,https://www.basketball-reference.com/boxscores/202101240IND.html,57.72000000000001,0.0,0.0,24.5
,2020-21,Doug McDermott,2021-01-27,Indiana Pacers,Charlotte Hornets,0.0,28.06,12.0,22.0,0.545,1.0,5.0,0.2,3.0,3.0,1.0,1.0,4.0,5.0,0.0,0.0,0.0,1.0,0.0,28.0,8.0,https://www.basketball-reference.com/boxscores/202101270CHO.html,326.48,0.0,0.0,34.25
,2020-21,Doug McDermott,2021-02-03,Indiana Pacers,Milwaukee Bucks,0.0,29.03,6.0,12.0,0.5,1.0,5.0,0.2,0.0,1.0,0.0,1.0,6.0,7.0,1.0,0.0,0.0,2.0,1.0,13.0,-5.0,https://www.basketball-reference.com/boxscores/202102030MIL.html,80.86,0.0,0.0,22.75
,2020-21,Doug McDermott,2021-02-07,Indiana Pacers,Utah Jazz,1.0,32.04,8.0,14.0,0.5710000000000001,0.0,3.0,0.0,2.0,3.0,0.667,1.0,5.0,6.0,2.0,1.0,0.0,1.0,2.0,18.0,1.0,https://www.basketball-reference.com/boxscores/202102070IND.html,137.88,0.0,0.0,30.0
,2020-21,Doug McDermott,2021-02-10,Indiana Pacers,Brooklyn Nets,0.0,20.29,5.0,10.0,0.5,0.0,2.0,0.0,2.0,2.0,1.0,2.0,2.0,4.0,2.0,0.0,0.0,1.0,2.0,12.0,-6.0,https://www.basketball-reference.com/boxscores/202102100BRK.html,65.28,0.0,0.0,19.5
,2020-21,Doug McDermott,2021-02-13,Indiana Pacers,Atlanta Hawks,0.0,36.33,9.0,16.0,0.563,3.0,6.0,0.5,5.0,5.0,1.0,0.0,3.0,3.0,3.0,0.0,0.0,1.0,2.0,26.0,16.0,https://www.basketball-reference.com/boxscores/202102130ATL.html,236.6,0.0,0.0,35.25
,2020-21,Doug McDermott,2021-02-24,Indiana Pacers,Golden State Warriors,1.0,29.16,5.0,11.0,0.455,2.0,6.0,0.333,3.0,4.0,0.75,2.0,1.0,3.0,3.0,1.0,1.0,1.0,0.0,15.0,6.0,https://www.basketball-reference.com/boxscores/202102240IND.html,95.7,0.0,0.0,27.75
,2020-21,Doug McDermott,2021-02-27,Indiana Pacers,New York Knicks,0.0,22.24,6.0,11.0,0.545,2.0,3.0,0.667,6.0,6.0,1.0,2.0,3.0,5.0,0.0,0.0,0.0,0.0,1.0,20.0,-8.0,https://www.basketball-reference.com/boxscores/202102270NYK.html,136.4,0.0,0.0,27.25
,2020-21,Doug McDermott,2021-03-03,Indiana Pacers,Cleveland Cavaliers,0.0,23.53,5.0,9.0,0.556,1.0,3.0,0.333,1.0,1.0,1.0,0.0,3.0,3.0,1.0,0.0,0.0,0.0,1.0,12.0,-1.0,https://www.basketball-reference.com/boxscores/202103030CLE.html,56.64,0.0,0.0,17.75
,2020-21,Doug McDermott,2021-03-12,Indiana Pacers,Los Angeles Lakers,0.0,29.52,5.0,13.0,0.385,2.0,6.0,0.333,1.0,1.0,1.0,2.0,2.0,4.0,2.0,0.0,0.0,0.0,1.0,13.0,6.0,https://www.basketball-reference.com/boxscores/202103120LAL.html,87.36,0.0,0.0,22.0
,2020-21,Doug McDermott,2021-03-13,Indiana Pacers,Phoenix Suns,0.0,26.23,9.0,13.0,0.6920000000000001,2.0,4.0,0.5,2.0,3.0,0.667,1.0,3.0,4.0,2.0,0.0,1.0,0.0,3.0,22.0,7.0,https://www.basketball-reference.com/boxscores/202103130PHO.html,157.52,0.0,0.0,33.0
,2020-21,Doug McDermott,2021-03-17,Indiana Pacers,Brooklyn Nets,1.0,22.05,4.0,7.0,0.5710000000000001,1.0,4.0,0.25,3.0,3.0,1.0,1.0,1.0,2.0,1.0,0.0,0.0,0.0,3.0,12.0,8.0,https://www.basketball-reference.com/boxscores/202103170IND.html,49.92,0.0,0.0,16.5
,2020-21,Doug McDermott,2021-03-19,Indiana Pacers,Miami Heat,0.0,16.47,6.0,12.0,0.5,2.0,5.0,0.4,3.0,3.0,1.0,1.0,1.0,2.0,3.0,0.0,0.0,0.0,0.0,17.0,8.0,https://www.basketball-reference.com/boxscores/202103190MIA.html,113.22,0.0,0.0,25.0
