Player,Date,Team,Against,Home,MP,FG,FGA,FG%,3P,3PA,3P%,FT,FTA,FT%,ORB,DRB,TRB,AST,STL,BLK,TOV,PF,PTS,+/-,GameLink,season
Elliot Perry,2000-12-08,Phoenix Suns,New Jersey Nets,0,9.05,1.0,3.0,0.333,0.0,0.0,,0.0,0.0,,0.0,1.0,1.0,4.0,0.0,0.0,0.0,1.0,2.0,3.0,https://www.basketball-reference.com/boxscores/200012080NJN.html,2000-01
Elliot Perry,2000-12-10,Phoenix Suns,Toronto Raptors,0,5.55,0.0,2.0,0.0,0.0,0.0,,0.0,0.0,,1.0,0.0,1.0,3.0,0.0,0.0,0.0,0.0,0.0,5.0,https://www.basketball-reference.com/boxscores/200012100TOR.html,2000-01
Elliot Perry,2000-12-11,Phoenix Suns,Chicago Bulls,0,7.14,2.0,3.0,0.667,0.0,0.0,,0.0,0.0,,0.0,0.0,0.0,0.0,0.0,0.0,1.0,0.0,4.0,1.0,https://www.basketball-reference.com/boxscores/200012110CHI.html,2000-01
Elliot Perry,2000-12-13,Phoenix Suns,San Antonio Spurs,1,12.24,3.0,3.0,1.0,1.0,1.0,1.0,0.0,0.0,,0.0,1.0,1.0,0.0,2.0,0.0,1.0,0.0,7.0,3.0,https://www.basketball-reference.com/boxscores/200012130PHO.html,2000-01
Elliot Perry,2000-12-15,Phoenix Suns,Los Angeles Clippers,1,23.34,1.0,6.0,0.16699999999999998,0.0,0.0,,2.0,2.0,1.0,1.0,1.0,2.0,3.0,3.0,0.0,2.0,2.0,4.0,0.0,https://www.basketball-reference.com/boxscores/200012150PHO.html,2000-01
Elliot Perry,2000-12-16,Phoenix Suns,San Antonio Spurs,0,13.09,3.0,3.0,1.0,0.0,0.0,,0.0,0.0,,0.0,1.0,1.0,1.0,1.0,0.0,0.0,1.0,6.0,8.0,https://www.basketball-reference.com/boxscores/200012160SAS.html,2000-01
Elliot Perry,2000-12-19,Phoenix Suns,Detroit Pistons,1,42.28,8.0,15.0,0.5329999999999999,0.0,0.0,,2.0,4.0,0.5,1.0,3.0,4.0,5.0,2.0,0.0,3.0,2.0,18.0,-6.0,https://www.basketball-reference.com/boxscores/200012190PHO.html,2000-01
Elliot Perry,2000-12-23,Phoenix Suns,Denver Nuggets,1,14.44,2.0,6.0,0.333,0.0,0.0,,0.0,0.0,,0.0,0.0,0.0,2.0,0.0,0.0,2.0,1.0,4.0,-6.0,https://www.basketball-reference.com/boxscores/200012230PHO.html,2000-01
Elliot Perry,2000-12-26,Phoenix Suns,Vancouver Grizzlies,0,6.24,1.0,2.0,0.5,0.0,0.0,,0.0,0.0,,0.0,0.0,0.0,1.0,0.0,0.0,0.0,0.0,2.0,4.0,https://www.basketball-reference.com/boxscores/200012260VAN.html,2000-01
Elliot Perry,2000-12-28,Phoenix Suns,Los Angeles Lakers,1,20.31,0.0,3.0,0.0,0.0,0.0,,1.0,2.0,0.5,0.0,1.0,1.0,1.0,0.0,0.0,2.0,0.0,1.0,-18.0,https://www.basketball-reference.com/boxscores/200012280PHO.html,2000-01
Elliot Perry,2000-12-30,Phoenix Suns,Toronto Raptors,1,7.36,1.0,1.0,1.0,0.0,0.0,,0.0,0.0,,0.0,1.0,1.0,4.0,0.0,0.0,0.0,0.0,2.0,15.0,https://www.basketball-reference.com/boxscores/200012300PHO.html,2000-01
Elliot Perry,2001-01-02,Sacramento Kings,Phoenix Suns,1,2.05,1.0,1.0,1.0,0.0,0.0,,0.0,0.0,,0.0,0.0,0.0,0.0,0.0,0.0,0.0,0.0,2.0,-9.0,https://www.basketball-reference.com/boxscores/200101020SAC.html,2000-01
Elliot Perry,2001-01-03,Phoenix Suns,Los Angeles Clippers,1,7.02,0.0,1.0,0.0,0.0,0.0,,0.0,0.0,,0.0,0.0,0.0,2.0,0.0,0.0,1.0,0.0,0.0,3.0,https://www.basketball-reference.com/boxscores/200101030PHO.html,2000-01
Elliot Perry,2001-01-17,Phoenix Suns,Seattle SuperSonics,0,,,,,,,,,,,,,,,,,,,,,https://www.basketball-reference.com/boxscores/200101170SEA.html,2000-01
Elliot Perry,2001-01-19,Phoenix Suns,Golden State Warriors,1,18.25,0.0,4.0,0.0,0.0,0.0,,0.0,0.0,,1.0,2.0,3.0,4.0,2.0,0.0,1.0,1.0,0.0,-2.0,https://www.basketball-reference.com/boxscores/200101190PHO.html,2000-01
Elliot Perry,2001-01-21,Phoenix Suns,Utah Jazz,0,27.08,2.0,5.0,0.4,0.0,1.0,0.0,1.0,2.0,0.5,0.0,3.0,3.0,3.0,2.0,0.0,2.0,5.0,5.0,-3.0,https://www.basketball-reference.com/boxscores/200101210UTA.html,2000-01
Elliot Perry,2001-01-23,Phoenix Suns,Minnesota Timberwolves,0,28.43,5.0,10.0,0.5,0.0,0.0,,0.0,0.0,,2.0,0.0,2.0,5.0,1.0,0.0,1.0,2.0,10.0,-10.0,https://www.basketball-reference.com/boxscores/200101230MIN.html,2000-01
Elliot Perry,2001-01-24,Phoenix Suns,Detroit Pistons,0,35.33,3.0,4.0,0.75,0.0,0.0,,0.0,0.0,,0.0,5.0,5.0,5.0,1.0,0.0,4.0,2.0,6.0,29.0,https://www.basketball-reference.com/boxscores/200101240DET.html,2000-01
Elliot Perry,2001-01-26,Phoenix Suns,Boston Celtics,0,17.37,2.0,4.0,0.5,0.0,0.0,,0.0,0.0,,0.0,3.0,3.0,3.0,0.0,0.0,2.0,1.0,4.0,-4.0,https://www.basketball-reference.com/boxscores/200101260BOS.html,2000-01
Elliot Perry,2001-01-27,Phoenix Suns,Washington Wizards,0,7.4,1.0,2.0,0.5,0.0,0.0,,1.0,2.0,0.5,0.0,1.0,1.0,1.0,1.0,0.0,0.0,1.0,3.0,1.0,https://www.basketball-reference.com/boxscores/200101270WAS.html,2000-01
Elliot Perry,2001-01-29,Phoenix Suns,Atlanta Hawks,0,8.59,3.0,4.0,0.75,0.0,0.0,,0.0,0.0,,0.0,1.0,1.0,0.0,0.0,0.0,0.0,0.0,6.0,5.0,https://www.basketball-reference.com/boxscores/200101290ATL.html,2000-01
Elliot Perry,2001-01-31,Phoenix Suns,Vancouver Grizzlies,1,8.44,0.0,2.0,0.0,0.0,0.0,,0.0,0.0,,0.0,0.0,0.0,4.0,0.0,1.0,0.0,0.0,0.0,1.0,https://www.basketball-reference.com/boxscores/200101310PHO.html,2000-01
Elliot Perry,2001-02-01,Phoenix Suns,Portland Trail Blazers,0,,,,,,,,,,,,,,,,,,,,,https://www.basketball-reference.com/boxscores/200102010POR.html,2000-01
Elliot Perry,2001-02-04,Phoenix Suns,Charlotte Hornets,1,,,,,,,,,,,,,,,,,,,,,https://www.basketball-reference.com/boxscores/200102040PHO.html,2000-01
Elliot Perry,2001-02-06,Phoenix Suns,Chicago Bulls,1,17.06,2.0,4.0,0.5,0.0,0.0,,0.0,0.0,,0.0,1.0,1.0,4.0,0.0,0.0,1.0,0.0,4.0,-2.0,https://www.basketball-reference.com/boxscores/200102060PHO.html,2000-01
Elliot Perry,2001-02-07,Phoenix Suns,Los Angeles Lakers,0,3.15,1.0,1.0,1.0,0.0,0.0,,0.0,0.0,,0.0,1.0,1.0,1.0,0.0,0.0,0.0,0.0,2.0,3.0,https://www.basketball-reference.com/boxscores/200102070LAL.html,2000-01
Elliot Perry,2001-02-13,Phoenix Suns,Golden State Warriors,0,3.13,0.0,2.0,0.0,0.0,0.0,,0.0,0.0,,0.0,0.0,0.0,0.0,0.0,0.0,0.0,0.0,0.0,-10.0,https://www.basketball-reference.com/boxscores/200102130GSW.html,2000-01
Elliot Perry,2001-02-14,Phoenix Suns,Minnesota Timberwolves,1,0.1,0.0,0.0,,0.0,0.0,,0.0,0.0,,0.0,0.0,0.0,0.0,0.0,0.0,0.0,0.0,0.0,0.0,https://www.basketball-reference.com/boxscores/200102140PHO.html,2000-01
Elliot Perry,2001-02-18,Phoenix Suns,Philadelphia 76ers,0,,,,,,,,,,,,,,,,,,,,,https://www.basketball-reference.com/boxscores/200102180PHI.html,2000-01
Elliot Perry,2001-02-20,Phoenix Suns,Orlando Magic,0,,,,,,,,,,,,,,,,,,,,,https://www.basketball-reference.com/boxscores/200102200ORL.html,2000-01
Elliot Perry,2001-02-21,Phoenix Suns,Miami Heat,0,2.24,0.0,0.0,,0.0,0.0,,0.0,0.0,,0.0,0.0,0.0,1.0,0.0,0.0,1.0,0.0,0.0,-1.0,https://www.basketball-reference.com/boxscores/200102210MIA.html,2000-01
Elliot Perry,2001-02-23,New York Knicks,Phoenix Suns,1,,,,,,,,,,,,,,,,,,,,,https://www.basketball-reference.com/boxscores/200102230NYK.html,2000-01
Elliot Perry,2001-02-25,Phoenix Suns,Utah Jazz,1,,,,,,,,,,,,,,,,,,,,,https://www.basketball-reference.com/boxscores/200102250PHO.html,2000-01
Elliot Perry,2001-02-28,Phoenix Suns,Orlando Magic,1,,,,,,,,,,,,,,,,,,,,,https://www.basketball-reference.com/boxscores/200102280PHO.html,2000-01
Elliot Perry,2001-03-01,Phoenix Suns,San Antonio Spurs,0,3.18,2.0,3.0,0.667,0.0,0.0,,0.0,0.0,,1.0,0.0,1.0,0.0,0.0,0.0,0.0,0.0,4.0,0.0,https://www.basketball-reference.com/boxscores/200103010SAS.html,2000-01
Elliot Perry,2001-03-03,Phoenix Suns,Denver Nuggets,1,1.49,0.0,1.0,0.0,0.0,0.0,,0.0,0.0,,0.0,0.0,0.0,0.0,0.0,0.0,0.0,0.0,0.0,-3.0,https://www.basketball-reference.com/boxscores/200103030PHO.html,2000-01
Elliot Perry,2001-03-06,Phoenix Suns,Denver Nuggets,0,4.01,0.0,1.0,0.0,0.0,0.0,,2.0,2.0,1.0,0.0,1.0,1.0,0.0,0.0,0.0,0.0,1.0,2.0,-3.0,https://www.basketball-reference.com/boxscores/200103060DEN.html,2000-01
Elliot Perry,2001-03-07,Phoenix Suns,Sacramento Kings,1,2.11,1.0,1.0,1.0,0.0,0.0,,0.0,0.0,,0.0,0.0,0.0,1.0,0.0,0.0,0.0,0.0,2.0,4.0,https://www.basketball-reference.com/boxscores/200103070PHO.html,2000-01
Elliot Perry,2001-03-09,Phoenix Suns,Utah Jazz,0,12.0,3.0,5.0,0.6,0.0,0.0,,0.0,0.0,,0.0,0.0,0.0,2.0,0.0,0.0,0.0,4.0,6.0,10.0,https://www.basketball-reference.com/boxscores/200103090UTA.html,2000-01
Elliot Perry,2001-03-11,Phoenix Suns,Houston Rockets,1,4.56,2.0,4.0,0.5,0.0,0.0,,1.0,1.0,1.0,0.0,0.0,0.0,0.0,1.0,0.0,1.0,1.0,5.0,2.0,https://www.basketball-reference.com/boxscores/200103110PHO.html,2000-01
Elliot Perry,2001-03-14,Phoenix Suns,Portland Trail Blazers,0,,,,,,,,,,,,,,,,,,,,,https://www.basketball-reference.com/boxscores/200103140POR.html,2000-01
Elliot Perry,2001-03-15,Phoenix Suns,Boston Celtics,1,,,,,,,,,,,,,,,,,,,,,https://www.basketball-reference.com/boxscores/200103150PHO.html,2000-01
Elliot Perry,2001-03-17,Phoenix Suns,Dallas Mavericks,0,3.5,1.0,1.0,1.0,0.0,0.0,,0.0,0.0,,0.0,0.0,0.0,0.0,0.0,0.0,1.0,1.0,2.0,1.0,https://www.basketball-reference.com/boxscores/200103170DAL.html,2000-01
Elliot Perry,2001-03-20,Phoenix Suns,Washington Wizards,1,7.52,1.0,3.0,0.333,0.0,0.0,,0.0,0.0,,0.0,0.0,0.0,1.0,0.0,0.0,0.0,0.0,2.0,-4.0,https://www.basketball-reference.com/boxscores/200103200PHO.html,2000-01
Elliot Perry,2001-03-22,Phoenix Suns,Seattle SuperSonics,0,,,,,,,,,,,,,,,,,,,,,https://www.basketball-reference.com/boxscores/200103220SEA.html,2000-01
Elliot Perry,2001-03-23,Phoenix Suns,Philadelphia 76ers,1,2.03,0.0,0.0,,0.0,0.0,,0.0,0.0,,0.0,0.0,0.0,0.0,0.0,0.0,0.0,0.0,0.0,-5.0,https://www.basketball-reference.com/boxscores/200103230PHO.html,2000-01
Elliot Perry,2001-03-26,Phoenix Suns,Los Angeles Lakers,1,1.11,0.0,0.0,,0.0,0.0,,0.0,0.0,,0.0,0.0,0.0,0.0,0.0,0.0,0.0,0.0,0.0,4.0,https://www.basketball-reference.com/boxscores/200103260PHO.html,2000-01
Elliot Perry,2001-03-28,Phoenix Suns,Cleveland Cavaliers,1,8.17,0.0,3.0,0.0,0.0,1.0,0.0,0.0,0.0,,0.0,0.0,0.0,3.0,1.0,0.0,0.0,1.0,0.0,-7.0,https://www.basketball-reference.com/boxscores/200103280PHO.html,2000-01
Elliot Perry,2001-03-29,Phoenix Suns,Houston Rockets,0,,,,,,,,,,,,,,,,,,,,,https://www.basketball-reference.com/boxscores/200103290HOU.html,2000-01
Elliot Perry,2002-02-14,Memphis Grizzlies,Denver Nuggets,1,21.4,3.0,3.0,1.0,0.0,0.0,,1.0,2.0,0.5,0.0,3.0,3.0,3.0,1.0,0.0,4.0,2.0,7.0,-17.0,https://www.basketball-reference.com/boxscores/200202140MEM.html,2001-02
Elliot Perry,2002-02-17,Memphis Grizzlies,Charlotte Hornets,0,,,,,,,,,,,,,,,,,,,,,https://www.basketball-reference.com/boxscores/200202170CHH.html,2001-02
Elliot Perry,2002-02-19,San Antonio Spurs,Memphis Grizzlies,1,,,,,,,,,,,,,,,,,,,,,https://www.basketball-reference.com/boxscores/200202190SAS.html,2001-02
Elliot Perry,2002-02-21,Memphis Grizzlies,Phoenix Suns,1,25.56,2.0,7.0,0.28600000000000003,0.0,0.0,,0.0,0.0,,0.0,1.0,1.0,4.0,2.0,0.0,3.0,4.0,4.0,-19.0,https://www.basketball-reference.com/boxscores/200202210MEM.html,2001-02
