Player,Date,Team,Against,Home,MP,FG,FGA,FG%,3P,3PA,3P%,FT,FTA,FT%,ORB,DRB,TRB,AST,STL,BLK,TOV,PF,PTS,+/-,GameLink,season
Eric Piatkowski,2007-02-03,Phoenix Suns,Utah Jazz,1,,,,,,,,,,,,,,,,,,,,,https://www.basketball-reference.com/boxscores/200702030PHO.html,2006-07
Eric Piatkowski,2007-02-06,Portland Trail Blazers,Phoenix Suns,1,,,,,,,,,,,,,,,,,,,,,https://www.basketball-reference.com/boxscores/200702060POR.html,2006-07
Eric Piatkowski,2007-02-09,Phoenix Suns,Atlanta Hawks,1,,,,,,,,,,,,,,,,,,,,,https://www.basketball-reference.com/boxscores/200702090PHO.html,2006-07
Eric Piatkowski,2007-02-11,Phoenix Suns,Chicago Bulls,1,,,,,,,,,,,,,,,,,,,,,https://www.basketball-reference.com/boxscores/200702110PHO.html,2006-07
Eric Piatkowski,2007-02-14,Phoenix Suns,Seattle SuperSonics,0,,,,,,,,,,,,,,,,,,,,,https://www.basketball-reference.com/boxscores/200702140SEA.html,2006-07
Eric Piatkowski,2007-02-20,Phoenix Suns,Los Angeles Clippers,0,2.39,1.0,1.0,1.0,1.0,1.0,1.0,0.0,0.0,,0.0,1.0,1.0,0.0,0.0,0.0,0.0,0.0,3.0,5.0,https://www.basketball-reference.com/boxscores/200702200LAC.html,2006-07
Eric Piatkowski,2007-02-21,Phoenix Suns,Boston Celtics,1,,,,,,,,,,,,,,,,,,,,,https://www.basketball-reference.com/boxscores/200702210PHO.html,2006-07
Eric Piatkowski,2007-02-23,Phoenix Suns,Minnesota Timberwolves,0,,,,,,,,,,,,,,,,,,,,,https://www.basketball-reference.com/boxscores/200702230MIN.html,2006-07
Eric Piatkowski,2007-02-25,Phoenix Suns,Atlanta Hawks,0,,,,,,,,,,,,,,,,,,,,,https://www.basketball-reference.com/boxscores/200702250ATL.html,2006-07
Eric Piatkowski,2007-02-28,Phoenix Suns,Philadelphia 76ers,0,,,,,,,,,,,,,,,,,,,,,https://www.basketball-reference.com/boxscores/200702280PHI.html,2006-07
Eric Piatkowski,2007-03-02,Phoenix Suns,Indiana Pacers,1,21.21,4.0,9.0,0.444,3.0,8.0,0.375,0.0,0.0,,0.0,0.0,0.0,2.0,0.0,1.0,1.0,4.0,11.0,12.0,https://www.basketball-reference.com/boxscores/200703020PHO.html,2006-07
Eric Piatkowski,2007-03-04,Phoenix Suns,Los Angeles Lakers,1,6.16,0.0,0.0,,0.0,0.0,,0.0,0.0,,0.0,1.0,1.0,0.0,0.0,0.0,1.0,0.0,0.0,3.0,https://www.basketball-reference.com/boxscores/200703040PHO.html,2006-07
Eric Piatkowski,2007-03-09,Phoenix Suns,New Orleans/Oklahoma City Hornets,1,7.14,2.0,3.0,0.667,2.0,2.0,1.0,0.0,0.0,,0.0,1.0,1.0,1.0,0.0,0.0,0.0,0.0,6.0,-4.0,https://www.basketball-reference.com/boxscores/200703090PHO.html,2006-07
Eric Piatkowski,2007-03-12,Phoenix Suns,Houston Rockets,1,6.17,0.0,2.0,0.0,0.0,0.0,,0.0,0.0,,0.0,0.0,0.0,0.0,0.0,0.0,0.0,0.0,0.0,6.0,https://www.basketball-reference.com/boxscores/200703120PHO.html,2006-07
Eric Piatkowski,2007-03-14,Dallas Mavericks,Phoenix Suns,1,,,,,,,,,,,,,,,,,,,,,https://www.basketball-reference.com/boxscores/200703140DAL.html,2006-07
Eric Piatkowski,2007-03-16,Phoenix Suns,Detroit Pistons,1,4.5,0.0,1.0,0.0,0.0,0.0,,0.0,0.0,,0.0,1.0,1.0,0.0,0.0,0.0,2.0,0.0,0.0,-3.0,https://www.basketball-reference.com/boxscores/200703160PHO.html,2006-07
Eric Piatkowski,2007-03-17,Phoenix Suns,Denver Nuggets,0,7.16,1.0,2.0,0.5,0.0,1.0,0.0,0.0,0.0,,1.0,1.0,2.0,0.0,0.0,0.0,0.0,0.0,2.0,-8.0,https://www.basketball-reference.com/boxscores/200703170DEN.html,2006-07
Eric Piatkowski,2007-03-20,Phoenix Suns,Minnesota Timberwolves,1,,,,,,,,,,,,,,,,,,,,,https://www.basketball-reference.com/boxscores/200703200PHO.html,2006-07
Eric Piatkowski,2007-03-22,Phoenix Suns,Sacramento Kings,1,,,,,,,,,,,,,,,,,,,,,https://www.basketball-reference.com/boxscores/200703220PHO.html,2006-07
Eric Piatkowski,2007-03-25,Phoenix Suns,Sacramento Kings,0,,,,,,,,,,,,,,,,,,,,,https://www.basketball-reference.com/boxscores/200703250SAC.html,2006-07
Eric Piatkowski,2007-03-26,Phoenix Suns,Memphis Grizzlies,1,,,,,,,,,,,,,,,,,,,,,https://www.basketball-reference.com/boxscores/200703260PHO.html,2006-07
Eric Piatkowski,2007-03-29,Phoenix Suns,Golden State Warriors,0,,,,,,,,,,,,,,,,,,,,,https://www.basketball-reference.com/boxscores/200703290GSW.html,2006-07
Eric Piatkowski,2007-03-30,Phoenix Suns,Denver Nuggets,1,,,,,,,,,,,,,,,,,,,,,https://www.basketball-reference.com/boxscores/200703300PHO.html,2006-07
Eric Piatkowski,2002-12-01,Los Angeles Clippers,Indiana Pacers,1,33.51,3.0,6.0,0.5,1.0,4.0,0.25,2.0,2.0,1.0,1.0,2.0,3.0,3.0,0.0,0.0,0.0,3.0,9.0,-10.0,https://www.basketball-reference.com/boxscores/200212010LAC.html,2002-03
Eric Piatkowski,2002-12-04,Los Angeles Clippers,Miami Heat,1,28.21,6.0,13.0,0.462,2.0,7.0,0.28600000000000003,4.0,6.0,0.667,2.0,2.0,4.0,0.0,1.0,0.0,0.0,1.0,18.0,15.0,https://www.basketball-reference.com/boxscores/200212040LAC.html,2002-03
Eric Piatkowski,2002-12-07,Los Angeles Clippers,Minnesota Timberwolves,1,39.4,5.0,13.0,0.385,4.0,9.0,0.444,5.0,6.0,0.833,0.0,5.0,5.0,3.0,0.0,0.0,1.0,2.0,19.0,22.0,https://www.basketball-reference.com/boxscores/200212070LAC.html,2002-03
Eric Piatkowski,2002-12-09,Los Angeles Clippers,New Orleans Hornets,0,15.2,1.0,4.0,0.25,1.0,2.0,0.5,0.0,0.0,,1.0,2.0,3.0,1.0,0.0,0.0,0.0,2.0,3.0,-1.0,https://www.basketball-reference.com/boxscores/200212090NOH.html,2002-03
Eric Piatkowski,2002-12-10,Los Angeles Clippers,Dallas Mavericks,0,6.36,2.0,4.0,0.5,0.0,1.0,0.0,0.0,0.0,,0.0,0.0,0.0,0.0,0.0,0.0,0.0,1.0,4.0,-5.0,https://www.basketball-reference.com/boxscores/200212100DAL.html,2002-03
Eric Piatkowski,2002-12-13,Los Angeles Clippers,San Antonio Spurs,0,,,,,,,,,,,,,,,,,,,,,https://www.basketball-reference.com/boxscores/200212130SAS.html,2002-03
Eric Piatkowski,2002-12-14,Los Angeles Clippers,Houston Rockets,0,,,,,,,,,,,,,,,,,,,,,https://www.basketball-reference.com/boxscores/200212140HOU.html,2002-03
Eric Piatkowski,2002-12-16,Los Angeles Clippers,San Antonio Spurs,1,,,,,,,,,,,,,,,,,,,,,https://www.basketball-reference.com/boxscores/200212160LAC.html,2002-03
Eric Piatkowski,2002-12-18,Los Angeles Clippers,Portland Trail Blazers,1,,,,,,,,,,,,,,,,,,,,,https://www.basketball-reference.com/boxscores/200212180LAC.html,2002-03
Eric Piatkowski,2002-12-20,Los Angeles Clippers,Phoenix Suns,1,,,,,,,,,,,,,,,,,,,,,https://www.basketball-reference.com/boxscores/200212200LAC.html,2002-03
Eric Piatkowski,2002-12-21,Los Angeles Clippers,Denver Nuggets,1,,,,,,,,,,,,,,,,,,,,,https://www.basketball-reference.com/boxscores/200212210LAC.html,2002-03
Eric Piatkowski,2002-12-31,Los Angeles Clippers,Philadelphia 76ers,1,,,,,,,,,,,,,,,,,,,,,https://www.basketball-reference.com/boxscores/200212310LAC.html,2002-03
Eric Piatkowski,2003-01-24,Los Angeles Clippers,Minnesota Timberwolves,0,7.34,0.0,2.0,0.0,0.0,1.0,0.0,2.0,2.0,1.0,0.0,1.0,1.0,0.0,0.0,0.0,0.0,0.0,2.0,10.0,https://www.basketball-reference.com/boxscores/200301240MIN.html,2002-03
Eric Piatkowski,2003-01-26,Los Angeles Clippers,Indiana Pacers,0,19.0,4.0,9.0,0.444,2.0,3.0,0.667,0.0,0.0,,0.0,1.0,1.0,3.0,0.0,0.0,2.0,0.0,10.0,9.0,https://www.basketball-reference.com/boxscores/200301260IND.html,2002-03
Eric Piatkowski,2003-01-27,Los Angeles Clippers,Cleveland Cavaliers,0,15.4,3.0,5.0,0.6,2.0,3.0,0.667,1.0,1.0,1.0,1.0,2.0,3.0,1.0,0.0,0.0,0.0,0.0,9.0,-10.0,https://www.basketball-reference.com/boxscores/200301270CLE.html,2002-03
Eric Piatkowski,2003-01-29,Los Angeles Clippers,Chicago Bulls,1,9.04,1.0,4.0,0.25,1.0,4.0,0.25,0.0,0.0,,1.0,0.0,1.0,1.0,0.0,0.0,0.0,0.0,3.0,6.0,https://www.basketball-reference.com/boxscores/200301290LAC.html,2002-03
Eric Piatkowski,2003-01-31,Los Angeles Clippers,Phoenix Suns,1,18.54,5.0,8.0,0.625,3.0,5.0,0.6,2.0,3.0,0.667,1.0,1.0,2.0,0.0,1.0,0.0,1.0,1.0,15.0,-5.0,https://www.basketball-reference.com/boxscores/200301310LAC.html,2002-03
Eric Piatkowski,2003-02-02,Los Angeles Clippers,Toronto Raptors,0,11.54,1.0,3.0,0.333,0.0,1.0,0.0,1.0,2.0,0.5,0.0,1.0,1.0,0.0,0.0,0.0,1.0,2.0,3.0,1.0,https://www.basketball-reference.com/boxscores/200302020TOR.html,2002-03
Eric Piatkowski,2003-02-04,Los Angeles Clippers,New York Knicks,0,11.24,1.0,2.0,0.5,0.0,0.0,,0.0,0.0,,0.0,1.0,1.0,0.0,0.0,0.0,0.0,1.0,2.0,5.0,https://www.basketball-reference.com/boxscores/200302040NYK.html,2002-03
Eric Piatkowski,2003-02-05,Los Angeles Clippers,Detroit Pistons,0,22.35,1.0,2.0,0.5,0.0,1.0,0.0,0.0,1.0,0.0,0.0,4.0,4.0,1.0,1.0,0.0,0.0,0.0,2.0,9.0,https://www.basketball-reference.com/boxscores/200302050DET.html,2002-03
Eric Piatkowski,2003-02-11,Los Angeles Clippers,Phoenix Suns,0,6.11,0.0,3.0,0.0,0.0,1.0,0.0,1.0,1.0,1.0,0.0,0.0,0.0,1.0,0.0,0.0,1.0,0.0,1.0,7.0,https://www.basketball-reference.com/boxscores/200302110PHO.html,2002-03
Eric Piatkowski,2003-02-12,Los Angeles Clippers,Washington Wizards,1,19.09,5.0,7.0,0.7140000000000001,1.0,3.0,0.333,4.0,4.0,1.0,0.0,1.0,1.0,1.0,1.0,0.0,1.0,2.0,15.0,15.0,https://www.basketball-reference.com/boxscores/200302120LAC.html,2002-03
Eric Piatkowski,2003-02-15,Los Angeles Clippers,Boston Celtics,1,12.48,1.0,5.0,0.2,1.0,4.0,0.25,0.0,0.0,,0.0,1.0,1.0,2.0,0.0,0.0,0.0,1.0,3.0,-3.0,https://www.basketball-reference.com/boxscores/200302150LAC.html,2002-03
Eric Piatkowski,2003-02-19,Los Angeles Clippers,Milwaukee Bucks,1,24.0,4.0,7.0,0.5710000000000001,1.0,2.0,0.5,4.0,4.0,1.0,1.0,0.0,1.0,2.0,1.0,1.0,1.0,2.0,13.0,4.0,https://www.basketball-reference.com/boxscores/200302190LAC.html,2002-03
Eric Piatkowski,2003-02-22,Los Angeles Clippers,Atlanta Hawks,1,19.53,6.0,11.0,0.545,1.0,3.0,0.333,0.0,0.0,,0.0,2.0,2.0,1.0,0.0,0.0,0.0,1.0,13.0,-12.0,https://www.basketball-reference.com/boxscores/200302220LAC.html,2002-03
Eric Piatkowski,2003-02-25,Los Angeles Clippers,Los Angeles Lakers,0,3.48,0.0,1.0,0.0,0.0,1.0,0.0,0.0,0.0,,0.0,0.0,0.0,0.0,1.0,0.0,0.0,1.0,0.0,-4.0,https://www.basketball-reference.com/boxscores/200302250LAL.html,2002-03
Eric Piatkowski,2003-02-26,Los Angeles Clippers,Golden State Warriors,1,29.32,6.0,10.0,0.6,2.0,4.0,0.5,3.0,3.0,1.0,2.0,6.0,8.0,1.0,3.0,0.0,0.0,2.0,17.0,-2.0,https://www.basketball-reference.com/boxscores/200302260LAC.html,2002-03
Eric Piatkowski,2003-02-28,Los Angeles Clippers,Portland Trail Blazers,0,15.24,2.0,3.0,0.667,0.0,0.0,,3.0,4.0,0.75,0.0,0.0,0.0,0.0,0.0,0.0,0.0,1.0,7.0,-1.0,https://www.basketball-reference.com/boxscores/200302280POR.html,2002-03
Eric Piatkowski,2003-03-01,Los Angeles Clippers,Seattle SuperSonics,1,9.25,2.0,5.0,0.4,0.0,1.0,0.0,0.0,0.0,,1.0,1.0,2.0,0.0,0.0,0.0,0.0,0.0,4.0,-2.0,https://www.basketball-reference.com/boxscores/200303010LAC.html,2002-03
Eric Piatkowski,2003-03-03,Los Angeles Clippers,New Orleans Hornets,1,26.35,2.0,5.0,0.4,0.0,1.0,0.0,4.0,4.0,1.0,0.0,2.0,2.0,0.0,1.0,2.0,3.0,1.0,8.0,-9.0,https://www.basketball-reference.com/boxscores/200303030LAC.html,2002-03
Eric Piatkowski,2003-03-05,Los Angeles Clippers,Washington Wizards,0,24.36,4.0,10.0,0.4,1.0,3.0,0.333,2.0,3.0,0.667,1.0,3.0,4.0,1.0,0.0,0.0,1.0,3.0,11.0,-15.0,https://www.basketball-reference.com/boxscores/200303050WAS.html,2002-03
Eric Piatkowski,2003-03-07,Los Angeles Clippers,Boston Celtics,0,12.58,4.0,7.0,0.5710000000000001,2.0,4.0,0.5,0.0,0.0,,0.0,0.0,0.0,1.0,0.0,0.0,0.0,0.0,10.0,-2.0,https://www.basketball-reference.com/boxscores/200303070BOS.html,2002-03
Eric Piatkowski,2003-03-08,Los Angeles Clippers,Chicago Bulls,0,15.13,1.0,5.0,0.2,1.0,4.0,0.25,2.0,2.0,1.0,0.0,1.0,1.0,2.0,0.0,0.0,0.0,0.0,5.0,12.0,https://www.basketball-reference.com/boxscores/200303080CHI.html,2002-03
Eric Piatkowski,2003-03-10,Los Angeles Clippers,Atlanta Hawks,0,16.17,2.0,6.0,0.333,1.0,3.0,0.333,2.0,2.0,1.0,0.0,2.0,2.0,2.0,0.0,0.0,1.0,0.0,7.0,-2.0,https://www.basketball-reference.com/boxscores/200303100ATL.html,2002-03
Eric Piatkowski,2003-03-12,Houston Rockets,Los Angeles Clippers,1,,,,,,,,,,,,,,,,,,,,,https://www.basketball-reference.com/boxscores/200303120HOU.html,2002-03
Eric Piatkowski,2003-03-14,Los Angeles Clippers,San Antonio Spurs,0,25.56,5.0,8.0,0.625,0.0,2.0,0.0,0.0,0.0,,0.0,1.0,1.0,0.0,0.0,0.0,1.0,1.0,10.0,7.0,https://www.basketball-reference.com/boxscores/200303140SAS.html,2002-03
Eric Piatkowski,2003-03-16,Los Angeles Clippers,Toronto Raptors,1,18.51,4.0,7.0,0.5710000000000001,3.0,5.0,0.6,4.0,4.0,1.0,1.0,3.0,4.0,0.0,2.0,0.0,2.0,2.0,15.0,13.0,https://www.basketball-reference.com/boxscores/200303160LAC.html,2002-03
Eric Piatkowski,2003-03-17,Los Angeles Clippers,Los Angeles Lakers,1,32.2,4.0,11.0,0.364,2.0,6.0,0.333,2.0,3.0,0.667,3.0,1.0,4.0,1.0,1.0,1.0,0.0,4.0,12.0,-6.0,https://www.basketball-reference.com/boxscores/200303170LAC.html,2002-03
Eric Piatkowski,2003-03-19,Los Angeles Clippers,Denver Nuggets,1,18.26,3.0,8.0,0.375,1.0,3.0,0.333,1.0,2.0,0.5,0.0,1.0,1.0,1.0,0.0,0.0,0.0,1.0,8.0,6.0,https://www.basketball-reference.com/boxscores/200303190LAC.html,2002-03
Eric Piatkowski,2003-03-22,Los Angeles Clippers,Utah Jazz,0,18.35,1.0,5.0,0.2,0.0,2.0,0.0,0.0,0.0,,1.0,1.0,2.0,0.0,2.0,0.0,2.0,1.0,2.0,-14.0,https://www.basketball-reference.com/boxscores/200303220UTA.html,2002-03
Eric Piatkowski,2003-03-24,Los Angeles Clippers,Houston Rockets,1,15.41,3.0,6.0,0.5,1.0,1.0,1.0,1.0,1.0,1.0,1.0,2.0,3.0,0.0,0.0,0.0,2.0,1.0,8.0,-9.0,https://www.basketball-reference.com/boxscores/200303240LAC.html,2002-03
Eric Piatkowski,2003-03-26,Los Angeles Clippers,Dallas Mavericks,1,30.5,9.0,17.0,0.529,3.0,7.0,0.429,1.0,1.0,1.0,4.0,1.0,5.0,2.0,0.0,1.0,1.0,3.0,22.0,-1.0,https://www.basketball-reference.com/boxscores/200303260LAC.html,2002-03
Eric Piatkowski,2003-03-27,Los Angeles Clippers,Sacramento Kings,0,25.15,4.0,11.0,0.364,0.0,0.0,,0.0,0.0,,3.0,3.0,6.0,2.0,1.0,0.0,1.0,0.0,8.0,14.0,https://www.basketball-reference.com/boxscores/200303270SAC.html,2002-03
Eric Piatkowski,2003-03-30,Los Angeles Clippers,Memphis Grizzlies,1,23.39,4.0,9.0,0.444,1.0,3.0,0.333,3.0,3.0,1.0,1.0,0.0,1.0,0.0,0.0,0.0,1.0,1.0,12.0,-1.0,https://www.basketball-reference.com/boxscores/200303300LAC.html,2002-03
Eric Piatkowski,2007-12-02,Phoenix Suns,New York Knicks,0,5.32,1.0,2.0,0.5,1.0,2.0,0.5,0.0,0.0,,0.0,0.0,0.0,1.0,0.0,0.0,1.0,0.0,3.0,-2.0,https://www.basketball-reference.com/boxscores/200712020NYK.html,2007-08
Eric Piatkowski,2007-12-04,Phoenix Suns,Indiana Pacers,0,,,,,,,,,,,,,,,,,,,,,https://www.basketball-reference.com/boxscores/200712040IND.html,2007-08
Eric Piatkowski,2007-12-05,Phoenix Suns,Toronto Raptors,0,3.19,0.0,0.0,,0.0,0.0,,0.0,0.0,,0.0,1.0,1.0,0.0,0.0,0.0,0.0,0.0,0.0,-8.0,https://www.basketball-reference.com/boxscores/200712050TOR.html,2007-08
Eric Piatkowski,2007-12-07,Phoenix Suns,Washington Wizards,0,2.51,0.0,0.0,,0.0,0.0,,0.0,0.0,,0.0,0.0,0.0,0.0,0.0,0.0,0.0,0.0,0.0,-3.0,https://www.basketball-reference.com/boxscores/200712070WAS.html,2007-08
Eric Piatkowski,2007-12-08,Phoenix Suns,Minnesota Timberwolves,0,,,,,,,,,,,,,,,,,,,,,https://www.basketball-reference.com/boxscores/200712080MIN.html,2007-08
Eric Piatkowski,2007-12-10,Phoenix Suns,Miami Heat,1,,,,,,,,,,,,,,,,,,,,,https://www.basketball-reference.com/boxscores/200712100PHO.html,2007-08
Eric Piatkowski,2007-12-12,Phoenix Suns,Utah Jazz,1,,,,,,,,,,,,,,,,,,,,,https://www.basketball-reference.com/boxscores/200712120PHO.html,2007-08
Eric Piatkowski,2007-12-15,Phoenix Suns,New Orleans Hornets,0,,,,,,,,,,,,,,,,,,,,,https://www.basketball-reference.com/boxscores/200712150NOH.html,2007-08
Eric Piatkowski,2007-12-17,Phoenix Suns,San Antonio Spurs,0,,,,,,,,,,,,,,,,,,,,,https://www.basketball-reference.com/boxscores/200712170SAS.html,2007-08
Eric Piatkowski,2007-12-19,Phoenix Suns,Dallas Mavericks,0,,,,,,,,,,,,,,,,,,,,,https://www.basketball-reference.com/boxscores/200712190DAL.html,2007-08
Eric Piatkowski,2007-12-22,Phoenix Suns,Toronto Raptors,1,,,,,,,,,,,,,,,,,,,,,https://www.basketball-reference.com/boxscores/200712220PHO.html,2007-08
Eric Piatkowski,2007-12-25,Phoenix Suns,Los Angeles Lakers,0,,,,,,,,,,,,,,,,,,,,,https://www.basketball-reference.com/boxscores/200712250LAL.html,2007-08
Eric Piatkowski,2007-12-27,Phoenix Suns,Los Angeles Clippers,0,6.5,0.0,0.0,,0.0,0.0,,0.0,0.0,,0.0,1.0,1.0,0.0,0.0,0.0,0.0,1.0,0.0,-9.0,https://www.basketball-reference.com/boxscores/200712270LAC.html,2007-08
Eric Piatkowski,2007-12-28,Phoenix Suns,Los Angeles Clippers,1,,,,,,,,,,,,,,,,,,,,,https://www.basketball-reference.com/boxscores/200712280PHO.html,2007-08
Eric Piatkowski,2007-12-30,Phoenix Suns,Sacramento Kings,0,,,,,,,,,,,,,,,,,,,,,https://www.basketball-reference.com/boxscores/200712300SAC.html,2007-08
Eric Piatkowski,2008-01-03,Phoenix Suns,Seattle SuperSonics,1,,,,,,,,,,,,,,,,,,,,,https://www.basketball-reference.com/boxscores/200801030PHO.html,2007-08
Eric Piatkowski,2008-01-05,Phoenix Suns,New Orleans Hornets,1,,,,,,,,,,,,,,,,,,,,,https://www.basketball-reference.com/boxscores/200801050PHO.html,2007-08
Eric Piatkowski,2008-01-07,Phoenix Suns,Denver Nuggets,1,4.23,1.0,2.0,0.5,1.0,2.0,0.5,0.0,0.0,,0.0,0.0,0.0,1.0,0.0,0.0,0.0,2.0,3.0,-1.0,https://www.basketball-reference.com/boxscores/200801070PHO.html,2007-08
Eric Piatkowski,2008-01-10,Phoenix Suns,Utah Jazz,0,18.13,1.0,5.0,0.2,1.0,4.0,0.25,0.0,0.0,,0.0,1.0,1.0,1.0,0.0,0.0,0.0,2.0,3.0,0.0,https://www.basketball-reference.com/boxscores/200801100UTA.html,2007-08
Eric Piatkowski,2008-01-12,Phoenix Suns,Milwaukee Bucks,1,,,,,,,,,,,,,,,,,,,,,https://www.basketball-reference.com/boxscores/200801120PHO.html,2007-08
Eric Piatkowski,2008-01-15,Phoenix Suns,Los Angeles Clippers,0,,,,,,,,,,,,,,,,,,,,,https://www.basketball-reference.com/boxscores/200801150LAC.html,2007-08
Eric Piatkowski,2008-01-17,Phoenix Suns,Los Angeles Lakers,0,,,,,,,,,,,,,,,,,,,,,https://www.basketball-reference.com/boxscores/200801170LAL.html,2007-08
Eric Piatkowski,2008-01-18,Phoenix Suns,Minnesota Timberwolves,1,2.23,0.0,1.0,0.0,0.0,1.0,0.0,0.0,0.0,,0.0,1.0,1.0,0.0,0.0,0.0,0.0,1.0,0.0,-3.0,https://www.basketball-reference.com/boxscores/200801180PHO.html,2007-08
Eric Piatkowski,2008-01-20,Phoenix Suns,New Jersey Nets,1,2.19,1.0,2.0,0.5,1.0,1.0,1.0,2.0,2.0,1.0,0.0,0.0,0.0,0.0,0.0,0.0,1.0,1.0,5.0,3.0,https://www.basketball-reference.com/boxscores/200801200PHO.html,2007-08
Eric Piatkowski,2008-01-22,Phoenix Suns,Milwaukee Bucks,0,,,,,,,,,,,,,,,,,,,,,https://www.basketball-reference.com/boxscores/200801220MIL.html,2007-08
Eric Piatkowski,2008-01-23,Phoenix Suns,Minnesota Timberwolves,0,,,,,,,,,,,,,,,,,,,,,https://www.basketball-reference.com/boxscores/200801230MIN.html,2007-08
Eric Piatkowski,2008-01-25,Phoenix Suns,Cleveland Cavaliers,0,,,,,,,,,,,,,,,,,,,,,https://www.basketball-reference.com/boxscores/200801250CLE.html,2007-08
Eric Piatkowski,2008-01-27,Phoenix Suns,Chicago Bulls,0,,,,,,,,,,,,,,,,,,,,,https://www.basketball-reference.com/boxscores/200801270CHI.html,2007-08
Eric Piatkowski,2008-01-29,Phoenix Suns,Atlanta Hawks,1,5.3,1.0,2.0,0.5,1.0,1.0,1.0,0.0,0.0,,0.0,0.0,0.0,2.0,0.0,1.0,1.0,0.0,3.0,0.0,https://www.basketball-reference.com/boxscores/200801290PHO.html,2007-08
Eric Piatkowski,2008-01-31,Phoenix Suns,San Antonio Spurs,1,,,,,,,,,,,,,,,,,,,,,https://www.basketball-reference.com/boxscores/200801310PHO.html,2007-08
Eric Piatkowski,2008-02-04,Phoenix Suns,Charlotte Bobc,1,2.3,0.0,0.0,,0.0,0.0,,0.0,0.0,,0.0,0.0,0.0,0.0,0.0,0.0,0.0,0.0,0.0,-8.0,https://www.basketball-reference.com/boxscores/200802040PHO.html,2007-08
Eric Piatkowski,2008-02-08,Phoenix Suns,Seattle SuperSonics,1,,,,,,,,,,,,,,,,,,,,,https://www.basketball-reference.com/boxscores/200802080PHO.html,2007-08
Eric Piatkowski,2008-02-10,Phoenix Suns,Washington Wizards,1,,,,,,,,,,,,,,,,,,,,,https://www.basketball-reference.com/boxscores/200802100PHO.html,2007-08
Eric Piatkowski,2008-02-13,Phoenix Suns,Golden State Warriors,0,,,,,,,,,,,,,,,,,,,,,https://www.basketball-reference.com/boxscores/200802130GSW.html,2007-08
Eric Piatkowski,2008-02-14,Phoenix Suns,Dallas Mavericks,1,,,,,,,,,,,,,,,,,,,,,https://www.basketball-reference.com/boxscores/200802140PHO.html,2007-08
Eric Piatkowski,2008-02-20,Phoenix Suns,Los Angeles Lakers,1,,,,,,,,,,,,,,,,,,,,,https://www.basketball-reference.com/boxscores/200802200PHO.html,2007-08
Eric Piatkowski,2008-02-22,Phoenix Suns,Boston Celtics,1,,,,,,,,,,,,,,,,,,,,,https://www.basketball-reference.com/boxscores/200802220PHO.html,2007-08
Eric Piatkowski,2008-02-24,Phoenix Suns,Detroit Pistons,1,,,,,,,,,,,,,,,,,,,,,https://www.basketball-reference.com/boxscores/200802240PHO.html,2007-08
Eric Piatkowski,2008-02-26,Phoenix Suns,Memphis Grizzlies,0,,,,,,,,,,,,,,,,,,,,,https://www.basketball-reference.com/boxscores/200802260MEM.html,2007-08
Eric Piatkowski,2008-02-27,Phoenix Suns,New Orleans Hornets,0,,,,,,,,,,,,,,,,,,,,,https://www.basketball-reference.com/boxscores/200802270NOH.html,2007-08
Eric Piatkowski,2008-03-01,Phoenix Suns,Philadelphia 76ers,1,,,,,,,,,,,,,,,,,,,,,https://www.basketball-reference.com/boxscores/200803010PHO.html,2007-08
Eric Piatkowski,2008-03-13,Phoenix Suns,Golden State Warriors,1,,,,,,,,,,,,,,,,,,,,,https://www.basketball-reference.com/boxscores/200803130PHO.html,2007-08
Eric Piatkowski,2008-03-15,Phoenix Suns,Sacramento Kings,1,4.35,1.0,2.0,0.5,1.0,1.0,1.0,0.0,0.0,,0.0,1.0,1.0,0.0,0.0,0.0,1.0,0.0,3.0,-2.0,https://www.basketball-reference.com/boxscores/200803150PHO.html,2007-08
Eric Piatkowski,2008-03-18,Phoenix Suns,Portland Trail Blazers,0,,,,,,,,,,,,,,,,,,,,,https://www.basketball-reference.com/boxscores/200803180POR.html,2007-08
Eric Piatkowski,2008-03-19,Phoenix Suns,Seattle SuperSonics,0,,,,,,,,,,,,,,,,,,,,,https://www.basketball-reference.com/boxscores/200803190SEA.html,2007-08
Eric Piatkowski,2008-03-22,Phoenix Suns,Houston Rockets,1,,,,,,,,,,,,,,,,,,,,,https://www.basketball-reference.com/boxscores/200803220PHO.html,2007-08
Eric Piatkowski,2008-03-24,Detroit Pistons,Phoenix Suns,1,,,,,,,,,,,,,,,,,,,,,https://www.basketball-reference.com/boxscores/200803240DET.html,2007-08
Eric Piatkowski,2008-03-26,Phoenix Suns,Boston Celtics,0,,,,,,,,,,,,,,,,,,,,,https://www.basketball-reference.com/boxscores/200803260BOS.html,2007-08
Eric Piatkowski,2008-03-28,Phoenix Suns,Philadelphia 76ers,0,,,,,,,,,,,,,,,,,,,,,https://www.basketball-reference.com/boxscores/200803280PHI.html,2007-08
Eric Piatkowski,2008-03-29,Phoenix Suns,New Jersey Nets,0,,,,,,,,,,,,,,,,,,,,,https://www.basketball-reference.com/boxscores/200803290NJN.html,2007-08
Eric Piatkowski,2008-03-31,Phoenix Suns,Denver Nuggets,1,,,,,,,,,,,,,,,,,,,,,https://www.basketball-reference.com/boxscores/200803310PHO.html,2007-08
Eric Piatkowski,2000-12-01,Toronto Raptors,Los Angeles Clippers,1,23.1,3.0,7.0,0.429,2.0,4.0,0.5,0.0,0.0,,0.0,1.0,1.0,1.0,0.0,0.0,2.0,1.0,8.0,-10.0,https://www.basketball-reference.com/boxscores/200012010TOR.html,2000-01
Eric Piatkowski,2000-12-03,Los Angeles Clippers,Boston Celtics,0,12.47,2.0,3.0,0.667,0.0,0.0,,4.0,4.0,1.0,0.0,2.0,2.0,0.0,1.0,0.0,2.0,2.0,8.0,-3.0,https://www.basketball-reference.com/boxscores/200012030BOS.html,2000-01
Eric Piatkowski,2000-12-04,Los Angeles Clippers,New York Knicks,0,10.27,0.0,2.0,0.0,0.0,1.0,0.0,0.0,0.0,,0.0,0.0,0.0,0.0,0.0,0.0,0.0,0.0,0.0,-10.0,https://www.basketball-reference.com/boxscores/200012040NYK.html,2000-01
Eric Piatkowski,2000-12-06,Los Angeles Clippers,Washington Wizards,0,24.44,3.0,7.0,0.429,3.0,4.0,0.75,0.0,0.0,,2.0,0.0,2.0,1.0,1.0,1.0,1.0,2.0,9.0,19.0,https://www.basketball-reference.com/boxscores/200012060WAS.html,2000-01
Eric Piatkowski,2000-12-08,Los Angeles Clippers,Charlotte Hornets,0,14.08,2.0,5.0,0.4,2.0,2.0,1.0,2.0,2.0,1.0,1.0,1.0,2.0,0.0,0.0,0.0,0.0,2.0,8.0,-4.0,https://www.basketball-reference.com/boxscores/200012080CHH.html,2000-01
Eric Piatkowski,2000-12-09,Los Angeles Clippers,Minnesota Timberwolves,0,16.07,3.0,7.0,0.429,0.0,1.0,0.0,2.0,2.0,1.0,0.0,1.0,1.0,1.0,0.0,0.0,0.0,0.0,8.0,0.0,https://www.basketball-reference.com/boxscores/200012090MIN.html,2000-01
Eric Piatkowski,2000-12-11,Los Angeles Clippers,Orlando Magic,1,23.46,6.0,11.0,0.545,2.0,3.0,0.667,1.0,1.0,1.0,1.0,3.0,4.0,1.0,1.0,0.0,1.0,3.0,15.0,21.0,https://www.basketball-reference.com/boxscores/200012110LAC.html,2000-01
Eric Piatkowski,2000-12-15,Los Angeles Clippers,Phoenix Suns,0,20.0,3.0,6.0,0.5,1.0,2.0,0.5,0.0,2.0,0.0,2.0,6.0,8.0,1.0,1.0,0.0,1.0,2.0,7.0,-3.0,https://www.basketball-reference.com/boxscores/200012150PHO.html,2000-01
Eric Piatkowski,2000-12-17,Los Angeles Clippers,Washington Wizards,1,29.26,3.0,9.0,0.333,1.0,3.0,0.333,3.0,4.0,0.75,0.0,2.0,2.0,0.0,1.0,0.0,1.0,0.0,10.0,-2.0,https://www.basketball-reference.com/boxscores/200012170LAC.html,2000-01
Eric Piatkowski,2000-12-20,Los Angeles Clippers,Minnesota Timberwolves,1,28.07,5.0,8.0,0.625,3.0,5.0,0.6,6.0,8.0,0.75,0.0,3.0,3.0,2.0,0.0,0.0,1.0,1.0,19.0,3.0,https://www.basketball-reference.com/boxscores/200012200LAC.html,2000-01
Eric Piatkowski,2000-12-23,Los Angeles Clippers,Vancouver Grizzlies,1,25.51,3.0,7.0,0.429,1.0,3.0,0.333,4.0,6.0,0.667,0.0,3.0,3.0,2.0,1.0,1.0,3.0,4.0,11.0,-4.0,https://www.basketball-reference.com/boxscores/200012230LAC.html,2000-01
Eric Piatkowski,2000-12-26,Los Angeles Clippers,Denver Nuggets,0,26.21,6.0,14.0,0.429,1.0,4.0,0.25,2.0,2.0,1.0,1.0,3.0,4.0,1.0,1.0,1.0,1.0,0.0,15.0,-7.0,https://www.basketball-reference.com/boxscores/200012260DEN.html,2000-01
Eric Piatkowski,2000-12-28,Los Angeles Clippers,Dallas Mavericks,0,30.29,3.0,8.0,0.375,1.0,3.0,0.333,4.0,4.0,1.0,1.0,2.0,3.0,0.0,3.0,0.0,0.0,1.0,11.0,5.0,https://www.basketball-reference.com/boxscores/200012280DAL.html,2000-01
Eric Piatkowski,2001-01-02,Los Angeles Clippers,Toronto Raptors,1,21.03,1.0,4.0,0.25,1.0,2.0,0.5,2.0,2.0,1.0,0.0,2.0,2.0,0.0,0.0,0.0,1.0,2.0,5.0,-4.0,https://www.basketball-reference.com/boxscores/200101020LAC.html,2000-01
Eric Piatkowski,2001-01-03,Los Angeles Clippers,Phoenix Suns,0,14.44,0.0,3.0,0.0,0.0,0.0,,2.0,2.0,1.0,0.0,1.0,1.0,1.0,0.0,0.0,1.0,1.0,2.0,-7.0,https://www.basketball-reference.com/boxscores/200101030PHO.html,2000-01
Eric Piatkowski,2001-01-05,Los Angeles Clippers,Charlotte Hornets,1,34.12,4.0,11.0,0.364,2.0,7.0,0.28600000000000003,1.0,2.0,0.5,0.0,3.0,3.0,1.0,1.0,0.0,2.0,1.0,11.0,-3.0,https://www.basketball-reference.com/boxscores/200101050LAC.html,2000-01
Eric Piatkowski,2001-01-07,Los Angeles Clippers,Los Angeles Lakers,0,28.58,4.0,7.0,0.5710000000000001,0.0,2.0,0.0,2.0,2.0,1.0,1.0,3.0,4.0,2.0,2.0,0.0,1.0,4.0,10.0,12.0,https://www.basketball-reference.com/boxscores/200101070LAL.html,2000-01
Eric Piatkowski,2001-01-08,Los Angeles Clippers,Indiana Pacers,1,29.49,3.0,10.0,0.3,0.0,1.0,0.0,1.0,1.0,1.0,1.0,2.0,3.0,0.0,1.0,0.0,0.0,3.0,7.0,-1.0,https://www.basketball-reference.com/boxscores/200101080LAC.html,2000-01
Eric Piatkowski,2001-01-10,Los Angeles Clippers,Denver Nuggets,1,22.33,5.0,9.0,0.556,3.0,7.0,0.429,1.0,1.0,1.0,1.0,0.0,1.0,1.0,2.0,0.0,0.0,0.0,14.0,4.0,https://www.basketball-reference.com/boxscores/200101100LAC.html,2000-01
Eric Piatkowski,2001-01-12,Los Angeles Clippers,Minnesota Timberwolves,0,19.47,3.0,7.0,0.429,0.0,3.0,0.0,2.0,2.0,1.0,0.0,0.0,0.0,1.0,0.0,0.0,0.0,4.0,8.0,-14.0,https://www.basketball-reference.com/boxscores/200101120MIN.html,2000-01
Eric Piatkowski,2001-01-13,Los Angeles Clippers,Atlanta Hawks,0,24.11,2.0,7.0,0.28600000000000003,2.0,4.0,0.5,2.0,2.0,1.0,2.0,2.0,4.0,0.0,0.0,0.0,1.0,2.0,8.0,-3.0,https://www.basketball-reference.com/boxscores/200101130ATL.html,2000-01
Eric Piatkowski,2001-01-15,Los Angeles Clippers,Indiana Pacers,0,23.18,1.0,6.0,0.16699999999999998,0.0,2.0,0.0,2.0,2.0,1.0,0.0,2.0,2.0,3.0,0.0,0.0,0.0,1.0,4.0,-9.0,https://www.basketball-reference.com/boxscores/200101150IND.html,2000-01
Eric Piatkowski,2001-01-16,Los Angeles Clippers,Milwaukee Bucks,0,16.26,5.0,10.0,0.5,3.0,7.0,0.429,0.0,0.0,,2.0,0.0,2.0,1.0,0.0,0.0,0.0,1.0,13.0,-7.0,https://www.basketball-reference.com/boxscores/200101160MIL.html,2000-01
Eric Piatkowski,2001-01-18,Los Angeles Clippers,Boston Celtics,1,22.28,2.0,9.0,0.222,1.0,5.0,0.2,3.0,5.0,0.6,2.0,3.0,5.0,2.0,1.0,0.0,1.0,2.0,8.0,1.0,https://www.basketball-reference.com/boxscores/200101180LAC.html,2000-01
Eric Piatkowski,2001-01-27,Los Angeles Clippers,Sacramento Kings,1,38.04,3.0,13.0,0.231,2.0,3.0,0.667,0.0,0.0,,0.0,3.0,3.0,1.0,0.0,0.0,1.0,2.0,8.0,-15.0,https://www.basketball-reference.com/boxscores/200101270LAC.html,2000-01
Eric Piatkowski,2001-01-29,Los Angeles Clippers,San Antonio Spurs,1,23.09,2.0,4.0,0.5,0.0,2.0,0.0,1.0,1.0,1.0,0.0,1.0,1.0,0.0,1.0,1.0,3.0,1.0,5.0,-25.0,https://www.basketball-reference.com/boxscores/200101290LAC.html,2000-01
Eric Piatkowski,2001-01-31,Los Angeles Clippers,San Antonio Spurs,0,19.52,2.0,9.0,0.222,0.0,3.0,0.0,1.0,1.0,1.0,0.0,2.0,2.0,4.0,0.0,0.0,0.0,0.0,5.0,-20.0,https://www.basketball-reference.com/boxscores/200101310SAS.html,2000-01
Eric Piatkowski,2001-02-01,Los Angeles Clippers,Houston Rockets,0,27.21,6.0,10.0,0.6,1.0,2.0,0.5,2.0,2.0,1.0,0.0,2.0,2.0,3.0,0.0,0.0,0.0,1.0,15.0,18.0,https://www.basketball-reference.com/boxscores/200102010HOU.html,2000-01
Eric Piatkowski,2001-02-03,Los Angeles Clippers,Portland Trail Blazers,1,42.43,11.0,16.0,0.688,4.0,9.0,0.444,0.0,0.0,,2.0,4.0,6.0,1.0,0.0,0.0,2.0,3.0,26.0,1.0,https://www.basketball-reference.com/boxscores/200102030LAC.html,2000-01
Eric Piatkowski,2001-02-05,Los Angeles Clippers,Chicago Bulls,1,25.37,5.0,11.0,0.455,0.0,2.0,0.0,1.0,1.0,1.0,1.0,4.0,5.0,2.0,2.0,0.0,1.0,1.0,11.0,-2.0,https://www.basketball-reference.com/boxscores/200102050LAC.html,2000-01
Eric Piatkowski,2001-02-07,Los Angeles Clippers,Golden State Warriors,0,33.39,5.0,14.0,0.35700000000000004,3.0,6.0,0.5,2.0,2.0,1.0,3.0,3.0,6.0,1.0,2.0,1.0,2.0,2.0,15.0,4.0,https://www.basketball-reference.com/boxscores/200102070GSW.html,2000-01
Eric Piatkowski,2001-02-13,Miami Heat,Los Angeles Clippers,1,31.46,2.0,8.0,0.25,0.0,3.0,0.0,1.0,1.0,1.0,0.0,1.0,1.0,2.0,0.0,0.0,0.0,2.0,5.0,2.0,https://www.basketball-reference.com/boxscores/200102130MIA.html,2000-01
Eric Piatkowski,2001-02-14,Los Angeles Clippers,Orlando Magic,0,19.58,3.0,7.0,0.429,2.0,4.0,0.5,1.0,1.0,1.0,1.0,3.0,4.0,0.0,1.0,1.0,1.0,1.0,9.0,-11.0,https://www.basketball-reference.com/boxscores/200102140ORL.html,2000-01
Eric Piatkowski,2001-02-16,Los Angeles Clippers,Philadelphia 76ers,0,28.48,7.0,12.0,0.583,4.0,8.0,0.5,1.0,2.0,0.5,2.0,5.0,7.0,1.0,0.0,0.0,4.0,1.0,19.0,-12.0,https://www.basketball-reference.com/boxscores/200102160PHI.html,2000-01
Eric Piatkowski,2001-02-18,New Jersey Nets,Los Angeles Clippers,1,32.59,1.0,7.0,0.14300000000000002,1.0,4.0,0.25,1.0,2.0,0.5,1.0,4.0,5.0,2.0,2.0,0.0,1.0,1.0,4.0,-8.0,https://www.basketball-reference.com/boxscores/200102180NJN.html,2000-01
Eric Piatkowski,2001-02-19,Detroit Pistons,Los Angeles Clippers,1,41.07,7.0,13.0,0.5379999999999999,6.0,8.0,0.75,0.0,0.0,,0.0,6.0,6.0,3.0,2.0,0.0,2.0,1.0,20.0,7.0,https://www.basketball-reference.com/boxscores/200102190DET.html,2000-01
Eric Piatkowski,2001-02-21,Los Angeles Clippers,Cleveland Cavaliers,0,24.22,2.0,6.0,0.333,1.0,4.0,0.25,3.0,3.0,1.0,0.0,7.0,7.0,1.0,0.0,2.0,1.0,0.0,8.0,-6.0,https://www.basketball-reference.com/boxscores/200102210CLE.html,2000-01
Eric Piatkowski,2001-02-22,Los Angeles Clippers,Chicago Bulls,0,24.05,5.0,8.0,0.625,2.0,3.0,0.667,2.0,2.0,1.0,1.0,5.0,6.0,0.0,0.0,0.0,0.0,2.0,14.0,9.0,https://www.basketball-reference.com/boxscores/200102220CHI.html,2000-01
Eric Piatkowski,2001-02-26,Los Angeles Clippers,Dallas Mavericks,1,32.08,6.0,11.0,0.545,1.0,4.0,0.25,3.0,3.0,1.0,0.0,2.0,2.0,1.0,0.0,0.0,4.0,2.0,16.0,-8.0,https://www.basketball-reference.com/boxscores/200102260LAC.html,2000-01
Eric Piatkowski,2001-02-27,Sacramento Kings,Los Angeles Clippers,1,46.14,6.0,8.0,0.75,1.0,3.0,0.333,2.0,2.0,1.0,0.0,7.0,7.0,1.0,0.0,0.0,3.0,2.0,15.0,-10.0,https://www.basketball-reference.com/boxscores/200102270SAC.html,2000-01
Eric Piatkowski,2001-03-01,Los Angeles Clippers,Portland Trail Blazers,0,29.21,3.0,6.0,0.5,3.0,5.0,0.6,6.0,6.0,1.0,0.0,2.0,2.0,1.0,1.0,0.0,1.0,2.0,15.0,-3.0,https://www.basketball-reference.com/boxscores/200103010POR.html,2000-01
Eric Piatkowski,2001-03-02,Los Angeles Clippers,Sacramento Kings,1,29.31,4.0,10.0,0.4,2.0,4.0,0.5,1.0,1.0,1.0,1.0,3.0,4.0,2.0,0.0,0.0,1.0,1.0,11.0,-4.0,https://www.basketball-reference.com/boxscores/200103020LAC.html,2000-01
Eric Piatkowski,2001-03-05,Los Angeles Clippers,Denver Nuggets,1,22.33,4.0,9.0,0.444,1.0,2.0,0.5,2.0,2.0,1.0,0.0,1.0,1.0,1.0,0.0,0.0,0.0,2.0,11.0,10.0,https://www.basketball-reference.com/boxscores/200103050LAC.html,2000-01
Eric Piatkowski,2001-03-08,Los Angeles Clippers,Houston Rockets,0,35.22,4.0,11.0,0.364,1.0,2.0,0.5,0.0,1.0,0.0,2.0,5.0,7.0,4.0,0.0,0.0,0.0,2.0,9.0,-7.0,https://www.basketball-reference.com/boxscores/200103080HOU.html,2000-01
Eric Piatkowski,2001-03-11,Los Angeles Clippers,Dallas Mavericks,0,29.24,2.0,5.0,0.4,1.0,2.0,0.5,2.0,2.0,1.0,1.0,2.0,3.0,5.0,1.0,0.0,0.0,1.0,7.0,-15.0,https://www.basketball-reference.com/boxscores/200103110DAL.html,2000-01
Eric Piatkowski,2001-03-12,Los Angeles Clippers,San Antonio Spurs,0,26.03,0.0,8.0,0.0,0.0,4.0,0.0,2.0,2.0,1.0,0.0,0.0,0.0,2.0,0.0,0.0,0.0,0.0,2.0,-12.0,https://www.basketball-reference.com/boxscores/200103120SAS.html,2000-01
Eric Piatkowski,2001-03-16,Los Angeles Clippers,Golden State Warriors,1,34.53,4.0,12.0,0.333,2.0,5.0,0.4,4.0,4.0,1.0,0.0,2.0,2.0,1.0,0.0,1.0,1.0,3.0,14.0,16.0,https://www.basketball-reference.com/boxscores/200103160LAC.html,2000-01
Eric Piatkowski,2001-03-18,Los Angeles Clippers,Utah Jazz,1,43.47,5.0,11.0,0.455,1.0,4.0,0.25,1.0,1.0,1.0,0.0,0.0,0.0,2.0,0.0,0.0,1.0,0.0,12.0,-11.0,https://www.basketball-reference.com/boxscores/200103180LAC.html,2000-01
Eric Piatkowski,2001-03-20,Los Angeles Clippers,Philadelphia 76ers,1,39.46,4.0,5.0,0.8,3.0,3.0,1.0,2.0,2.0,1.0,0.0,5.0,5.0,0.0,2.0,0.0,1.0,0.0,13.0,16.0,https://www.basketball-reference.com/boxscores/200103200LAC.html,2000-01
Eric Piatkowski,2001-03-22,Los Angeles Clippers,Houston Rockets,1,36.39,4.0,7.0,0.5710000000000001,2.0,2.0,1.0,6.0,6.0,1.0,0.0,4.0,4.0,1.0,1.0,1.0,1.0,1.0,16.0,7.0,https://www.basketball-reference.com/boxscores/200103220LAC.html,2000-01
Eric Piatkowski,2001-03-26,Los Angeles Clippers,Portland Trail Blazers,0,10.44,1.0,2.0,0.5,0.0,0.0,,0.0,0.0,,0.0,1.0,1.0,0.0,0.0,0.0,0.0,3.0,2.0,-11.0,https://www.basketball-reference.com/boxscores/200103260POR.html,2000-01
Eric Piatkowski,2001-03-27,Los Angeles Clippers,Detroit Pistons,1,21.36,2.0,6.0,0.333,0.0,4.0,0.0,0.0,0.0,,0.0,0.0,0.0,2.0,2.0,0.0,0.0,3.0,4.0,-7.0,https://www.basketball-reference.com/boxscores/200103270LAC.html,2000-01
Eric Piatkowski,2001-03-30,Los Angeles Clippers,Seattle SuperSonics,0,32.55,5.0,10.0,0.5,2.0,6.0,0.333,3.0,4.0,0.75,0.0,4.0,4.0,2.0,1.0,0.0,2.0,1.0,15.0,-13.0,https://www.basketball-reference.com/boxscores/200103300SEA.html,2000-01
Eric Piatkowski,2001-03-31,Los Angeles Clippers,Cleveland Cavaliers,1,33.18,7.0,10.0,0.7,2.0,5.0,0.4,4.0,4.0,1.0,3.0,1.0,4.0,0.0,0.0,2.0,1.0,0.0,20.0,5.0,https://www.basketball-reference.com/boxscores/200103310LAC.html,2000-01
Eric Piatkowski,2003-12-05,Houston Rockets,New Orleans Hornets,0,19.55,1.0,6.0,0.16699999999999998,0.0,2.0,0.0,2.0,2.0,1.0,0.0,1.0,1.0,2.0,1.0,0.0,1.0,0.0,4.0,-6.0,https://www.basketball-reference.com/boxscores/200312050NOH.html,2003-04
Eric Piatkowski,2003-12-06,Houston Rockets,Detroit Pistons,1,15.12,1.0,2.0,0.5,1.0,1.0,1.0,1.0,1.0,1.0,0.0,2.0,2.0,1.0,2.0,1.0,2.0,1.0,4.0,-2.0,https://www.basketball-reference.com/boxscores/200312060HOU.html,2003-04
Eric Piatkowski,2003-12-09,Houston Rockets,Portland Trail Blazers,1,17.32,3.0,4.0,0.75,0.0,0.0,,0.0,0.0,,1.0,2.0,3.0,1.0,0.0,0.0,1.0,0.0,6.0,4.0,https://www.basketball-reference.com/boxscores/200312090HOU.html,2003-04
Eric Piatkowski,2003-12-11,Houston Rockets,San Antonio Spurs,1,16.29,1.0,3.0,0.333,0.0,1.0,0.0,0.0,0.0,,0.0,1.0,1.0,0.0,1.0,0.0,0.0,1.0,2.0,5.0,https://www.basketball-reference.com/boxscores/200312110HOU.html,2003-04
Eric Piatkowski,2003-12-13,Houston Rockets,San Antonio Spurs,0,21.53,3.0,9.0,0.333,1.0,5.0,0.2,1.0,1.0,1.0,1.0,1.0,2.0,0.0,0.0,0.0,0.0,1.0,8.0,-7.0,https://www.basketball-reference.com/boxscores/200312130SAS.html,2003-04
Eric Piatkowski,2003-12-16,Houston Rockets,Minnesota Timberwolves,0,20.31,3.0,6.0,0.5,1.0,4.0,0.25,4.0,4.0,1.0,0.0,3.0,3.0,2.0,1.0,0.0,1.0,1.0,11.0,4.0,https://www.basketball-reference.com/boxscores/200312160MIN.html,2003-04
Eric Piatkowski,2003-12-17,Houston Rockets,Cleveland Cavaliers,0,17.39,4.0,6.0,0.667,2.0,4.0,0.5,0.0,0.0,,0.0,1.0,1.0,0.0,0.0,1.0,0.0,2.0,10.0,-9.0,https://www.basketball-reference.com/boxscores/200312170CLE.html,2003-04
Eric Piatkowski,2003-12-19,Houston Rockets,Los Angeles Clippers,1,17.58,2.0,5.0,0.4,1.0,2.0,0.5,2.0,2.0,1.0,0.0,0.0,0.0,0.0,1.0,0.0,0.0,2.0,7.0,-7.0,https://www.basketball-reference.com/boxscores/200312190HOU.html,2003-04
Eric Piatkowski,2003-12-20,Houston Rockets,Phoenix Suns,0,21.27,2.0,7.0,0.28600000000000003,2.0,5.0,0.4,0.0,0.0,,0.0,1.0,1.0,0.0,0.0,0.0,0.0,0.0,6.0,-3.0,https://www.basketball-reference.com/boxscores/200312200PHO.html,2003-04
Eric Piatkowski,2003-12-23,Houston Rockets,Indiana Pacers,1,20.33,1.0,6.0,0.16699999999999998,1.0,4.0,0.25,0.0,0.0,,0.0,1.0,1.0,1.0,0.0,0.0,1.0,2.0,3.0,-2.0,https://www.basketball-reference.com/boxscores/200312230HOU.html,2003-04
Eric Piatkowski,2003-12-25,Houston Rockets,Los Angeles Lakers,0,15.03,1.0,5.0,0.2,1.0,4.0,0.25,1.0,1.0,1.0,0.0,1.0,1.0,0.0,1.0,1.0,1.0,1.0,4.0,-2.0,https://www.basketball-reference.com/boxscores/200312250LAL.html,2003-04
Eric Piatkowski,2003-12-26,Houston Rockets,Denver Nuggets,0,16.06,0.0,2.0,0.0,0.0,1.0,0.0,0.0,0.0,,0.0,2.0,2.0,1.0,0.0,0.0,0.0,2.0,0.0,-6.0,https://www.basketball-reference.com/boxscores/200312260DEN.html,2003-04
Eric Piatkowski,2003-12-29,Houston Rockets,Seattle SuperSonics,1,16.27,5.0,10.0,0.5,4.0,7.0,0.5710000000000001,0.0,0.0,,1.0,2.0,3.0,0.0,0.0,0.0,1.0,1.0,14.0,2.0,https://www.basketball-reference.com/boxscores/200312290HOU.html,2003-04
Eric Piatkowski,2003-12-31,Houston Rockets,Philadelphia 76ers,1,17.4,1.0,5.0,0.2,1.0,3.0,0.333,0.0,0.0,,1.0,2.0,3.0,0.0,1.0,0.0,1.0,0.0,3.0,0.0,https://www.basketball-reference.com/boxscores/200312310HOU.html,2003-04
Eric Piatkowski,2004-01-03,Houston Rockets,Utah Jazz,1,20.41,2.0,7.0,0.28600000000000003,2.0,5.0,0.4,0.0,0.0,,0.0,1.0,1.0,1.0,0.0,0.0,2.0,2.0,6.0,17.0,https://www.basketball-reference.com/boxscores/200401030HOU.html,2003-04
Eric Piatkowski,2004-01-05,Houston Rockets,Golden State Warriors,1,17.54,1.0,4.0,0.25,1.0,3.0,0.333,0.0,0.0,,1.0,2.0,3.0,0.0,0.0,0.0,0.0,0.0,3.0,0.0,https://www.basketball-reference.com/boxscores/200401050HOU.html,2003-04
Eric Piatkowski,2004-01-07,Houston Rockets,Detroit Pistons,0,22.53,2.0,5.0,0.4,1.0,2.0,0.5,0.0,0.0,,0.0,1.0,1.0,0.0,1.0,0.0,1.0,1.0,5.0,-2.0,https://www.basketball-reference.com/boxscores/200401070DET.html,2003-04
Eric Piatkowski,2004-01-08,Houston Rockets,New York Knicks,0,16.34,1.0,6.0,0.16699999999999998,1.0,4.0,0.25,0.0,0.0,,0.0,2.0,2.0,0.0,0.0,0.0,2.0,0.0,3.0,-4.0,https://www.basketball-reference.com/boxscores/200401080NYK.html,2003-04
Eric Piatkowski,2004-01-11,Houston Rockets,Boston Celtics,1,7.25,0.0,3.0,0.0,0.0,1.0,0.0,0.0,0.0,,0.0,1.0,1.0,0.0,0.0,0.0,0.0,1.0,0.0,-11.0,https://www.basketball-reference.com/boxscores/200401110HOU.html,2003-04
Eric Piatkowski,2004-01-13,Houston Rockets,Washington Wizards,0,3.12,0.0,0.0,,0.0,0.0,,0.0,0.0,,0.0,1.0,1.0,0.0,0.0,0.0,0.0,1.0,0.0,-7.0,https://www.basketball-reference.com/boxscores/200401130WAS.html,2003-04
Eric Piatkowski,2004-01-14,Houston Rockets,Boston Celtics,0,,,,,,,,,,,,,,,,,,,,,https://www.basketball-reference.com/boxscores/200401140BOS.html,2003-04
Eric Piatkowski,2004-01-17,Houston Rockets,Minnesota Timberwolves,1,,,,,,,,,,,,,,,,,,,,,https://www.basketball-reference.com/boxscores/200401170HOU.html,2003-04
Eric Piatkowski,2004-01-19,Houston Rockets,Memphis Grizzlies,0,,,,,,,,,,,,,,,,,,,,,https://www.basketball-reference.com/boxscores/200401190MEM.html,2003-04
Eric Piatkowski,2004-01-21,Houston Rockets,New York Knicks,1,,,,,,,,,,,,,,,,,,,,,https://www.basketball-reference.com/boxscores/200401210HOU.html,2003-04
Eric Piatkowski,2004-01-23,Houston Rockets,Indiana Pacers,0,,,,,,,,,,,,,,,,,,,,,https://www.basketball-reference.com/boxscores/200401230IND.html,2003-04
Eric Piatkowski,2004-01-25,Houston Rockets,Orlando Magic,0,,,,,,,,,,,,,,,,,,,,,https://www.basketball-reference.com/boxscores/200401250ORL.html,2003-04
Eric Piatkowski,2004-01-26,Houston Rockets,Miami Heat,0,5.06,1.0,2.0,0.5,1.0,2.0,0.5,0.0,0.0,,1.0,2.0,3.0,0.0,0.0,0.0,1.0,0.0,3.0,4.0,https://www.basketball-reference.com/boxscores/200401260MIA.html,2003-04
Eric Piatkowski,2004-01-28,Houston Rockets,Sacramento Kings,1,,,,,,,,,,,,,,,,,,,,,https://www.basketball-reference.com/boxscores/200401280HOU.html,2003-04
Eric Piatkowski,2004-01-31,Houston Rockets,New Jersey Nets,1,,,,,,,,,,,,,,,,,,,,,https://www.basketball-reference.com/boxscores/200401310HOU.html,2003-04
Eric Piatkowski,2004-02-02,Houston Rockets,Phoenix Suns,0,7.17,0.0,2.0,0.0,0.0,1.0,0.0,0.0,0.0,,0.0,0.0,0.0,1.0,0.0,0.0,0.0,1.0,0.0,-6.0,https://www.basketball-reference.com/boxscores/200402020PHO.html,2003-04
Eric Piatkowski,2004-02-04,Houston Rockets,Milwaukee Bucks,1,,,,,,,,,,,,,,,,,,,,,https://www.basketball-reference.com/boxscores/200402040HOU.html,2003-04
Eric Piatkowski,2004-02-06,Houston Rockets,Chicago Bulls,1,,,,,,,,,,,,,,,,,,,,,https://www.basketball-reference.com/boxscores/200402060HOU.html,2003-04
Eric Piatkowski,2004-02-07,Houston Rockets,Atlanta Hawks,0,,,,,,,,,,,,,,,,,,,,,https://www.basketball-reference.com/boxscores/200402070ATL.html,2003-04
Eric Piatkowski,2004-02-09,Houston Rockets,San Antonio Spurs,1,,,,,,,,,,,,,,,,,,,,,https://www.basketball-reference.com/boxscores/200402090HOU.html,2003-04
Eric Piatkowski,2004-02-11,Houston Rockets,Los Angeles Lakers,1,,,,,,,,,,,,,,,,,,,,,https://www.basketball-reference.com/boxscores/200402110HOU.html,2003-04
Eric Piatkowski,2004-02-17,Houston Rockets,Washington Wizards,1,,,,,,,,,,,,,,,,,,,,,https://www.basketball-reference.com/boxscores/200402170HOU.html,2003-04
Eric Piatkowski,2004-02-21,Houston Rockets,Dallas Mavericks,0,9.11,3.0,6.0,0.5,1.0,4.0,0.25,0.0,0.0,,1.0,3.0,4.0,1.0,0.0,0.0,1.0,2.0,7.0,3.0,https://www.basketball-reference.com/boxscores/200402210DAL.html,2003-04
Eric Piatkowski,2004-02-24,Houston Rockets,San Antonio Spurs,0,11.41,1.0,1.0,1.0,1.0,1.0,1.0,0.0,0.0,,2.0,0.0,2.0,0.0,1.0,0.0,0.0,0.0,3.0,0.0,https://www.basketball-reference.com/boxscores/200402240SAS.html,2003-04
Eric Piatkowski,2004-02-25,Houston Rockets,Cleveland Cavaliers,1,11.11,2.0,2.0,1.0,0.0,0.0,,0.0,0.0,,0.0,3.0,3.0,1.0,0.0,0.0,0.0,0.0,4.0,9.0,https://www.basketball-reference.com/boxscores/200402250HOU.html,2003-04
Eric Piatkowski,2004-02-27,Houston Rockets,Portland Trail Blazers,1,7.34,1.0,2.0,0.5,1.0,2.0,0.5,0.0,0.0,,0.0,0.0,0.0,2.0,0.0,0.0,0.0,0.0,3.0,-6.0,https://www.basketball-reference.com/boxscores/200402270HOU.html,2003-04
Eric Piatkowski,2004-02-29,Houston Rockets,Seattle SuperSonics,1,6.39,1.0,5.0,0.2,1.0,4.0,0.25,0.0,0.0,,0.0,2.0,2.0,0.0,0.0,0.0,0.0,1.0,3.0,-5.0,https://www.basketball-reference.com/boxscores/200402290HOU.html,2003-04
Eric Piatkowski,2004-03-03,Houston Rockets,Los Angeles Lakers,1,19.09,2.0,3.0,0.667,1.0,1.0,1.0,0.0,0.0,,0.0,2.0,2.0,0.0,1.0,0.0,0.0,1.0,5.0,4.0,https://www.basketball-reference.com/boxscores/200403030HOU.html,2003-04
Eric Piatkowski,2004-03-05,Houston Rockets,Minnesota Timberwolves,0,,,,,,,,,,,,,,,,,,,,,https://www.basketball-reference.com/boxscores/200403050MIN.html,2003-04
Eric Piatkowski,2004-03-07,Houston Rockets,Dallas Mavericks,1,,,,,,,,,,,,,,,,,,,,,https://www.basketball-reference.com/boxscores/200403070HOU.html,2003-04
Eric Piatkowski,2004-03-09,Houston Rockets,Los Angeles Clippers,1,,,,,,,,,,,,,,,,,,,,,https://www.basketball-reference.com/boxscores/200403090HOU.html,2003-04
Eric Piatkowski,2004-03-11,Houston Rockets,New Orleans Hornets,1,,,,,,,,,,,,,,,,,,,,,https://www.basketball-reference.com/boxscores/200403110HOU.html,2003-04
Eric Piatkowski,2004-03-13,Houston Rockets,Memphis Grizzlies,1,,,,,,,,,,,,,,,,,,,,,https://www.basketball-reference.com/boxscores/200403130HOU.html,2003-04
Eric Piatkowski,2004-03-19,Houston Rockets,Golden State Warriors,0,,,,,,,,,,,,,,,,,,,,,https://www.basketball-reference.com/boxscores/200403190GSW.html,2003-04
Eric Piatkowski,2004-03-21,Houston Rockets,Sacramento Kings,0,11.26,2.0,2.0,1.0,1.0,1.0,1.0,0.0,0.0,,0.0,1.0,1.0,0.0,1.0,0.0,0.0,0.0,5.0,-8.0,https://www.basketball-reference.com/boxscores/200403210SAC.html,2003-04
Eric Piatkowski,2004-03-22,Portland Trail Blazers,Houston Rockets,1,6.02,1.0,2.0,0.5,1.0,2.0,0.5,0.0,0.0,,0.0,1.0,1.0,1.0,0.0,0.0,0.0,2.0,3.0,1.0,https://www.basketball-reference.com/boxscores/200403220POR.html,2003-04
Eric Piatkowski,2004-03-26,Houston Rockets,Memphis Grizzlies,0,14.47,0.0,1.0,0.0,0.0,1.0,0.0,0.0,0.0,,0.0,0.0,0.0,0.0,0.0,0.0,1.0,0.0,0.0,2.0,https://www.basketball-reference.com/boxscores/200403260MEM.html,2003-04
Eric Piatkowski,2004-03-28,Milwaukee Bucks,Houston Rockets,1,5.13,0.0,0.0,,0.0,0.0,,0.0,0.0,,0.0,0.0,0.0,0.0,0.0,0.0,0.0,0.0,0.0,-1.0,https://www.basketball-reference.com/boxscores/200403280MIL.html,2003-04
Eric Piatkowski,2004-03-29,Houston Rockets,Minnesota Timberwolves,1,,,,,,,,,,,,,,,,,,,,,https://www.basketball-reference.com/boxscores/200403290HOU.html,2003-04
Eric Piatkowski,2001-12-02,Los Angeles Clippers,Indiana Pacers,1,,,,,,,,,,,,,,,,,,,,,https://www.basketball-reference.com/boxscores/200112020LAC.html,2001-02
Eric Piatkowski,2001-12-04,Los Angeles Clippers,Miami Heat,1,,,,,,,,,,,,,,,,,,,,,https://www.basketball-reference.com/boxscores/200112040LAC.html,2001-02
Eric Piatkowski,2001-12-07,Los Angeles Clippers,Utah Jazz,1,,,,,,,,,,,,,,,,,,,,,https://www.basketball-reference.com/boxscores/200112070LAC.html,2001-02
Eric Piatkowski,2001-12-09,Los Angeles Clippers,Charlotte Hornets,1,,,,,,,,,,,,,,,,,,,,,https://www.basketball-reference.com/boxscores/200112090LAC.html,2001-02
Eric Piatkowski,2001-12-10,Los Angeles Clippers,Orlando Magic,1,,,,,,,,,,,,,,,,,,,,,https://www.basketball-reference.com/boxscores/200112100LAC.html,2001-02
Eric Piatkowski,2001-12-12,Los Angeles Clippers,Seattle SuperSonics,1,7.42,0.0,2.0,0.0,0.0,1.0,0.0,0.0,0.0,,0.0,0.0,0.0,1.0,0.0,0.0,0.0,0.0,0.0,-4.0,https://www.basketball-reference.com/boxscores/200112120LAC.html,2001-02
Eric Piatkowski,2001-12-14,Los Angeles Clippers,Los Angeles Lakers,0,,,,,,,,,,,,,,,,,,,,,https://www.basketball-reference.com/boxscores/200112140LAL.html,2001-02
Eric Piatkowski,2001-12-16,Los Angeles Clippers,Detroit Pistons,1,,,,,,,,,,,,,,,,,,,,,https://www.basketball-reference.com/boxscores/200112160LAC.html,2001-02
Eric Piatkowski,2001-12-18,Los Angeles Clippers,Phoenix Suns,0,,,,,,,,,,,,,,,,,,,,,https://www.basketball-reference.com/boxscores/200112180PHO.html,2001-02
Eric Piatkowski,2001-12-22,Los Angeles Clippers,Sacramento Kings,1,,,,,,,,,,,,,,,,,,,,,https://www.basketball-reference.com/boxscores/200112220LAC.html,2001-02
Eric Piatkowski,2001-12-26,Los Angeles Clippers,Philadelphia 76ers,1,,,,,,,,,,,,,,,,,,,,,https://www.basketball-reference.com/boxscores/200112260LAC.html,2001-02
Eric Piatkowski,2001-12-27,Los Angeles Clippers,Seattle SuperSonics,0,,,,,,,,,,,,,,,,,,,,,https://www.basketball-reference.com/boxscores/200112270SEA.html,2001-02
Eric Piatkowski,2002-01-01,Los Angeles Clippers,Portland Trail Blazers,1,24.31,3.0,6.0,0.5,2.0,5.0,0.4,2.0,2.0,1.0,1.0,4.0,5.0,3.0,0.0,0.0,1.0,0.0,10.0,3.0,https://www.basketball-reference.com/boxscores/200201010LAC.html,2001-02
Eric Piatkowski,2002-01-02,Los Angeles Clippers,Sacramento Kings,0,12.08,3.0,6.0,0.5,0.0,1.0,0.0,0.0,0.0,,1.0,1.0,2.0,0.0,0.0,0.0,0.0,0.0,6.0,-8.0,https://www.basketball-reference.com/boxscores/200201020SAC.html,2001-02
Eric Piatkowski,2002-01-04,Los Angeles Clippers,Denver Nuggets,0,11.13,1.0,4.0,0.25,1.0,3.0,0.333,2.0,2.0,1.0,0.0,0.0,0.0,0.0,0.0,0.0,0.0,0.0,5.0,-3.0,https://www.basketball-reference.com/boxscores/200201040DEN.html,2001-02
Eric Piatkowski,2002-01-05,Los Angeles Clippers,Milwaukee Bucks,1,14.35,3.0,5.0,0.6,3.0,4.0,0.75,0.0,0.0,,1.0,1.0,2.0,0.0,0.0,0.0,2.0,0.0,9.0,1.0,https://www.basketball-reference.com/boxscores/200201050LAC.html,2001-02
Eric Piatkowski,2002-01-07,Los Angeles Clippers,Philadelphia 76ers,0,7.08,0.0,1.0,0.0,0.0,1.0,0.0,0.0,0.0,,0.0,0.0,0.0,0.0,0.0,0.0,0.0,1.0,0.0,-7.0,https://www.basketball-reference.com/boxscores/200201070PHI.html,2001-02
Eric Piatkowski,2002-01-08,Los Angeles Clippers,Washington Wizards,0,15.08,2.0,2.0,1.0,1.0,1.0,1.0,0.0,0.0,,1.0,2.0,3.0,0.0,0.0,0.0,1.0,2.0,5.0,5.0,https://www.basketball-reference.com/boxscores/200201080WAS.html,2001-02
Eric Piatkowski,2002-01-10,Los Angeles Clippers,New Jersey Nets,0,14.04,2.0,4.0,0.5,1.0,1.0,1.0,0.0,0.0,,0.0,0.0,0.0,0.0,0.0,0.0,1.0,1.0,5.0,-6.0,https://www.basketball-reference.com/boxscores/200201100NJN.html,2001-02
Eric Piatkowski,2002-01-11,Charlotte Hornets,Los Angeles Clippers,1,24.3,4.0,11.0,0.364,3.0,8.0,0.375,0.0,0.0,,1.0,6.0,7.0,2.0,3.0,0.0,0.0,3.0,11.0,11.0,https://www.basketball-reference.com/boxscores/200201110CHH.html,2001-02
Eric Piatkowski,2002-01-13,Los Angeles Clippers,Toronto Raptors,0,26.36,4.0,8.0,0.5,1.0,3.0,0.333,0.0,1.0,0.0,0.0,3.0,3.0,2.0,1.0,0.0,1.0,1.0,9.0,1.0,https://www.basketball-reference.com/boxscores/200201130TOR.html,2001-02
Eric Piatkowski,2002-01-15,Los Angeles Clippers,Minnesota Timberwolves,0,21.56,3.0,8.0,0.375,2.0,4.0,0.5,0.0,0.0,,0.0,2.0,2.0,2.0,1.0,0.0,1.0,0.0,8.0,-17.0,https://www.basketball-reference.com/boxscores/200201150MIN.html,2001-02
Eric Piatkowski,2002-01-18,Los Angeles Clippers,Cleveland Cavaliers,1,23.57,2.0,4.0,0.5,1.0,3.0,0.333,2.0,2.0,1.0,0.0,1.0,1.0,2.0,0.0,0.0,1.0,3.0,7.0,4.0,https://www.basketball-reference.com/boxscores/200201180LAC.html,2001-02
Eric Piatkowski,2002-01-19,Los Angeles Clippers,Portland Trail Blazers,0,9.25,1.0,4.0,0.25,1.0,2.0,0.5,0.0,0.0,,0.0,0.0,0.0,0.0,0.0,0.0,0.0,2.0,3.0,-17.0,https://www.basketball-reference.com/boxscores/200201190POR.html,2001-02
Eric Piatkowski,2002-01-21,Los Angeles Clippers,Denver Nuggets,1,40.12,3.0,11.0,0.273,0.0,5.0,0.0,3.0,4.0,0.75,1.0,2.0,3.0,9.0,2.0,0.0,0.0,1.0,9.0,18.0,https://www.basketball-reference.com/boxscores/200201210LAC.html,2001-02
Eric Piatkowski,2002-01-23,Los Angeles Clippers,Los Angeles Lakers,1,17.15,1.0,5.0,0.2,1.0,2.0,0.5,0.0,0.0,,0.0,1.0,1.0,2.0,0.0,1.0,2.0,2.0,3.0,-1.0,https://www.basketball-reference.com/boxscores/200201230LAC.html,2001-02
Eric Piatkowski,2002-01-26,Los Angeles Clippers,Dallas Mavericks,1,26.03,5.0,9.0,0.556,4.0,6.0,0.667,1.0,1.0,1.0,0.0,3.0,3.0,2.0,1.0,1.0,1.0,1.0,15.0,-4.0,https://www.basketball-reference.com/boxscores/200201260LAC.html,2001-02
Eric Piatkowski,2002-01-28,Memphis Grizzlies,Los Angeles Clippers,1,24.1,1.0,3.0,0.333,1.0,3.0,0.333,2.0,2.0,1.0,0.0,3.0,3.0,2.0,0.0,1.0,1.0,4.0,5.0,-12.0,https://www.basketball-reference.com/boxscores/200201280MEM.html,2001-02
Eric Piatkowski,2002-01-29,Los Angeles Clippers,Dallas Mavericks,0,16.47,2.0,5.0,0.4,2.0,5.0,0.4,2.0,2.0,1.0,0.0,3.0,3.0,2.0,0.0,0.0,0.0,1.0,8.0,5.0,https://www.basketball-reference.com/boxscores/200201290DAL.html,2001-02
Eric Piatkowski,2002-01-31,Los Angeles Clippers,San Antonio Spurs,0,29.5,4.0,8.0,0.5,3.0,5.0,0.6,0.0,0.0,,0.0,4.0,4.0,3.0,1.0,0.0,0.0,1.0,11.0,9.0,https://www.basketball-reference.com/boxscores/200201310SAS.html,2001-02
Eric Piatkowski,2002-02-02,Los Angeles Clippers,Atlanta Hawks,0,38.48,9.0,18.0,0.5,4.0,9.0,0.444,0.0,0.0,,1.0,2.0,3.0,2.0,1.0,1.0,1.0,2.0,22.0,2.0,https://www.basketball-reference.com/boxscores/200202020ATL.html,2001-02
Eric Piatkowski,2002-02-03,Los Angeles Clippers,Boston Celtics,0,33.45,3.0,9.0,0.333,2.0,5.0,0.4,4.0,4.0,1.0,1.0,1.0,2.0,2.0,0.0,0.0,0.0,3.0,12.0,-13.0,https://www.basketball-reference.com/boxscores/200202030BOS.html,2001-02
Eric Piatkowski,2002-02-05,Los Angeles Clippers,New York Knicks,0,9.08,0.0,2.0,0.0,0.0,1.0,0.0,0.0,0.0,,0.0,2.0,2.0,0.0,0.0,0.0,0.0,2.0,0.0,-8.0,https://www.basketball-reference.com/boxscores/200202050NYK.html,2001-02
Eric Piatkowski,2002-02-07,Los Angeles Clippers,Detroit Pistons,0,16.22,1.0,1.0,1.0,0.0,0.0,,0.0,0.0,,0.0,0.0,0.0,1.0,0.0,0.0,0.0,0.0,2.0,-7.0,https://www.basketball-reference.com/boxscores/200202070DET.html,2001-02
Eric Piatkowski,2002-02-14,Los Angeles Clippers,San Antonio Spurs,1,31.01,6.0,11.0,0.545,2.0,3.0,0.667,3.0,3.0,1.0,2.0,2.0,4.0,0.0,0.0,0.0,1.0,3.0,17.0,-3.0,https://www.basketball-reference.com/boxscores/200202140LAC.html,2001-02
Eric Piatkowski,2002-02-16,Los Angeles Clippers,Dallas Mavericks,1,48.0,11.0,16.0,0.688,5.0,8.0,0.625,9.0,9.0,1.0,0.0,6.0,6.0,4.0,0.0,0.0,2.0,2.0,36.0,9.0,https://www.basketball-reference.com/boxscores/200202160LAC.html,2001-02
Eric Piatkowski,2002-02-18,Los Angeles Clippers,Portland Trail Blazers,1,20.36,0.0,9.0,0.0,0.0,4.0,0.0,3.0,3.0,1.0,1.0,1.0,2.0,0.0,0.0,0.0,0.0,1.0,3.0,-6.0,https://www.basketball-reference.com/boxscores/200202180LAC.html,2001-02
Eric Piatkowski,2002-02-20,Los Angeles Clippers,Miami Heat,0,28.17,0.0,4.0,0.0,0.0,2.0,0.0,0.0,1.0,0.0,1.0,3.0,4.0,0.0,1.0,0.0,0.0,3.0,0.0,-1.0,https://www.basketball-reference.com/boxscores/200202200MIA.html,2001-02
Eric Piatkowski,2002-02-21,Los Angeles Clippers,Orlando Magic,0,22.13,4.0,7.0,0.5710000000000001,2.0,5.0,0.4,1.0,1.0,1.0,1.0,3.0,4.0,3.0,1.0,0.0,0.0,2.0,11.0,-12.0,https://www.basketball-reference.com/boxscores/200202210ORL.html,2001-02
Eric Piatkowski,2002-02-23,Los Angeles Clippers,Indiana Pacers,0,20.41,1.0,4.0,0.25,0.0,1.0,0.0,0.0,1.0,0.0,0.0,0.0,0.0,0.0,1.0,0.0,1.0,0.0,2.0,-14.0,https://www.basketball-reference.com/boxscores/200202230IND.html,2001-02
Eric Piatkowski,2002-02-25,Los Angeles Clippers,Memphis Grizzlies,0,24.54,3.0,8.0,0.375,2.0,5.0,0.4,1.0,1.0,1.0,0.0,1.0,1.0,1.0,1.0,1.0,2.0,3.0,9.0,-1.0,https://www.basketball-reference.com/boxscores/200202250MEM.html,2001-02
Eric Piatkowski,2002-02-26,Los Angeles Clippers,Houston Rockets,0,17.42,1.0,5.0,0.2,0.0,1.0,0.0,0.0,0.0,,0.0,3.0,3.0,1.0,0.0,0.0,0.0,0.0,2.0,-2.0,https://www.basketball-reference.com/boxscores/200202260HOU.html,2001-02
Eric Piatkowski,2002-03-02,Los Angeles Clippers,Golden State Warriors,1,19.35,3.0,7.0,0.429,3.0,4.0,0.75,0.0,0.0,,1.0,2.0,3.0,1.0,0.0,0.0,2.0,3.0,9.0,3.0,https://www.basketball-reference.com/boxscores/200203020LAC.html,2001-02
Eric Piatkowski,2002-03-06,Los Angeles Clippers,Milwaukee Bucks,0,21.27,1.0,3.0,0.333,0.0,1.0,0.0,4.0,4.0,1.0,0.0,0.0,0.0,1.0,3.0,0.0,1.0,0.0,6.0,-3.0,https://www.basketball-reference.com/boxscores/200203060MIL.html,2001-02
Eric Piatkowski,2002-03-08,Los Angeles Clippers,Chicago Bulls,0,19.0,1.0,5.0,0.2,0.0,1.0,0.0,1.0,1.0,1.0,1.0,0.0,1.0,2.0,1.0,0.0,0.0,0.0,3.0,1.0,https://www.basketball-reference.com/boxscores/200203080CHI.html,2001-02
Eric Piatkowski,2002-03-10,Los Angeles Clippers,Cleveland Cavaliers,0,30.12,4.0,9.0,0.444,4.0,7.0,0.5710000000000001,5.0,6.0,0.833,0.0,2.0,2.0,4.0,0.0,0.0,1.0,2.0,17.0,29.0,https://www.basketball-reference.com/boxscores/200203100CLE.html,2001-02
Eric Piatkowski,2002-03-11,Los Angeles Clippers,Minnesota Timberwolves,0,19.57,5.0,6.0,0.833,3.0,3.0,1.0,1.0,2.0,0.5,1.0,0.0,1.0,1.0,3.0,1.0,2.0,1.0,14.0,-4.0,https://www.basketball-reference.com/boxscores/200203110MIN.html,2001-02
Eric Piatkowski,2002-03-13,Los Angeles Clippers,Washington Wizards,1,18.5,3.0,3.0,1.0,1.0,1.0,1.0,4.0,4.0,1.0,0.0,1.0,1.0,0.0,2.0,1.0,2.0,2.0,11.0,9.0,https://www.basketball-reference.com/boxscores/200203130LAC.html,2001-02
Eric Piatkowski,2002-03-15,Los Angeles Clippers,Los Angeles Lakers,0,18.36,1.0,5.0,0.2,0.0,2.0,0.0,2.0,3.0,0.667,1.0,3.0,4.0,1.0,1.0,1.0,2.0,2.0,4.0,-9.0,https://www.basketball-reference.com/boxscores/200203150LAL.html,2001-02
Eric Piatkowski,2002-03-16,Los Angeles Clippers,Seattle SuperSonics,1,34.44,7.0,13.0,0.5379999999999999,5.0,8.0,0.625,1.0,2.0,0.5,2.0,0.0,2.0,2.0,0.0,0.0,2.0,3.0,20.0,-1.0,https://www.basketball-reference.com/boxscores/200203160LAC.html,2001-02
Eric Piatkowski,2002-03-18,Los Angeles Clippers,Houston Rockets,1,31.54,2.0,8.0,0.25,0.0,2.0,0.0,5.0,5.0,1.0,2.0,3.0,5.0,2.0,2.0,0.0,2.0,4.0,9.0,-4.0,https://www.basketball-reference.com/boxscores/200203180LAC.html,2001-02
Eric Piatkowski,2002-03-21,Los Angeles Clippers,Golden State Warriors,0,29.18,6.0,7.0,0.857,4.0,5.0,0.8,2.0,2.0,1.0,0.0,1.0,1.0,1.0,0.0,0.0,0.0,1.0,18.0,13.0,https://www.basketball-reference.com/boxscores/200203210GSW.html,2001-02
Eric Piatkowski,2002-03-23,Los Angeles Clippers,Phoenix Suns,1,28.56,3.0,11.0,0.273,2.0,7.0,0.28600000000000003,1.0,1.0,1.0,3.0,1.0,4.0,1.0,0.0,1.0,0.0,1.0,9.0,6.0,https://www.basketball-reference.com/boxscores/200203230LAC.html,2001-02
Eric Piatkowski,2002-03-25,Los Angeles Clippers,San Antonio Spurs,1,26.55,5.0,10.0,0.5,2.0,3.0,0.667,1.0,1.0,1.0,1.0,0.0,1.0,0.0,1.0,0.0,2.0,2.0,13.0,-3.0,https://www.basketball-reference.com/boxscores/200203250LAC.html,2001-02
Eric Piatkowski,2002-03-26,Los Angeles Clippers,Sacramento Kings,0,24.54,5.0,5.0,1.0,3.0,3.0,1.0,2.0,2.0,1.0,0.0,4.0,4.0,1.0,1.0,0.0,2.0,1.0,15.0,-16.0,https://www.basketball-reference.com/boxscores/200203260SAC.html,2001-02
Eric Piatkowski,2002-03-29,Los Angeles Clippers,Phoenix Suns,0,27.23,3.0,7.0,0.429,3.0,4.0,0.75,0.0,0.0,,0.0,2.0,2.0,3.0,0.0,0.0,0.0,2.0,9.0,14.0,https://www.basketball-reference.com/boxscores/200203290PHO.html,2001-02
Eric Piatkowski,2002-03-30,Los Angeles Clippers,Utah Jazz,1,28.12,4.0,7.0,0.5710000000000001,3.0,4.0,0.75,0.0,0.0,,0.0,4.0,4.0,3.0,0.0,0.0,2.0,0.0,11.0,-5.0,https://www.basketball-reference.com/boxscores/200203300LAC.html,2001-02
