Unnamed: 0,season,Player,Date,Team,Against,Home,MP,FG,FGA,FG%,3P,3PA,3P%,FT,FTA,FT%,ORB,DRB,TRB,AST,STL,BLK,TOV,PF,PTS,+/-,GameLink,TS%,DD,DT,FPTS
,2019-20,Hassan Whiteside,2019-12-12,Portland Trail Blazers,Denver Nuggets,0.0,35.07,15.0,21.0,0.7140000000000001,1.0,1.0,1.0,2.0,2.0,1.0,3.0,8.0,11.0,2.0,0.0,4.0,0.0,5.0,33.0,-3.0,https://www.basketball-reference.com/boxscores/201912120DEN.html,361.02,1.0,0.0,59.25
,2019-20,Hassan Whiteside,2019-12-20,Portland Trail Blazers,Orlando Magic,1.0,32.39,3.0,9.0,0.333,0.0,1.0,0.0,4.0,6.0,0.667,3.0,14.0,17.0,1.0,0.0,5.0,5.0,5.0,10.0,22.0,https://www.basketball-reference.com/boxscores/201912200POR.html,58.2,1.0,0.0,41.25
,2019-20,Hassan Whiteside,2020-01-09,Portland Trail Blazers,Minnesota Timberwolves,0.0,27.58,6.0,12.0,0.5,1.0,1.0,1.0,2.0,3.0,0.667,5.0,9.0,14.0,0.0,0.0,2.0,3.0,1.0,15.0,-7.0,https://www.basketball-reference.com/boxscores/202001090MIN.html,99.9,1.0,0.0,36.5
,2019-20,Hassan Whiteside,2020-01-13,Portland Trail Blazers,Charlotte Hornets,1.0,24.14,2.0,6.0,0.333,0.0,1.0,0.0,3.0,4.0,0.75,0.0,11.0,11.0,0.0,0.0,3.0,2.0,2.0,7.0,-1.0,https://www.basketball-reference.com/boxscores/202001130POR.html,27.16,0.0,0.0,25.75
,2019-20,Hassan Whiteside,2020-02-25,Portland Trail Blazers,Boston Celtics,1.0,36.06,8.0,12.0,0.667,1.0,1.0,1.0,1.0,3.0,0.333,3.0,16.0,19.0,3.0,0.0,1.0,3.0,4.0,18.0,-12.0,https://www.basketball-reference.com/boxscores/202002250POR.html,119.88,1.0,0.0,48.25
,2019-20,Hassan Whiteside,2020-03-02,Portland Trail Blazers,Orlando Magic,0.0,26.3,6.0,12.0,0.5,0.0,1.0,0.0,4.0,4.0,1.0,3.0,10.0,13.0,1.0,0.0,2.0,0.0,5.0,16.0,16.0,https://www.basketball-reference.com/boxscores/202003020ORL.html,110.08,1.0,0.0,38.75
,2019-20,Hassan Whiteside,2020-03-06,Portland Trail Blazers,Phoenix Suns,0.0,40.02,11.0,14.0,0.7859999999999999,1.0,1.0,1.0,0.0,3.0,0.0,5.0,15.0,20.0,1.0,0.0,4.0,3.0,1.0,23.0,0.0,https://www.basketball-reference.com/boxscores/202003060PHO.html,176.18,1.0,0.0,57.5
,2018-19,Hassan Whiteside,2019-02-23,Miami Heat,Detroit Pistons,1.0,30.45,6.0,10.0,0.6,0.0,1.0,0.0,1.0,2.0,0.5,4.0,11.0,15.0,0.0,2.0,3.0,0.0,2.0,13.0,-14.0,https://www.basketball-reference.com/boxscores/201902230MIA.html,70.72,1.0,0.0,42.75
,2020-21,Hassan Whiteside,2021-01-27,Sacramento Kings,Orlando Magic,0.0,15.34,4.0,7.0,0.5710000000000001,0.0,1.0,0.0,1.0,3.0,0.333,2.0,4.0,6.0,0.0,0.0,0.0,1.0,0.0,9.0,-3.0,https://www.basketball-reference.com/boxscores/202101270ORL.html,37.44,0.0,0.0,16.0
