Player,Date,Team,Against,Home,MP,FG,FGA,FG%,3P,3PA,3P%,FT,FTA,FT%,ORB,DRB,TRB,AST,STL,BLK,TOV,PF,PTS,+/-,GameLink,season
JaKarr Sampson,2014-12-01,Philadelphia 76ers,San Antonio Spurs,1,12.29,1.0,1.0,1.0,1.0,1.0,1.0,1.0,2.0,0.5,0.0,3.0,3.0,1.0,0.0,0.0,1.0,1.0,4.0,14.0,https://www.basketball-reference.com/boxscores/201412010PHI.html,2014-15
JaKarr Sampson,2014-12-03,Philadelphia 76ers,Minnesota Timberwolves,0,2.4,0.0,1.0,0.0,0.0,1.0,0.0,0.0,0.0,,0.0,0.0,0.0,0.0,0.0,0.0,1.0,0.0,0.0,0.0,https://www.basketball-reference.com/boxscores/201412030MIN.html,2014-15
JaKarr Sampson,2014-12-05,Philadelphia 76ers,Oklahoma City Thunder,1,7.41,1.0,3.0,0.333,0.0,1.0,0.0,1.0,2.0,0.5,1.0,2.0,3.0,1.0,0.0,0.0,0.0,0.0,3.0,-6.0,https://www.basketball-reference.com/boxscores/201412050PHI.html,2014-15
JaKarr Sampson,2014-12-06,Detroit Pistons,Philadelphia 76ers,1,8.59,1.0,2.0,0.5,0.0,1.0,0.0,0.0,1.0,0.0,0.0,1.0,1.0,0.0,0.0,0.0,0.0,5.0,2.0,-4.0,https://www.basketball-reference.com/boxscores/201412060DET.html,2014-15
JaKarr Sampson,2014-12-10,Philadelphia 76ers,Atlanta Hawks,0,6.48,0.0,1.0,0.0,0.0,0.0,,0.0,0.0,,1.0,0.0,1.0,0.0,0.0,0.0,1.0,2.0,0.0,2.0,https://www.basketball-reference.com/boxscores/201412100ATL.html,2014-15
JaKarr Sampson,2014-12-12,Philadelphia 76ers,Brooklyn Nets,0,1.47,0.0,0.0,,0.0,0.0,,0.0,0.0,,0.0,1.0,1.0,1.0,0.0,0.0,0.0,0.0,0.0,-3.0,https://www.basketball-reference.com/boxscores/201412120BRK.html,2014-15
JaKarr Sampson,2014-12-15,Philadelphia 76ers,Boston Celtics,1,6.39,2.0,3.0,0.667,0.0,1.0,0.0,2.0,2.0,1.0,0.0,2.0,2.0,1.0,0.0,1.0,1.0,1.0,6.0,5.0,https://www.basketball-reference.com/boxscores/201412150PHI.html,2014-15
JaKarr Sampson,2014-12-19,Philadelphia 76ers,Charlotte Hornets,1,19.53,2.0,2.0,1.0,0.0,0.0,,4.0,4.0,1.0,1.0,4.0,5.0,0.0,0.0,1.0,3.0,2.0,8.0,-13.0,https://www.basketball-reference.com/boxscores/201412190PHI.html,2014-15
JaKarr Sampson,2014-12-21,Philadelphia 76ers,Orlando Magic,0,17.17,2.0,5.0,0.4,1.0,1.0,1.0,0.0,0.0,,2.0,0.0,2.0,0.0,0.0,0.0,2.0,1.0,5.0,1.0,https://www.basketball-reference.com/boxscores/201412210ORL.html,2014-15
JaKarr Sampson,2014-12-23,Philadelphia 76ers,Miami Heat,0,20.16,3.0,6.0,0.5,0.0,2.0,0.0,2.0,2.0,1.0,0.0,1.0,1.0,0.0,1.0,1.0,1.0,3.0,8.0,-15.0,https://www.basketball-reference.com/boxscores/201412230MIA.html,2014-15
JaKarr Sampson,2014-12-26,Philadelphia 76ers,Portland Trail Blazers,0,20.13,4.0,4.0,1.0,0.0,0.0,,1.0,2.0,0.5,1.0,1.0,2.0,1.0,3.0,0.0,3.0,4.0,9.0,-15.0,https://www.basketball-reference.com/boxscores/201412260POR.html,2014-15
JaKarr Sampson,2014-12-27,Philadelphia 76ers,Utah Jazz,0,20.35,1.0,3.0,0.333,0.0,2.0,0.0,0.0,2.0,0.0,0.0,2.0,2.0,1.0,0.0,0.0,1.0,2.0,2.0,-17.0,https://www.basketball-reference.com/boxscores/201412270UTA.html,2014-15
JaKarr Sampson,2014-12-30,Philadelphia 76ers,Golden State Warriors,0,15.04,2.0,7.0,0.28600000000000003,1.0,4.0,0.25,2.0,3.0,0.667,1.0,0.0,1.0,1.0,0.0,0.0,1.0,1.0,7.0,-10.0,https://www.basketball-reference.com/boxscores/201412300GSW.html,2014-15
JaKarr Sampson,2015-01-02,Philadelphia 76ers,Phoenix Suns,0,2.1,1.0,2.0,0.5,0.0,1.0,0.0,0.0,2.0,0.0,0.0,0.0,0.0,0.0,0.0,0.0,1.0,0.0,2.0,0.0,https://www.basketball-reference.com/boxscores/201501020PHO.html,2014-15
JaKarr Sampson,2015-01-03,Philadelphia 76ers,Los Angeles Clippers,0,24.14,4.0,7.0,0.5710000000000001,1.0,3.0,0.333,1.0,2.0,0.5,0.0,3.0,3.0,1.0,1.0,0.0,1.0,4.0,10.0,-16.0,https://www.basketball-reference.com/boxscores/201501030LAC.html,2014-15
JaKarr Sampson,2015-01-05,Philadelphia 76ers,Cleveland Cavaliers,1,1.39,1.0,1.0,1.0,0.0,0.0,,0.0,0.0,,0.0,1.0,1.0,0.0,0.0,0.0,0.0,1.0,2.0,-2.0,https://www.basketball-reference.com/boxscores/201501050PHI.html,2014-15
JaKarr Sampson,2015-01-07,Philadelphia 76ers,Milwaukee Bucks,1,24.12,5.0,7.0,0.7140000000000001,1.0,2.0,0.5,0.0,0.0,,2.0,5.0,7.0,5.0,1.0,0.0,4.0,3.0,11.0,16.0,https://www.basketball-reference.com/boxscores/201501070PHI.html,2014-15
JaKarr Sampson,2015-01-09,Philadelphia 76ers,Brooklyn Nets,0,3.49,1.0,2.0,0.5,0.0,0.0,,0.0,0.0,,0.0,1.0,1.0,0.0,0.0,0.0,0.0,1.0,2.0,-4.0,https://www.basketball-reference.com/boxscores/201501090BRK.html,2014-15
JaKarr Sampson,2015-01-10,Philadelphia 76ers,Indiana Pacers,1,18.47,4.0,4.0,1.0,1.0,1.0,1.0,0.0,0.0,,0.0,1.0,1.0,0.0,0.0,0.0,0.0,1.0,9.0,10.0,https://www.basketball-reference.com/boxscores/201501100PHI.html,2014-15
JaKarr Sampson,2015-01-13,Philadelphia 76ers,Atlanta Hawks,1,13.49,2.0,4.0,0.5,1.0,2.0,0.5,0.0,2.0,0.0,0.0,2.0,2.0,3.0,0.0,0.0,2.0,2.0,5.0,2.0,https://www.basketball-reference.com/boxscores/201501130PHI.html,2014-15
JaKarr Sampson,2015-01-14,Philadelphia 76ers,Toronto Raptors,0,13.28,1.0,5.0,0.2,0.0,2.0,0.0,2.0,2.0,1.0,0.0,3.0,3.0,3.0,0.0,1.0,2.0,0.0,4.0,2.0,https://www.basketball-reference.com/boxscores/201501140TOR.html,2014-15
JaKarr Sampson,2015-01-16,Philadelphia 76ers,New Orleans Pelicans,1,11.27,0.0,3.0,0.0,0.0,1.0,0.0,0.0,0.0,,0.0,1.0,1.0,1.0,0.0,0.0,1.0,3.0,0.0,-10.0,https://www.basketball-reference.com/boxscores/201501160PHI.html,2014-15
JaKarr Sampson,2015-01-17,Philadelphia 76ers,Detroit Pistons,0,15.43,4.0,5.0,0.8,1.0,2.0,0.5,0.0,0.0,,0.0,1.0,1.0,2.0,0.0,0.0,0.0,1.0,9.0,2.0,https://www.basketball-reference.com/boxscores/201501170DET.html,2014-15
JaKarr Sampson,2015-01-19,Philadelphia 76ers,Washington Wizards,0,11.03,1.0,4.0,0.25,1.0,2.0,0.5,0.0,0.0,,0.0,0.0,0.0,0.0,1.0,0.0,0.0,1.0,3.0,-18.0,https://www.basketball-reference.com/boxscores/201501190WAS.html,2014-15
JaKarr Sampson,2015-01-21,Philadelphia 76ers,New York Knicks,1,11.58,1.0,3.0,0.333,0.0,1.0,0.0,0.0,0.0,,0.0,0.0,0.0,0.0,0.0,0.0,1.0,2.0,2.0,-9.0,https://www.basketball-reference.com/boxscores/201501210PHI.html,2014-15
JaKarr Sampson,2015-01-23,Philadelphia 76ers,Toronto Raptors,1,3.3,0.0,1.0,0.0,0.0,0.0,,0.0,0.0,,0.0,0.0,0.0,0.0,0.0,0.0,0.0,0.0,0.0,-14.0,https://www.basketball-reference.com/boxscores/201501230PHI.html,2014-15
JaKarr Sampson,2015-01-24,Philadelphia 76ers,Memphis Grizzlies,0,17.15,4.0,9.0,0.444,1.0,3.0,0.333,0.0,0.0,,1.0,2.0,3.0,1.0,0.0,0.0,1.0,3.0,9.0,1.0,https://www.basketball-reference.com/boxscores/201501240MEM.html,2014-15
JaKarr Sampson,2015-01-26,Philadelphia 76ers,New Orleans Pelicans,0,18.08,2.0,9.0,0.222,0.0,2.0,0.0,0.0,0.0,,2.0,2.0,4.0,1.0,0.0,1.0,1.0,1.0,4.0,-13.0,https://www.basketball-reference.com/boxscores/201501260NOP.html,2014-15
JaKarr Sampson,2015-01-28,Philadelphia 76ers,Detroit Pistons,1,23.34,5.0,6.0,0.833,2.0,2.0,1.0,1.0,2.0,0.5,0.0,8.0,8.0,0.0,2.0,0.0,2.0,2.0,13.0,26.0,https://www.basketball-reference.com/boxscores/201501280PHI.html,2014-15
JaKarr Sampson,2015-01-30,Philadelphia 76ers,Minnesota Timberwolves,1,17.14,3.0,5.0,0.6,0.0,2.0,0.0,2.0,2.0,1.0,0.0,1.0,1.0,1.0,1.0,1.0,0.0,1.0,8.0,1.0,https://www.basketball-reference.com/boxscores/201501300PHI.html,2014-15
JaKarr Sampson,2015-01-31,Philadelphia 76ers,Atlanta Hawks,0,12.41,0.0,3.0,0.0,0.0,1.0,0.0,1.0,2.0,0.5,0.0,2.0,2.0,2.0,0.0,0.0,2.0,3.0,1.0,-9.0,https://www.basketball-reference.com/boxscores/201501310ATL.html,2014-15
JaKarr Sampson,2015-02-02,Philadelphia 76ers,Cleveland Cavaliers,0,18.09,4.0,5.0,0.8,2.0,2.0,1.0,0.0,0.0,,0.0,0.0,0.0,1.0,2.0,1.0,3.0,2.0,10.0,2.0,https://www.basketball-reference.com/boxscores/201502020CLE.html,2014-15
JaKarr Sampson,2015-02-03,Philadelphia 76ers,Denver Nuggets,1,18.04,3.0,4.0,0.75,2.0,2.0,1.0,3.0,4.0,0.75,0.0,0.0,0.0,0.0,3.0,0.0,1.0,2.0,11.0,-3.0,https://www.basketball-reference.com/boxscores/201502030PHI.html,2014-15
JaKarr Sampson,2015-02-06,Philadelphia 76ers,Boston Celtics,0,12.47,2.0,4.0,0.5,0.0,1.0,0.0,1.0,3.0,0.333,0.0,1.0,1.0,1.0,0.0,1.0,1.0,3.0,5.0,-7.0,https://www.basketball-reference.com/boxscores/201502060BOS.html,2014-15
JaKarr Sampson,2015-02-07,Philadelphia 76ers,Charlotte Hornets,1,22.08,1.0,5.0,0.2,0.0,1.0,0.0,2.0,4.0,0.5,0.0,3.0,3.0,1.0,1.0,0.0,0.0,4.0,4.0,3.0,https://www.basketball-reference.com/boxscores/201502070PHI.html,2014-15
JaKarr Sampson,2015-02-09,Philadelphia 76ers,Golden State Warriors,1,26.38,5.0,7.0,0.7140000000000001,0.0,2.0,0.0,0.0,0.0,,0.0,6.0,6.0,2.0,1.0,0.0,3.0,0.0,10.0,-3.0,https://www.basketball-reference.com/boxscores/201502090PHI.html,2014-15
JaKarr Sampson,2015-02-20,Philadelphia 76ers,Indiana Pacers,1,20.02,4.0,12.0,0.333,1.0,3.0,0.333,2.0,2.0,1.0,1.0,1.0,2.0,1.0,2.0,0.0,1.0,4.0,11.0,-9.0,https://www.basketball-reference.com/boxscores/201502200PHI.html,2014-15
JaKarr Sampson,2015-02-22,Philadelphia 76ers,Orlando Magic,0,21.14,6.0,9.0,0.667,2.0,4.0,0.5,2.0,2.0,1.0,0.0,1.0,1.0,0.0,1.0,1.0,1.0,1.0,16.0,6.0,https://www.basketball-reference.com/boxscores/201502220ORL.html,2014-15
JaKarr Sampson,2015-02-23,Philadelphia 76ers,Miami Heat,0,20.18,2.0,8.0,0.25,0.0,2.0,0.0,1.0,2.0,0.5,1.0,4.0,5.0,2.0,0.0,2.0,2.0,1.0,5.0,-5.0,https://www.basketball-reference.com/boxscores/201502230MIA.html,2014-15
JaKarr Sampson,2015-02-25,Philadelphia 76ers,Milwaukee Bucks,0,13.56,2.0,4.0,0.5,0.0,2.0,0.0,0.0,0.0,,0.0,0.0,0.0,2.0,0.0,0.0,1.0,1.0,4.0,-13.0,https://www.basketball-reference.com/boxscores/201502250MIL.html,2014-15
JaKarr Sampson,2015-02-27,Philadelphia 76ers,Washington Wizards,1,,,,,,,,,,,,,,,,,,,,,https://www.basketball-reference.com/boxscores/201502270PHI.html,2014-15
JaKarr Sampson,2015-03-01,Philadelphia 76ers,Indiana Pacers,0,11.18,1.0,2.0,0.5,0.0,1.0,0.0,0.0,0.0,,0.0,3.0,3.0,0.0,0.0,1.0,0.0,4.0,2.0,-2.0,https://www.basketball-reference.com/boxscores/201503010IND.html,2014-15
JaKarr Sampson,2015-03-02,Philadelphia 76ers,Toronto Raptors,1,21.04,2.0,7.0,0.28600000000000003,1.0,2.0,0.5,2.0,2.0,1.0,2.0,1.0,3.0,4.0,2.0,3.0,1.0,2.0,7.0,-12.0,https://www.basketball-reference.com/boxscores/201503020PHI.html,2014-15
JaKarr Sampson,2015-03-04,Oklahoma City Thunder,Philadelphia 76ers,1,15.18,2.0,3.0,0.667,0.0,1.0,0.0,3.0,3.0,1.0,0.0,2.0,2.0,1.0,1.0,0.0,1.0,4.0,7.0,-4.0,https://www.basketball-reference.com/boxscores/201503040OKC.html,2014-15
JaKarr Sampson,2015-03-06,Philadelphia 76ers,Utah Jazz,1,22.23,1.0,5.0,0.2,1.0,3.0,0.333,0.0,2.0,0.0,1.0,0.0,1.0,0.0,0.0,1.0,1.0,2.0,3.0,-10.0,https://www.basketball-reference.com/boxscores/201503060PHI.html,2014-15
JaKarr Sampson,2015-03-07,Philadelphia 76ers,Atlanta Hawks,1,20.55,0.0,7.0,0.0,0.0,4.0,0.0,0.0,0.0,,3.0,1.0,4.0,1.0,1.0,0.0,0.0,2.0,0.0,3.0,https://www.basketball-reference.com/boxscores/201503070PHI.html,2014-15
JaKarr Sampson,2015-03-13,Philadelphia 76ers,Sacramento Kings,1,16.36,4.0,6.0,0.667,0.0,1.0,0.0,2.0,3.0,0.667,1.0,1.0,2.0,3.0,0.0,0.0,1.0,2.0,10.0,-7.0,https://www.basketball-reference.com/boxscores/201503130PHI.html,2014-15
JaKarr Sampson,2015-03-14,Philadelphia 76ers,Brooklyn Nets,1,20.13,1.0,5.0,0.2,0.0,3.0,0.0,0.0,0.0,,0.0,2.0,2.0,0.0,0.0,0.0,2.0,2.0,2.0,-20.0,https://www.basketball-reference.com/boxscores/201503140PHI.html,2014-15
JaKarr Sampson,2015-03-16,Philadelphia 76ers,Boston Celtics,0,,,,,,,,,,,,,,,,,,,,,https://www.basketball-reference.com/boxscores/201503160BOS.html,2014-15
JaKarr Sampson,2015-03-18,Philadelphia 76ers,Detroit Pistons,1,22.26,3.0,8.0,0.375,0.0,2.0,0.0,0.0,0.0,,1.0,5.0,6.0,0.0,2.0,0.0,3.0,3.0,6.0,-6.0,https://www.basketball-reference.com/boxscores/201503180PHI.html,2014-15
JaKarr Sampson,2015-03-20,Philadelphia 76ers,New York Knicks,1,26.28,2.0,6.0,0.333,0.0,2.0,0.0,2.0,2.0,1.0,0.0,3.0,3.0,0.0,0.0,1.0,2.0,3.0,6.0,3.0,https://www.basketball-reference.com/boxscores/201503200PHI.html,2014-15
JaKarr Sampson,2015-03-22,Philadelphia 76ers,Los Angeles Lakers,0,12.41,0.0,2.0,0.0,0.0,0.0,,1.0,2.0,0.5,0.0,1.0,1.0,0.0,1.0,0.0,1.0,0.0,1.0,-7.0,https://www.basketball-reference.com/boxscores/201503220LAL.html,2014-15
JaKarr Sampson,2015-03-24,Philadelphia 76ers,Sacramento Kings,0,18.56,3.0,5.0,0.6,2.0,3.0,0.667,0.0,0.0,,0.0,2.0,2.0,0.0,0.0,0.0,0.0,2.0,8.0,1.0,https://www.basketball-reference.com/boxscores/201503240SAC.html,2014-15
JaKarr Sampson,2015-03-25,Philadelphia 76ers,Denver Nuggets,0,16.21,2.0,4.0,0.5,1.0,3.0,0.333,1.0,2.0,0.5,3.0,3.0,6.0,2.0,0.0,0.0,2.0,4.0,6.0,-16.0,https://www.basketball-reference.com/boxscores/201503250DEN.html,2014-15
JaKarr Sampson,2015-03-27,Philadelphia 76ers,Los Angeles Clippers,1,14.39,1.0,9.0,0.111,1.0,3.0,0.333,0.0,0.0,,1.0,2.0,3.0,0.0,1.0,0.0,0.0,1.0,3.0,-3.0,https://www.basketball-reference.com/boxscores/201503270PHI.html,2014-15
JaKarr Sampson,2015-03-29,Philadelphia 76ers,Cleveland Cavaliers,0,16.48,4.0,7.0,0.5710000000000001,1.0,2.0,0.5,0.0,0.0,,0.0,3.0,3.0,1.0,0.0,0.0,0.0,1.0,9.0,-5.0,https://www.basketball-reference.com/boxscores/201503290CLE.html,2014-15
JaKarr Sampson,2019-12-17,Indiana Pacers,Los Angeles Lakers,1,,,,,,,,,,,,,,,,,,,,,https://www.basketball-reference.com/boxscores/201912170IND.html,2019-20
JaKarr Sampson,2019-12-20,Indiana Pacers,Sacramento Kings,1,,,,,,,,,,,,,,,,,,,,,https://www.basketball-reference.com/boxscores/201912200IND.html,2019-20
JaKarr Sampson,2019-12-22,Indiana Pacers,Milwaukee Bucks,0,4.46,1.0,1.0,1.0,0.0,0.0,,0.0,0.0,,0.0,3.0,3.0,0.0,0.0,0.0,0.0,1.0,2.0,-4.0,https://www.basketball-reference.com/boxscores/201912220MIL.html,2019-20
JaKarr Sampson,2019-12-27,Indiana Pacers,Miami Heat,0,,,,,,,,,,,,,,,,,,,,,https://www.basketball-reference.com/boxscores/201912270MIA.html,2019-20
JaKarr Sampson,2019-12-28,Indiana Pacers,New Orleans Pelicans,0,,,,,,,,,,,,,,,,,,,,,https://www.basketball-reference.com/boxscores/201912280NOP.html,2019-20
JaKarr Sampson,2019-12-31,Indiana Pacers,Philadelphia 76ers,1,,,,,,,,,,,,,,,,,,,,,https://www.basketball-reference.com/boxscores/201912310IND.html,2019-20
JaKarr Sampson,2020-01-02,Indiana Pacers,Denver Nuggets,1,,,,,,,,,,,,,,,,,,,,,https://www.basketball-reference.com/boxscores/202001020IND.html,2019-20
JaKarr Sampson,2020-01-04,Indiana Pacers,Atlanta Hawks,0,,,,,,,,,,,,,,,,,,,,,https://www.basketball-reference.com/boxscores/202001040ATL.html,2019-20
JaKarr Sampson,2020-01-06,Indiana Pacers,Charlotte Hornets,0,1.04,0.0,0.0,,0.0,0.0,,0.0,0.0,,0.0,1.0,1.0,0.0,0.0,0.0,0.0,0.0,0.0,-4.0,https://www.basketball-reference.com/boxscores/202001060CHO.html,2019-20
JaKarr Sampson,2020-01-08,Indiana Pacers,Miami Heat,1,5.16,2.0,2.0,1.0,0.0,0.0,,0.0,1.0,0.0,0.0,1.0,1.0,0.0,0.0,0.0,0.0,1.0,4.0,1.0,https://www.basketball-reference.com/boxscores/202001080IND.html,2019-20
JaKarr Sampson,2020-01-10,Indiana Pacers,Chicago Bulls,0,20.13,4.0,4.0,1.0,0.0,0.0,,0.0,0.0,,1.0,4.0,5.0,0.0,1.0,1.0,0.0,0.0,8.0,10.0,https://www.basketball-reference.com/boxscores/202001100CHI.html,2019-20
JaKarr Sampson,2020-01-13,Indiana Pacers,Philadelphia 76ers,1,,,,,,,,,,,,,,,,,,,,,https://www.basketball-reference.com/boxscores/202001130IND.html,2019-20
JaKarr Sampson,2020-01-15,Indiana Pacers,Minnesota Timberwolves,0,,,,,,,,,,,,,,,,,,,,,https://www.basketball-reference.com/boxscores/202001150MIN.html,2019-20
JaKarr Sampson,2020-01-17,Indiana Pacers,Minnesota Timberwolves,1,,,,,,,,,,,,,,,,,,,,,https://www.basketball-reference.com/boxscores/202001170IND.html,2019-20
JaKarr Sampson,2020-01-19,Indiana Pacers,Denver Nuggets,0,,,,,,,,,,,,,,,,,,,,,https://www.basketball-reference.com/boxscores/202001190DEN.html,2019-20
JaKarr Sampson,2020-01-20,Indiana Pacers,Utah Jazz,0,4.19,1.0,1.0,1.0,0.0,0.0,,0.0,0.0,,0.0,0.0,0.0,0.0,0.0,0.0,0.0,0.0,2.0,-6.0,https://www.basketball-reference.com/boxscores/202001200UTA.html,2019-20
JaKarr Sampson,2020-01-22,Indiana Pacers,Phoenix Suns,0,3.35,1.0,2.0,0.5,0.0,0.0,,0.0,0.0,,0.0,0.0,0.0,0.0,0.0,0.0,0.0,0.0,2.0,4.0,https://www.basketball-reference.com/boxscores/202001220PHO.html,2019-20
JaKarr Sampson,2020-01-26,Indiana Pacers,Portland Trail Blazers,0,17.11,0.0,3.0,0.0,0.0,0.0,,2.0,2.0,1.0,0.0,3.0,3.0,0.0,0.0,0.0,0.0,3.0,2.0,-18.0,https://www.basketball-reference.com/boxscores/202001260POR.html,2019-20
JaKarr Sampson,2020-02-01,Indiana Pacers,New York Knicks,1,6.17,0.0,0.0,,0.0,0.0,,0.0,0.0,,0.0,1.0,1.0,0.0,0.0,0.0,0.0,1.0,0.0,5.0,https://www.basketball-reference.com/boxscores/202002010IND.html,2019-20
JaKarr Sampson,2020-02-03,Indiana Pacers,Dallas Mavericks,1,,,,,,,,,,,,,,,,,,,,,https://www.basketball-reference.com/boxscores/202002030IND.html,2019-20
JaKarr Sampson,2020-02-05,Indiana Pacers,Toronto Raptors,0,,,,,,,,,,,,,,,,,,,,,https://www.basketball-reference.com/boxscores/202002050TOR.html,2019-20
JaKarr Sampson,2020-02-07,Indiana Pacers,Toronto Raptors,1,,,,,,,,,,,,,,,,,,,,,https://www.basketball-reference.com/boxscores/202002070IND.html,2019-20
JaKarr Sampson,2020-02-08,Indiana Pacers,New Orleans Pelicans,1,,,,,,,,,,,,,,,,,,,,,https://www.basketball-reference.com/boxscores/202002080IND.html,2019-20
JaKarr Sampson,2020-02-10,Indiana Pacers,Brooklyn Nets,1,,,,,,,,,,,,,,,,,,,,,https://www.basketball-reference.com/boxscores/202002100IND.html,2019-20
JaKarr Sampson,2020-02-12,Indiana Pacers,Milwaukee Bucks,1,,,,,,,,,,,,,,,,,,,,,https://www.basketball-reference.com/boxscores/202002120IND.html,2019-20
JaKarr Sampson,2020-02-21,Indiana Pacers,New York Knicks,0,,,,,,,,,,,,,,,,,,,,,https://www.basketball-reference.com/boxscores/202002210NYK.html,2019-20
JaKarr Sampson,2020-02-23,Indiana Pacers,Toronto Raptors,0,7.13,0.0,2.0,0.0,0.0,1.0,0.0,0.0,0.0,,0.0,1.0,1.0,0.0,0.0,0.0,0.0,3.0,0.0,-10.0,https://www.basketball-reference.com/boxscores/202002230TOR.html,2019-20
JaKarr Sampson,2020-02-25,Indiana Pacers,Charlotte Hornets,1,19.08,5.0,7.0,0.7140000000000001,0.0,0.0,,0.0,0.0,,0.0,1.0,1.0,0.0,1.0,1.0,0.0,2.0,10.0,9.0,https://www.basketball-reference.com/boxscores/202002250IND.html,2019-20
JaKarr Sampson,2020-02-27,Indiana Pacers,Portland Trail Blazers,1,3.33,0.0,0.0,,0.0,0.0,,0.0,0.0,,0.0,0.0,0.0,0.0,1.0,0.0,0.0,0.0,0.0,-4.0,https://www.basketball-reference.com/boxscores/202002270IND.html,2019-20
JaKarr Sampson,2020-02-29,Indiana Pacers,Cleveland Cavaliers,0,1.55,0.0,0.0,,0.0,0.0,,0.0,0.0,,0.0,1.0,1.0,0.0,0.0,0.0,0.0,2.0,0.0,-3.0,https://www.basketball-reference.com/boxscores/202002290CLE.html,2019-20
JaKarr Sampson,2020-03-02,Indiana Pacers,San Antonio Spurs,0,,,,,,,,,,,,,,,,,,,,,https://www.basketball-reference.com/boxscores/202003020SAS.html,2019-20
JaKarr Sampson,2020-03-04,Indiana Pacers,Milwaukee Bucks,0,16.45,1.0,2.0,0.5,0.0,0.0,,2.0,2.0,1.0,2.0,1.0,3.0,1.0,0.0,0.0,0.0,2.0,4.0,20.0,https://www.basketball-reference.com/boxscores/202003040MIL.html,2019-20
JaKarr Sampson,2020-03-06,Indiana Pacers,Chicago Bulls,0,17.19,5.0,6.0,0.833,0.0,0.0,,4.0,6.0,0.667,1.0,4.0,5.0,3.0,1.0,0.0,1.0,1.0,14.0,7.0,https://www.basketball-reference.com/boxscores/202003060CHI.html,2019-20
JaKarr Sampson,2020-03-08,Indiana Pacers,Dallas Mavericks,0,13.33,2.0,3.0,0.667,0.0,0.0,,1.0,2.0,0.5,0.0,0.0,0.0,0.0,0.0,0.0,0.0,1.0,5.0,-5.0,https://www.basketball-reference.com/boxscores/202003080DAL.html,2019-20
JaKarr Sampson,2020-03-10,Indiana Pacers,Boston Celtics,1,12.36,0.0,2.0,0.0,0.0,1.0,0.0,0.0,0.0,,1.0,4.0,5.0,1.0,0.0,0.0,0.0,2.0,0.0,2.0,https://www.basketball-reference.com/boxscores/202003100IND.html,2019-20
JaKarr Sampson,2017-12-01,Sacramento Kings,Chicago Bulls,0,,,,,,,,,,,,,,,,,,,,,https://www.basketball-reference.com/boxscores/201712010CHI.html,2017-18
JaKarr Sampson,2017-12-02,Sacramento Kings,Milwaukee Bucks,0,24.54,2.0,6.0,0.333,0.0,0.0,,0.0,0.0,,1.0,2.0,3.0,1.0,0.0,1.0,0.0,4.0,4.0,5.0,https://www.basketball-reference.com/boxscores/201712020MIL.html,2017-18
JaKarr Sampson,2017-12-06,Sacramento Kings,Cleveland Cavaliers,0,32.57,3.0,6.0,0.5,0.0,0.0,,0.0,0.0,,4.0,12.0,16.0,0.0,1.0,0.0,0.0,3.0,6.0,2.0,https://www.basketball-reference.com/boxscores/201712060CLE.html,2017-18
JaKarr Sampson,2017-12-08,New Orleans Pelicans,Sacramento Kings,1,12.28,1.0,1.0,1.0,1.0,1.0,1.0,0.0,0.0,,1.0,1.0,2.0,0.0,0.0,0.0,1.0,5.0,3.0,-8.0,https://www.basketball-reference.com/boxscores/201712080NOP.html,2017-18
JaKarr Sampson,2017-12-10,Sacramento Kings,Toronto Raptors,1,19.04,5.0,5.0,1.0,1.0,1.0,1.0,0.0,0.0,,0.0,4.0,4.0,0.0,1.0,3.0,1.0,1.0,11.0,6.0,https://www.basketball-reference.com/boxscores/201712100SAC.html,2017-18
JaKarr Sampson,2018-01-06,Sacramento Kings,Denver Nuggets,1,,,,,,,,,,,,,,,,,,,,,https://www.basketball-reference.com/boxscores/201801060SAC.html,2017-18
JaKarr Sampson,2018-01-28,Sacramento Kings,San Antonio Spurs,0,8.15,0.0,1.0,0.0,0.0,0.0,,0.0,0.0,,0.0,1.0,1.0,0.0,0.0,0.0,0.0,3.0,0.0,-5.0,https://www.basketball-reference.com/boxscores/201801280SAS.html,2017-18
JaKarr Sampson,2018-01-30,Sacramento Kings,New Orleans Pelicans,0,,,,,,,,,,,,,,,,,,,,,https://www.basketball-reference.com/boxscores/201801300NOP.html,2017-18
JaKarr Sampson,2018-02-02,Sacramento Kings,Golden State Warriors,1,3.46,1.0,2.0,0.5,0.0,0.0,,0.0,0.0,,0.0,1.0,1.0,0.0,0.0,0.0,0.0,0.0,2.0,-3.0,https://www.basketball-reference.com/boxscores/201802020SAC.html,2017-18
JaKarr Sampson,2018-02-03,Sacramento Kings,Dallas Mavericks,1,7.46,1.0,2.0,0.5,0.0,0.0,,0.0,0.0,,0.0,0.0,0.0,2.0,0.0,1.0,1.0,2.0,2.0,-3.0,https://www.basketball-reference.com/boxscores/201802030SAC.html,2017-18
JaKarr Sampson,2018-02-05,Sacramento Kings,Chicago Bulls,1,18.17,4.0,5.0,0.8,1.0,1.0,1.0,0.0,0.0,,2.0,4.0,6.0,0.0,0.0,1.0,0.0,2.0,9.0,3.0,https://www.basketball-reference.com/boxscores/201802050SAC.html,2017-18
JaKarr Sampson,2018-02-11,Sacramento Kings,Minnesota Timberwolves,0,17.05,3.0,4.0,0.75,0.0,1.0,0.0,0.0,0.0,,1.0,2.0,3.0,1.0,1.0,1.0,0.0,3.0,6.0,0.0,https://www.basketball-reference.com/boxscores/201802110MIN.html,2017-18
JaKarr Sampson,2018-02-13,Sacramento Kings,Dallas Mavericks,0,4.43,0.0,0.0,,0.0,0.0,,0.0,0.0,,0.0,0.0,0.0,0.0,0.0,1.0,0.0,0.0,0.0,-3.0,https://www.basketball-reference.com/boxscores/201802130DAL.html,2017-18
JaKarr Sampson,2018-02-14,Sacramento Kings,Houston Rockets,0,24.29,3.0,3.0,1.0,0.0,0.0,,1.0,2.0,0.5,2.0,5.0,7.0,2.0,1.0,1.0,2.0,1.0,7.0,-15.0,https://www.basketball-reference.com/boxscores/201802140HOU.html,2017-18
JaKarr Sampson,2018-03-07,Sacramento Kings,New Orleans Pelicans,1,17.44,2.0,3.0,0.667,1.0,1.0,1.0,1.0,1.0,1.0,0.0,4.0,4.0,0.0,1.0,1.0,0.0,5.0,6.0,2.0,https://www.basketball-reference.com/boxscores/201803070SAC.html,2017-18
JaKarr Sampson,2018-03-16,Sacramento Kings,Golden State Warriors,0,,,,,,,,,,,,,,,,,,,,,https://www.basketball-reference.com/boxscores/201803160GSW.html,2017-18
JaKarr Sampson,2018-03-17,Sacramento Kings,Utah Jazz,0,22.4,2.0,2.0,1.0,1.0,1.0,1.0,1.0,3.0,0.333,0.0,2.0,2.0,0.0,1.0,3.0,1.0,4.0,6.0,15.0,https://www.basketball-reference.com/boxscores/201803170UTA.html,2017-18
JaKarr Sampson,2018-03-25,Sacramento Kings,Boston Celtics,1,,,,,,,,,,,,,,,,,,,,,https://www.basketball-reference.com/boxscores/201803250SAC.html,2017-18
JaKarr Sampson,2018-03-27,Sacramento Kings,Dallas Mavericks,1,18.24,0.0,3.0,0.0,0.0,1.0,0.0,0.0,0.0,,0.0,1.0,1.0,1.0,1.0,1.0,0.0,1.0,0.0,3.0,https://www.basketball-reference.com/boxscores/201803270SAC.html,2017-18
JaKarr Sampson,2018-03-29,Sacramento Kings,Indiana Pacers,1,2.43,0.0,0.0,,0.0,0.0,,0.0,0.0,,0.0,0.0,0.0,0.0,0.0,0.0,0.0,0.0,0.0,-2.0,https://www.basketball-reference.com/boxscores/201803290SAC.html,2017-18
JaKarr Sampson,2018-03-31,Sacramento Kings,Golden State Warriors,1,12.12,0.0,7.0,0.0,0.0,1.0,0.0,1.0,2.0,0.5,1.0,0.0,1.0,0.0,0.0,1.0,1.0,1.0,1.0,-8.0,https://www.basketball-reference.com/boxscores/201803310SAC.html,2017-18
JaKarr Sampson,2015-12-01,Philadelphia 76ers,Los Angeles Lakers,1,18.42,0.0,5.0,0.0,0.0,0.0,,2.0,4.0,0.5,2.0,5.0,7.0,1.0,0.0,0.0,3.0,1.0,2.0,10.0,https://www.basketball-reference.com/boxscores/201512010PHI.html,2015-16
JaKarr Sampson,2015-12-02,Philadelphia 76ers,New York Knicks,0,22.46,4.0,7.0,0.5710000000000001,0.0,2.0,0.0,4.0,5.0,0.8,0.0,5.0,5.0,0.0,0.0,1.0,1.0,2.0,12.0,-11.0,https://www.basketball-reference.com/boxscores/201512020NYK.html,2015-16
JaKarr Sampson,2015-12-05,Philadelphia 76ers,Denver Nuggets,1,17.23,3.0,5.0,0.6,1.0,1.0,1.0,6.0,8.0,0.75,3.0,3.0,6.0,1.0,0.0,0.0,0.0,3.0,13.0,3.0,https://www.basketball-reference.com/boxscores/201512050PHI.html,2015-16
JaKarr Sampson,2015-12-07,Philadelphia 76ers,San Antonio Spurs,1,12.05,2.0,3.0,0.667,0.0,0.0,,1.0,3.0,0.333,0.0,1.0,1.0,0.0,0.0,0.0,1.0,3.0,5.0,-21.0,https://www.basketball-reference.com/boxscores/201512070PHI.html,2015-16
JaKarr Sampson,2015-12-10,Philadelphia 76ers,Brooklyn Nets,0,,,,,,,,,,,,,,,,,,,,,https://www.basketball-reference.com/boxscores/201512100BRK.html,2015-16
JaKarr Sampson,2015-12-11,Philadelphia 76ers,Detroit Pistons,1,11.41,2.0,6.0,0.333,0.0,2.0,0.0,1.0,3.0,0.333,1.0,4.0,5.0,1.0,0.0,0.0,2.0,3.0,5.0,8.0,https://www.basketball-reference.com/boxscores/201512110PHI.html,2015-16
JaKarr Sampson,2015-12-13,Philadelphia 76ers,Toronto Raptors,0,5.46,0.0,2.0,0.0,0.0,0.0,,0.0,0.0,,0.0,0.0,0.0,0.0,0.0,0.0,1.0,1.0,0.0,-13.0,https://www.basketball-reference.com/boxscores/201512130TOR.html,2015-16
JaKarr Sampson,2015-12-14,Philadelphia 76ers,Chicago Bulls,0,14.3,4.0,6.0,0.667,1.0,2.0,0.5,0.0,0.0,,0.0,1.0,1.0,0.0,0.0,0.0,0.0,0.0,9.0,3.0,https://www.basketball-reference.com/boxscores/201512140CHI.html,2015-16
JaKarr Sampson,2015-12-16,Philadelphia 76ers,Atlanta Hawks,0,17.02,3.0,4.0,0.75,0.0,0.0,,0.0,2.0,0.0,0.0,3.0,3.0,3.0,0.0,0.0,1.0,4.0,6.0,15.0,https://www.basketball-reference.com/boxscores/201512160ATL.html,2015-16
JaKarr Sampson,2015-12-18,Philadelphia 76ers,New York Knicks,1,12.1,1.0,2.0,0.5,0.0,1.0,0.0,0.0,2.0,0.0,0.0,2.0,2.0,0.0,0.0,1.0,1.0,2.0,2.0,3.0,https://www.basketball-reference.com/boxscores/201512180PHI.html,2015-16
JaKarr Sampson,2015-12-20,Philadelphia 76ers,Cleveland Cavaliers,0,23.43,4.0,7.0,0.5710000000000001,0.0,0.0,,2.0,4.0,0.5,1.0,6.0,7.0,2.0,0.0,0.0,1.0,1.0,10.0,-2.0,https://www.basketball-reference.com/boxscores/201512200CLE.html,2015-16
JaKarr Sampson,2015-12-22,Philadelphia 76ers,Memphis Grizzlies,1,14.38,1.0,3.0,0.333,0.0,1.0,0.0,5.0,6.0,0.833,0.0,2.0,2.0,0.0,0.0,0.0,2.0,0.0,7.0,-12.0,https://www.basketball-reference.com/boxscores/201512220PHI.html,2015-16
JaKarr Sampson,2015-12-23,Philadelphia 76ers,Milwaukee Bucks,0,14.09,4.0,8.0,0.5,0.0,0.0,,1.0,2.0,0.5,1.0,1.0,2.0,2.0,0.0,0.0,2.0,1.0,9.0,-6.0,https://www.basketball-reference.com/boxscores/201512230MIL.html,2015-16
JaKarr Sampson,2015-12-26,Philadelphia 76ers,Phoenix Suns,0,10.27,0.0,0.0,,0.0,0.0,,6.0,8.0,0.75,0.0,4.0,4.0,2.0,0.0,2.0,1.0,4.0,6.0,14.0,https://www.basketball-reference.com/boxscores/201512260PHO.html,2015-16
JaKarr Sampson,2015-12-28,Philadelphia 76ers,Utah Jazz,0,18.56,3.0,6.0,0.5,0.0,1.0,0.0,0.0,0.0,,0.0,5.0,5.0,1.0,1.0,0.0,1.0,2.0,6.0,2.0,https://www.basketball-reference.com/boxscores/201512280UTA.html,2015-16
JaKarr Sampson,2015-12-30,Philadelphia 76ers,Sacramento Kings,0,17.13,2.0,9.0,0.222,0.0,2.0,0.0,1.0,2.0,0.5,3.0,1.0,4.0,0.0,0.0,1.0,2.0,5.0,5.0,8.0,https://www.basketball-reference.com/boxscores/201512300SAC.html,2015-16
JaKarr Sampson,2016-01-01,Philadelphia 76ers,Los Angeles Lakers,0,19.4,2.0,6.0,0.333,0.0,1.0,0.0,0.0,0.0,,3.0,2.0,5.0,0.0,0.0,2.0,0.0,3.0,4.0,-2.0,https://www.basketball-reference.com/boxscores/201601010LAL.html,2015-16
JaKarr Sampson,2016-01-02,Philadelphia 76ers,Los Angeles Clippers,0,23.0,4.0,8.0,0.5,1.0,2.0,0.5,0.0,0.0,,0.0,1.0,1.0,2.0,0.0,2.0,2.0,3.0,9.0,-19.0,https://www.basketball-reference.com/boxscores/201601020LAC.html,2015-16
JaKarr Sampson,2016-01-04,Philadelphia 76ers,Minnesota Timberwolves,1,12.01,1.0,3.0,0.333,0.0,1.0,0.0,2.0,2.0,1.0,1.0,2.0,3.0,0.0,0.0,1.0,0.0,3.0,4.0,-3.0,https://www.basketball-reference.com/boxscores/201601040PHI.html,2015-16
JaKarr Sampson,2016-01-07,Philadelphia 76ers,Atlanta Hawks,1,24.13,0.0,4.0,0.0,0.0,1.0,0.0,4.0,6.0,0.667,3.0,3.0,6.0,3.0,1.0,0.0,2.0,2.0,4.0,6.0,https://www.basketball-reference.com/boxscores/201601070PHI.html,2015-16
JaKarr Sampson,2016-01-09,Philadelphia 76ers,Toronto Raptors,1,17.04,1.0,3.0,0.333,0.0,0.0,,0.0,2.0,0.0,0.0,1.0,1.0,1.0,0.0,0.0,1.0,2.0,2.0,3.0,https://www.basketball-reference.com/boxscores/201601090PHI.html,2015-16
JaKarr Sampson,2016-01-10,Philadelphia 76ers,Cleveland Cavaliers,1,5.32,0.0,2.0,0.0,0.0,1.0,0.0,0.0,0.0,,0.0,1.0,1.0,0.0,1.0,0.0,1.0,1.0,0.0,-5.0,https://www.basketball-reference.com/boxscores/201601100PHI.html,2015-16
JaKarr Sampson,2016-01-16,Philadelphia 76ers,Portland Trail Blazers,1,22.5,1.0,4.0,0.25,0.0,0.0,,1.0,2.0,0.5,0.0,4.0,4.0,2.0,0.0,2.0,1.0,4.0,3.0,10.0,https://www.basketball-reference.com/boxscores/201601160PHI.html,2015-16
JaKarr Sampson,2016-01-18,New York Knicks,Philadelphia 76ers,1,17.16,1.0,4.0,0.25,0.0,1.0,0.0,0.0,0.0,,1.0,1.0,2.0,0.0,1.0,0.0,0.0,1.0,2.0,-12.0,https://www.basketball-reference.com/boxscores/201601180NYK.html,2015-16
JaKarr Sampson,2016-01-20,Philadelphia 76ers,Orlando Magic,0,7.41,0.0,3.0,0.0,0.0,1.0,0.0,0.0,0.0,,0.0,0.0,0.0,0.0,0.0,0.0,0.0,0.0,0.0,-8.0,https://www.basketball-reference.com/boxscores/201601200ORL.html,2015-16
JaKarr Sampson,2016-01-24,Philadelphia 76ers,Boston Celtics,1,8.56,1.0,3.0,0.333,0.0,0.0,,0.0,0.0,,0.0,1.0,1.0,0.0,0.0,0.0,1.0,1.0,2.0,-19.0,https://www.basketball-reference.com/boxscores/201601240PHI.html,2015-16
JaKarr Sampson,2016-01-26,Philadelphia 76ers,Phoenix Suns,1,,,,,,,,,,,,,,,,,,,,,https://www.basketball-reference.com/boxscores/201601260PHI.html,2015-16
JaKarr Sampson,2016-01-27,Philadelphia 76ers,Detroit Pistons,0,,,,,,,,,,,,,,,,,,,,,https://www.basketball-reference.com/boxscores/201601270DET.html,2015-16
JaKarr Sampson,2016-01-30,Philadelphia 76ers,Golden State Warriors,1,3.44,0.0,4.0,0.0,0.0,0.0,,0.0,0.0,,1.0,1.0,2.0,0.0,0.0,0.0,0.0,0.0,0.0,4.0,https://www.basketball-reference.com/boxscores/201601300PHI.html,2015-16
JaKarr Sampson,2016-02-03,Philadelphia 76ers,Atlanta Hawks,1,7.45,2.0,4.0,0.5,0.0,1.0,0.0,1.0,1.0,1.0,0.0,0.0,0.0,0.0,0.0,0.0,0.0,0.0,5.0,-7.0,https://www.basketball-reference.com/boxscores/201602030PHI.html,2015-16
JaKarr Sampson,2016-02-05,Philadelphia 76ers,Washington Wizards,0,,,,,,,,,,,,,,,,,,,,,https://www.basketball-reference.com/boxscores/201602050WAS.html,2015-16
JaKarr Sampson,2016-02-06,Philadelphia 76ers,Brooklyn Nets,1,3.24,0.0,2.0,0.0,0.0,2.0,0.0,0.0,0.0,,0.0,0.0,0.0,0.0,0.0,0.0,1.0,0.0,0.0,-4.0,https://www.basketball-reference.com/boxscores/201602060PHI.html,2015-16
JaKarr Sampson,2016-02-10,Philadelphia 76ers,Sacramento Kings,1,,,,,,,,,,,,,,,,,,,,,https://www.basketball-reference.com/boxscores/201602100PHI.html,2015-16
JaKarr Sampson,2016-02-23,Denver Nuggets,Sacramento Kings,1,13.33,0.0,3.0,0.0,0.0,1.0,0.0,0.0,0.0,,1.0,0.0,1.0,0.0,1.0,1.0,3.0,1.0,0.0,-2.0,https://www.basketball-reference.com/boxscores/201602230DEN.html,2015-16
JaKarr Sampson,2016-02-24,Denver Nuggets,Los Angeles Clippers,0,12.1,1.0,3.0,0.333,0.0,0.0,,1.0,2.0,0.5,0.0,1.0,1.0,0.0,1.0,0.0,0.0,2.0,3.0,-6.0,https://www.basketball-reference.com/boxscores/201602240LAC.html,2015-16
JaKarr Sampson,2016-02-26,Dallas Mavericks,Denver Nuggets,1,3.36,0.0,0.0,,0.0,0.0,,0.0,0.0,,0.0,0.0,0.0,0.0,1.0,0.0,0.0,2.0,0.0,-4.0,https://www.basketball-reference.com/boxscores/201602260DAL.html,2015-16
JaKarr Sampson,2016-02-29,Denver Nuggets,Memphis Grizzlies,1,29.36,3.0,5.0,0.6,1.0,2.0,0.5,0.0,0.0,,0.0,2.0,2.0,1.0,0.0,0.0,3.0,3.0,7.0,-5.0,https://www.basketball-reference.com/boxscores/201602290DEN.html,2015-16
JaKarr Sampson,2016-03-02,Denver Nuggets,Los Angeles Lakers,1,22.56,1.0,2.0,0.5,1.0,1.0,1.0,3.0,4.0,0.75,0.0,4.0,4.0,0.0,0.0,0.0,0.0,1.0,6.0,18.0,https://www.basketball-reference.com/boxscores/201603020DEN.html,2015-16
JaKarr Sampson,2016-03-08,Denver Nuggets,New York Knicks,1,16.37,1.0,3.0,0.333,0.0,1.0,0.0,0.0,0.0,,0.0,2.0,2.0,1.0,1.0,0.0,0.0,4.0,2.0,12.0,https://www.basketball-reference.com/boxscores/201603080DEN.html,2015-16
JaKarr Sampson,2016-03-10,Denver Nuggets,Phoenix Suns,1,14.38,0.0,4.0,0.0,0.0,1.0,0.0,0.0,0.0,,0.0,2.0,2.0,1.0,1.0,2.0,0.0,1.0,0.0,-4.0,https://www.basketball-reference.com/boxscores/201603100DEN.html,2015-16
JaKarr Sampson,2016-03-12,Denver Nuggets,Washington Wizards,1,13.36,1.0,2.0,0.5,1.0,2.0,0.5,1.0,2.0,0.5,0.0,2.0,2.0,1.0,0.0,1.0,1.0,3.0,4.0,-9.0,https://www.basketball-reference.com/boxscores/201603120DEN.html,2015-16
JaKarr Sampson,2016-03-14,Denver Nuggets,Miami Heat,0,22.32,4.0,6.0,0.667,0.0,1.0,0.0,0.0,0.0,,0.0,1.0,1.0,0.0,1.0,0.0,0.0,3.0,8.0,16.0,https://www.basketball-reference.com/boxscores/201603140MIA.html,2015-16
JaKarr Sampson,2016-03-15,Denver Nuggets,Orlando Magic,0,8.38,1.0,2.0,0.5,0.0,1.0,0.0,0.0,0.0,,0.0,0.0,0.0,0.0,0.0,0.0,1.0,1.0,2.0,-6.0,https://www.basketball-reference.com/boxscores/201603150ORL.html,2015-16
JaKarr Sampson,2016-03-17,Denver Nuggets,Atlanta Hawks,0,13.21,3.0,5.0,0.6,0.0,0.0,,2.0,2.0,1.0,0.0,5.0,5.0,0.0,0.0,0.0,1.0,2.0,8.0,-24.0,https://www.basketball-reference.com/boxscores/201603170ATL.html,2015-16
JaKarr Sampson,2016-03-19,Denver Nuggets,Charlotte Hornets,0,23.1,3.0,4.0,0.75,0.0,0.0,,1.0,1.0,1.0,0.0,3.0,3.0,0.0,0.0,0.0,1.0,3.0,7.0,-5.0,https://www.basketball-reference.com/boxscores/201603190CHO.html,2015-16
JaKarr Sampson,2016-03-21,Denver Nuggets,Cleveland Cavaliers,0,10.09,1.0,3.0,0.333,0.0,0.0,,0.0,0.0,,1.0,0.0,1.0,0.0,0.0,0.0,0.0,1.0,2.0,-17.0,https://www.basketball-reference.com/boxscores/201603210CLE.html,2015-16
JaKarr Sampson,2016-03-23,Denver Nuggets,Philadelphia 76ers,1,17.15,3.0,5.0,0.6,0.0,0.0,,3.0,4.0,0.75,0.0,2.0,2.0,0.0,0.0,2.0,0.0,3.0,9.0,-1.0,https://www.basketball-reference.com/boxscores/201603230DEN.html,2015-16
JaKarr Sampson,2016-03-25,Denver Nuggets,Los Angeles Lakers,0,21.58,4.0,9.0,0.444,1.0,1.0,1.0,2.0,2.0,1.0,2.0,1.0,3.0,1.0,0.0,2.0,0.0,2.0,11.0,-10.0,https://www.basketball-reference.com/boxscores/201603250LAL.html,2015-16
JaKarr Sampson,2016-03-27,Denver Nuggets,Los Angeles Clippers,0,12.55,1.0,4.0,0.25,0.0,2.0,0.0,0.0,0.0,,0.0,2.0,2.0,0.0,0.0,0.0,1.0,1.0,2.0,-19.0,https://www.basketball-reference.com/boxscores/201603270LAC.html,2015-16
JaKarr Sampson,2016-03-28,Denver Nuggets,Dallas Mavericks,1,17.49,1.0,4.0,0.25,0.0,1.0,0.0,0.0,0.0,,0.0,3.0,3.0,2.0,0.0,1.0,1.0,1.0,2.0,3.0,https://www.basketball-reference.com/boxscores/201603280DEN.html,2015-16
JaKarr Sampson,2016-03-30,Denver Nuggets,Memphis Grizzlies,0,27.22,5.0,6.0,0.833,1.0,2.0,0.5,1.0,2.0,0.5,1.0,1.0,2.0,0.0,1.0,0.0,2.0,3.0,12.0,13.0,https://www.basketball-reference.com/boxscores/201603300MEM.html,2015-16
JaKarr Sampson,2016-03-31,Denver Nuggets,New Orleans Pelicans,0,21.2,1.0,5.0,0.2,0.0,1.0,0.0,0.0,0.0,,0.0,2.0,2.0,2.0,0.0,4.0,1.0,1.0,2.0,4.0,https://www.basketball-reference.com/boxscores/201603310NOP.html,2015-16
JaKarr Sampson,2020-12-23,Indiana Pacers,New York Knicks,1,,,,,,,,,,,,,,,,,,,,,https://www.basketball-reference.com/boxscores/202012230IND.html,2020-21
JaKarr Sampson,2020-12-26,Indiana Pacers,Chicago Bulls,0,2.05,0.0,0.0,,0.0,0.0,,0.0,0.0,,0.0,1.0,1.0,0.0,0.0,0.0,0.0,1.0,0.0,3.0,https://www.basketball-reference.com/boxscores/202012260CHI.html,2020-21
JaKarr Sampson,2020-12-27,Indiana Pacers,Boston Celtics,1,,,,,,,,,,,,,,,,,,,,,https://www.basketball-reference.com/boxscores/202012270IND.html,2020-21
JaKarr Sampson,2020-12-29,Indiana Pacers,Boston Celtics,1,,,,,,,,,,,,,,,,,,,,,https://www.basketball-reference.com/boxscores/202012290IND.html,2020-21
JaKarr Sampson,2020-12-31,Indiana Pacers,Cleveland Cavaliers,1,1.36,0.0,0.0,,0.0,0.0,,0.0,0.0,,0.0,1.0,1.0,0.0,0.0,0.0,0.0,0.0,0.0,1.0,https://www.basketball-reference.com/boxscores/202012310IND.html,2020-21
JaKarr Sampson,2021-01-02,Indiana Pacers,New York Knicks,1,,,,,,,,,,,,,,,,,,,,,https://www.basketball-reference.com/boxscores/202101020IND.html,2020-21
JaKarr Sampson,2021-01-04,New Orleans Pelicans,Indiana Pacers,1,8.59,2.0,3.0,0.667,0.0,1.0,0.0,3.0,3.0,1.0,0.0,1.0,1.0,0.0,0.0,1.0,0.0,2.0,7.0,-1.0,https://www.basketball-reference.com/boxscores/202101040NOP.html,2020-21
JaKarr Sampson,2021-01-06,Indiana Pacers,Houston Rockets,1,,,,,,,,,,,,,,,,,,,,,https://www.basketball-reference.com/boxscores/202101060IND.html,2020-21
JaKarr Sampson,2021-01-09,Indiana Pacers,Phoenix Suns,1,7.57,0.0,1.0,0.0,0.0,0.0,,0.0,0.0,,0.0,0.0,0.0,0.0,0.0,0.0,0.0,0.0,0.0,-8.0,https://www.basketball-reference.com/boxscores/202101090IND.html,2020-21
JaKarr Sampson,2021-01-11,Indiana Pacers,Sacramento Kings,0,4.52,1.0,2.0,0.5,0.0,0.0,,0.0,0.0,,1.0,0.0,1.0,0.0,0.0,0.0,0.0,3.0,2.0,2.0,https://www.basketball-reference.com/boxscores/202101110SAC.html,2020-21
JaKarr Sampson,2021-01-12,Indiana Pacers,Golden State Warriors,0,14.22,3.0,5.0,0.6,0.0,1.0,0.0,0.0,0.0,,1.0,5.0,6.0,0.0,1.0,1.0,1.0,0.0,6.0,13.0,https://www.basketball-reference.com/boxscores/202101120GSW.html,2020-21
JaKarr Sampson,2021-01-14,Indiana Pacers,Portland Trail Blazers,0,12.18,1.0,4.0,0.25,0.0,0.0,,1.0,2.0,0.5,1.0,4.0,5.0,0.0,0.0,0.0,0.0,0.0,3.0,8.0,https://www.basketball-reference.com/boxscores/202101140POR.html,2020-21
JaKarr Sampson,2021-01-20,Indiana Pacers,Dallas Mavericks,1,7.2,1.0,3.0,0.333,0.0,0.0,,0.0,0.0,,3.0,3.0,6.0,0.0,0.0,1.0,0.0,1.0,2.0,2.0,https://www.basketball-reference.com/boxscores/202101200IND.html,2020-21
JaKarr Sampson,2021-01-24,Indiana Pacers,Toronto Raptors,1,,,,,,,,,,,,,,,,,,,,,https://www.basketball-reference.com/boxscores/202101240IND.html,2020-21
JaKarr Sampson,2021-01-25,Indiana Pacers,Toronto Raptors,1,,,,,,,,,,,,,,,,,,,,,https://www.basketball-reference.com/boxscores/202101250IND.html,2020-21
JaKarr Sampson,2021-01-27,Indiana Pacers,Charlotte Hornets,0,,,,,,,,,,,,,,,,,,,,,https://www.basketball-reference.com/boxscores/202101270CHO.html,2020-21
JaKarr Sampson,2021-01-29,Indiana Pacers,Charlotte Hornets,0,,,,,,,,,,,,,,,,,,,,,https://www.basketball-reference.com/boxscores/202101290CHO.html,2020-21
JaKarr Sampson,2021-01-31,Indiana Pacers,Philadelphia 76ers,1,,,,,,,,,,,,,,,,,,,,,https://www.basketball-reference.com/boxscores/202101310IND.html,2020-21
JaKarr Sampson,2021-02-02,Indiana Pacers,Memphis Grizzlies,1,4.12,0.0,1.0,0.0,0.0,0.0,,2.0,2.0,1.0,0.0,1.0,1.0,0.0,0.0,0.0,0.0,0.0,2.0,-7.0,https://www.basketball-reference.com/boxscores/202102020IND.html,2020-21
JaKarr Sampson,2021-02-03,Indiana Pacers,Milwaukee Bucks,0,4.52,1.0,2.0,0.5,0.0,1.0,0.0,1.0,2.0,0.5,0.0,3.0,3.0,0.0,0.0,0.0,1.0,1.0,3.0,4.0,https://www.basketball-reference.com/boxscores/202102030MIL.html,2020-21
JaKarr Sampson,2021-02-05,Indiana Pacers,New Orleans Pelicans,1,,,,,,,,,,,,,,,,,,,,,https://www.basketball-reference.com/boxscores/202102050IND.html,2020-21
JaKarr Sampson,2021-02-07,Indiana Pacers,Utah Jazz,1,,,,,,,,,,,,,,,,,,,,,https://www.basketball-reference.com/boxscores/202102070IND.html,2020-21
JaKarr Sampson,2021-02-10,Indiana Pacers,Brooklyn Nets,0,2.41,1.0,2.0,0.5,0.0,0.0,,1.0,1.0,1.0,1.0,0.0,1.0,0.0,0.0,0.0,1.0,0.0,3.0,9.0,https://www.basketball-reference.com/boxscores/202102100BRK.html,2020-21
JaKarr Sampson,2021-02-11,Indiana Pacers,Detroit Pistons,0,,,,,,,,,,,,,,,,,,,,,https://www.basketball-reference.com/boxscores/202102110DET.html,2020-21
JaKarr Sampson,2021-02-13,Indiana Pacers,Atlanta Hawks,0,4.27,1.0,2.0,0.5,0.0,0.0,,0.0,0.0,,0.0,0.0,0.0,0.0,0.0,0.0,0.0,0.0,2.0,-7.0,https://www.basketball-reference.com/boxscores/202102130ATL.html,2020-21
JaKarr Sampson,2021-02-17,Minnesota Timberwolves,Indiana Pacers,1,,,,,,,,,,,,,,,,,,,,,https://www.basketball-reference.com/boxscores/202102170MIN.html,2020-21
JaKarr Sampson,2021-02-24,Indiana Pacers,Golden State Warriors,1,,,,,,,,,,,,,,,,,,,,,https://www.basketball-reference.com/boxscores/202102240IND.html,2020-21
JaKarr Sampson,2021-02-26,Indiana Pacers,Boston Celtics,0,,,,,,,,,,,,,,,,,,,,,https://www.basketball-reference.com/boxscores/202102260BOS.html,2020-21
JaKarr Sampson,2021-02-27,Indiana Pacers,New York Knicks,0,10.3,1.0,3.0,0.333,0.0,1.0,0.0,0.0,0.0,,1.0,2.0,3.0,0.0,0.0,0.0,1.0,1.0,2.0,4.0,https://www.basketball-reference.com/boxscores/202102270NYK.html,2020-21
JaKarr Sampson,2021-03-01,Indiana Pacers,Philadelphia 76ers,0,8.05,3.0,4.0,0.75,1.0,1.0,1.0,0.0,0.0,,0.0,0.0,0.0,1.0,1.0,0.0,2.0,1.0,7.0,2.0,https://www.basketball-reference.com/boxscores/202103010PHI.html,2020-21
JaKarr Sampson,2021-03-03,Indiana Pacers,Cleveland Cavaliers,0,,,,,,,,,,,,,,,,,,,,,https://www.basketball-reference.com/boxscores/202103030CLE.html,2020-21
JaKarr Sampson,2021-03-04,Indiana Pacers,Denver Nuggets,1,,,,,,,,,,,,,,,,,,,,,https://www.basketball-reference.com/boxscores/202103040IND.html,2020-21
JaKarr Sampson,2021-03-12,Indiana Pacers,Los Angeles Lakers,0,,,,,,,,,,,,,,,,,,,,,https://www.basketball-reference.com/boxscores/202103120LAL.html,2020-21
JaKarr Sampson,2021-03-13,Indiana Pacers,Phoenix Suns,0,,,,,,,,,,,,,,,,,,,,,https://www.basketball-reference.com/boxscores/202103130PHO.html,2020-21
JaKarr Sampson,2021-03-15,Indiana Pacers,Denver Nuggets,0,,,,,,,,,,,,,,,,,,,,,https://www.basketball-reference.com/boxscores/202103150DEN.html,2020-21
JaKarr Sampson,2021-03-17,Indiana Pacers,Brooklyn Nets,1,,,,,,,,,,,,,,,,,,,,,https://www.basketball-reference.com/boxscores/202103170IND.html,2020-21
JaKarr Sampson,2021-03-21,Miami Heat,Indiana Pacers,1,,,,,,,,,,,,,,,,,,,,,https://www.basketball-reference.com/boxscores/202103210MIA.html,2020-21
JaKarr Sampson,2021-03-22,Indiana Pacers,Milwaukee Bucks,0,,,,,,,,,,,,,,,,,,,,,https://www.basketball-reference.com/boxscores/202103220MIL.html,2020-21
JaKarr Sampson,2021-03-24,Indiana Pacers,Detroit Pistons,1,,,,,,,,,,,,,,,,,,,,,https://www.basketball-reference.com/boxscores/202103240IND.html,2020-21
JaKarr Sampson,2021-03-26,Indiana Pacers,Dallas Mavericks,0,1.38,0.0,1.0,0.0,0.0,0.0,,0.0,0.0,,0.0,1.0,1.0,0.0,0.0,0.0,1.0,0.0,0.0,-4.0,https://www.basketball-reference.com/boxscores/202103260DAL.html,2020-21
JaKarr Sampson,2021-03-29,Indiana Pacers,Washington Wizards,0,,,,,,,,,,,,,,,,,,,,,https://www.basketball-reference.com/boxscores/202103290WAS.html,2020-21
JaKarr Sampson,2021-03-31,Indiana Pacers,Miami Heat,1,,,,,,,,,,,,,,,,,,,,,https://www.basketball-reference.com/boxscores/202103310IND.html,2020-21
