Player,Date,Team,Against,Home,MP,FG,FGA,FG%,3P,3PA,3P%,FT,FTA,FT%,ORB,DRB,TRB,AST,STL,BLK,TOV,PF,PTS,+/-,GameLink,season
Jamaal Magloire,2006-12-01,Portland Trail Blazers,Orlando Magic,1,16.28,3.0,6.0,0.5,0.0,0.0,,0.0,2.0,0.0,2.0,3.0,5.0,0.0,2.0,0.0,1.0,4.0,6.0,-9.0,https://www.basketball-reference.com/boxscores/200612010POR.html,2006-07
Jamaal Magloire,2006-12-03,Portland Trail Blazers,Atlanta Hawks,1,14.52,3.0,4.0,0.75,0.0,0.0,,2.0,3.0,0.667,0.0,2.0,2.0,1.0,0.0,1.0,4.0,2.0,8.0,-8.0,https://www.basketball-reference.com/boxscores/200612030POR.html,2006-07
Jamaal Magloire,2006-12-05,Portland Trail Blazers,Detroit Pistons,0,2.54,0.0,1.0,0.0,0.0,0.0,,1.0,2.0,0.5,1.0,0.0,1.0,1.0,0.0,0.0,0.0,0.0,1.0,-4.0,https://www.basketball-reference.com/boxscores/200612050DET.html,2006-07
Jamaal Magloire,2006-12-06,Milwaukee Bucks,Portland Trail Blazers,1,7.09,1.0,2.0,0.5,0.0,0.0,,2.0,4.0,0.5,0.0,2.0,2.0,0.0,0.0,0.0,0.0,0.0,4.0,-5.0,https://www.basketball-reference.com/boxscores/200612060MIL.html,2006-07
Jamaal Magloire,2006-12-08,Portland Trail Blazers,Indiana Pacers,0,21.32,5.0,7.0,0.7140000000000001,0.0,0.0,,4.0,7.0,0.5710000000000001,3.0,4.0,7.0,0.0,1.0,2.0,2.0,4.0,14.0,12.0,https://www.basketball-reference.com/boxscores/200612080IND.html,2006-07
Jamaal Magloire,2006-12-10,Portland Trail Blazers,Toronto Raptors,0,19.56,1.0,2.0,0.5,0.0,0.0,,4.0,8.0,0.5,4.0,6.0,10.0,1.0,1.0,0.0,4.0,2.0,6.0,2.0,https://www.basketball-reference.com/boxscores/200612100TOR.html,2006-07
Jamaal Magloire,2006-12-11,Portland Trail Blazers,Philadelphia 76ers,0,28.48,2.0,5.0,0.4,0.0,0.0,,2.0,2.0,1.0,0.0,2.0,2.0,3.0,2.0,1.0,1.0,5.0,6.0,5.0,https://www.basketball-reference.com/boxscores/200612110PHI.html,2006-07
Jamaal Magloire,2006-12-13,Portland Trail Blazers,Memphis Grizzlies,0,25.28,3.0,5.0,0.6,0.0,0.0,,3.0,5.0,0.6,3.0,4.0,7.0,1.0,1.0,1.0,2.0,4.0,9.0,-1.0,https://www.basketball-reference.com/boxscores/200612130MEM.html,2006-07
Jamaal Magloire,2006-12-15,Portland Trail Blazers,Los Angeles Clippers,1,22.0,2.0,6.0,0.333,0.0,0.0,,2.0,2.0,1.0,3.0,6.0,9.0,0.0,0.0,0.0,1.0,2.0,6.0,5.0,https://www.basketball-reference.com/boxscores/200612150POR.html,2006-07
Jamaal Magloire,2006-12-20,Portland Trail Blazers,Houston Rockets,1,20.16,3.0,7.0,0.429,0.0,0.0,,3.0,4.0,0.75,2.0,4.0,6.0,0.0,0.0,0.0,1.0,2.0,9.0,4.0,https://www.basketball-reference.com/boxscores/200612200POR.html,2006-07
Jamaal Magloire,2006-12-26,Portland Trail Blazers,Phoenix Suns,0,18.21,0.0,1.0,0.0,0.0,0.0,,1.0,2.0,0.5,0.0,7.0,7.0,0.0,1.0,0.0,1.0,2.0,1.0,-14.0,https://www.basketball-reference.com/boxscores/200612260PHO.html,2006-07
Jamaal Magloire,2006-12-27,Portland Trail Blazers,New Orleans/Oklahoma City Hornets,1,13.52,1.0,3.0,0.333,0.0,0.0,,2.0,2.0,1.0,1.0,2.0,3.0,0.0,0.0,0.0,1.0,3.0,4.0,-6.0,https://www.basketball-reference.com/boxscores/200612270POR.html,2006-07
Jamaal Magloire,2006-12-29,Portland Trail Blazers,Philadelphia 76ers,1,20.01,4.0,5.0,0.8,0.0,0.0,,2.0,3.0,0.667,2.0,3.0,5.0,0.0,0.0,2.0,1.0,2.0,10.0,-7.0,https://www.basketball-reference.com/boxscores/200612290POR.html,2006-07
Jamaal Magloire,2006-12-30,Portland Trail Blazers,Utah Jazz,0,15.22,1.0,2.0,0.5,0.0,0.0,,2.0,6.0,0.333,2.0,1.0,3.0,1.0,0.0,1.0,1.0,5.0,4.0,3.0,https://www.basketball-reference.com/boxscores/200612300UTA.html,2006-07
Jamaal Magloire,2007-01-01,Portland Trail Blazers,Boston Celtics,1,27.45,3.0,7.0,0.429,0.0,0.0,,3.0,4.0,0.75,5.0,8.0,13.0,1.0,0.0,0.0,3.0,2.0,9.0,-7.0,https://www.basketball-reference.com/boxscores/200701010POR.html,2006-07
Jamaal Magloire,2007-01-03,Portland Trail Blazers,New York Knicks,1,21.28,5.0,5.0,1.0,0.0,0.0,,0.0,2.0,0.0,1.0,5.0,6.0,0.0,0.0,0.0,1.0,5.0,10.0,-13.0,https://www.basketball-reference.com/boxscores/200701030POR.html,2006-07
Jamaal Magloire,2007-01-06,Sacramento Kings,Portland Trail Blazers,1,23.42,0.0,3.0,0.0,0.0,0.0,,2.0,2.0,1.0,0.0,2.0,2.0,2.0,1.0,1.0,2.0,4.0,2.0,0.0,https://www.basketball-reference.com/boxscores/200701060SAC.html,2006-07
Jamaal Magloire,2007-01-07,Portland Trail Blazers,Miami Heat,1,23.45,3.0,9.0,0.333,0.0,0.0,,2.0,2.0,1.0,5.0,2.0,7.0,0.0,0.0,1.0,1.0,2.0,8.0,-4.0,https://www.basketball-reference.com/boxscores/200701070POR.html,2006-07
Jamaal Magloire,2007-01-09,Portland Trail Blazers,San Antonio Spurs,0,19.1,3.0,5.0,0.6,0.0,0.0,,2.0,3.0,0.667,0.0,3.0,3.0,1.0,0.0,0.0,0.0,2.0,8.0,-16.0,https://www.basketball-reference.com/boxscores/200701090SAS.html,2006-07
Jamaal Magloire,2007-01-10,Portland Trail Blazers,Dallas Mavericks,0,15.24,0.0,1.0,0.0,0.0,0.0,,1.0,2.0,0.5,2.0,4.0,6.0,0.0,0.0,0.0,0.0,1.0,1.0,-16.0,https://www.basketball-reference.com/boxscores/200701100DAL.html,2006-07
Jamaal Magloire,2007-01-12,Portland Trail Blazers,Sacramento Kings,1,13.32,2.0,3.0,0.667,0.0,0.0,,0.0,0.0,,2.0,1.0,3.0,0.0,0.0,0.0,2.0,5.0,4.0,4.0,https://www.basketball-reference.com/boxscores/200701120POR.html,2006-07
Jamaal Magloire,2007-01-14,Portland Trail Blazers,Denver Nuggets,1,25.52,3.0,4.0,0.75,0.0,0.0,,5.0,8.0,0.625,2.0,3.0,5.0,0.0,0.0,4.0,2.0,2.0,11.0,7.0,https://www.basketball-reference.com/boxscores/200701140POR.html,2006-07
Jamaal Magloire,2007-01-17,Portland Trail Blazers,Cleveland Cavaliers,1,18.47,0.0,3.0,0.0,0.0,0.0,,0.0,0.0,,0.0,5.0,5.0,0.0,0.0,0.0,1.0,4.0,0.0,-3.0,https://www.basketball-reference.com/boxscores/200701170POR.html,2006-07
Jamaal Magloire,2007-01-19,Portland Trail Blazers,Phoenix Suns,0,4.2,1.0,3.0,0.333,0.0,0.0,,0.0,0.0,,1.0,1.0,2.0,0.0,0.0,0.0,2.0,0.0,2.0,-5.0,https://www.basketball-reference.com/boxscores/200701190PHO.html,2006-07
Jamaal Magloire,2007-01-21,Portland Trail Blazers,Milwaukee Bucks,1,17.07,3.0,6.0,0.5,0.0,0.0,,0.0,0.0,,4.0,3.0,7.0,1.0,0.0,0.0,0.0,4.0,6.0,7.0,https://www.basketball-reference.com/boxscores/200701210POR.html,2006-07
Jamaal Magloire,2007-01-26,Portland Trail Blazers,Houston Rockets,0,19.15,4.0,5.0,0.8,0.0,0.0,,1.0,3.0,0.333,3.0,1.0,4.0,0.0,0.0,1.0,2.0,2.0,9.0,-5.0,https://www.basketball-reference.com/boxscores/200701260HOU.html,2006-07
Jamaal Magloire,2007-01-27,Memphis Grizzlies,Portland Trail Blazers,1,21.26,5.0,6.0,0.833,0.0,0.0,,0.0,0.0,,2.0,2.0,4.0,0.0,0.0,0.0,2.0,5.0,10.0,-6.0,https://www.basketball-reference.com/boxscores/200701270MEM.html,2006-07
Jamaal Magloire,2007-01-29,Portland Trail Blazers,New Orleans/Oklahoma City Hornets,0,22.55,2.0,3.0,0.667,0.0,0.0,,3.0,6.0,0.5,2.0,4.0,6.0,0.0,0.0,3.0,1.0,5.0,7.0,-2.0,https://www.basketball-reference.com/boxscores/200701290NOK.html,2006-07
Jamaal Magloire,2007-01-31,Portland Trail Blazers,Denver Nuggets,1,15.13,0.0,1.0,0.0,0.0,0.0,,3.0,4.0,0.75,1.0,2.0,3.0,0.0,0.0,1.0,3.0,5.0,3.0,-6.0,https://www.basketball-reference.com/boxscores/200701310POR.html,2006-07
Jamaal Magloire,2007-02-02,Denver Nuggets,Portland Trail Blazers,1,18.38,2.0,3.0,0.667,0.0,0.0,,0.0,0.0,,0.0,4.0,4.0,0.0,0.0,0.0,2.0,2.0,4.0,3.0,https://www.basketball-reference.com/boxscores/200702020DEN.html,2006-07
Jamaal Magloire,2007-02-03,Portland Trail Blazers,Chicago Bulls,1,7.31,1.0,2.0,0.5,0.0,0.0,,0.0,0.0,,1.0,1.0,2.0,0.0,0.0,1.0,0.0,1.0,2.0,-12.0,https://www.basketball-reference.com/boxscores/200702030POR.html,2006-07
Jamaal Magloire,2007-02-09,Charlotte Bobcats,Portland Trail Blazers,1,26.48,2.0,6.0,0.333,0.0,0.0,,3.0,5.0,0.6,3.0,5.0,8.0,0.0,0.0,3.0,2.0,2.0,7.0,10.0,https://www.basketball-reference.com/boxscores/200702090CHA.html,2006-07
Jamaal Magloire,2007-02-11,Portland Trail Blazers,Washington Wizards,0,15.24,2.0,4.0,0.5,0.0,0.0,,2.0,3.0,0.667,2.0,3.0,5.0,0.0,0.0,0.0,3.0,3.0,6.0,22.0,https://www.basketball-reference.com/boxscores/200702110WAS.html,2006-07
Jamaal Magloire,2007-02-13,Portland Trail Blazers,Miami Heat,0,26.4,2.0,4.0,0.5,0.0,0.0,,0.0,1.0,0.0,2.0,3.0,5.0,1.0,0.0,1.0,0.0,0.0,4.0,-18.0,https://www.basketball-reference.com/boxscores/200702130MIA.html,2006-07
Jamaal Magloire,2007-02-14,Portland Trail Blazers,Orlando Magic,0,22.08,2.0,7.0,0.28600000000000003,0.0,0.0,,3.0,5.0,0.6,3.0,4.0,7.0,0.0,0.0,0.0,1.0,4.0,7.0,-15.0,https://www.basketball-reference.com/boxscores/200702140ORL.html,2006-07
Jamaal Magloire,2007-02-20,Portland Trail Blazers,Utah Jazz,1,,,,,,,,,,,,,,,,,,,,,https://www.basketball-reference.com/boxscores/200702200POR.html,2006-07
Jamaal Magloire,2007-02-21,Portland Trail Blazers,Los Angeles Lakers,0,18.37,3.0,5.0,0.6,0.0,0.0,,0.0,0.0,,0.0,3.0,3.0,0.0,1.0,0.0,0.0,2.0,6.0,2.0,https://www.basketball-reference.com/boxscores/200702210LAL.html,2006-07
Jamaal Magloire,2007-02-23,Portland Trail Blazers,Memphis Grizzlies,1,31.47,6.0,9.0,0.667,0.0,0.0,,2.0,2.0,1.0,4.0,6.0,10.0,2.0,2.0,2.0,1.0,3.0,14.0,14.0,https://www.basketball-reference.com/boxscores/200702230POR.html,2006-07
Jamaal Magloire,2007-02-26,Portland Trail Blazers,Seattle SuperSonics,0,19.45,3.0,4.0,0.75,0.0,0.0,,0.0,0.0,,1.0,3.0,4.0,0.0,0.0,1.0,2.0,0.0,6.0,-13.0,https://www.basketball-reference.com/boxscores/200702260SEA.html,2006-07
Jamaal Magloire,2007-03-01,Portland Trail Blazers,Charlotte Bobc,1,15.52,3.0,6.0,0.5,0.0,0.0,,0.0,2.0,0.0,0.0,5.0,5.0,0.0,0.0,0.0,4.0,4.0,6.0,13.0,https://www.basketball-reference.com/boxscores/200703010POR.html,2006-07
Jamaal Magloire,2007-03-03,Portland Trail Blazers,Sacramento Kings,1,18.34,3.0,6.0,0.5,0.0,0.0,,3.0,4.0,0.75,2.0,1.0,3.0,0.0,0.0,0.0,3.0,2.0,9.0,-5.0,https://www.basketball-reference.com/boxscores/200703030POR.html,2006-07
Jamaal Magloire,2007-03-06,Portland Trail Blazers,San Antonio Spurs,1,18.43,1.0,3.0,0.333,0.0,0.0,,4.0,8.0,0.5,4.0,2.0,6.0,1.0,0.0,0.0,2.0,5.0,6.0,-7.0,https://www.basketball-reference.com/boxscores/200703060POR.html,2006-07
Jamaal Magloire,2007-03-11,Portland Trail Blazers,Golden State Warriors,1,10.49,1.0,2.0,0.5,0.0,0.0,,0.0,0.0,,1.0,6.0,7.0,0.0,0.0,1.0,2.0,2.0,2.0,5.0,https://www.basketball-reference.com/boxscores/200703110POR.html,2006-07
Jamaal Magloire,2007-03-13,Portland Trail Blazers,Denver Nuggets,0,10.44,1.0,2.0,0.5,0.0,0.0,,2.0,2.0,1.0,0.0,2.0,2.0,0.0,0.0,1.0,1.0,1.0,4.0,-10.0,https://www.basketball-reference.com/boxscores/200703130DEN.html,2006-07
Jamaal Magloire,2007-03-14,Portland Trail Blazers,Detroit Pistons,1,10.59,0.0,2.0,0.0,0.0,0.0,,0.0,0.0,,2.0,1.0,3.0,0.0,0.0,0.0,1.0,1.0,0.0,-12.0,https://www.basketball-reference.com/boxscores/200703140POR.html,2006-07
Jamaal Magloire,2007-03-16,Los Angeles Lakers,Portland Trail Blazers,1,22.41,3.0,7.0,0.429,0.0,0.0,,0.0,0.0,,2.0,6.0,8.0,2.0,0.0,3.0,2.0,3.0,6.0,-4.0,https://www.basketball-reference.com/boxscores/200703160LAL.html,2006-07
Jamaal Magloire,2007-03-18,Portland Trail Blazers,Seattle SuperSonics,1,24.06,4.0,7.0,0.5710000000000001,0.0,0.0,,3.0,4.0,0.75,5.0,7.0,12.0,2.0,0.0,1.0,2.0,5.0,11.0,5.0,https://www.basketball-reference.com/boxscores/200703180POR.html,2006-07
Jamaal Magloire,2007-03-20,Portland Trail Blazers,Washington Wizards,1,28.3,4.0,7.0,0.5710000000000001,0.0,0.0,,0.0,2.0,0.0,1.0,6.0,7.0,0.0,1.0,1.0,2.0,3.0,8.0,-6.0,https://www.basketball-reference.com/boxscores/200703200POR.html,2006-07
Jamaal Magloire,2007-03-22,Portland Trail Blazers,New York Knicks,0,36.22,5.0,9.0,0.556,0.0,0.0,,4.0,10.0,0.4,3.0,13.0,16.0,0.0,0.0,1.0,3.0,3.0,14.0,15.0,https://www.basketball-reference.com/boxscores/200703220NYK.html,2006-07
Jamaal Magloire,2007-03-23,Atlanta Hawks,Portland Trail Blazers,1,39.29,3.0,7.0,0.429,0.0,0.0,,3.0,7.0,0.429,4.0,12.0,16.0,1.0,1.0,3.0,5.0,3.0,9.0,1.0,https://www.basketball-reference.com/boxscores/200703230ATL.html,2006-07
Jamaal Magloire,2007-03-25,Portland Trail Blazers,Minnesota Timberwolves,0,23.43,4.0,6.0,0.667,0.0,0.0,,2.0,4.0,0.5,5.0,4.0,9.0,0.0,0.0,0.0,2.0,3.0,10.0,2.0,https://www.basketball-reference.com/boxscores/200703250MIN.html,2006-07
Jamaal Magloire,2007-03-26,Portland Trail Blazers,Chicago Bulls,0,18.43,2.0,4.0,0.5,0.0,0.0,,0.0,0.0,,1.0,1.0,2.0,2.0,1.0,0.0,1.0,3.0,4.0,-6.0,https://www.basketball-reference.com/boxscores/200703260CHI.html,2006-07
Jamaal Magloire,2007-03-29,Portland Trail Blazers,Memphis Grizzlies,1,27.51,3.0,4.0,0.75,0.0,0.0,,0.0,0.0,,0.0,3.0,3.0,0.0,0.0,2.0,1.0,4.0,6.0,10.0,https://www.basketball-reference.com/boxscores/200703290POR.html,2006-07
Jamaal Magloire,2007-03-31,Portland Trail Blazers,Los Angeles Clippers,1,39.47,5.0,13.0,0.385,0.0,0.0,,3.0,5.0,0.6,3.0,3.0,6.0,1.0,1.0,2.0,3.0,3.0,13.0,-15.0,https://www.basketball-reference.com/boxscores/200703310POR.html,2006-07
Jamaal Magloire,2002-12-01,New Orleans Hornets,Boston Celtics,0,27.52,2.0,3.0,0.667,0.0,0.0,,2.0,4.0,0.5,1.0,2.0,3.0,0.0,0.0,0.0,7.0,5.0,6.0,-3.0,https://www.basketball-reference.com/boxscores/200212010BOS.html,2002-03
Jamaal Magloire,2002-12-03,New Orleans Hornets,Chicago Bulls,0,27.58,7.0,11.0,0.636,0.0,0.0,,4.0,6.0,0.667,5.0,5.0,10.0,2.0,1.0,0.0,1.0,1.0,18.0,19.0,https://www.basketball-reference.com/boxscores/200212030CHI.html,2002-03
Jamaal Magloire,2002-12-04,New Orleans Hornets,Toronto Raptors,1,27.27,7.0,10.0,0.7,0.0,0.0,,2.0,2.0,1.0,2.0,6.0,8.0,1.0,0.0,0.0,4.0,2.0,16.0,11.0,https://www.basketball-reference.com/boxscores/200212040NOH.html,2002-03
Jamaal Magloire,2002-12-07,New Orleans Hornets,Milwaukee Bucks,0,26.35,1.0,8.0,0.125,0.0,0.0,,4.0,6.0,0.667,3.0,5.0,8.0,0.0,0.0,1.0,0.0,1.0,6.0,2.0,https://www.basketball-reference.com/boxscores/200212070MIL.html,2002-03
Jamaal Magloire,2002-12-09,New Orleans Hornets,Los Angeles Clippers,1,25.11,2.0,4.0,0.5,0.0,0.0,,0.0,0.0,,0.0,3.0,3.0,0.0,1.0,1.0,2.0,5.0,4.0,10.0,https://www.basketball-reference.com/boxscores/200212090NOH.html,2002-03
Jamaal Magloire,2002-12-12,New Orleans Hornets,Utah Jazz,0,32.45,6.0,10.0,0.6,0.0,0.0,,1.0,2.0,0.5,3.0,4.0,7.0,0.0,3.0,0.0,1.0,4.0,13.0,12.0,https://www.basketball-reference.com/boxscores/200212120UTA.html,2002-03
Jamaal Magloire,2002-12-13,New Orleans Hornets,Los Angeles Lakers,0,25.22,4.0,8.0,0.5,0.0,0.0,,0.0,1.0,0.0,2.0,1.0,3.0,1.0,1.0,0.0,1.0,4.0,8.0,1.0,https://www.basketball-reference.com/boxscores/200212130LAL.html,2002-03
Jamaal Magloire,2002-12-15,New Orleans Hornets,Sacramento Kings,0,30.55,5.0,8.0,0.625,0.0,0.0,,5.0,7.0,0.7140000000000001,4.0,4.0,8.0,0.0,2.0,0.0,3.0,1.0,15.0,-6.0,https://www.basketball-reference.com/boxscores/200212150SAC.html,2002-03
Jamaal Magloire,2002-12-17,New Orleans Hornets,Portland Trail Blazers,0,30.25,5.0,6.0,0.833,0.0,0.0,,5.0,5.0,1.0,0.0,3.0,3.0,1.0,0.0,1.0,2.0,4.0,15.0,-9.0,https://www.basketball-reference.com/boxscores/200212170POR.html,2002-03
Jamaal Magloire,2002-12-18,New Orleans Hornets,Golden State Warriors,0,27.3,3.0,7.0,0.429,0.0,0.0,,8.0,10.0,0.8,1.0,6.0,7.0,2.0,0.0,2.0,0.0,4.0,14.0,4.0,https://www.basketball-reference.com/boxscores/200212180GSW.html,2002-03
Jamaal Magloire,2002-12-20,Seattle SuperSonics,New Orleans Hornets,1,19.53,0.0,1.0,0.0,0.0,0.0,,0.0,0.0,,0.0,2.0,2.0,0.0,0.0,0.0,4.0,6.0,0.0,-1.0,https://www.basketball-reference.com/boxscores/200212200SEA.html,2002-03
Jamaal Magloire,2002-12-23,San Antonio Spurs,New Orleans Hornets,1,40.52,2.0,8.0,0.25,0.0,0.0,,2.0,4.0,0.5,2.0,2.0,4.0,0.0,1.0,1.0,0.0,6.0,6.0,-1.0,https://www.basketball-reference.com/boxscores/200212230SAS.html,2002-03
Jamaal Magloire,2002-12-26,New Orleans Hornets,Dallas Mavericks,1,33.15,5.0,11.0,0.455,0.0,0.0,,0.0,0.0,,6.0,9.0,15.0,2.0,0.0,1.0,1.0,5.0,10.0,-3.0,https://www.basketball-reference.com/boxscores/200212260NOH.html,2002-03
Jamaal Magloire,2002-12-28,New Orleans Hornets,Indiana Pacers,0,30.38,4.0,8.0,0.5,0.0,0.0,,0.0,3.0,0.0,7.0,4.0,11.0,0.0,1.0,1.0,1.0,6.0,8.0,-14.0,https://www.basketball-reference.com/boxscores/200212280IND.html,2002-03
Jamaal Magloire,2002-12-29,New Orleans Hornets,Houston Rockets,0,33.03,3.0,6.0,0.5,0.0,0.0,,2.0,6.0,0.333,4.0,8.0,12.0,1.0,0.0,0.0,2.0,3.0,8.0,-12.0,https://www.basketball-reference.com/boxscores/200212290HOU.html,2002-03
Jamaal Magloire,2002-12-31,New Orleans Hornets,Indiana Pacers,1,32.48,6.0,9.0,0.667,0.0,0.0,,3.0,3.0,1.0,3.0,7.0,10.0,1.0,0.0,5.0,2.0,3.0,15.0,-11.0,https://www.basketball-reference.com/boxscores/200212310NOH.html,2002-03
Jamaal Magloire,2003-01-03,New Orleans Hornets,Orlando Magic,1,23.38,1.0,2.0,0.5,0.0,0.0,,3.0,4.0,0.75,2.0,7.0,9.0,0.0,1.0,1.0,1.0,2.0,5.0,4.0,https://www.basketball-reference.com/boxscores/200301030NOH.html,2002-03
Jamaal Magloire,2003-01-05,New Orleans Hornets,Toronto Raptors,0,27.5,4.0,9.0,0.444,0.0,0.0,,3.0,5.0,0.6,3.0,5.0,8.0,0.0,1.0,2.0,0.0,2.0,11.0,7.0,https://www.basketball-reference.com/boxscores/200301050TOR.html,2002-03
Jamaal Magloire,2003-01-06,New Orleans Hornets,Memphis Grizzlies,0,22.05,4.0,8.0,0.5,0.0,0.0,,1.0,2.0,0.5,4.0,4.0,8.0,0.0,0.0,0.0,1.0,1.0,9.0,-25.0,https://www.basketball-reference.com/boxscores/200301060MEM.html,2002-03
Jamaal Magloire,2003-01-08,New Orleans Hornets,Boston Celtics,1,19.41,1.0,5.0,0.2,0.0,0.0,,2.0,4.0,0.5,3.0,4.0,7.0,3.0,0.0,2.0,2.0,5.0,4.0,1.0,https://www.basketball-reference.com/boxscores/200301080NOH.html,2002-03
Jamaal Magloire,2003-01-11,New Orleans Hornets,Atlanta Hawks,0,16.31,0.0,5.0,0.0,0.0,0.0,,0.0,0.0,,1.0,2.0,3.0,1.0,1.0,0.0,0.0,1.0,0.0,-8.0,https://www.basketball-reference.com/boxscores/200301110ATL.html,2002-03
Jamaal Magloire,2003-01-15,New Orleans Hornets,Los Angeles Lakers,1,33.56,2.0,6.0,0.333,0.0,0.0,,1.0,2.0,0.5,1.0,6.0,7.0,1.0,0.0,1.0,0.0,3.0,5.0,-1.0,https://www.basketball-reference.com/boxscores/200301150NOH.html,2002-03
Jamaal Magloire,2003-01-17,New Orleans Hornets,Chicago Bulls,1,33.57,6.0,8.0,0.75,0.0,0.0,,3.0,5.0,0.6,5.0,9.0,14.0,0.0,3.0,3.0,3.0,5.0,15.0,22.0,https://www.basketball-reference.com/boxscores/200301170NOH.html,2002-03
Jamaal Magloire,2003-01-20,New Orleans Hornets,Phoenix Suns,1,32.33,8.0,10.0,0.8,0.0,0.0,,6.0,6.0,1.0,4.0,6.0,10.0,0.0,0.0,1.0,1.0,4.0,22.0,3.0,https://www.basketball-reference.com/boxscores/200301200NOH.html,2002-03
Jamaal Magloire,2003-01-22,New Orleans Hornets,Washington Wizards,1,34.05,7.0,11.0,0.636,0.0,0.0,,2.0,2.0,1.0,5.0,9.0,14.0,0.0,1.0,1.0,1.0,2.0,16.0,12.0,https://www.basketball-reference.com/boxscores/200301220NOH.html,2002-03
Jamaal Magloire,2003-01-27,New Orleans Hornets,Milwaukee Bucks,1,30.24,0.0,6.0,0.0,0.0,0.0,,7.0,8.0,0.875,3.0,2.0,5.0,2.0,1.0,1.0,3.0,4.0,7.0,-22.0,https://www.basketball-reference.com/boxscores/200301270NOH.html,2002-03
Jamaal Magloire,2003-01-29,New Orleans Hornets,Toronto Raptors,1,26.46,3.0,5.0,0.6,0.0,0.0,,2.0,4.0,0.5,1.0,6.0,7.0,1.0,0.0,1.0,1.0,3.0,8.0,5.0,https://www.basketball-reference.com/boxscores/200301290NOH.html,2002-03
Jamaal Magloire,2003-01-31,New Orleans Hornets,New Jersey Nets,0,27.53,1.0,4.0,0.25,0.0,0.0,,2.0,2.0,1.0,2.0,3.0,5.0,0.0,1.0,1.0,3.0,5.0,4.0,-1.0,https://www.basketball-reference.com/boxscores/200301310NJN.html,2002-03
Jamaal Magloire,2003-02-01,New Orleans Hornets,Washington Wizards,0,22.55,1.0,9.0,0.111,0.0,0.0,,1.0,1.0,1.0,5.0,2.0,7.0,1.0,0.0,1.0,3.0,1.0,3.0,-8.0,https://www.basketball-reference.com/boxscores/200302010WAS.html,2002-03
Jamaal Magloire,2003-02-03,New Orleans Hornets,Boston Celtics,1,15.06,0.0,5.0,0.0,0.0,0.0,,4.0,4.0,1.0,3.0,0.0,3.0,2.0,0.0,1.0,2.0,2.0,4.0,-9.0,https://www.basketball-reference.com/boxscores/200302030NOH.html,2002-03
Jamaal Magloire,2003-02-05,New Orleans Hornets,Sacramento Kings,1,25.09,4.0,13.0,0.308,0.0,0.0,,2.0,2.0,1.0,4.0,4.0,8.0,1.0,1.0,1.0,0.0,2.0,10.0,23.0,https://www.basketball-reference.com/boxscores/200302050NOH.html,2002-03
Jamaal Magloire,2003-02-11,New Orleans Hornets,Miami Heat,0,27.21,7.0,11.0,0.636,0.0,0.0,,1.0,2.0,0.5,3.0,4.0,7.0,0.0,0.0,0.0,2.0,2.0,15.0,8.0,https://www.basketball-reference.com/boxscores/200302110MIA.html,2002-03
Jamaal Magloire,2003-02-12,New Orleans Hornets,Indiana Pacers,1,36.05,3.0,13.0,0.231,0.0,0.0,,7.0,12.0,0.583,8.0,12.0,20.0,2.0,2.0,1.0,2.0,3.0,13.0,-8.0,https://www.basketball-reference.com/boxscores/200302120NOH.html,2002-03
Jamaal Magloire,2003-02-14,New Orleans Hornets,Minnesota Timberwolves,0,27.46,2.0,8.0,0.25,0.0,0.0,,0.0,0.0,,4.0,3.0,7.0,0.0,0.0,1.0,0.0,3.0,4.0,-14.0,https://www.basketball-reference.com/boxscores/200302140MIN.html,2002-03
Jamaal Magloire,2003-02-16,New Orleans Hornets,Denver Nuggets,1,33.51,5.0,5.0,1.0,0.0,0.0,,3.0,6.0,0.5,2.0,8.0,10.0,2.0,0.0,3.0,3.0,4.0,13.0,12.0,https://www.basketball-reference.com/boxscores/200302160NOH.html,2002-03
Jamaal Magloire,2003-02-18,New Orleans Hornets,Orlando Magic,0,21.32,3.0,5.0,0.6,0.0,0.0,,1.0,2.0,0.5,3.0,5.0,8.0,3.0,0.0,3.0,2.0,6.0,7.0,6.0,https://www.basketball-reference.com/boxscores/200302180ORL.html,2002-03
Jamaal Magloire,2003-02-19,New Orleans Hornets,Washington Wizards,1,36.43,4.0,6.0,0.667,0.0,0.0,,5.0,5.0,1.0,5.0,9.0,14.0,0.0,1.0,1.0,4.0,3.0,13.0,22.0,https://www.basketball-reference.com/boxscores/200302190NOH.html,2002-03
Jamaal Magloire,2003-02-22,New Orleans Hornets,Detroit Pistons,0,27.4,2.0,6.0,0.333,0.0,0.0,,2.0,2.0,1.0,2.0,4.0,6.0,0.0,0.0,1.0,4.0,4.0,6.0,14.0,https://www.basketball-reference.com/boxscores/200302220DET.html,2002-03
Jamaal Magloire,2003-02-26,New Orleans Hornets,Miami Heat,1,35.53,6.0,9.0,0.667,0.0,0.0,,2.0,3.0,0.667,8.0,6.0,14.0,3.0,0.0,1.0,4.0,1.0,14.0,11.0,https://www.basketball-reference.com/boxscores/200302260NOH.html,2002-03
Jamaal Magloire,2003-02-28,New Orleans Hornets,Denver Nuggets,0,33.52,6.0,12.0,0.5,0.0,0.0,,3.0,6.0,0.5,4.0,8.0,12.0,0.0,0.0,3.0,2.0,5.0,15.0,0.0,https://www.basketball-reference.com/boxscores/200302280DEN.html,2002-03
Jamaal Magloire,2003-03-01,New Orleans Hornets,Phoenix Suns,0,26.2,2.0,4.0,0.5,0.0,0.0,,0.0,0.0,,0.0,9.0,9.0,0.0,1.0,1.0,2.0,5.0,4.0,-4.0,https://www.basketball-reference.com/boxscores/200303010PHO.html,2002-03
Jamaal Magloire,2003-03-03,New Orleans Hornets,Los Angeles Clippers,0,28.37,4.0,10.0,0.4,0.0,0.0,,5.0,7.0,0.7140000000000001,3.0,5.0,8.0,3.0,1.0,0.0,0.0,1.0,13.0,-6.0,https://www.basketball-reference.com/boxscores/200303030LAC.html,2002-03
Jamaal Magloire,2003-03-07,New Orleans Hornets,Cleveland Cavaliers,1,30.16,6.0,10.0,0.6,0.0,0.0,,8.0,9.0,0.889,1.0,3.0,4.0,3.0,1.0,2.0,2.0,1.0,20.0,27.0,https://www.basketball-reference.com/boxscores/200303070NOH.html,2002-03
Jamaal Magloire,2003-03-09,New Orleans Hornets,New Jersey Nets,1,28.23,4.0,5.0,0.8,0.0,0.0,,5.0,5.0,1.0,2.0,7.0,9.0,1.0,0.0,1.0,3.0,4.0,13.0,-11.0,https://www.basketball-reference.com/boxscores/200303090NOH.html,2002-03
Jamaal Magloire,2003-03-11,New Orleans Hornets,Indiana Pacers,0,30.07,4.0,9.0,0.444,0.0,0.0,,2.0,2.0,1.0,3.0,9.0,12.0,2.0,1.0,2.0,3.0,5.0,10.0,10.0,https://www.basketball-reference.com/boxscores/200303110IND.html,2002-03
Jamaal Magloire,2003-03-12,New Orleans Hornets,Boston Celtics,0,31.22,2.0,6.0,0.333,0.0,0.0,,4.0,6.0,0.667,6.0,5.0,11.0,0.0,0.0,4.0,1.0,2.0,8.0,-27.0,https://www.basketball-reference.com/boxscores/200303120BOS.html,2002-03
Jamaal Magloire,2003-03-14,New Orleans Hornets,Miami Heat,0,32.47,5.0,11.0,0.455,0.0,0.0,,1.0,2.0,0.5,1.0,10.0,11.0,1.0,0.0,4.0,3.0,5.0,11.0,6.0,https://www.basketball-reference.com/boxscores/200303140MIA.html,2002-03
Jamaal Magloire,2003-03-15,New Orleans Hornets,Orlando Magic,0,31.26,4.0,7.0,0.5710000000000001,0.0,1.0,0.0,7.0,8.0,0.875,1.0,8.0,9.0,0.0,0.0,5.0,2.0,3.0,15.0,1.0,https://www.basketball-reference.com/boxscores/200303150ORL.html,2002-03
Jamaal Magloire,2003-03-19,New Orleans Hornets,New York Knicks,1,35.12,7.0,15.0,0.467,0.0,1.0,0.0,3.0,4.0,0.75,6.0,2.0,8.0,1.0,0.0,0.0,3.0,4.0,17.0,5.0,https://www.basketball-reference.com/boxscores/200303190NOH.html,2002-03
Jamaal Magloire,2003-03-21,New Orleans Hornets,Milwaukee Bucks,1,32.16,6.0,10.0,0.6,0.0,0.0,,2.0,2.0,1.0,5.0,5.0,10.0,3.0,0.0,2.0,3.0,3.0,14.0,14.0,https://www.basketball-reference.com/boxscores/200303210NOH.html,2002-03
Jamaal Magloire,2003-03-22,New Orleans Hornets,Milwaukee Bucks,0,30.27,3.0,8.0,0.375,0.0,0.0,,2.0,2.0,1.0,4.0,4.0,8.0,1.0,0.0,1.0,5.0,2.0,8.0,-3.0,https://www.basketball-reference.com/boxscores/200303220MIL.html,2002-03
Jamaal Magloire,2003-03-26,New Orleans Hornets,Orlando Magic,1,21.14,1.0,6.0,0.16699999999999998,0.0,0.0,,0.0,0.0,,1.0,3.0,4.0,2.0,0.0,0.0,4.0,5.0,2.0,5.0,https://www.basketball-reference.com/boxscores/200303260NOH.html,2002-03
Jamaal Magloire,2003-03-28,New Orleans Hornets,Toronto Raptors,0,26.23,5.0,10.0,0.5,0.0,0.0,,0.0,0.0,,3.0,3.0,6.0,0.0,1.0,2.0,4.0,2.0,10.0,-2.0,https://www.basketball-reference.com/boxscores/200303280TOR.html,2002-03
Jamaal Magloire,2003-03-30,New Orleans Hornets,San Antonio Spurs,1,33.1,6.0,8.0,0.75,0.0,0.0,,2.0,2.0,1.0,3.0,4.0,7.0,0.0,1.0,2.0,1.0,2.0,14.0,0.0,https://www.basketball-reference.com/boxscores/200303300NOH.html,2002-03
Jamaal Magloire,2007-12-02,New Jersey Nets,Detroit Pistons,0,,,,,,,,,,,,,,,,,,,,,https://www.basketball-reference.com/boxscores/200712020DET.html,2007-08
Jamaal Magloire,2007-12-04,New Jersey Nets,Cleveland Cavaliers,0,20.41,3.0,4.0,0.75,0.0,0.0,,1.0,4.0,0.25,1.0,6.0,7.0,2.0,0.0,1.0,0.0,4.0,7.0,17.0,https://www.basketball-reference.com/boxscores/200712040CLE.html,2007-08
Jamaal Magloire,2007-12-05,New Jersey Nets,New York Knicks,1,25.56,2.0,4.0,0.5,0.0,0.0,,4.0,8.0,0.5,1.0,7.0,8.0,0.0,0.0,1.0,2.0,2.0,8.0,-2.0,https://www.basketball-reference.com/boxscores/200712050NJN.html,2007-08
Jamaal Magloire,2007-12-07,New Jersey Nets,Houston Rockets,1,19.46,0.0,4.0,0.0,0.0,0.0,,0.0,0.0,,2.0,4.0,6.0,0.0,0.0,0.0,2.0,2.0,0.0,5.0,https://www.basketball-reference.com/boxscores/200712070NJN.html,2007-08
Jamaal Magloire,2007-12-09,New Jersey Nets,Washington Wizards,0,3.3,0.0,0.0,,0.0,0.0,,0.0,0.0,,0.0,1.0,1.0,0.0,0.0,1.0,0.0,2.0,0.0,1.0,https://www.basketball-reference.com/boxscores/200712090WAS.html,2007-08
Jamaal Magloire,2007-12-11,New Jersey Nets,Los Angeles Clippers,1,,,,,,,,,,,,,,,,,,,,,https://www.basketball-reference.com/boxscores/200712110NJN.html,2007-08
Jamaal Magloire,2007-12-14,New Jersey Nets,Cleveland Cavaliers,1,8.24,1.0,1.0,1.0,0.0,0.0,,0.0,0.0,,2.0,2.0,4.0,0.0,0.0,0.0,0.0,1.0,2.0,8.0,https://www.basketball-reference.com/boxscores/200712140NJN.html,2007-08
Jamaal Magloire,2007-12-15,New Jersey Nets,New York Knicks,0,5.1,1.0,2.0,0.5,0.0,0.0,,0.0,0.0,,0.0,1.0,1.0,0.0,0.0,0.0,0.0,0.0,2.0,-7.0,https://www.basketball-reference.com/boxscores/200712150NYK.html,2007-08
Jamaal Magloire,2007-12-18,New Jersey Nets,Sacramento Kings,1,,,,,,,,,,,,,,,,,,,,,https://www.basketball-reference.com/boxscores/200712180NJN.html,2007-08
Jamaal Magloire,2007-12-20,Miami Heat,New Jersey Nets,1,2.04,0.0,1.0,0.0,0.0,0.0,,0.0,0.0,,0.0,1.0,1.0,0.0,0.0,0.0,1.0,0.0,0.0,-2.0,https://www.basketball-reference.com/boxscores/200712200MIA.html,2007-08
Jamaal Magloire,2007-12-22,New Jersey Nets,Golden State Warriors,1,,,,,,,,,,,,,,,,,,,,,https://www.basketball-reference.com/boxscores/200712220NJN.html,2007-08
Jamaal Magloire,2007-12-26,New Jersey Nets,Detroit Pistons,1,,,,,,,,,,,,,,,,,,,,,https://www.basketball-reference.com/boxscores/200712260NJN.html,2007-08
Jamaal Magloire,2007-12-28,New Jersey Nets,Washington Wizards,1,,,,,,,,,,,,,,,,,,,,,https://www.basketball-reference.com/boxscores/200712280NJN.html,2007-08
Jamaal Magloire,2007-12-29,New Jersey Nets,Milwaukee Bucks,0,10.58,2.0,2.0,1.0,0.0,0.0,,0.0,1.0,0.0,0.0,4.0,4.0,0.0,0.0,0.0,1.0,3.0,4.0,1.0,https://www.basketball-reference.com/boxscores/200712290MIL.html,2007-08
Jamaal Magloire,2008-01-02,New Jersey Nets,Orlando Magic,0,4.48,0.0,0.0,,0.0,0.0,,0.0,0.0,,0.0,0.0,0.0,0.0,0.0,1.0,1.0,1.0,0.0,-5.0,https://www.basketball-reference.com/boxscores/200801020ORL.html,2007-08
Jamaal Magloire,2008-01-04,New Jersey Nets,Charlotte Bobc,1,,,,,,,,,,,,,,,,,,,,,https://www.basketball-reference.com/boxscores/200801040NJN.html,2007-08
Jamaal Magloire,2008-01-05,New Jersey Nets,Atlanta Hawks,0,,,,,,,,,,,,,,,,,,,,,https://www.basketball-reference.com/boxscores/200801050ATL.html,2007-08
Jamaal Magloire,2008-01-08,New Jersey Nets,Charlotte Bobcats,0,1.16,0.0,0.0,,0.0,0.0,,0.0,0.0,,0.0,1.0,1.0,0.0,0.0,0.0,0.0,0.0,0.0,2.0,https://www.basketball-reference.com/boxscores/200801080CHA.html,2007-08
Jamaal Magloire,2008-01-09,New Jersey Nets,Seattle SuperSonics,1,,,,,,,,,,,,,,,,,,,,,https://www.basketball-reference.com/boxscores/200801090NJN.html,2007-08
Jamaal Magloire,2008-01-11,New Jersey Nets,Boston Celtics,1,,,,,,,,,,,,,,,,,,,,,https://www.basketball-reference.com/boxscores/200801110NJN.html,2007-08
Jamaal Magloire,2008-01-14,New Jersey Nets,Portland Trail Blazers,1,3.56,0.0,0.0,,0.0,0.0,,0.0,0.0,,0.0,2.0,2.0,0.0,0.0,0.0,0.0,0.0,0.0,-1.0,https://www.basketball-reference.com/boxscores/200801140NJN.html,2007-08
Jamaal Magloire,2008-01-16,New Jersey Nets,New York Knicks,1,5.26,0.0,0.0,,0.0,0.0,,0.0,0.0,,0.0,1.0,1.0,0.0,0.0,0.0,0.0,1.0,0.0,0.0,https://www.basketball-reference.com/boxscores/200801160NJN.html,2007-08
Jamaal Magloire,2008-01-19,Los Angeles Clippers,New Jersey Nets,1,,,,,,,,,,,,,,,,,,,,,https://www.basketball-reference.com/boxscores/200801190LAC.html,2007-08
Jamaal Magloire,2008-01-20,New Jersey Nets,Phoenix Suns,0,,,,,,,,,,,,,,,,,,,,,https://www.basketball-reference.com/boxscores/200801200PHO.html,2007-08
Jamaal Magloire,2008-01-22,New Jersey Nets,Sacramento Kings,0,6.16,0.0,2.0,0.0,0.0,0.0,,0.0,0.0,,1.0,0.0,1.0,0.0,0.0,1.0,0.0,0.0,0.0,-6.0,https://www.basketball-reference.com/boxscores/200801220SAC.html,2007-08
Jamaal Magloire,2008-01-24,New Jersey Nets,Golden State Warriors,0,,,,,,,,,,,,,,,,,,,,,https://www.basketball-reference.com/boxscores/200801240GSW.html,2007-08
Jamaal Magloire,2008-01-25,New Jersey Nets,Denver Nuggets,0,,,,,,,,,,,,,,,,,,,,,https://www.basketball-reference.com/boxscores/200801250DEN.html,2007-08
Jamaal Magloire,2008-01-27,New Jersey Nets,Minnesota Timberwolves,0,,,,,,,,,,,,,,,,,,,,,https://www.basketball-reference.com/boxscores/200801270MIN.html,2007-08
Jamaal Magloire,2008-01-29,New Jersey Nets,Milwaukee Bucks,1,4.46,1.0,2.0,0.5,0.0,0.0,,0.0,0.0,,0.0,1.0,1.0,0.0,0.0,0.0,1.0,2.0,2.0,1.0,https://www.basketball-reference.com/boxscores/200801290NJN.html,2007-08
Jamaal Magloire,2008-02-01,New Jersey Nets,Miami Heat,0,,,,,,,,,,,,,,,,,,,,,https://www.basketball-reference.com/boxscores/200802010MIA.html,2007-08
Jamaal Magloire,2008-02-05,New Jersey Nets,Los Angeles Lakers,1,,,,,,,,,,,,,,,,,,,,,https://www.basketball-reference.com/boxscores/200802050NJN.html,2007-08
Jamaal Magloire,2008-02-06,New Jersey Nets,Orlando Magic,0,,,,,,,,,,,,,,,,,,,,,https://www.basketball-reference.com/boxscores/200802060ORL.html,2007-08
Jamaal Magloire,2008-02-13,New Jersey Nets,Toronto Raptors,0,,,,,,,,,,,,,,,,,,,,,https://www.basketball-reference.com/boxscores/200802130TOR.html,2007-08
Jamaal Magloire,2008-03-02,Los Angeles Lakers,Dallas Mavericks,1,,,,,,,,,,,,,,,,,,,,,https://www.basketball-reference.com/boxscores/200803020LAL.html,2007-08
Jamaal Magloire,2008-03-03,Dallas Mavericks,Utah Jazz,0,5.06,0.0,0.0,,0.0,0.0,,0.0,0.0,,0.0,0.0,0.0,0.0,0.0,0.0,1.0,0.0,0.0,6.0,https://www.basketball-reference.com/boxscores/200803030UTA.html,2007-08
Jamaal Magloire,2008-03-08,Dallas Mavericks,New Jersey Nets,1,3.2,1.0,3.0,0.333,0.0,0.0,,0.0,0.0,,0.0,0.0,0.0,0.0,0.0,0.0,3.0,2.0,2.0,-3.0,https://www.basketball-reference.com/boxscores/200803080DAL.html,2007-08
Jamaal Magloire,2008-03-10,Dallas Mavericks,New York Knicks,1,5.37,2.0,2.0,1.0,0.0,0.0,,3.0,5.0,0.6,1.0,1.0,2.0,0.0,0.0,0.0,0.0,1.0,7.0,5.0,https://www.basketball-reference.com/boxscores/200803100DAL.html,2007-08
Jamaal Magloire,2008-03-12,Dallas Mavericks,Charlotte Bobc,1,3.22,0.0,0.0,,0.0,0.0,,1.0,2.0,0.5,0.0,1.0,1.0,0.0,0.0,0.0,1.0,3.0,1.0,0.0,https://www.basketball-reference.com/boxscores/200803120DAL.html,2007-08
Jamaal Magloire,2008-03-14,Dallas Mavericks,Indiana Pacers,1,2.21,0.0,0.0,,0.0,0.0,,0.0,2.0,0.0,0.0,4.0,4.0,0.0,0.0,0.0,0.0,0.0,0.0,-1.0,https://www.basketball-reference.com/boxscores/200803140DAL.html,2007-08
Jamaal Magloire,2008-03-25,Dallas Mavericks,Los Angeles Clippers,1,4.02,0.0,0.0,,0.0,0.0,,0.0,2.0,0.0,0.0,0.0,0.0,0.0,0.0,0.0,2.0,2.0,0.0,0.0,https://www.basketball-reference.com/boxscores/200803250DAL.html,2007-08
Jamaal Magloire,2008-03-30,Dallas Mavericks,Golden State Warriors,0,,,,,,,,,,,,,,,,,,,,,https://www.basketball-reference.com/boxscores/200803300GSW.html,2007-08
Jamaal Magloire,2008-03-31,Dallas Mavericks,Los Angeles Clippers,0,,,,,,,,,,,,,,,,,,,,,https://www.basketball-reference.com/boxscores/200803310LAC.html,2007-08
Jamaal Magloire,2000-12-01,Charlotte Hornets,Philadelphia 76ers,0,21.33,1.0,8.0,0.125,0.0,0.0,,0.0,0.0,,2.0,2.0,4.0,1.0,1.0,2.0,2.0,2.0,2.0,-15.0,https://www.basketball-reference.com/boxscores/200012010PHI.html,2000-01
Jamaal Magloire,2000-12-02,Charlotte Hornets,Utah Jazz,1,28.19,5.0,9.0,0.556,0.0,0.0,,2.0,2.0,1.0,4.0,5.0,9.0,0.0,0.0,2.0,0.0,0.0,12.0,7.0,https://www.basketball-reference.com/boxscores/200012020CHH.html,2000-01
Jamaal Magloire,2000-12-05,Charlotte Hornets,Cleveland Cavaliers,0,17.48,2.0,7.0,0.28600000000000003,0.0,0.0,,2.0,2.0,1.0,2.0,1.0,3.0,1.0,0.0,0.0,1.0,2.0,6.0,-7.0,https://www.basketball-reference.com/boxscores/200012050CLE.html,2000-01
Jamaal Magloire,2000-12-06,Charlotte Hornets,Indiana Pacers,1,21.09,1.0,3.0,0.333,0.0,0.0,,3.0,4.0,0.75,2.0,4.0,6.0,0.0,0.0,1.0,0.0,3.0,5.0,-7.0,https://www.basketball-reference.com/boxscores/200012060CHH.html,2000-01
Jamaal Magloire,2000-12-08,Charlotte Hornets,Los Angeles Clippers,1,12.24,0.0,1.0,0.0,0.0,0.0,,0.0,0.0,,0.0,0.0,0.0,0.0,0.0,0.0,0.0,0.0,0.0,0.0,https://www.basketball-reference.com/boxscores/200012080CHH.html,2000-01
Jamaal Magloire,2000-12-09,Indiana Pacers,Charlotte Hornets,1,13.11,0.0,2.0,0.0,0.0,0.0,,0.0,0.0,,0.0,4.0,4.0,0.0,0.0,2.0,2.0,2.0,0.0,-4.0,https://www.basketball-reference.com/boxscores/200012090IND.html,2000-01
Jamaal Magloire,2000-12-13,Charlotte Hornets,Sacramento Kings,1,,,,,,,,,,,,,,,,,,,,,https://www.basketball-reference.com/boxscores/200012130CHH.html,2000-01
Jamaal Magloire,2000-12-15,Charlotte Hornets,Washington Wizards,0,,,,,,,,,,,,,,,,,,,,,https://www.basketball-reference.com/boxscores/200012150WAS.html,2000-01
Jamaal Magloire,2000-12-16,Charlotte Hornets,Boston Celtics,1,,,,,,,,,,,,,,,,,,,,,https://www.basketball-reference.com/boxscores/200012160CHH.html,2000-01
Jamaal Magloire,2000-12-20,Charlotte Hornets,Miami Heat,1,14.07,0.0,2.0,0.0,0.0,0.0,,0.0,0.0,,2.0,5.0,7.0,2.0,0.0,2.0,2.0,3.0,0.0,5.0,https://www.basketball-reference.com/boxscores/200012200CHH.html,2000-01
Jamaal Magloire,2000-12-22,Charlotte Hornets,Minnesota Timberwolves,0,6.34,0.0,0.0,,0.0,0.0,,0.0,0.0,,0.0,0.0,0.0,0.0,0.0,0.0,2.0,1.0,0.0,-1.0,https://www.basketball-reference.com/boxscores/200012220MIN.html,2000-01
Jamaal Magloire,2000-12-28,Charlotte Hornets,Sacramento Kings,0,,,,,,,,,,,,,,,,,,,,,https://www.basketball-reference.com/boxscores/200012280SAC.html,2000-01
Jamaal Magloire,2000-12-30,Charlotte Hornets,Seattle SuperSonics,0,,,,,,,,,,,,,,,,,,,,,https://www.basketball-reference.com/boxscores/200012300SEA.html,2000-01
Jamaal Magloire,2001-01-01,Charlotte Hornets,Portland Trail Blazers,0,,,,,,,,,,,,,,,,,,,,,https://www.basketball-reference.com/boxscores/200101010POR.html,2000-01
Jamaal Magloire,2001-01-03,Charlotte Hornets,Vancouver Grizzlies,0,10.14,2.0,3.0,0.667,0.0,0.0,,0.0,0.0,,0.0,3.0,3.0,0.0,0.0,1.0,3.0,1.0,4.0,0.0,https://www.basketball-reference.com/boxscores/200101030VAN.html,2000-01
Jamaal Magloire,2001-01-05,Charlotte Hornets,Los Angeles Clippers,0,16.4,2.0,4.0,0.5,0.0,0.0,,0.0,0.0,,1.0,5.0,6.0,0.0,0.0,0.0,0.0,4.0,4.0,5.0,https://www.basketball-reference.com/boxscores/200101050LAC.html,2000-01
Jamaal Magloire,2001-01-07,Charlotte Hornets,Denver Nuggets,0,22.43,1.0,5.0,0.2,0.0,0.0,,2.0,2.0,1.0,1.0,4.0,5.0,0.0,0.0,1.0,1.0,3.0,4.0,3.0,https://www.basketball-reference.com/boxscores/200101070DEN.html,2000-01
Jamaal Magloire,2001-01-11,Charlotte Hornets,Portland Trail Blazers,1,11.3,1.0,3.0,0.333,0.0,0.0,,0.0,0.0,,3.0,3.0,6.0,0.0,1.0,0.0,1.0,1.0,2.0,-14.0,https://www.basketball-reference.com/boxscores/200101110CHH.html,2000-01
Jamaal Magloire,2001-01-12,Charlotte Hornets,Chicago Bulls,0,20.39,3.0,4.0,0.75,0.0,0.0,,3.0,4.0,0.75,3.0,5.0,8.0,0.0,0.0,1.0,1.0,3.0,9.0,2.0,https://www.basketball-reference.com/boxscores/200101120CHI.html,2000-01
Jamaal Magloire,2001-01-14,Charlotte Hornets,Toronto Raptors,0,10.44,1.0,2.0,0.5,0.0,0.0,,0.0,0.0,,1.0,1.0,2.0,0.0,0.0,1.0,0.0,1.0,2.0,-7.0,https://www.basketball-reference.com/boxscores/200101140TOR.html,2000-01
Jamaal Magloire,2001-01-15,Charlotte Hornets,Philadelphia 76ers,0,12.48,3.0,4.0,0.75,0.0,0.0,,0.0,0.0,,2.0,3.0,5.0,0.0,0.0,0.0,1.0,2.0,6.0,-2.0,https://www.basketball-reference.com/boxscores/200101150PHI.html,2000-01
Jamaal Magloire,2001-01-17,Charlotte Hornets,Dallas Mavericks,1,9.21,1.0,4.0,0.25,0.0,0.0,,0.0,0.0,,1.0,2.0,3.0,1.0,0.0,0.0,1.0,1.0,2.0,-1.0,https://www.basketball-reference.com/boxscores/200101170CHH.html,2000-01
Jamaal Magloire,2001-01-19,Charlotte Hornets,Milwaukee Bucks,1,19.25,2.0,2.0,1.0,0.0,0.0,,0.0,0.0,,2.0,1.0,3.0,1.0,0.0,1.0,2.0,2.0,4.0,-10.0,https://www.basketball-reference.com/boxscores/200101190CHH.html,2000-01
Jamaal Magloire,2001-01-23,Charlotte Hornets,Washington Wizards,0,3.16,0.0,0.0,,0.0,0.0,,0.0,0.0,,1.0,0.0,1.0,0.0,0.0,0.0,1.0,1.0,0.0,-6.0,https://www.basketball-reference.com/boxscores/200101230WAS.html,2000-01
Jamaal Magloire,2001-01-24,Charlotte Hornets,New York Knicks,1,4.34,0.0,1.0,0.0,0.0,0.0,,0.0,0.0,,0.0,1.0,1.0,0.0,0.0,0.0,0.0,0.0,0.0,5.0,https://www.basketball-reference.com/boxscores/200101240CHH.html,2000-01
Jamaal Magloire,2001-01-27,Charlotte Hornets,Houston Rockets,1,6.57,0.0,1.0,0.0,0.0,0.0,,0.0,0.0,,0.0,2.0,2.0,0.0,0.0,1.0,0.0,1.0,0.0,2.0,https://www.basketball-reference.com/boxscores/200101270CHH.html,2000-01
Jamaal Magloire,2001-01-29,Charlotte Hornets,Golden State Warriors,0,18.08,1.0,3.0,0.333,0.0,0.0,,1.0,2.0,0.5,3.0,4.0,7.0,0.0,0.0,2.0,1.0,2.0,3.0,11.0,https://www.basketball-reference.com/boxscores/200101290GSW.html,2000-01
Jamaal Magloire,2001-02-01,Charlotte Hornets,Utah Jazz,0,17.41,2.0,3.0,0.667,0.0,0.0,,2.0,5.0,0.4,1.0,2.0,3.0,1.0,1.0,4.0,3.0,2.0,6.0,11.0,https://www.basketball-reference.com/boxscores/200102010UTA.html,2000-01
Jamaal Magloire,2001-02-02,Charlotte Hornets,Los Angeles Lakers,0,10.0,0.0,3.0,0.0,0.0,0.0,,0.0,0.0,,0.0,0.0,0.0,0.0,0.0,0.0,0.0,0.0,0.0,-2.0,https://www.basketball-reference.com/boxscores/200102020LAL.html,2000-01
Jamaal Magloire,2001-02-04,Charlotte Hornets,Phoenix Suns,0,,,,,,,,,,,,,,,,,,,,,https://www.basketball-reference.com/boxscores/200102040PHO.html,2000-01
Jamaal Magloire,2001-02-06,Charlotte Hornets,Orlando Magic,1,13.03,3.0,5.0,0.6,0.0,0.0,,0.0,0.0,,0.0,1.0,1.0,0.0,0.0,0.0,0.0,2.0,6.0,-11.0,https://www.basketball-reference.com/boxscores/200102060CHH.html,2000-01
Jamaal Magloire,2001-02-08,Charlotte Hornets,Atlanta Hawks,1,3.28,0.0,2.0,0.0,0.0,0.0,,0.0,0.0,,0.0,0.0,0.0,0.0,0.0,0.0,0.0,0.0,0.0,-2.0,https://www.basketball-reference.com/boxscores/200102080CHH.html,2000-01
Jamaal Magloire,2001-02-13,Charlotte Hornets,Indiana Pacers,0,3.22,0.0,0.0,,0.0,0.0,,0.0,0.0,,0.0,2.0,2.0,0.0,0.0,1.0,0.0,0.0,0.0,2.0,https://www.basketball-reference.com/boxscores/200102130IND.html,2000-01
Jamaal Magloire,2001-02-16,Charlotte Hornets,Los Angeles Lakers,1,12.01,1.0,3.0,0.333,0.0,0.0,,0.0,0.0,,0.0,1.0,1.0,0.0,0.0,0.0,0.0,5.0,2.0,-13.0,https://www.basketball-reference.com/boxscores/200102160CHH.html,2000-01
Jamaal Magloire,2001-02-17,Charlotte Hornets,Milwaukee Bucks,0,16.11,1.0,3.0,0.333,0.0,0.0,,5.0,6.0,0.833,1.0,0.0,1.0,1.0,1.0,0.0,0.0,0.0,7.0,11.0,https://www.basketball-reference.com/boxscores/200102170MIL.html,2000-01
Jamaal Magloire,2001-02-22,Charlotte Hornets,Golden State Warriors,1,10.01,0.0,1.0,0.0,0.0,0.0,,0.0,0.0,,0.0,0.0,0.0,0.0,0.0,2.0,1.0,1.0,0.0,-15.0,https://www.basketball-reference.com/boxscores/200102220CHH.html,2000-01
Jamaal Magloire,2001-02-24,Charlotte Hornets,Philadelphia 76ers,1,12.33,2.0,6.0,0.333,0.0,0.0,,0.0,0.0,,2.0,1.0,3.0,1.0,1.0,0.0,0.0,2.0,4.0,8.0,https://www.basketball-reference.com/boxscores/200102240CHH.html,2000-01
Jamaal Magloire,2001-02-26,Charlotte Hornets,Indiana Pacers,1,15.34,2.0,7.0,0.28600000000000003,0.0,0.0,,1.0,2.0,0.5,4.0,3.0,7.0,1.0,0.0,2.0,1.0,3.0,5.0,5.0,https://www.basketball-reference.com/boxscores/200102260CHH.html,2000-01
Jamaal Magloire,2001-02-28,Charlotte Hornets,New Jersey Nets,1,9.28,0.0,0.0,,0.0,0.0,,1.0,2.0,0.5,0.0,3.0,3.0,1.0,0.0,1.0,1.0,2.0,1.0,-17.0,https://www.basketball-reference.com/boxscores/200102280CHH.html,2000-01
Jamaal Magloire,2001-03-02,Charlotte Hornets,Atlanta Hawks,0,12.58,1.0,2.0,0.5,0.0,0.0,,1.0,2.0,0.5,1.0,0.0,1.0,1.0,0.0,0.0,0.0,1.0,3.0,-11.0,https://www.basketball-reference.com/boxscores/200103020ATL.html,2000-01
Jamaal Magloire,2001-03-04,Charlotte Hornets,Boston Celtics,0,13.48,1.0,3.0,0.333,0.0,0.0,,1.0,1.0,1.0,0.0,2.0,2.0,2.0,0.0,1.0,2.0,0.0,3.0,6.0,https://www.basketball-reference.com/boxscores/200103040BOS.html,2000-01
Jamaal Magloire,2001-03-06,Charlotte Hornets,Minnesota Timberwolves,1,26.46,3.0,10.0,0.3,0.0,0.0,,3.0,4.0,0.75,3.0,6.0,9.0,2.0,0.0,1.0,0.0,1.0,9.0,7.0,https://www.basketball-reference.com/boxscores/200103060CHH.html,2000-01
Jamaal Magloire,2001-03-08,Charlotte Hornets,Orlando Magic,1,12.39,1.0,4.0,0.25,0.0,0.0,,0.0,0.0,,1.0,2.0,3.0,0.0,0.0,0.0,0.0,2.0,2.0,-1.0,https://www.basketball-reference.com/boxscores/200103080CHH.html,2000-01
Jamaal Magloire,2001-03-10,Charlotte Hornets,Milwaukee Bucks,1,16.28,1.0,3.0,0.333,0.0,0.0,,3.0,4.0,0.75,1.0,3.0,4.0,0.0,0.0,0.0,0.0,1.0,5.0,6.0,https://www.basketball-reference.com/boxscores/200103100CHH.html,2000-01
Jamaal Magloire,2001-03-12,Charlotte Hornets,Chicago Bulls,1,16.39,1.0,4.0,0.25,0.0,0.0,,3.0,4.0,0.75,3.0,1.0,4.0,0.0,0.0,1.0,0.0,3.0,5.0,-8.0,https://www.basketball-reference.com/boxscores/200103120CHH.html,2000-01
Jamaal Magloire,2001-03-14,Charlotte Hornets,Vancouver Grizzlies,1,21.13,4.0,5.0,0.8,0.0,0.0,,2.0,4.0,0.5,2.0,1.0,3.0,1.0,2.0,1.0,2.0,3.0,10.0,6.0,https://www.basketball-reference.com/boxscores/200103140CHH.html,2000-01
Jamaal Magloire,2001-03-16,Charlotte Hornets,Cleveland Cavaliers,0,17.12,4.0,5.0,0.8,0.0,1.0,0.0,2.0,2.0,1.0,3.0,1.0,4.0,1.0,1.0,0.0,0.0,2.0,10.0,14.0,https://www.basketball-reference.com/boxscores/200103160CLE.html,2000-01
Jamaal Magloire,2001-03-17,Charlotte Hornets,Washington Wizards,1,19.11,2.0,4.0,0.5,0.0,0.0,,1.0,1.0,1.0,1.0,3.0,4.0,1.0,0.0,1.0,0.0,2.0,5.0,-2.0,https://www.basketball-reference.com/boxscores/200103170CHH.html,2000-01
Jamaal Magloire,2001-03-21,Charlotte Hornets,Toronto Raptors,1,15.02,3.0,4.0,0.75,0.0,0.0,,1.0,2.0,0.5,1.0,3.0,4.0,1.0,1.0,0.0,3.0,5.0,7.0,8.0,https://www.basketball-reference.com/boxscores/200103210CHH.html,2000-01
Jamaal Magloire,2001-03-23,Chicago Bulls,Charlotte Hornets,1,16.06,0.0,0.0,,0.0,0.0,,0.0,0.0,,0.0,1.0,1.0,0.0,1.0,0.0,0.0,4.0,0.0,16.0,https://www.basketball-reference.com/boxscores/200103230CHI.html,2000-01
Jamaal Magloire,2001-03-24,Charlotte Hornets,Dallas Mavericks,0,13.31,4.0,8.0,0.5,0.0,0.0,,3.0,5.0,0.6,2.0,2.0,4.0,0.0,0.0,0.0,0.0,2.0,11.0,-9.0,https://www.basketball-reference.com/boxscores/200103240DAL.html,2000-01
Jamaal Magloire,2001-03-27,Charlotte Hornets,San Antonio Spurs,0,18.13,3.0,5.0,0.6,0.0,0.0,,2.0,3.0,0.667,3.0,3.0,6.0,0.0,0.0,2.0,1.0,1.0,8.0,11.0,https://www.basketball-reference.com/boxscores/200103270SAS.html,2000-01
Jamaal Magloire,2001-03-30,Charlotte Hornets,Denver Nuggets,1,15.45,4.0,7.0,0.5710000000000001,0.0,0.0,,1.0,2.0,0.5,1.0,2.0,3.0,0.0,1.0,1.0,1.0,1.0,9.0,1.0,https://www.basketball-reference.com/boxscores/200103300CHH.html,2000-01
Jamaal Magloire,2010-12-01,Miami Heat,Detroit Pistons,1,,,,,,,,,,,,,,,,,,,,,https://www.basketball-reference.com/boxscores/201012010MIA.html,2010-11
Jamaal Magloire,2010-12-02,Miami Heat,Cleveland Cavaliers,0,,,,,,,,,,,,,,,,,,,,,https://www.basketball-reference.com/boxscores/201012020CLE.html,2010-11
Jamaal Magloire,2010-12-04,Miami Heat,Atlanta Hawks,1,,,,,,,,,,,,,,,,,,,,,https://www.basketball-reference.com/boxscores/201012040MIA.html,2010-11
Jamaal Magloire,2010-12-06,Miami Heat,Milwaukee Bucks,0,,,,,,,,,,,,,,,,,,,,,https://www.basketball-reference.com/boxscores/201012060MIL.html,2010-11
Jamaal Magloire,2010-12-08,Miami Heat,Utah Jazz,0,,,,,,,,,,,,,,,,,,,,,https://www.basketball-reference.com/boxscores/201012080UTA.html,2010-11
Jamaal Magloire,2010-12-10,Miami Heat,Golden State Warriors,0,,,,,,,,,,,,,,,,,,,,,https://www.basketball-reference.com/boxscores/201012100GSW.html,2010-11
Jamaal Magloire,2010-12-11,Miami Heat,Sacramento Kings,0,,,,,,,,,,,,,,,,,,,,,https://www.basketball-reference.com/boxscores/201012110SAC.html,2010-11
Jamaal Magloire,2010-12-13,Miami Heat,New Orleans Hornets,1,,,,,,,,,,,,,,,,,,,,,https://www.basketball-reference.com/boxscores/201012130MIA.html,2010-11
Jamaal Magloire,2010-12-15,Miami Heat,Cleveland Cavaliers,1,,,,,,,,,,,,,,,,,,,,,https://www.basketball-reference.com/boxscores/201012150MIA.html,2010-11
Jamaal Magloire,2010-12-17,Miami Heat,New York Knicks,0,2.56,0.0,0.0,,0.0,0.0,,0.0,0.0,,0.0,0.0,0.0,0.0,0.0,0.0,2.0,1.0,0.0,0.0,https://www.basketball-reference.com/boxscores/201012170NYK.html,2010-11
Jamaal Magloire,2010-12-18,Miami Heat,Washington Wizards,0,,,,,,,,,,,,,,,,,,,,,https://www.basketball-reference.com/boxscores/201012180WAS.html,2010-11
Jamaal Magloire,2010-12-23,Miami Heat,Phoenix Suns,0,,,,,,,,,,,,,,,,,,,,,https://www.basketball-reference.com/boxscores/201012230PHO.html,2010-11
Jamaal Magloire,2011-01-15,Miami Heat,Chicago Bulls,0,,,,,,,,,,,,,,,,,,,,,https://www.basketball-reference.com/boxscores/201101150CHI.html,2010-11
Jamaal Magloire,2011-01-22,Miami Heat,Toronto Raptors,1,,,,,,,,,,,,,,,,,,,,,https://www.basketball-reference.com/boxscores/201101220MIA.html,2010-11
Jamaal Magloire,2011-01-27,Miami Heat,New York Knicks,0,,,,,,,,,,,,,,,,,,,,,https://www.basketball-reference.com/boxscores/201101270NYK.html,2010-11
Jamaal Magloire,2011-01-28,Miami Heat,Detroit Pistons,1,,,,,,,,,,,,,,,,,,,,,https://www.basketball-reference.com/boxscores/201101280MIA.html,2010-11
Jamaal Magloire,2011-02-03,Miami Heat,Orlando Magic,0,,,,,,,,,,,,,,,,,,,,,https://www.basketball-reference.com/boxscores/201102030ORL.html,2010-11
Jamaal Magloire,2011-02-04,Miami Heat,Charlotte Bobcats,0,,,,,,,,,,,,,,,,,,,,,https://www.basketball-reference.com/boxscores/201102040CHA.html,2010-11
Jamaal Magloire,2011-02-16,Miami Heat,Toronto Raptors,0,,,,,,,,,,,,,,,,,,,,,https://www.basketball-reference.com/boxscores/201102160TOR.html,2010-11
Jamaal Magloire,2011-02-22,Miami Heat,Sacramento Kings,1,3.57,0.0,1.0,0.0,0.0,0.0,,0.0,0.0,,0.0,1.0,1.0,0.0,0.0,0.0,0.0,3.0,0.0,-4.0,https://www.basketball-reference.com/boxscores/201102220MIA.html,2010-11
Jamaal Magloire,2011-02-24,Miami Heat,Chicago Bulls,0,,,,,,,,,,,,,,,,,,,,,https://www.basketball-reference.com/boxscores/201102240CHI.html,2010-11
Jamaal Magloire,2011-02-25,Miami Heat,Washington Wizards,1,,,,,,,,,,,,,,,,,,,,,https://www.basketball-reference.com/boxscores/201102250MIA.html,2010-11
Jamaal Magloire,2011-03-12,Miami Heat,Memphis Grizzlies,1,14.58,2.0,2.0,1.0,0.0,0.0,,0.0,0.0,,1.0,3.0,4.0,0.0,0.0,0.0,0.0,2.0,4.0,9.0,https://www.basketball-reference.com/boxscores/201103120MIA.html,2010-11
Jamaal Magloire,2011-03-14,Miami Heat,San Antonio Spurs,1,20.1,2.0,3.0,0.667,0.0,0.0,,0.0,0.0,,1.0,6.0,7.0,1.0,0.0,1.0,0.0,4.0,4.0,17.0,https://www.basketball-reference.com/boxscores/201103140MIA.html,2010-11
Jamaal Magloire,2011-03-16,Miami Heat,Oklahoma City Thunder,1,9.23,1.0,2.0,0.5,0.0,0.0,,1.0,2.0,0.5,0.0,3.0,3.0,1.0,0.0,0.0,0.0,0.0,3.0,-8.0,https://www.basketball-reference.com/boxscores/201103160MIA.html,2010-11
Jamaal Magloire,2011-03-18,Miami Heat,Atlanta Hawks,0,16.56,2.0,2.0,1.0,0.0,0.0,,0.0,0.0,,2.0,7.0,9.0,0.0,0.0,0.0,0.0,2.0,4.0,5.0,https://www.basketball-reference.com/boxscores/201103180ATL.html,2010-11
Jamaal Magloire,2011-03-19,Miami Heat,Denver Nuggets,1,2.2,0.0,0.0,,0.0,0.0,,0.0,0.0,,0.0,2.0,2.0,0.0,0.0,0.0,0.0,2.0,0.0,1.0,https://www.basketball-reference.com/boxscores/201103190MIA.html,2010-11
Jamaal Magloire,2011-03-23,Miami Heat,Detroit Pistons,0,11.14,0.0,1.0,0.0,0.0,0.0,,0.0,0.0,,0.0,1.0,1.0,1.0,0.0,0.0,0.0,1.0,0.0,1.0,https://www.basketball-reference.com/boxscores/201103230DET.html,2010-11
Jamaal Magloire,2011-03-25,Miami Heat,Philadelphia 76ers,1,3.06,0.0,1.0,0.0,0.0,0.0,,0.0,0.0,,2.0,0.0,2.0,0.0,0.0,0.0,1.0,2.0,0.0,-5.0,https://www.basketball-reference.com/boxscores/201103250MIA.html,2010-11
Jamaal Magloire,2011-03-27,Miami Heat,Houston Rockets,1,,,,,,,,,,,,,,,,,,,,,https://www.basketball-reference.com/boxscores/201103270MIA.html,2010-11
Jamaal Magloire,2011-03-29,Miami Heat,Cleveland Cavaliers,0,,,,,,,,,,,,,,,,,,,,,https://www.basketball-reference.com/boxscores/201103290CLE.html,2010-11
Jamaal Magloire,2011-03-30,Miami Heat,Washington Wizards,0,0.48,0.0,0.0,,0.0,0.0,,1.0,2.0,0.5,0.0,0.0,0.0,0.0,0.0,0.0,1.0,0.0,1.0,0.0,https://www.basketball-reference.com/boxscores/201103300WAS.html,2010-11
Jamaal Magloire,2009-12-01,Miami Heat,Portland Trail Blazers,0,,,,,,,,,,,,,,,,,,,,,https://www.basketball-reference.com/boxscores/200912010POR.html,2009-10
Jamaal Magloire,2009-12-03,Miami Heat,Denver Nuggets,0,8.45,2.0,2.0,1.0,0.0,0.0,,0.0,0.0,,0.0,3.0,3.0,0.0,1.0,1.0,1.0,1.0,4.0,11.0,https://www.basketball-reference.com/boxscores/200912030DEN.html,2009-10
Jamaal Magloire,2009-12-04,Miami Heat,Los Angeles Lakers,0,15.54,3.0,4.0,0.75,0.0,0.0,,1.0,4.0,0.25,3.0,2.0,5.0,0.0,0.0,0.0,0.0,1.0,7.0,-2.0,https://www.basketball-reference.com/boxscores/200912040LAL.html,2009-10
Jamaal Magloire,2009-12-06,Miami Heat,Sacramento Kings,0,,,,,,,,,,,,,,,,,,,,,https://www.basketball-reference.com/boxscores/200912060SAC.html,2009-10
Jamaal Magloire,2009-12-11,Miami Heat,Dallas Mavericks,1,,,,,,,,,,,,,,,,,,,,,https://www.basketball-reference.com/boxscores/200912110MIA.html,2009-10
Jamaal Magloire,2009-12-13,Miami Heat,Memphis Grizzlies,1,5.21,0.0,0.0,,0.0,0.0,,0.0,0.0,,0.0,1.0,1.0,0.0,1.0,0.0,0.0,1.0,0.0,-4.0,https://www.basketball-reference.com/boxscores/200912130MIA.html,2009-10
Jamaal Magloire,2009-12-15,Miami Heat,Toronto Raptors,1,,,,,,,,,,,,,,,,,,,,,https://www.basketball-reference.com/boxscores/200912150MIA.html,2009-10
Jamaal Magloire,2009-12-17,Miami Heat,Orlando Magic,1,4.1,0.0,0.0,,0.0,0.0,,0.0,0.0,,0.0,0.0,0.0,0.0,0.0,0.0,0.0,0.0,0.0,-4.0,https://www.basketball-reference.com/boxscores/200912170MIA.html,2009-10
Jamaal Magloire,2009-12-20,Miami Heat,Portland Trail Blazers,1,,,,,,,,,,,,,,,,,,,,,https://www.basketball-reference.com/boxscores/200912200MIA.html,2009-10
Jamaal Magloire,2009-12-23,Miami Heat,Utah Jazz,1,,,,,,,,,,,,,,,,,,,,,https://www.basketball-reference.com/boxscores/200912230MIA.html,2009-10
Jamaal Magloire,2009-12-25,Miami Heat,New York Knicks,0,,,,,,,,,,,,,,,,,,,,,https://www.basketball-reference.com/boxscores/200912250NYK.html,2009-10
Jamaal Magloire,2009-12-27,Miami Heat,Indiana Pacers,1,8.3,1.0,2.0,0.5,0.0,0.0,,0.0,6.0,0.0,0.0,3.0,3.0,0.0,0.0,0.0,0.0,2.0,2.0,-4.0,https://www.basketball-reference.com/boxscores/200912270MIA.html,2009-10
Jamaal Magloire,2009-12-30,Miami Heat,New Orleans Hornets,0,,,,,,,,,,,,,,,,,,,,,https://www.basketball-reference.com/boxscores/200912300NOH.html,2009-10
Jamaal Magloire,2009-12-31,Miami Heat,San Antonio Spurs,0,9.26,1.0,1.0,1.0,0.0,0.0,,2.0,4.0,0.5,1.0,1.0,2.0,0.0,1.0,0.0,0.0,1.0,4.0,4.0,https://www.basketball-reference.com/boxscores/200912310SAS.html,2009-10
Jamaal Magloire,2010-01-02,Miami Heat,Charlotte Bobc,1,,,,,,,,,,,,,,,,,,,,,https://www.basketball-reference.com/boxscores/201001020MIA.html,2009-10
Jamaal Magloire,2010-01-04,Miami Heat,Atlanta Hawks,1,20.35,2.0,4.0,0.5,0.0,0.0,,1.0,4.0,0.25,3.0,7.0,10.0,1.0,1.0,2.0,1.0,4.0,5.0,6.0,https://www.basketball-reference.com/boxscores/201001040MIA.html,2009-10
Jamaal Magloire,2010-01-08,Miami Heat,Phoenix Suns,0,,,,,,,,,,,,,,,,,,,,,https://www.basketball-reference.com/boxscores/201001080PHO.html,2009-10
Jamaal Magloire,2010-01-10,Miami Heat,Los Angeles Clippers,0,20.51,3.0,4.0,0.75,0.0,0.0,,0.0,0.0,,3.0,5.0,8.0,0.0,2.0,1.0,1.0,4.0,6.0,6.0,https://www.basketball-reference.com/boxscores/201001100LAC.html,2009-10
Jamaal Magloire,2010-01-11,Miami Heat,Utah Jazz,0,6.27,0.0,2.0,0.0,0.0,0.0,,0.0,0.0,,2.0,3.0,5.0,0.0,0.0,0.0,1.0,0.0,0.0,2.0,https://www.basketball-reference.com/boxscores/201001110UTA.html,2009-10
Jamaal Magloire,2010-01-13,Miami Heat,Golden State Warriors,0,,,,,,,,,,,,,,,,,,,,,https://www.basketball-reference.com/boxscores/201001130GSW.html,2009-10
Jamaal Magloire,2010-01-15,Miami Heat,Houston Rockets,0,,,,,,,,,,,,,,,,,,,,,https://www.basketball-reference.com/boxscores/201001150HOU.html,2009-10
Jamaal Magloire,2010-01-16,Miami Heat,Oklahoma City Thunder,0,8.0,0.0,1.0,0.0,0.0,0.0,,1.0,2.0,0.5,0.0,2.0,2.0,0.0,1.0,0.0,2.0,2.0,1.0,-7.0,https://www.basketball-reference.com/boxscores/201001160OKC.html,2009-10
Jamaal Magloire,2010-01-19,Miami Heat,Indiana Pacers,1,7.42,2.0,3.0,0.667,0.0,0.0,,3.0,5.0,0.6,2.0,4.0,6.0,0.0,0.0,1.0,0.0,1.0,7.0,5.0,https://www.basketball-reference.com/boxscores/201001190MIA.html,2009-10
Jamaal Magloire,2010-01-20,Miami Heat,Charlotte Bobcats,0,17.02,0.0,0.0,,0.0,0.0,,0.0,4.0,0.0,2.0,4.0,6.0,0.0,0.0,0.0,1.0,3.0,0.0,-15.0,https://www.basketball-reference.com/boxscores/201001200CHA.html,2009-10
Jamaal Magloire,2010-01-22,Miami Heat,Washington Wizards,0,,,,,,,,,,,,,,,,,,,,,https://www.basketball-reference.com/boxscores/201001220WAS.html,2009-10
Jamaal Magloire,2010-01-23,Miami Heat,Sacramento Kings,1,7.12,0.0,2.0,0.0,0.0,0.0,,0.0,0.0,,0.0,1.0,1.0,0.0,0.0,0.0,0.0,3.0,0.0,0.0,https://www.basketball-reference.com/boxscores/201001230MIA.html,2009-10
Jamaal Magloire,2010-01-25,Miami Heat,Cleveland Cavaliers,1,,,,,,,,,,,,,,,,,,,,,https://www.basketball-reference.com/boxscores/201001250MIA.html,2009-10
Jamaal Magloire,2010-01-27,Miami Heat,Toronto Raptors,0,,,,,,,,,,,,,,,,,,,,,https://www.basketball-reference.com/boxscores/201001270TOR.html,2009-10
Jamaal Magloire,2010-01-29,Miami Heat,Detroit Pistons,0,22.29,0.0,3.0,0.0,0.0,0.0,,2.0,4.0,0.5,2.0,6.0,8.0,0.0,0.0,0.0,0.0,2.0,2.0,10.0,https://www.basketball-reference.com/boxscores/201001290DET.html,2009-10
Jamaal Magloire,2010-01-30,Miami Heat,Milwaukee Bucks,0,9.2,0.0,0.0,,0.0,0.0,,1.0,2.0,0.5,2.0,1.0,3.0,0.0,0.0,0.0,0.0,1.0,1.0,-2.0,https://www.basketball-reference.com/boxscores/201001300MIL.html,2009-10
Jamaal Magloire,2010-02-01,Miami Heat,Milwaukee Bucks,1,11.08,1.0,1.0,1.0,0.0,0.0,,2.0,4.0,0.5,1.0,4.0,5.0,0.0,0.0,1.0,1.0,4.0,4.0,-10.0,https://www.basketball-reference.com/boxscores/201002010MIA.html,2009-10
Jamaal Magloire,2010-02-03,Miami Heat,Boston Celtics,0,,,,,,,,,,,,,,,,,,,,,https://www.basketball-reference.com/boxscores/201002030BOS.html,2009-10
Jamaal Magloire,2010-02-04,Miami Heat,Cleveland Cavaliers,0,5.41,1.0,2.0,0.5,0.0,0.0,,0.0,0.0,,0.0,0.0,0.0,0.0,0.0,0.0,1.0,2.0,2.0,2.0,https://www.basketball-reference.com/boxscores/201002040CLE.html,2009-10
Jamaal Magloire,2010-02-06,Miami Heat,Chicago Bulls,0,,,,,,,,,,,,,,,,,,,,,https://www.basketball-reference.com/boxscores/201002060CHI.html,2009-10
Jamaal Magloire,2010-02-09,Miami Heat,Houston Rockets,1,3.4,0.0,0.0,,0.0,0.0,,0.0,0.0,,0.0,2.0,2.0,0.0,0.0,0.0,0.0,1.0,0.0,4.0,https://www.basketball-reference.com/boxscores/201002090MIA.html,2009-10
Jamaal Magloire,2010-02-10,Miami Heat,Atlanta Hawks,0,,,,,,,,,,,,,,,,,,,,,https://www.basketball-reference.com/boxscores/201002100ATL.html,2009-10
Jamaal Magloire,2010-02-16,Miami Heat,Philadelphia 76ers,0,5.38,1.0,2.0,0.5,0.0,0.0,,0.0,0.0,,0.0,2.0,2.0,0.0,0.0,0.0,0.0,0.0,2.0,-5.0,https://www.basketball-reference.com/boxscores/201002160PHI.html,2009-10
Jamaal Magloire,2010-02-17,Miami Heat,New Jersey Nets,0,,,,,,,,,,,,,,,,,,,,,https://www.basketball-reference.com/boxscores/201002170NJN.html,2009-10
Jamaal Magloire,2010-02-19,Memphis Grizzlies,Miami Heat,1,6.02,0.0,1.0,0.0,0.0,0.0,,0.0,2.0,0.0,0.0,1.0,1.0,0.0,0.0,0.0,1.0,2.0,0.0,2.0,https://www.basketball-reference.com/boxscores/201002190MEM.html,2009-10
Jamaal Magloire,2010-02-20,Miami Heat,Dallas Mavericks,0,,,,,,,,,,,,,,,,,,,,,https://www.basketball-reference.com/boxscores/201002200DAL.html,2009-10
Jamaal Magloire,2010-02-23,Miami Heat,Minnesota Timberwolves,1,,,,,,,,,,,,,,,,,,,,,https://www.basketball-reference.com/boxscores/201002230MIA.html,2009-10
Jamaal Magloire,2010-02-27,Miami Heat,Milwaukee Bucks,1,2.49,0.0,1.0,0.0,0.0,0.0,,0.0,0.0,,1.0,1.0,2.0,0.0,0.0,0.0,0.0,1.0,0.0,-8.0,https://www.basketball-reference.com/boxscores/201002270MIA.html,2009-10
Jamaal Magloire,2010-02-28,Miami Heat,Orlando Magic,0,,,,,,,,,,,,,,,,,,,,,https://www.basketball-reference.com/boxscores/201002280ORL.html,2009-10
Jamaal Magloire,2010-03-06,Miami Heat,Atlanta Hawks,1,11.13,2.0,3.0,0.667,0.0,0.0,,1.0,1.0,1.0,2.0,2.0,4.0,0.0,0.0,0.0,0.0,4.0,5.0,-7.0,https://www.basketball-reference.com/boxscores/201003060MIA.html,2009-10
Jamaal Magloire,2010-03-09,Miami Heat,Charlotte Bobcats,0,8.36,0.0,1.0,0.0,0.0,0.0,,0.0,0.0,,1.0,1.0,2.0,0.0,0.0,0.0,0.0,1.0,0.0,0.0,https://www.basketball-reference.com/boxscores/201003090CHA.html,2009-10
Jamaal Magloire,2010-03-10,Miami Heat,Los Angeles Clippers,1,17.58,2.0,2.0,1.0,0.0,0.0,,2.0,4.0,0.5,4.0,5.0,9.0,0.0,1.0,3.0,1.0,0.0,6.0,10.0,https://www.basketball-reference.com/boxscores/201003100MIA.html,2009-10
Jamaal Magloire,2010-03-12,Miami Heat,Chicago Bulls,1,4.51,1.0,1.0,1.0,0.0,0.0,,1.0,2.0,0.5,1.0,0.0,1.0,0.0,0.0,0.0,0.0,1.0,3.0,2.0,https://www.basketball-reference.com/boxscores/201003120MIA.html,2009-10
Jamaal Magloire,2010-03-14,Miami Heat,Philadelphia 76ers,1,22.53,2.0,3.0,0.667,0.0,0.0,,0.0,2.0,0.0,3.0,5.0,8.0,0.0,0.0,1.0,0.0,1.0,4.0,6.0,https://www.basketball-reference.com/boxscores/201003140MIA.html,2009-10
Jamaal Magloire,2010-03-16,Miami Heat,San Antonio Spurs,1,3.5,0.0,1.0,0.0,0.0,0.0,,0.0,0.0,,0.0,0.0,0.0,0.0,0.0,0.0,1.0,1.0,0.0,-11.0,https://www.basketball-reference.com/boxscores/201003160MIA.html,2009-10
Jamaal Magloire,2010-03-20,Miami Heat,Charlotte Bobc,1,,,,,,,,,,,,,,,,,,,,,https://www.basketball-reference.com/boxscores/201003200MIA.html,2009-10
Jamaal Magloire,2010-03-22,Miami Heat,New Jersey Nets,0,9.29,0.0,0.0,,0.0,0.0,,1.0,2.0,0.5,1.0,3.0,4.0,0.0,0.0,0.0,0.0,3.0,1.0,3.0,https://www.basketball-reference.com/boxscores/201003220NJN.html,2009-10
Jamaal Magloire,2010-03-25,Miami Heat,Chicago Bulls,0,4.15,0.0,2.0,0.0,0.0,0.0,,0.0,0.0,,1.0,1.0,2.0,0.0,0.0,0.0,1.0,3.0,0.0,-2.0,https://www.basketball-reference.com/boxscores/201003250CHI.html,2009-10
Jamaal Magloire,2010-03-26,Miami Heat,Milwaukee Bucks,0,,,,,,,,,,,,,,,,,,,,,https://www.basketball-reference.com/boxscores/201003260MIL.html,2009-10
Jamaal Magloire,2010-03-28,Miami Heat,Toronto Raptors,1,5.38,0.0,1.0,0.0,0.0,0.0,,0.0,0.0,,1.0,0.0,1.0,0.0,0.0,0.0,0.0,1.0,0.0,7.0,https://www.basketball-reference.com/boxscores/201003280MIA.html,2009-10
Jamaal Magloire,2010-03-31,Miami Heat,Detroit Pistons,0,,,,,,,,,,,,,,,,,,,,,https://www.basketball-reference.com/boxscores/201003310DET.html,2009-10
Jamaal Magloire,2008-12-03,Miami Heat,Utah Jazz,0,8.23,0.0,0.0,,0.0,0.0,,1.0,2.0,0.5,1.0,2.0,3.0,0.0,0.0,1.0,0.0,2.0,1.0,-1.0,https://www.basketball-reference.com/boxscores/200812030UTA.html,2008-09
Jamaal Magloire,2008-12-06,Miami Heat,Oklahoma City Thunder,1,5.31,1.0,2.0,0.5,0.0,0.0,,0.0,2.0,0.0,1.0,1.0,2.0,0.0,0.0,1.0,0.0,0.0,2.0,-2.0,https://www.basketball-reference.com/boxscores/200812060MIA.html,2008-09
Jamaal Magloire,2008-12-08,Miami Heat,Charlotte Bobc,1,2.37,0.0,1.0,0.0,0.0,0.0,,0.0,0.0,,1.0,1.0,2.0,1.0,0.0,0.0,1.0,0.0,0.0,2.0,https://www.basketball-reference.com/boxscores/200812080MIA.html,2008-09
Jamaal Magloire,2008-12-12,Miami Heat,Atlanta Hawks,1,12.47,1.0,1.0,1.0,0.0,0.0,,1.0,4.0,0.25,2.0,3.0,5.0,1.0,0.0,0.0,1.0,2.0,3.0,-17.0,https://www.basketball-reference.com/boxscores/200812120MIA.html,2008-09
Jamaal Magloire,2008-12-14,Miami Heat,Memphis Grizzlies,0,7.06,0.0,2.0,0.0,0.0,0.0,,0.0,0.0,,3.0,2.0,5.0,0.0,0.0,0.0,1.0,1.0,0.0,7.0,https://www.basketball-reference.com/boxscores/200812140MEM.html,2008-09
Jamaal Magloire,2008-12-15,Miami Heat,Milwaukee Bucks,1,2.48,0.0,0.0,,0.0,0.0,,0.0,0.0,,0.0,3.0,3.0,0.0,0.0,0.0,0.0,1.0,0.0,-4.0,https://www.basketball-reference.com/boxscores/200812150MIA.html,2008-09
Jamaal Magloire,2008-12-19,Miami Heat,Los Angeles Lakers,1,9.41,1.0,1.0,1.0,0.0,0.0,,0.0,0.0,,0.0,0.0,0.0,0.0,0.0,0.0,0.0,1.0,2.0,-5.0,https://www.basketball-reference.com/boxscores/200812190MIA.html,2008-09
Jamaal Magloire,2008-12-20,Miami Heat,New Jersey Nets,0,15.56,0.0,0.0,,0.0,0.0,,1.0,4.0,0.25,0.0,2.0,2.0,0.0,1.0,0.0,0.0,3.0,1.0,-4.0,https://www.basketball-reference.com/boxscores/200812200NJN.html,2008-09
Jamaal Magloire,2008-12-23,Miami Heat,Golden State Warriors,1,6.11,0.0,1.0,0.0,0.0,0.0,,0.0,0.0,,0.0,3.0,3.0,0.0,0.0,1.0,0.0,1.0,0.0,-9.0,https://www.basketball-reference.com/boxscores/200812230MIA.html,2008-09
Jamaal Magloire,2008-12-26,Miami Heat,Chicago Bulls,1,8.06,0.0,0.0,,0.0,0.0,,0.0,0.0,,0.0,1.0,1.0,0.0,0.0,0.0,0.0,2.0,0.0,4.0,https://www.basketball-reference.com/boxscores/200812260MIA.html,2008-09
Jamaal Magloire,2008-12-28,Miami Heat,Cleveland Cavaliers,0,12.06,2.0,4.0,0.5,0.0,0.0,,1.0,2.0,0.5,1.0,5.0,6.0,0.0,0.0,0.0,0.0,3.0,5.0,-2.0,https://www.basketball-reference.com/boxscores/200812280CLE.html,2008-09
Jamaal Magloire,2008-12-30,Miami Heat,Cleveland Cavaliers,1,6.21,0.0,2.0,0.0,0.0,0.0,,0.0,0.0,,1.0,1.0,2.0,0.0,0.0,0.0,0.0,2.0,0.0,3.0,https://www.basketball-reference.com/boxscores/200812300MIA.html,2008-09
Jamaal Magloire,2009-01-02,Miami Heat,Orlando Magic,0,16.53,0.0,0.0,,0.0,0.0,,2.0,2.0,1.0,1.0,5.0,6.0,0.0,1.0,0.0,0.0,3.0,2.0,0.0,https://www.basketball-reference.com/boxscores/200901020ORL.html,2008-09
Jamaal Magloire,2009-01-05,Miami Heat,San Antonio Spurs,1,16.43,0.0,5.0,0.0,0.0,0.0,,0.0,0.0,,2.0,4.0,6.0,0.0,0.0,0.0,1.0,2.0,0.0,0.0,https://www.basketball-reference.com/boxscores/200901050MIA.html,2008-09
Jamaal Magloire,2009-01-07,Miami Heat,Denver Nuggets,0,11.07,0.0,1.0,0.0,0.0,0.0,,0.0,0.0,,0.0,4.0,4.0,0.0,1.0,0.0,0.0,5.0,0.0,0.0,https://www.basketball-reference.com/boxscores/200901070DEN.html,2008-09
Jamaal Magloire,2009-01-09,Sacramento Kings,Miami Heat,1,15.05,1.0,5.0,0.2,0.0,0.0,,3.0,4.0,0.75,5.0,4.0,9.0,1.0,0.0,0.0,1.0,4.0,5.0,15.0,https://www.basketball-reference.com/boxscores/200901090SAC.html,2008-09
Jamaal Magloire,2009-01-11,Miami Heat,Los Angeles Lakers,0,16.0,2.0,2.0,1.0,0.0,0.0,,0.0,0.0,,2.0,5.0,7.0,0.0,0.0,0.0,1.0,4.0,4.0,7.0,https://www.basketball-reference.com/boxscores/200901110LAL.html,2008-09
Jamaal Magloire,2009-01-13,Miami Heat,Minnesota Timberwolves,0,2.47,0.0,0.0,,0.0,0.0,,0.0,0.0,,1.0,0.0,1.0,0.0,0.0,0.0,1.0,1.0,0.0,-3.0,https://www.basketball-reference.com/boxscores/200901130MIN.html,2008-09
Jamaal Magloire,2009-01-14,Miami Heat,Milwaukee Bucks,0,17.46,1.0,1.0,1.0,0.0,0.0,,0.0,2.0,0.0,0.0,1.0,1.0,1.0,0.0,1.0,1.0,3.0,2.0,14.0,https://www.basketball-reference.com/boxscores/200901140MIL.html,2008-09
Jamaal Magloire,2009-01-17,Miami Heat,Houston Rockets,0,14.37,2.0,2.0,1.0,0.0,0.0,,2.0,2.0,1.0,0.0,4.0,4.0,0.0,0.0,1.0,0.0,4.0,6.0,2.0,https://www.basketball-reference.com/boxscores/200901170HOU.html,2008-09
Jamaal Magloire,2009-01-18,Miami Heat,Oklahoma City Thunder,0,29.48,5.0,8.0,0.625,0.0,0.0,,3.0,4.0,0.75,2.0,4.0,6.0,1.0,1.0,2.0,0.0,3.0,13.0,2.0,https://www.basketball-reference.com/boxscores/200901180OKC.html,2008-09
Jamaal Magloire,2009-01-21,Miami Heat,Boston Celtics,1,6.22,0.0,1.0,0.0,0.0,0.0,,0.0,0.0,,0.0,0.0,0.0,0.0,0.0,0.0,1.0,1.0,0.0,3.0,https://www.basketball-reference.com/boxscores/200901210MIA.html,2008-09
Jamaal Magloire,2009-01-24,Miami Heat,Orlando Magic,1,22.07,1.0,4.0,0.25,0.0,0.0,,2.0,4.0,0.5,3.0,4.0,7.0,1.0,0.0,0.0,1.0,3.0,4.0,4.0,https://www.basketball-reference.com/boxscores/200901240MIA.html,2008-09
Jamaal Magloire,2009-01-26,Miami Heat,Atlanta Hawks,1,16.58,3.0,4.0,0.75,0.0,0.0,,0.0,0.0,,2.0,4.0,6.0,0.0,0.0,2.0,0.0,3.0,6.0,-2.0,https://www.basketball-reference.com/boxscores/200901260MIA.html,2008-09
Jamaal Magloire,2009-01-28,Miami Heat,Washington Wizards,1,11.4,1.0,2.0,0.5,0.0,0.0,,0.0,0.0,,1.0,1.0,2.0,0.0,0.0,1.0,1.0,3.0,2.0,-1.0,https://www.basketball-reference.com/boxscores/200901280MIA.html,2008-09
Jamaal Magloire,2009-01-30,Miami Heat,Indiana Pacers,0,7.51,1.0,2.0,0.5,0.0,0.0,,0.0,0.0,,0.0,1.0,1.0,0.0,0.0,0.0,0.0,0.0,2.0,-3.0,https://www.basketball-reference.com/boxscores/200901300IND.html,2008-09
Jamaal Magloire,2009-01-31,Miami Heat,Dallas Mavericks,1,23.57,1.0,2.0,0.5,0.0,0.0,,0.0,0.0,,4.0,5.0,9.0,2.0,1.0,0.0,0.0,2.0,2.0,-11.0,https://www.basketball-reference.com/boxscores/200901310MIA.html,2008-09
Jamaal Magloire,2009-02-02,Miami Heat,Los Angeles Clippers,1,12.38,2.0,4.0,0.5,0.0,0.0,,0.0,0.0,,1.0,4.0,5.0,0.0,1.0,2.0,2.0,3.0,4.0,7.0,https://www.basketball-reference.com/boxscores/200902020MIA.html,2008-09
Jamaal Magloire,2009-02-04,Miami Heat,Detroit Pistons,0,16.06,3.0,6.0,0.5,0.0,0.0,,0.0,0.0,,3.0,3.0,6.0,1.0,0.0,1.0,0.0,2.0,6.0,-8.0,https://www.basketball-reference.com/boxscores/200902040DET.html,2008-09
Jamaal Magloire,2009-02-07,Miami Heat,Philadelphia 76ers,0,14.45,2.0,2.0,1.0,0.0,0.0,,1.0,2.0,0.5,0.0,3.0,3.0,2.0,0.0,0.0,2.0,3.0,5.0,4.0,https://www.basketball-reference.com/boxscores/200902070PHI.html,2008-09
Jamaal Magloire,2009-02-08,Miami Heat,Charlotte Bobc,1,14.15,2.0,2.0,1.0,0.0,0.0,,0.0,2.0,0.0,1.0,2.0,3.0,0.0,0.0,2.0,1.0,2.0,4.0,-6.0,https://www.basketball-reference.com/boxscores/200902080MIA.html,2008-09
Jamaal Magloire,2009-02-10,Miami Heat,Denver Nuggets,1,5.38,0.0,0.0,,0.0,0.0,,0.0,0.0,,0.0,2.0,2.0,0.0,0.0,1.0,1.0,1.0,0.0,-3.0,https://www.basketball-reference.com/boxscores/200902100MIA.html,2008-09
Jamaal Magloire,2009-02-12,Miami Heat,Chicago Bulls,0,,,,,,,,,,,,,,,,,,,,,https://www.basketball-reference.com/boxscores/200902120CHI.html,2008-09
Jamaal Magloire,2009-02-18,Miami Heat,Minnesota Timberwolves,1,,,,,,,,,,,,,,,,,,,,,https://www.basketball-reference.com/boxscores/200902180MIA.html,2008-09
Jamaal Magloire,2009-02-21,Miami Heat,Philadelphia 76ers,1,,,,,,,,,,,,,,,,,,,,,https://www.basketball-reference.com/boxscores/200902210MIA.html,2008-09
Jamaal Magloire,2009-02-22,Miami Heat,Orlando Magic,0,3.32,0.0,1.0,0.0,0.0,0.0,,0.0,0.0,,0.0,0.0,0.0,0.0,0.0,0.0,0.0,1.0,0.0,-5.0,https://www.basketball-reference.com/boxscores/200902220ORL.html,2008-09
Jamaal Magloire,2009-02-24,Miami Heat,Detroit Pistons,1,,,,,,,,,,,,,,,,,,,,,https://www.basketball-reference.com/boxscores/200902240MIA.html,2008-09
Jamaal Magloire,2009-02-27,Miami Heat,Atlanta Hawks,0,,,,,,,,,,,,,,,,,,,,,https://www.basketball-reference.com/boxscores/200902270ATL.html,2008-09
Jamaal Magloire,2009-03-04,Miami Heat,Phoenix Suns,1,,,,,,,,,,,,,,,,,,,,,https://www.basketball-reference.com/boxscores/200903040MIA.html,2008-09
Jamaal Magloire,2009-03-07,Miami Heat,Cleveland Cavaliers,0,,,,,,,,,,,,,,,,,,,,,https://www.basketball-reference.com/boxscores/200903070CLE.html,2008-09
Jamaal Magloire,2009-03-11,Miami Heat,Boston Celtics,1,11.35,1.0,1.0,1.0,0.0,0.0,,0.0,0.0,,2.0,4.0,6.0,1.0,0.0,2.0,2.0,4.0,2.0,4.0,https://www.basketball-reference.com/boxscores/200903110MIA.html,2008-09
Jamaal Magloire,2009-03-15,Miami Heat,Philadelphia 76ers,0,11.31,0.0,0.0,,0.0,0.0,,0.0,0.0,,0.0,3.0,3.0,0.0,0.0,0.0,1.0,2.0,0.0,-5.0,https://www.basketball-reference.com/boxscores/200903150PHI.html,2008-09
Jamaal Magloire,2009-03-18,Boston Celtics,Miami Heat,1,15.57,2.0,6.0,0.333,0.0,0.0,,0.0,0.0,,3.0,1.0,4.0,1.0,0.0,1.0,1.0,4.0,4.0,8.0,https://www.basketball-reference.com/boxscores/200903180BOS.html,2008-09
Jamaal Magloire,2009-03-20,Miami Heat,New Jersey Nets,0,13.5,2.0,3.0,0.667,0.0,0.0,,0.0,0.0,,1.0,3.0,4.0,1.0,0.0,1.0,1.0,1.0,4.0,2.0,https://www.basketball-reference.com/boxscores/200903200NJN.html,2008-09
Jamaal Magloire,2009-03-22,Miami Heat,Detroit Pistons,0,12.14,0.0,0.0,,0.0,0.0,,0.0,2.0,0.0,0.0,0.0,0.0,0.0,1.0,1.0,0.0,3.0,0.0,-7.0,https://www.basketball-reference.com/boxscores/200903220DET.html,2008-09
Jamaal Magloire,2009-03-23,Miami Heat,Memphis Grizzlies,1,28.06,4.0,6.0,0.667,0.0,0.0,,2.0,2.0,1.0,6.0,6.0,12.0,1.0,0.0,0.0,4.0,5.0,10.0,17.0,https://www.basketball-reference.com/boxscores/200903230MIA.html,2008-09
Jamaal Magloire,2009-03-25,Miami Heat,Indiana Pacers,0,7.5,0.0,1.0,0.0,0.0,0.0,,0.0,0.0,,3.0,2.0,5.0,1.0,0.0,1.0,0.0,1.0,0.0,-1.0,https://www.basketball-reference.com/boxscores/200903250IND.html,2008-09
Jamaal Magloire,2009-03-26,Miami Heat,Chicago Bulls,0,10.24,0.0,1.0,0.0,0.0,0.0,,0.0,0.0,,2.0,1.0,3.0,0.0,1.0,0.0,1.0,3.0,0.0,-3.0,https://www.basketball-reference.com/boxscores/200903260CHI.html,2008-09
Jamaal Magloire,2009-03-28,Miami Heat,Milwaukee Bucks,1,13.31,2.0,5.0,0.4,0.0,0.0,,0.0,0.0,,3.0,3.0,6.0,0.0,0.0,0.0,0.0,3.0,4.0,6.0,https://www.basketball-reference.com/boxscores/200903280MIA.html,2008-09
Jamaal Magloire,2009-03-30,Miami Heat,Orlando Magic,1,18.17,3.0,5.0,0.6,0.0,0.0,,3.0,5.0,0.6,3.0,5.0,8.0,1.0,0.0,0.0,0.0,4.0,9.0,-3.0,https://www.basketball-reference.com/boxscores/200903300MIA.html,2008-09
Jamaal Magloire,2003-12-02,New Orleans Hornets,Orlando Magic,0,28.26,5.0,9.0,0.556,0.0,0.0,,1.0,4.0,0.25,2.0,7.0,9.0,0.0,1.0,1.0,4.0,5.0,11.0,-11.0,https://www.basketball-reference.com/boxscores/200312020ORL.html,2003-04
Jamaal Magloire,2003-12-03,New Orleans Hornets,Orlando Magic,1,42.03,9.0,12.0,0.75,0.0,0.0,,2.0,4.0,0.5,5.0,9.0,14.0,1.0,4.0,0.0,4.0,3.0,20.0,21.0,https://www.basketball-reference.com/boxscores/200312030NOH.html,2003-04
Jamaal Magloire,2003-12-05,New Orleans Hornets,Houston Rockets,1,35.09,4.0,11.0,0.364,0.0,0.0,,6.0,8.0,0.75,5.0,7.0,12.0,1.0,0.0,0.0,1.0,4.0,14.0,-13.0,https://www.basketball-reference.com/boxscores/200312050NOH.html,2003-04
Jamaal Magloire,2003-12-06,New Orleans Hornets,Chicago Bulls,0,34.13,2.0,7.0,0.28600000000000003,0.0,0.0,,4.0,6.0,0.667,3.0,4.0,7.0,0.0,0.0,2.0,1.0,3.0,8.0,12.0,https://www.basketball-reference.com/boxscores/200312060CHI.html,2003-04
Jamaal Magloire,2003-12-08,New Orleans Hornets,Milwaukee Bucks,1,34.45,7.0,10.0,0.7,0.0,0.0,,6.0,8.0,0.75,2.0,9.0,11.0,0.0,0.0,0.0,3.0,3.0,20.0,4.0,https://www.basketball-reference.com/boxscores/200312080NOH.html,2003-04
Jamaal Magloire,2003-12-11,New Orleans Hornets,Phoenix Suns,0,33.24,4.0,7.0,0.5710000000000001,0.0,0.0,,3.0,6.0,0.5,2.0,12.0,14.0,1.0,0.0,1.0,1.0,4.0,11.0,6.0,https://www.basketball-reference.com/boxscores/200312110PHO.html,2003-04
Jamaal Magloire,2003-12-12,New Orleans Hornets,Golden State Warriors,0,38.31,3.0,8.0,0.375,0.0,0.0,,0.0,0.0,,5.0,7.0,12.0,0.0,0.0,2.0,3.0,4.0,6.0,12.0,https://www.basketball-reference.com/boxscores/200312120GSW.html,2003-04
Jamaal Magloire,2003-12-15,New Orleans Hornets,Los Angeles Clippers,0,31.57,5.0,8.0,0.625,0.0,0.0,,7.0,9.0,0.778,5.0,5.0,10.0,0.0,0.0,0.0,7.0,3.0,17.0,-20.0,https://www.basketball-reference.com/boxscores/200312150LAC.html,2003-04
Jamaal Magloire,2003-12-16,New Orleans Hornets,Denver Nuggets,0,24.31,1.0,7.0,0.14300000000000002,0.0,0.0,,3.0,4.0,0.75,2.0,4.0,6.0,0.0,0.0,1.0,4.0,5.0,5.0,-21.0,https://www.basketball-reference.com/boxscores/200312160DEN.html,2003-04
Jamaal Magloire,2003-12-18,New Orleans Hornets,Sacramento Kings,1,35.01,7.0,11.0,0.636,0.0,0.0,,1.0,1.0,1.0,6.0,7.0,13.0,2.0,1.0,1.0,2.0,1.0,15.0,-16.0,https://www.basketball-reference.com/boxscores/200312180NOH.html,2003-04
Jamaal Magloire,2003-12-20,New Orleans Hornets,Memphis Grizzlies,1,40.35,4.0,8.0,0.5,0.0,0.0,,10.0,14.0,0.7140000000000001,6.0,7.0,13.0,1.0,0.0,2.0,3.0,5.0,18.0,9.0,https://www.basketball-reference.com/boxscores/200312200NOH.html,2003-04
Jamaal Magloire,2003-12-23,New Orleans Hornets,Cleveland Cavaliers,0,34.24,2.0,6.0,0.333,0.0,0.0,,2.0,4.0,0.5,4.0,5.0,9.0,3.0,0.0,1.0,2.0,4.0,6.0,-4.0,https://www.basketball-reference.com/boxscores/200312230CLE.html,2003-04
Jamaal Magloire,2003-12-26,New Orleans Hornets,Atlanta Hawks,1,28.05,3.0,8.0,0.375,0.0,0.0,,2.0,4.0,0.5,3.0,8.0,11.0,2.0,1.0,1.0,1.0,4.0,8.0,36.0,https://www.basketball-reference.com/boxscores/200312260NOH.html,2003-04
Jamaal Magloire,2003-12-29,New Orleans Hornets,Detroit Pistons,0,35.33,6.0,12.0,0.5,0.0,0.0,,4.0,7.0,0.5710000000000001,3.0,3.0,6.0,3.0,0.0,1.0,1.0,3.0,16.0,-18.0,https://www.basketball-reference.com/boxscores/200312290DET.html,2003-04
Jamaal Magloire,2003-12-31,New Orleans Hornets,Boston Celtics,0,35.45,1.0,6.0,0.16699999999999998,0.0,0.0,,6.0,8.0,0.75,3.0,5.0,8.0,2.0,1.0,2.0,2.0,4.0,8.0,-6.0,https://www.basketball-reference.com/boxscores/200312310BOS.html,2003-04
Jamaal Magloire,2004-01-02,New Orleans Hornets,Toronto Raptors,0,34.24,5.0,11.0,0.455,0.0,0.0,,3.0,3.0,1.0,3.0,8.0,11.0,1.0,0.0,1.0,1.0,4.0,13.0,8.0,https://www.basketball-reference.com/boxscores/200401020TOR.html,2003-04
Jamaal Magloire,2004-01-03,New Orleans Hornets,Indiana Pacers,0,25.17,0.0,2.0,0.0,0.0,0.0,,1.0,2.0,0.5,1.0,2.0,3.0,3.0,0.0,2.0,1.0,2.0,1.0,-7.0,https://www.basketball-reference.com/boxscores/200401030IND.html,2003-04
Jamaal Magloire,2004-01-07,New Orleans Hornets,Washington Wizards,1,31.28,5.0,14.0,0.35700000000000004,0.0,0.0,,0.0,2.0,0.0,4.0,9.0,13.0,1.0,2.0,1.0,2.0,3.0,10.0,0.0,https://www.basketball-reference.com/boxscores/200401070NOH.html,2003-04
Jamaal Magloire,2004-01-09,New Orleans Hornets,San Antonio Spurs,1,35.13,4.0,14.0,0.28600000000000003,0.0,0.0,,4.0,6.0,0.667,4.0,7.0,11.0,0.0,1.0,1.0,2.0,4.0,12.0,-22.0,https://www.basketball-reference.com/boxscores/200401090NOH.html,2003-04
Jamaal Magloire,2004-01-10,New Orleans Hornets,Chicago Bulls,0,33.45,5.0,8.0,0.625,0.0,0.0,,2.0,5.0,0.4,2.0,6.0,8.0,2.0,1.0,4.0,2.0,4.0,12.0,1.0,https://www.basketball-reference.com/boxscores/200401100CHI.html,2003-04
Jamaal Magloire,2004-01-13,New Orleans Hornets,Minnesota Timberwolves,1,34.41,5.0,7.0,0.7140000000000001,0.0,0.0,,4.0,6.0,0.667,2.0,3.0,5.0,2.0,1.0,3.0,6.0,4.0,14.0,-15.0,https://www.basketball-reference.com/boxscores/200401130NOH.html,2003-04
Jamaal Magloire,2004-01-17,New Orleans Hornets,Orlando Magic,1,30.07,3.0,5.0,0.6,0.0,0.0,,5.0,6.0,0.833,6.0,4.0,10.0,1.0,0.0,0.0,1.0,3.0,11.0,-6.0,https://www.basketball-reference.com/boxscores/200401170NOH.html,2003-04
Jamaal Magloire,2004-01-19,New Orleans Hornets,Minnesota Timberwolves,0,35.14,2.0,6.0,0.333,0.0,0.0,,2.0,2.0,1.0,0.0,9.0,9.0,1.0,0.0,0.0,6.0,4.0,6.0,-4.0,https://www.basketball-reference.com/boxscores/200401190MIN.html,2003-04
Jamaal Magloire,2004-01-21,New Orleans Hornets,Philadelphia 76ers,1,32.43,5.0,8.0,0.625,0.0,0.0,,7.0,9.0,0.778,1.0,6.0,7.0,3.0,0.0,1.0,2.0,5.0,17.0,-3.0,https://www.basketball-reference.com/boxscores/200401210NOH.html,2003-04
Jamaal Magloire,2004-01-23,New Orleans Hornets,Denver Nuggets,1,36.03,9.0,13.0,0.6920000000000001,0.0,0.0,,2.0,2.0,1.0,3.0,8.0,11.0,2.0,0.0,4.0,4.0,3.0,20.0,3.0,https://www.basketball-reference.com/boxscores/200401230NOH.html,2003-04
Jamaal Magloire,2004-01-24,New Orleans Hornets,San Antonio Spurs,0,35.22,5.0,11.0,0.455,0.0,0.0,,7.0,8.0,0.875,3.0,6.0,9.0,0.0,1.0,3.0,1.0,4.0,17.0,-5.0,https://www.basketball-reference.com/boxscores/200401240SAS.html,2003-04
Jamaal Magloire,2004-01-28,New Orleans Hornets,Milwaukee Bucks,1,36.58,3.0,7.0,0.429,0.0,0.0,,10.0,14.0,0.7140000000000001,1.0,10.0,11.0,0.0,2.0,2.0,2.0,4.0,16.0,3.0,https://www.basketball-reference.com/boxscores/200401280NOH.html,2003-04
Jamaal Magloire,2004-01-30,New Orleans Hornets,Philadelphia 76ers,0,37.21,3.0,12.0,0.25,0.0,0.0,,7.0,8.0,0.875,5.0,7.0,12.0,1.0,0.0,3.0,2.0,2.0,13.0,-7.0,https://www.basketball-reference.com/boxscores/200401300PHI.html,2003-04
Jamaal Magloire,2004-01-31,New Orleans Hornets,Miami Heat,1,24.1,0.0,4.0,0.0,0.0,0.0,,0.0,0.0,,2.0,7.0,9.0,2.0,0.0,3.0,2.0,3.0,0.0,-11.0,https://www.basketball-reference.com/boxscores/200401310NOH.html,2003-04
Jamaal Magloire,2004-02-02,New Orleans Hornets,New Jersey Nets,1,37.06,6.0,10.0,0.6,0.0,0.0,,10.0,12.0,0.833,1.0,12.0,13.0,3.0,1.0,1.0,3.0,2.0,22.0,-9.0,https://www.basketball-reference.com/boxscores/200402020NOH.html,2003-04
Jamaal Magloire,2004-02-04,New Orleans Hornets,Dallas Mavericks,1,41.07,8.0,12.0,0.667,0.0,0.0,,7.0,11.0,0.636,3.0,9.0,12.0,2.0,0.0,1.0,4.0,4.0,23.0,5.0,https://www.basketball-reference.com/boxscores/200402040NOH.html,2003-04
Jamaal Magloire,2004-02-06,New Orleans Hornets,Detroit Pistons,1,37.04,3.0,9.0,0.333,0.0,0.0,,2.0,4.0,0.5,2.0,9.0,11.0,1.0,2.0,1.0,2.0,6.0,8.0,18.0,https://www.basketball-reference.com/boxscores/200402060NOH.html,2003-04
Jamaal Magloire,2004-02-07,New Orleans Hornets,Milwaukee Bucks,0,34.56,9.0,14.0,0.643,0.0,0.0,,2.0,4.0,0.5,2.0,4.0,6.0,2.0,0.0,4.0,5.0,2.0,20.0,-9.0,https://www.basketball-reference.com/boxscores/200402070MIL.html,2003-04
Jamaal Magloire,2004-02-11,New Orleans Hornets,New York Knicks,1,35.51,5.0,10.0,0.5,0.0,0.0,,3.0,4.0,0.75,1.0,10.0,11.0,2.0,0.0,2.0,4.0,6.0,13.0,13.0,https://www.basketball-reference.com/boxscores/200402110NOH.html,2003-04
Jamaal Magloire,2004-02-17,New Orleans Hornets,Indiana Pacers,0,24.17,5.0,10.0,0.5,0.0,0.0,,1.0,2.0,0.5,5.0,4.0,9.0,0.0,0.0,1.0,3.0,6.0,11.0,4.0,https://www.basketball-reference.com/boxscores/200402170IND.html,2003-04
Jamaal Magloire,2004-02-18,New Orleans Hornets,Washington Wizards,1,26.35,4.0,7.0,0.5710000000000001,0.0,0.0,,3.0,3.0,1.0,1.0,8.0,9.0,0.0,2.0,1.0,3.0,4.0,11.0,20.0,https://www.basketball-reference.com/boxscores/200402180NOH.html,2003-04
Jamaal Magloire,2004-02-21,New Orleans Hornets,New Jersey Nets,0,40.38,4.0,10.0,0.4,0.0,0.0,,6.0,9.0,0.667,2.0,10.0,12.0,0.0,0.0,0.0,4.0,3.0,14.0,-5.0,https://www.basketball-reference.com/boxscores/200402210NJN.html,2003-04
Jamaal Magloire,2004-02-23,New Orleans Hornets,Cleveland Cavaliers,0,33.19,2.0,10.0,0.2,0.0,0.0,,3.0,4.0,0.75,1.0,6.0,7.0,1.0,0.0,0.0,0.0,4.0,7.0,-2.0,https://www.basketball-reference.com/boxscores/200402230CLE.html,2003-04
Jamaal Magloire,2004-02-25,New Orleans Hornets,Los Angeles Clippers,1,37.1,9.0,14.0,0.643,0.0,0.0,,3.0,5.0,0.6,4.0,10.0,14.0,2.0,0.0,2.0,2.0,5.0,21.0,6.0,https://www.basketball-reference.com/boxscores/200402250NOH.html,2003-04
Jamaal Magloire,2004-02-27,New Orleans Hornets,Indiana Pacers,1,35.31,5.0,12.0,0.417,0.0,0.0,,6.0,6.0,1.0,6.0,5.0,11.0,0.0,0.0,1.0,2.0,4.0,16.0,10.0,https://www.basketball-reference.com/boxscores/200402270NOH.html,2003-04
Jamaal Magloire,2004-02-28,New Orleans Hornets,Memphis Grizzlies,0,30.44,6.0,13.0,0.462,0.0,0.0,,2.0,2.0,1.0,2.0,8.0,10.0,0.0,0.0,1.0,0.0,1.0,14.0,-8.0,https://www.basketball-reference.com/boxscores/200402280MEM.html,2003-04
Jamaal Magloire,2004-03-01,Washington Wizards,New Orleans Hornets,1,36.44,8.0,13.0,0.615,0.0,0.0,,2.0,3.0,0.667,6.0,8.0,14.0,0.0,1.0,1.0,3.0,6.0,18.0,0.0,https://www.basketball-reference.com/boxscores/200403010WAS.html,2003-04
Jamaal Magloire,2004-03-05,New Orleans Hornets,Cleveland Cavaliers,1,32.13,6.0,11.0,0.545,0.0,0.0,,1.0,1.0,1.0,3.0,6.0,9.0,0.0,1.0,2.0,4.0,6.0,13.0,2.0,https://www.basketball-reference.com/boxscores/200403050NOH.html,2003-04
Jamaal Magloire,2004-03-07,New Orleans Hornets,Toronto Raptors,0,42.38,6.0,13.0,0.462,0.0,0.0,,11.0,13.0,0.846,5.0,16.0,21.0,0.0,0.0,3.0,2.0,2.0,23.0,-11.0,https://www.basketball-reference.com/boxscores/200403070TOR.html,2003-04
Jamaal Magloire,2004-03-10,New Orleans Hornets,Miami Heat,1,36.35,3.0,9.0,0.333,0.0,0.0,,8.0,10.0,0.8,7.0,10.0,17.0,1.0,0.0,2.0,3.0,3.0,14.0,8.0,https://www.basketball-reference.com/boxscores/200403100NOH.html,2003-04
Jamaal Magloire,2004-03-11,New Orleans Hornets,Houston Rockets,0,29.29,3.0,9.0,0.333,0.0,0.0,,4.0,6.0,0.667,1.0,10.0,11.0,0.0,0.0,0.0,1.0,5.0,10.0,-9.0,https://www.basketball-reference.com/boxscores/200403110HOU.html,2003-04
Jamaal Magloire,2004-03-13,New Orleans Hornets,Golden State Warriors,1,40.05,6.0,11.0,0.545,0.0,0.0,,6.0,9.0,0.667,1.0,9.0,10.0,1.0,0.0,1.0,4.0,2.0,18.0,14.0,https://www.basketball-reference.com/boxscores/200403130NOH.html,2003-04
Jamaal Magloire,2004-03-16,New Orleans Hornets,Miami Heat,0,26.46,0.0,1.0,0.0,0.0,0.0,,5.0,6.0,0.833,1.0,5.0,6.0,1.0,0.0,0.0,1.0,3.0,5.0,-16.0,https://www.basketball-reference.com/boxscores/200403160MIA.html,2003-04
Jamaal Magloire,2004-03-17,New Orleans Hornets,Philadelphia 76ers,1,36.47,6.0,10.0,0.6,0.0,0.0,,7.0,7.0,1.0,5.0,7.0,12.0,2.0,1.0,0.0,2.0,2.0,19.0,23.0,https://www.basketball-reference.com/boxscores/200403170NOH.html,2003-04
Jamaal Magloire,2004-03-19,New Orleans Hornets,Seattle SuperSonics,1,37.1,6.0,12.0,0.5,0.0,0.0,,1.0,2.0,0.5,1.0,7.0,8.0,0.0,2.0,1.0,2.0,1.0,13.0,-7.0,https://www.basketball-reference.com/boxscores/200403190NOH.html,2003-04
Jamaal Magloire,2004-03-23,New Orleans Hornets,Detroit Pistons,1,35.02,6.0,10.0,0.6,0.0,0.0,,5.0,6.0,0.833,3.0,10.0,13.0,2.0,0.0,2.0,1.0,1.0,17.0,-6.0,https://www.basketball-reference.com/boxscores/200403230NOH.html,2003-04
Jamaal Magloire,2004-03-25,New Orleans Hornets,Atlanta Hawks,0,35.56,6.0,14.0,0.429,0.0,0.0,,0.0,0.0,,3.0,9.0,12.0,1.0,0.0,3.0,0.0,1.0,12.0,2.0,https://www.basketball-reference.com/boxscores/200403250ATL.html,2003-04
Jamaal Magloire,2004-03-26,New Orleans Hornets,Phoenix Suns,1,35.26,8.0,13.0,0.615,0.0,0.0,,6.0,7.0,0.857,5.0,9.0,14.0,1.0,1.0,1.0,3.0,3.0,22.0,4.0,https://www.basketball-reference.com/boxscores/200403260NOH.html,2003-04
Jamaal Magloire,2004-03-30,New Orleans Hornets,Los Angeles Lakers,0,33.11,4.0,14.0,0.28600000000000003,0.0,0.0,,4.0,4.0,1.0,6.0,8.0,14.0,1.0,1.0,0.0,1.0,3.0,12.0,-12.0,https://www.basketball-reference.com/boxscores/200403300LAL.html,2003-04
Jamaal Magloire,2004-03-31,New Orleans Hornets,Utah Jazz,0,35.59,5.0,11.0,0.455,0.0,0.0,,2.0,2.0,1.0,2.0,8.0,10.0,1.0,0.0,1.0,5.0,3.0,12.0,-16.0,https://www.basketball-reference.com/boxscores/200403310UTA.html,2003-04
Jamaal Magloire,2001-12-01,Charlotte Hornets,Cleveland Cavaliers,0,8.43,1.0,2.0,0.5,0.0,0.0,,0.0,0.0,,1.0,1.0,2.0,1.0,0.0,1.0,1.0,2.0,2.0,-5.0,https://www.basketball-reference.com/boxscores/200112010CLE.html,2001-02
Jamaal Magloire,2001-12-04,Charlotte Hornets,Utah Jazz,0,23.1,8.0,9.0,0.889,0.0,0.0,,3.0,4.0,0.75,3.0,1.0,4.0,0.0,0.0,1.0,2.0,3.0,19.0,0.0,https://www.basketball-reference.com/boxscores/200112040UTA.html,2001-02
Jamaal Magloire,2001-12-06,Charlotte Hornets,Portland Trail Blazers,0,14.01,2.0,3.0,0.667,0.0,0.0,,0.0,1.0,0.0,1.0,2.0,3.0,0.0,0.0,0.0,1.0,2.0,4.0,6.0,https://www.basketball-reference.com/boxscores/200112060POR.html,2001-02
Jamaal Magloire,2001-12-07,Charlotte Hornets,Golden State Warriors,0,18.59,3.0,6.0,0.5,0.0,0.0,,0.0,0.0,,2.0,3.0,5.0,1.0,1.0,0.0,3.0,1.0,6.0,-7.0,https://www.basketball-reference.com/boxscores/200112070GSW.html,2001-02
Jamaal Magloire,2001-12-09,Charlotte Hornets,Los Angeles Clippers,0,21.12,0.0,1.0,0.0,0.0,0.0,,2.0,4.0,0.5,1.0,7.0,8.0,2.0,0.0,2.0,0.0,1.0,2.0,8.0,https://www.basketball-reference.com/boxscores/200112090LAC.html,2001-02
Jamaal Magloire,2001-12-11,Charlotte Hornets,Denver Nuggets,0,13.13,1.0,4.0,0.25,0.0,0.0,,2.0,2.0,1.0,2.0,2.0,4.0,0.0,0.0,1.0,1.0,2.0,4.0,3.0,https://www.basketball-reference.com/boxscores/200112110DEN.html,2001-02
Jamaal Magloire,2001-12-13,Charlotte Hornets,Toronto Raptors,1,16.0,2.0,6.0,0.333,0.0,0.0,,2.0,3.0,0.667,1.0,2.0,3.0,0.0,0.0,0.0,1.0,0.0,6.0,-6.0,https://www.basketball-reference.com/boxscores/200112130CHH.html,2001-02
Jamaal Magloire,2001-12-15,Charlotte Hornets,Boston Celtics,1,13.33,0.0,2.0,0.0,0.0,0.0,,8.0,8.0,1.0,1.0,3.0,4.0,0.0,0.0,0.0,1.0,1.0,8.0,6.0,https://www.basketball-reference.com/boxscores/200112150CHH.html,2001-02
Jamaal Magloire,2001-12-18,Charlotte Hornets,New York Knicks,1,19.54,2.0,5.0,0.4,0.0,0.0,,3.0,4.0,0.75,2.0,1.0,3.0,0.0,0.0,0.0,1.0,2.0,7.0,-1.0,https://www.basketball-reference.com/boxscores/200112180CHH.html,2001-02
Jamaal Magloire,2001-12-19,Charlotte Hornets,Philadelphia 76ers,0,10.52,2.0,5.0,0.4,0.0,0.0,,1.0,2.0,0.5,1.0,3.0,4.0,0.0,0.0,0.0,0.0,2.0,5.0,5.0,https://www.basketball-reference.com/boxscores/200112190PHI.html,2001-02
Jamaal Magloire,2001-12-21,Charlotte Hornets,Minnesota Timberwolves,0,15.46,2.0,3.0,0.667,0.0,0.0,,1.0,3.0,0.333,0.0,3.0,3.0,2.0,0.0,0.0,1.0,2.0,5.0,-3.0,https://www.basketball-reference.com/boxscores/200112210MIN.html,2001-02
Jamaal Magloire,2001-12-22,Charlotte Hornets,Atlanta Hawks,0,10.11,0.0,2.0,0.0,0.0,0.0,,0.0,0.0,,1.0,0.0,1.0,0.0,0.0,0.0,2.0,5.0,0.0,1.0,https://www.basketball-reference.com/boxscores/200112220ATL.html,2001-02
Jamaal Magloire,2001-12-26,Charlotte Hornets,Washington Wizards,1,12.49,1.0,3.0,0.333,0.0,0.0,,3.0,4.0,0.75,3.0,1.0,4.0,0.0,0.0,0.0,0.0,1.0,5.0,8.0,https://www.basketball-reference.com/boxscores/200112260CHH.html,2001-02
Jamaal Magloire,2001-12-28,Charlotte Hornets,Milwaukee Bucks,1,18.41,1.0,3.0,0.333,0.0,0.0,,3.0,4.0,0.75,1.0,8.0,9.0,1.0,2.0,1.0,2.0,1.0,5.0,-6.0,https://www.basketball-reference.com/boxscores/200112280CHH.html,2001-02
Jamaal Magloire,2001-12-29,Charlotte Hornets,Washington Wizards,0,19.45,6.0,8.0,0.75,0.0,0.0,,10.0,13.0,0.769,3.0,4.0,7.0,0.0,0.0,1.0,0.0,3.0,22.0,-1.0,https://www.basketball-reference.com/boxscores/200112290WAS.html,2001-02
Jamaal Magloire,2002-01-03,Charlotte Hornets,Golden State Warriors,1,25.35,5.0,8.0,0.625,0.0,0.0,,0.0,0.0,,2.0,8.0,10.0,1.0,0.0,1.0,4.0,1.0,10.0,27.0,https://www.basketball-reference.com/boxscores/200201030CHH.html,2001-02
Jamaal Magloire,2002-01-05,Charlotte Hornets,New Jersey Nets,1,14.29,1.0,4.0,0.25,0.0,0.0,,1.0,2.0,0.5,0.0,1.0,1.0,0.0,0.0,0.0,1.0,1.0,3.0,-13.0,https://www.basketball-reference.com/boxscores/200201050CHH.html,2001-02
Jamaal Magloire,2002-01-07,Charlotte Hornets,Denver Nuggets,1,14.44,3.0,5.0,0.6,0.0,0.0,,2.0,4.0,0.5,0.0,0.0,0.0,1.0,0.0,1.0,1.0,3.0,8.0,-5.0,https://www.basketball-reference.com/boxscores/200201070CHH.html,2001-02
Jamaal Magloire,2002-01-09,Charlotte Hornets,Atlanta Hawks,1,15.45,3.0,4.0,0.75,0.0,0.0,,5.0,5.0,1.0,1.0,7.0,8.0,0.0,0.0,2.0,4.0,2.0,11.0,8.0,https://www.basketball-reference.com/boxscores/200201090CHH.html,2001-02
Jamaal Magloire,2002-01-12,Charlotte Hornets,Detroit Pistons,0,16.35,1.0,2.0,0.5,0.0,0.0,,1.0,2.0,0.5,1.0,4.0,5.0,0.0,0.0,1.0,1.0,2.0,3.0,-2.0,https://www.basketball-reference.com/boxscores/200201120DET.html,2001-02
Jamaal Magloire,2002-01-15,Charlotte Hornets,Chicago Bulls,0,24.17,4.0,5.0,0.8,0.0,0.0,,4.0,4.0,1.0,1.0,6.0,7.0,2.0,0.0,1.0,1.0,3.0,12.0,25.0,https://www.basketball-reference.com/boxscores/200201150CHI.html,2001-02
Jamaal Magloire,2002-01-17,Charlotte Hornets,Philadelphia 76ers,1,15.06,1.0,4.0,0.25,0.0,0.0,,0.0,0.0,,1.0,9.0,10.0,2.0,0.0,1.0,0.0,2.0,2.0,4.0,https://www.basketball-reference.com/boxscores/200201170CHH.html,2001-02
Jamaal Magloire,2002-01-19,Charlotte Hornets,Toronto Raptors,1,19.05,5.0,10.0,0.5,0.0,0.0,,4.0,7.0,0.5710000000000001,8.0,1.0,9.0,1.0,1.0,1.0,1.0,0.0,14.0,-6.0,https://www.basketball-reference.com/boxscores/200201190CHH.html,2001-02
Jamaal Magloire,2002-01-21,Charlotte Hornets,New York Knicks,0,17.4,3.0,6.0,0.5,0.0,0.0,,6.0,6.0,1.0,2.0,3.0,5.0,1.0,1.0,2.0,0.0,5.0,12.0,14.0,https://www.basketball-reference.com/boxscores/200201210NYK.html,2001-02
Jamaal Magloire,2002-01-23,Charlotte Hornets,Seattle SuperSonics,1,14.29,3.0,6.0,0.5,0.0,0.0,,0.0,0.0,,3.0,5.0,8.0,1.0,1.0,1.0,3.0,2.0,6.0,7.0,https://www.basketball-reference.com/boxscores/200201230CHH.html,2001-02
Jamaal Magloire,2002-01-25,Charlotte Hornets,Indiana Pacers,0,25.25,5.0,10.0,0.5,0.0,0.0,,9.0,12.0,0.75,7.0,9.0,16.0,1.0,1.0,0.0,2.0,3.0,19.0,-5.0,https://www.basketball-reference.com/boxscores/200201250IND.html,2001-02
Jamaal Magloire,2002-01-29,Charlotte Hornets,San Antonio Spurs,0,17.46,3.0,6.0,0.5,0.0,0.0,,3.0,5.0,0.6,2.0,2.0,4.0,0.0,1.0,2.0,0.0,3.0,9.0,16.0,https://www.basketball-reference.com/boxscores/200201290SAS.html,2001-02
Jamaal Magloire,2002-02-01,Charlotte Hornets,Houston Rockets,0,17.4,2.0,2.0,1.0,0.0,0.0,,2.0,3.0,0.667,0.0,4.0,4.0,0.0,0.0,0.0,1.0,3.0,6.0,2.0,https://www.basketball-reference.com/boxscores/200202010HOU.html,2001-02
Jamaal Magloire,2002-02-03,Charlotte Hornets,Memphis Grizzlies,0,22.02,3.0,10.0,0.3,0.0,0.0,,7.0,10.0,0.7,6.0,4.0,10.0,0.0,0.0,1.0,2.0,1.0,13.0,13.0,https://www.basketball-reference.com/boxscores/200202030MEM.html,2001-02
Jamaal Magloire,2002-02-05,Charlotte Hornets,Boston Celtics,1,18.26,2.0,3.0,0.667,0.0,0.0,,6.0,8.0,0.75,1.0,7.0,8.0,0.0,0.0,3.0,2.0,4.0,10.0,12.0,https://www.basketball-reference.com/boxscores/200202050CHH.html,2001-02
Jamaal Magloire,2002-02-07,Charlotte Hornets,Philadelphia 76ers,1,15.38,2.0,5.0,0.4,0.0,0.0,,5.0,8.0,0.625,1.0,3.0,4.0,0.0,0.0,2.0,2.0,3.0,9.0,-2.0,https://www.basketball-reference.com/boxscores/200202070CHH.html,2001-02
Jamaal Magloire,2002-02-13,Charlotte Hornets,Chicago Bulls,1,25.21,5.0,9.0,0.556,0.0,0.0,,7.0,9.0,0.778,1.0,9.0,10.0,1.0,0.0,3.0,0.0,4.0,17.0,7.0,https://www.basketball-reference.com/boxscores/200202130CHH.html,2001-02
Jamaal Magloire,2002-02-15,Charlotte Hornets,Indiana Pacers,1,18.15,5.0,7.0,0.7140000000000001,0.0,0.0,,1.0,2.0,0.5,2.0,5.0,7.0,0.0,2.0,0.0,1.0,2.0,11.0,0.0,https://www.basketball-reference.com/boxscores/200202150CHH.html,2001-02
Jamaal Magloire,2002-02-17,Charlotte Hornets,Memphis Grizzlies,1,21.0,4.0,6.0,0.667,0.0,1.0,0.0,7.0,7.0,1.0,2.0,3.0,5.0,1.0,1.0,0.0,4.0,2.0,15.0,-18.0,https://www.basketball-reference.com/boxscores/200202170CHH.html,2001-02
Jamaal Magloire,2002-02-18,Charlotte Hornets,Milwaukee Bucks,0,17.09,2.0,5.0,0.4,0.0,0.0,,6.0,8.0,0.75,4.0,4.0,8.0,1.0,3.0,0.0,1.0,2.0,10.0,-4.0,https://www.basketball-reference.com/boxscores/200202180MIL.html,2001-02
Jamaal Magloire,2002-02-20,Charlotte Hornets,Toronto Raptors,0,22.53,3.0,3.0,1.0,0.0,0.0,,2.0,2.0,1.0,0.0,2.0,2.0,0.0,1.0,0.0,3.0,5.0,8.0,13.0,https://www.basketball-reference.com/boxscores/200202200TOR.html,2001-02
Jamaal Magloire,2002-02-22,Charlotte Hornets,Los Angeles Lakers,1,21.17,4.0,5.0,0.8,0.0,0.0,,0.0,0.0,,2.0,7.0,9.0,0.0,0.0,2.0,1.0,3.0,8.0,4.0,https://www.basketball-reference.com/boxscores/200202220CHH.html,2001-02
Jamaal Magloire,2002-02-24,Charlotte Hornets,New Jersey Nets,0,25.18,3.0,4.0,0.75,0.0,0.0,,2.0,2.0,1.0,2.0,3.0,5.0,0.0,2.0,1.0,3.0,3.0,8.0,-9.0,https://www.basketball-reference.com/boxscores/200202240NJN.html,2001-02
Jamaal Magloire,2002-02-25,Charlotte Hornets,Minnesota Timberwolves,1,23.39,6.0,8.0,0.75,0.0,0.0,,2.0,4.0,0.5,2.0,2.0,4.0,1.0,2.0,2.0,2.0,1.0,14.0,2.0,https://www.basketball-reference.com/boxscores/200202250CHH.html,2001-02
Jamaal Magloire,2002-02-27,Charlotte Hornets,New Jersey Nets,1,26.29,7.0,8.0,0.875,0.0,0.0,,3.0,3.0,1.0,3.0,7.0,10.0,0.0,0.0,5.0,3.0,3.0,17.0,25.0,https://www.basketball-reference.com/boxscores/200202270CHH.html,2001-02
Jamaal Magloire,2002-03-01,Charlotte Hornets,Boston Celtics,0,16.51,2.0,4.0,0.5,0.0,0.0,,5.0,9.0,0.556,4.0,6.0,10.0,0.0,0.0,1.0,1.0,4.0,9.0,9.0,https://www.basketball-reference.com/boxscores/200203010BOS.html,2001-02
Jamaal Magloire,2002-03-03,Charlotte Hornets,Detroit Pistons,1,18.18,1.0,3.0,0.333,0.0,0.0,,1.0,5.0,0.2,1.0,2.0,3.0,0.0,0.0,2.0,1.0,2.0,3.0,-7.0,https://www.basketball-reference.com/boxscores/200203030CHH.html,2001-02
Jamaal Magloire,2002-03-07,Seattle SuperSonics,Charlotte Hornets,1,33.14,0.0,5.0,0.0,0.0,0.0,,9.0,10.0,0.9,3.0,8.0,11.0,0.0,0.0,1.0,0.0,2.0,9.0,6.0,https://www.basketball-reference.com/boxscores/200203070SEA.html,2001-02
Jamaal Magloire,2002-03-08,Charlotte Hornets,Sacramento Kings,0,19.32,1.0,2.0,0.5,0.0,0.0,,6.0,8.0,0.75,0.0,2.0,2.0,1.0,1.0,1.0,1.0,4.0,8.0,-4.0,https://www.basketball-reference.com/boxscores/200203080SAC.html,2001-02
Jamaal Magloire,2002-03-10,Charlotte Hornets,Phoenix Suns,0,29.3,7.0,10.0,0.7,0.0,0.0,,3.0,4.0,0.75,4.0,5.0,9.0,0.0,1.0,1.0,1.0,3.0,17.0,10.0,https://www.basketball-reference.com/boxscores/200203100PHO.html,2001-02
Jamaal Magloire,2002-03-12,Charlotte Hornets,Los Angeles Lakers,0,14.1,2.0,3.0,0.667,0.0,0.0,,4.0,4.0,1.0,3.0,1.0,4.0,1.0,0.0,1.0,2.0,1.0,8.0,-16.0,https://www.basketball-reference.com/boxscores/200203120LAL.html,2001-02
Jamaal Magloire,2002-03-14,Charlotte Hornets,Utah Jazz,1,21.23,2.0,5.0,0.4,0.0,0.0,,1.0,1.0,1.0,0.0,5.0,5.0,0.0,2.0,2.0,4.0,1.0,5.0,8.0,https://www.basketball-reference.com/boxscores/200203140CHH.html,2001-02
Jamaal Magloire,2002-03-16,Charlotte Hornets,Phoenix Suns,1,19.15,0.0,3.0,0.0,0.0,0.0,,7.0,10.0,0.7,0.0,6.0,6.0,0.0,0.0,0.0,3.0,2.0,7.0,-5.0,https://www.basketball-reference.com/boxscores/200203160CHH.html,2001-02
Jamaal Magloire,2002-03-18,Charlotte Hornets,Milwaukee Bucks,1,13.01,1.0,1.0,1.0,0.0,0.0,,4.0,5.0,0.8,0.0,0.0,0.0,0.0,0.0,1.0,0.0,0.0,6.0,-6.0,https://www.basketball-reference.com/boxscores/200203180CHH.html,2001-02
Jamaal Magloire,2002-03-20,Charlotte Hornets,Indiana Pacers,1,16.34,1.0,6.0,0.16699999999999998,0.0,0.0,,2.0,4.0,0.5,2.0,4.0,6.0,0.0,0.0,1.0,1.0,3.0,4.0,-10.0,https://www.basketball-reference.com/boxscores/200203200CHH.html,2001-02
Jamaal Magloire,2002-03-22,Charlotte Hornets,Orlando Magic,0,20.33,2.0,2.0,1.0,0.0,0.0,,1.0,2.0,0.5,2.0,3.0,5.0,0.0,0.0,0.0,3.0,4.0,5.0,-1.0,https://www.basketball-reference.com/boxscores/200203220ORL.html,2001-02
Jamaal Magloire,2002-03-24,Charlotte Hornets,Indiana Pacers,0,30.34,5.0,9.0,0.556,0.0,0.0,,4.0,8.0,0.5,3.0,7.0,10.0,1.0,0.0,1.0,2.0,5.0,14.0,12.0,https://www.basketball-reference.com/boxscores/200203240IND.html,2001-02
Jamaal Magloire,2002-03-27,Charlotte Hornets,Orlando Magic,1,33.34,8.0,11.0,0.727,0.0,0.0,,5.0,8.0,0.625,2.0,4.0,6.0,1.0,1.0,1.0,2.0,3.0,21.0,2.0,https://www.basketball-reference.com/boxscores/200203270CHH.html,2001-02
Jamaal Magloire,2002-03-29,Charlotte Hornets,Sacramento Kings,1,32.18,7.0,10.0,0.7,0.0,0.0,,1.0,3.0,0.333,2.0,7.0,9.0,0.0,1.0,2.0,1.0,4.0,15.0,-4.0,https://www.basketball-reference.com/boxscores/200203290CHH.html,2001-02
Jamaal Magloire,2002-03-30,Charlotte Hornets,Cleveland Cavaliers,0,27.11,8.0,11.0,0.727,0.0,0.0,,1.0,3.0,0.333,3.0,4.0,7.0,1.0,0.0,1.0,2.0,1.0,17.0,5.0,https://www.basketball-reference.com/boxscores/200203300CLE.html,2001-02
