Player,Date,Team,Against,Home,MP,FG,FGA,FG%,3P,3PA,3P%,FT,FTA,FT%,ORB,DRB,TRB,AST,STL,BLK,TOV,PF,PTS,+/-,GameLink,season
Jamal Sampson,2006-12-01,Denver Nuggets,Minnesota Timberwolves,0,,,,,,,,,,,,,,,,,,,,,https://www.basketball-reference.com/boxscores/200612010MIN.html,2006-07
Jamal Sampson,2006-12-02,Denver Nuggets,Indiana Pacers,1,2.22,1.0,1.0,1.0,0.0,0.0,,1.0,2.0,0.5,0.0,0.0,0.0,0.0,0.0,0.0,0.0,0.0,3.0,-3.0,https://www.basketball-reference.com/boxscores/200612020DEN.html,2006-07
Jamal Sampson,2006-12-06,Denver Nuggets,Atlanta Hawks,1,,,,,,,,,,,,,,,,,,,,,https://www.basketball-reference.com/boxscores/200612060DEN.html,2006-07
Jamal Sampson,2006-12-08,Denver Nuggets,Miami Heat,1,1.37,0.0,0.0,,0.0,0.0,,0.0,0.0,,0.0,0.0,0.0,0.0,0.0,0.0,0.0,0.0,0.0,-2.0,https://www.basketball-reference.com/boxscores/200612080DEN.html,2006-07
Jamal Sampson,2006-12-09,Denver Nuggets,Dallas Mavericks,0,,,,,,,,,,,,,,,,,,,,,https://www.basketball-reference.com/boxscores/200612090DAL.html,2006-07
Jamal Sampson,2006-12-12,Denver Nuggets,Atlanta Hawks,0,,,,,,,,,,,,,,,,,,,,,https://www.basketball-reference.com/boxscores/200612120ATL.html,2006-07
Jamal Sampson,2006-12-13,Denver Nuggets,Washington Wizards,0,4.29,0.0,0.0,,0.0,0.0,,0.0,0.0,,0.0,0.0,0.0,1.0,0.0,0.0,0.0,0.0,0.0,-4.0,https://www.basketball-reference.com/boxscores/200612130WAS.html,2006-07
Jamal Sampson,2006-12-22,Denver Nuggets,Sacramento Kings,1,,,,,,,,,,,,,,,,,,,,,https://www.basketball-reference.com/boxscores/200612220DEN.html,2006-07
Jamal Sampson,2006-12-26,Denver Nuggets,Boston Celtics,1,1.04,0.0,0.0,,0.0,0.0,,0.0,0.0,,0.0,1.0,1.0,0.0,0.0,0.0,0.0,0.0,0.0,-1.0,https://www.basketball-reference.com/boxscores/200612260DEN.html,2006-07
Jamal Sampson,2006-12-28,Denver Nuggets,Seattle SuperSonics,1,17.09,2.0,5.0,0.4,0.0,0.0,,3.0,4.0,0.75,5.0,4.0,9.0,0.0,0.0,0.0,0.0,4.0,7.0,7.0,https://www.basketball-reference.com/boxscores/200612280DEN.html,2006-07
Jamal Sampson,2006-12-29,Denver Nuggets,New Orleans/Oklahoma City Hornets,0,14.57,0.0,0.0,,0.0,0.0,,1.0,2.0,0.5,1.0,5.0,6.0,1.0,0.0,0.0,1.0,2.0,1.0,-3.0,https://www.basketball-reference.com/boxscores/200612290NOK.html,2006-07
Jamal Sampson,2006-12-31,Denver Nuggets,Dallas Mavericks,1,,,,,,,,,,,,,,,,,,,,,https://www.basketball-reference.com/boxscores/200612310DEN.html,2006-07
Jamal Sampson,2007-01-02,Denver Nuggets,Philadelphia 76ers,1,,,,,,,,,,,,,,,,,,,,,https://www.basketball-reference.com/boxscores/200701020DEN.html,2006-07
Jamal Sampson,2007-01-05,Denver Nuggets,Los Angeles Lakers,0,4.55,1.0,1.0,1.0,0.0,0.0,,0.0,0.0,,1.0,1.0,2.0,0.0,0.0,0.0,1.0,0.0,2.0,5.0,https://www.basketball-reference.com/boxscores/200701050LAL.html,2006-07
Jamal Sampson,2007-01-06,Denver Nuggets,Utah Jazz,1,15.15,2.0,2.0,1.0,0.0,0.0,,1.0,2.0,0.5,1.0,3.0,4.0,0.0,0.0,1.0,2.0,2.0,5.0,-4.0,https://www.basketball-reference.com/boxscores/200701060DEN.html,2006-07
Jamal Sampson,2007-01-08,Denver Nuggets,Milwaukee Bucks,1,,,,,,,,,,,,,,,,,,,,,https://www.basketball-reference.com/boxscores/200701080DEN.html,2006-07
Jamal Sampson,2007-01-10,Denver Nuggets,San Antonio Spurs,1,,,,,,,,,,,,,,,,,,,,,https://www.basketball-reference.com/boxscores/200701100DEN.html,2006-07
Jamal Sampson,2007-01-12,Denver Nuggets,Houston Rockets,1,,,,,,,,,,,,,,,,,,,,,https://www.basketball-reference.com/boxscores/200701120DEN.html,2006-07
Jamal Sampson,2007-01-14,Denver Nuggets,Portland Trail Blazers,0,0.12,0.0,0.0,,0.0,0.0,,0.0,0.0,,0.0,0.0,0.0,0.0,1.0,0.0,0.0,0.0,0.0,0.0,https://www.basketball-reference.com/boxscores/200701140POR.html,2006-07
Jamal Sampson,2007-01-19,Denver Nuggets,Cleveland Cavaliers,1,,,,,,,,,,,,,,,,,,,,,https://www.basketball-reference.com/boxscores/200701190DEN.html,2006-07
Jamal Sampson,2007-01-20,Houston Rockets,Denver Nuggets,1,,,,,,,,,,,,,,,,,,,,,https://www.basketball-reference.com/boxscores/200701200HOU.html,2006-07
Jamal Sampson,2007-01-22,Denver Nuggets,Memphis Grizzlies,1,0.54,0.0,0.0,,0.0,0.0,,0.0,0.0,,1.0,0.0,1.0,1.0,0.0,0.0,0.0,0.0,0.0,1.0,https://www.basketball-reference.com/boxscores/200701220DEN.html,2006-07
Jamal Sampson,2007-01-23,Denver Nuggets,Seattle SuperSonics,0,,,,,,,,,,,,,,,,,,,,,https://www.basketball-reference.com/boxscores/200701230SEA.html,2006-07
Jamal Sampson,2007-01-26,Denver Nuggets,Utah Jazz,0,,,,,,,,,,,,,,,,,,,,,https://www.basketball-reference.com/boxscores/200701260UTA.html,2006-07
Jamal Sampson,2007-01-27,Denver Nuggets,New Jersey Nets,1,,,,,,,,,,,,,,,,,,,,,https://www.basketball-reference.com/boxscores/200701270DEN.html,2006-07
Jamal Sampson,2007-01-29,Denver Nuggets,Charlotte Bobc,1,,,,,,,,,,,,,,,,,,,,,https://www.basketball-reference.com/boxscores/200701290DEN.html,2006-07
Jamal Sampson,2007-01-31,Denver Nuggets,Portland Trail Blazers,0,,,,,,,,,,,,,,,,,,,,,https://www.basketball-reference.com/boxscores/200701310POR.html,2006-07
Jamal Sampson,2007-02-03,Denver Nuggets,Sacramento Kings,0,,,,,,,,,,,,,,,,,,,,,https://www.basketball-reference.com/boxscores/200702030SAC.html,2006-07
Jamal Sampson,2007-02-05,Denver Nuggets,Phoenix Suns,1,,,,,,,,,,,,,,,,,,,,,https://www.basketball-reference.com/boxscores/200702050DEN.html,2006-07
Jamal Sampson,2007-02-09,Denver Nuggets,Indiana Pacers,0,3.46,1.0,1.0,1.0,0.0,0.0,,0.0,0.0,,0.0,0.0,0.0,0.0,0.0,0.0,0.0,0.0,2.0,2.0,https://www.basketball-reference.com/boxscores/200702090IND.html,2006-07
Jamal Sampson,2007-02-10,Denver Nuggets,Milwaukee Bucks,0,6.06,1.0,1.0,1.0,0.0,0.0,,0.0,0.0,,1.0,1.0,2.0,0.0,0.0,0.0,0.0,0.0,2.0,-6.0,https://www.basketball-reference.com/boxscores/200702100MIL.html,2006-07
Jamal Sampson,2007-02-12,Denver Nuggets,Golden State Warriors,1,,,,,,,,,,,,,,,,,,,,,https://www.basketball-reference.com/boxscores/200702120DEN.html,2006-07
Jamal Sampson,2007-02-14,Denver Nuggets,Minnesota Timberwolves,0,,,,,,,,,,,,,,,,,,,,,https://www.basketball-reference.com/boxscores/200702140MIN.html,2006-07
Jamal Sampson,2007-02-20,Denver Nuggets,San Antonio Spurs,0,2.45,0.0,0.0,,0.0,0.0,,0.0,0.0,,0.0,1.0,1.0,0.0,0.0,1.0,0.0,1.0,0.0,5.0,https://www.basketball-reference.com/boxscores/200702200SAS.html,2006-07
Jamal Sampson,2007-02-23,Denver Nuggets,Utah Jazz,1,,,,,,,,,,,,,,,,,,,,,https://www.basketball-reference.com/boxscores/200702230DEN.html,2006-07
Jamal Sampson,2007-02-24,Denver Nuggets,Dallas Mavericks,0,,,,,,,,,,,,,,,,,,,,,https://www.basketball-reference.com/boxscores/200702240DAL.html,2006-07
Jamal Sampson,2007-02-26,Denver Nuggets,Memphis Grizzlies,0,,,,,,,,,,,,,,,,,,,,,https://www.basketball-reference.com/boxscores/200702260MEM.html,2006-07
Jamal Sampson,2007-02-28,Denver Nuggets,Orlando Magic,1,,,,,,,,,,,,,,,,,,,,,https://www.basketball-reference.com/boxscores/200702280DEN.html,2006-07
Jamal Sampson,2007-03-02,Denver Nuggets,Houston Rockets,1,0.33,0.0,0.0,,0.0,0.0,,0.0,0.0,,0.0,0.0,0.0,0.0,0.0,0.0,0.0,0.0,0.0,3.0,https://www.basketball-reference.com/boxscores/200703020DEN.html,2006-07
Jamal Sampson,2007-03-06,Denver Nuggets,New Orleans/Oklahoma City Hornets,1,0.59,0.0,0.0,,0.0,0.0,,0.0,0.0,,0.0,1.0,1.0,0.0,0.0,0.0,0.0,1.0,0.0,2.0,https://www.basketball-reference.com/boxscores/200703060DEN.html,2006-07
Jamal Sampson,2007-03-07,Denver Nuggets,Golden State Warriors,0,,,,,,,,,,,,,,,,,,,,,https://www.basketball-reference.com/boxscores/200703070GSW.html,2006-07
Jamal Sampson,2007-03-09,Denver Nuggets,Detroit Pistons,1,,,,,,,,,,,,,,,,,,,,,https://www.basketball-reference.com/boxscores/200703090DEN.html,2006-07
Jamal Sampson,2007-03-11,Denver Nuggets,Sacramento Kings,0,0.59,0.0,0.0,,0.0,0.0,,0.0,0.0,,0.0,1.0,1.0,0.0,0.0,0.0,0.0,1.0,0.0,-5.0,https://www.basketball-reference.com/boxscores/200703110SAC.html,2006-07
Jamal Sampson,2007-03-13,Denver Nuggets,Portland Trail Blazers,1,,,,,,,,,,,,,,,,,,,,,https://www.basketball-reference.com/boxscores/200703130DEN.html,2006-07
Jamal Sampson,2007-03-15,Denver Nuggets,Los Angeles Lakers,1,1.08,0.0,0.0,,0.0,0.0,,0.0,0.0,,0.0,0.0,0.0,0.0,0.0,0.0,0.0,0.0,0.0,3.0,https://www.basketball-reference.com/boxscores/200703150DEN.html,2006-07
Jamal Sampson,2007-03-17,Denver Nuggets,Phoenix Suns,1,2.25,0.0,1.0,0.0,0.0,1.0,0.0,0.0,0.0,,0.0,0.0,0.0,0.0,1.0,1.0,0.0,0.0,0.0,-7.0,https://www.basketball-reference.com/boxscores/200703170DEN.html,2006-07
Jamal Sampson,2007-03-20,Denver Nuggets,New Jersey Nets,0,,,,,,,,,,,,,,,,,,,,,https://www.basketball-reference.com/boxscores/200703200NJN.html,2006-07
Jamal Sampson,2007-03-22,Denver Nuggets,Chicago Bulls,0,,,,,,,,,,,,,,,,,,,,,https://www.basketball-reference.com/boxscores/200703220CHI.html,2006-07
Jamal Sampson,2007-03-23,Denver Nuggets,Toronto Raptors,0,7.18,1.0,1.0,1.0,0.0,0.0,,0.0,2.0,0.0,0.0,2.0,2.0,0.0,0.0,0.0,0.0,0.0,2.0,1.0,https://www.basketball-reference.com/boxscores/200703230TOR.html,2006-07
Jamal Sampson,2007-03-25,Denver Nuggets,Cleveland Cavaliers,0,,,,,,,,,,,,,,,,,,,,,https://www.basketball-reference.com/boxscores/200703250CLE.html,2006-07
Jamal Sampson,2007-03-26,Detroit Pistons,Denver Nuggets,1,,,,,,,,,,,,,,,,,,,,,https://www.basketball-reference.com/boxscores/200703260DET.html,2006-07
Jamal Sampson,2007-03-28,Denver Nuggets,Seattle SuperSonics,1,,,,,,,,,,,,,,,,,,,,,https://www.basketball-reference.com/boxscores/200703280DEN.html,2006-07
Jamal Sampson,2007-03-30,Denver Nuggets,Phoenix Suns,0,,,,,,,,,,,,,,,,,,,,,https://www.basketball-reference.com/boxscores/200703300PHO.html,2006-07
Jamal Sampson,2003-01-22,Milwaukee Bucks,Boston Celtics,0,,,,,,,,,,,,,,,,,,,,,https://www.basketball-reference.com/boxscores/200301220BOS.html,2002-03
Jamal Sampson,2003-01-25,Milwaukee Bucks,Denver Nuggets,1,1.27,0.0,0.0,,0.0,0.0,,0.0,0.0,,0.0,0.0,0.0,0.0,0.0,0.0,0.0,0.0,0.0,0.0,https://www.basketball-reference.com/boxscores/200301250MIL.html,2002-03
Jamal Sampson,2003-01-27,Milwaukee Bucks,New Orleans Hornets,0,0.58,0.0,0.0,,0.0,0.0,,0.0,0.0,,0.0,0.0,0.0,0.0,0.0,0.0,0.0,0.0,0.0,0.0,https://www.basketball-reference.com/boxscores/200301270NOH.html,2002-03
Jamal Sampson,2003-01-28,Milwaukee Bucks,Philadelphia 76ers,1,1.37,0.0,0.0,,0.0,0.0,,0.0,0.0,,1.0,0.0,1.0,1.0,0.0,0.0,0.0,0.0,0.0,0.0,https://www.basketball-reference.com/boxscores/200301280MIL.html,2002-03
Jamal Sampson,2003-01-30,Milwaukee Bucks,Washington Wizards,1,,,,,,,,,,,,,,,,,,,,,https://www.basketball-reference.com/boxscores/200301300MIL.html,2002-03
Jamal Sampson,2003-02-01,Milwaukee Bucks,New York Knicks,1,,,,,,,,,,,,,,,,,,,,,https://www.basketball-reference.com/boxscores/200302010MIL.html,2002-03
Jamal Sampson,2003-02-04,Milwaukee Bucks,Toronto Raptors,1,,,,,,,,,,,,,,,,,,,,,https://www.basketball-reference.com/boxscores/200302040MIL.html,2002-03
Jamal Sampson,2003-02-06,Milwaukee Bucks,Seattle SuperSonics,1,,,,,,,,,,,,,,,,,,,,,https://www.basketball-reference.com/boxscores/200302060MIL.html,2002-03
Jamal Sampson,2003-02-12,Milwaukee Bucks,Dallas Mavericks,1,,,,,,,,,,,,,,,,,,,,,https://www.basketball-reference.com/boxscores/200302120MIL.html,2002-03
Jamal Sampson,2003-02-14,Milwaukee Bucks,Detroit Pistons,1,,,,,,,,,,,,,,,,,,,,,https://www.basketball-reference.com/boxscores/200302140MIL.html,2002-03
Jamal Sampson,2003-02-16,Milwaukee Bucks,Memphis Grizzlies,1,,,,,,,,,,,,,,,,,,,,,https://www.basketball-reference.com/boxscores/200302160MIL.html,2002-03
Jamal Sampson,2003-02-18,Milwaukee Bucks,Sacramento Kings,0,,,,,,,,,,,,,,,,,,,,,https://www.basketball-reference.com/boxscores/200302180SAC.html,2002-03
Jamal Sampson,2003-02-19,Milwaukee Bucks,Los Angeles Clippers,0,,,,,,,,,,,,,,,,,,,,,https://www.basketball-reference.com/boxscores/200302190LAC.html,2002-03
Jamal Sampson,2003-02-21,Milwaukee Bucks,Seattle SuperSonics,0,1.26,0.0,0.0,,0.0,0.0,,0.0,0.0,,0.0,0.0,0.0,0.0,0.0,0.0,0.0,0.0,0.0,-2.0,https://www.basketball-reference.com/boxscores/200302210SEA.html,2002-03
Jamal Sampson,2003-02-22,Milwaukee Bucks,Portland Trail Blazers,0,,,,,,,,,,,,,,,,,,,,,https://www.basketball-reference.com/boxscores/200302220POR.html,2002-03
Jamal Sampson,2003-02-24,Milwaukee Bucks,Minnesota Timberwolves,1,,,,,,,,,,,,,,,,,,,,,https://www.basketball-reference.com/boxscores/200302240MIL.html,2002-03
Jamal Sampson,2003-02-26,Milwaukee Bucks,Phoenix Suns,1,,,,,,,,,,,,,,,,,,,,,https://www.basketball-reference.com/boxscores/200302260MIL.html,2002-03
Jamal Sampson,2003-02-28,Milwaukee Bucks,Indiana Pacers,0,,,,,,,,,,,,,,,,,,,,,https://www.basketball-reference.com/boxscores/200302280IND.html,2002-03
Jamal Sampson,2003-03-02,Milwaukee Bucks,Atlanta Hawks,1,3.21,0.0,2.0,0.0,0.0,0.0,,0.0,0.0,,0.0,1.0,1.0,0.0,1.0,0.0,0.0,0.0,0.0,4.0,https://www.basketball-reference.com/boxscores/200303020MIL.html,2002-03
Jamal Sampson,2003-03-04,Milwaukee Bucks,Miami Heat,0,,,,,,,,,,,,,,,,,,,,,https://www.basketball-reference.com/boxscores/200303040MIA.html,2002-03
Jamal Sampson,2003-03-05,Milwaukee Bucks,Orlando Magic,0,,,,,,,,,,,,,,,,,,,,,https://www.basketball-reference.com/boxscores/200303050ORL.html,2002-03
Jamal Sampson,2003-03-07,Milwaukee Bucks,Washington Wizards,0,,,,,,,,,,,,,,,,,,,,,https://www.basketball-reference.com/boxscores/200303070WAS.html,2002-03
Jamal Sampson,2003-03-11,Milwaukee Bucks,San Antonio Spurs,1,,,,,,,,,,,,,,,,,,,,,https://www.basketball-reference.com/boxscores/200303110MIL.html,2002-03
Jamal Sampson,2003-03-12,Milwaukee Bucks,Atlanta Hawks,0,,,,,,,,,,,,,,,,,,,,,https://www.basketball-reference.com/boxscores/200303120ATL.html,2002-03
Jamal Sampson,2003-03-15,Milwaukee Bucks,Los Angeles Lakers,1,,,,,,,,,,,,,,,,,,,,,https://www.basketball-reference.com/boxscores/200303150MIL.html,2002-03
Jamal Sampson,2003-03-16,Milwaukee Bucks,New York Knicks,0,,,,,,,,,,,,,,,,,,,,,https://www.basketball-reference.com/boxscores/200303160NYK.html,2002-03
Jamal Sampson,2003-03-19,Milwaukee Bucks,New Jersey Nets,0,,,,,,,,,,,,,,,,,,,,,https://www.basketball-reference.com/boxscores/200303190NJN.html,2002-03
Jamal Sampson,2003-03-21,Milwaukee Bucks,New Orleans Hornets,0,,,,,,,,,,,,,,,,,,,,,https://www.basketball-reference.com/boxscores/200303210NOH.html,2002-03
Jamal Sampson,2004-01-04,Los Angeles Lakers,Los Angeles Clippers,0,,,,,,,,,,,,,,,,,,,,,https://www.basketball-reference.com/boxscores/200401040LAC.html,2003-04
Jamal Sampson,2004-01-06,Los Angeles Lakers,Minnesota Timberwolves,0,8.33,1.0,1.0,1.0,0.0,0.0,,1.0,2.0,0.5,3.0,1.0,4.0,0.0,0.0,0.0,1.0,2.0,3.0,-13.0,https://www.basketball-reference.com/boxscores/200401060MIN.html,2003-04
Jamal Sampson,2004-01-07,Los Angeles Lakers,Denver Nuggets,0,12.08,1.0,2.0,0.5,0.0,0.0,,0.0,0.0,,1.0,3.0,4.0,0.0,0.0,2.0,1.0,2.0,2.0,-8.0,https://www.basketball-reference.com/boxscores/200401070DEN.html,2003-04
Jamal Sampson,2004-01-09,Los Angeles Lakers,Atlanta Hawks,1,17.4,2.0,3.0,0.667,0.0,0.0,,0.0,0.0,,5.0,4.0,9.0,1.0,1.0,1.0,1.0,2.0,4.0,2.0,https://www.basketball-reference.com/boxscores/200401090LAL.html,2003-04
Jamal Sampson,2004-01-12,Los Angeles Lakers,Cleveland Cavaliers,1,9.12,0.0,0.0,,0.0,0.0,,2.0,2.0,1.0,1.0,4.0,5.0,0.0,0.0,0.0,0.0,3.0,2.0,-1.0,https://www.basketball-reference.com/boxscores/200401120LAL.html,2003-04
Jamal Sampson,2004-01-14,Los Angeles Lakers,Denver Nuggets,1,2.55,1.0,1.0,1.0,0.0,0.0,,3.0,4.0,0.75,1.0,0.0,1.0,0.0,0.0,0.0,0.0,0.0,5.0,0.0,https://www.basketball-reference.com/boxscores/200401140LAL.html,2003-04
Jamal Sampson,2004-01-16,Los Angeles Lakers,Sacramento Kings,0,24.43,1.0,5.0,0.2,0.0,0.0,,0.0,0.0,,4.0,5.0,9.0,3.0,0.0,0.0,3.0,2.0,2.0,-13.0,https://www.basketball-reference.com/boxscores/200401160SAC.html,2003-04
Jamal Sampson,2004-01-17,Los Angeles Lakers,Los Angeles Clippers,1,31.27,4.0,9.0,0.444,0.0,0.0,,1.0,2.0,0.5,5.0,5.0,10.0,3.0,1.0,0.0,0.0,5.0,9.0,13.0,https://www.basketball-reference.com/boxscores/200401170LAL.html,2003-04
Jamal Sampson,2004-01-19,Los Angeles Lakers,Phoenix Suns,1,16.14,0.0,1.0,0.0,0.0,0.0,,0.0,2.0,0.0,3.0,5.0,8.0,0.0,0.0,1.0,0.0,0.0,0.0,-2.0,https://www.basketball-reference.com/boxscores/200401190LAL.html,2003-04
Jamal Sampson,2004-01-21,Los Angeles Lakers,Memphis Grizzlies,0,,,,,,,,,,,,,,,,,,,,,https://www.basketball-reference.com/boxscores/200401210MEM.html,2003-04
Jamal Sampson,2004-01-22,Los Angeles Lakers,Dallas Mavericks,0,,,,,,,,,,,,,,,,,,,,,https://www.basketball-reference.com/boxscores/200401220DAL.html,2003-04
Jamal Sampson,2004-01-24,Los Angeles Lakers,Utah Jazz,0,,,,,,,,,,,,,,,,,,,,,https://www.basketball-reference.com/boxscores/200401240UTA.html,2003-04
Jamal Sampson,2004-01-28,Los Angeles Lakers,Seattle SuperSonics,1,,,,,,,,,,,,,,,,,,,,,https://www.basketball-reference.com/boxscores/200401280LAL.html,2003-04
Jamal Sampson,2004-01-30,Los Angeles Lakers,Minnesota Timberwolves,1,,,,,,,,,,,,,,,,,,,,,https://www.basketball-reference.com/boxscores/200401300LAL.html,2003-04
Jamal Sampson,2004-02-01,Los Angeles Lakers,Toronto Raptors,0,,,,,,,,,,,,,,,,,,,,,https://www.basketball-reference.com/boxscores/200402010TOR.html,2003-04
Jamal Sampson,2004-02-02,Los Angeles Lakers,Indiana Pacers,0,,,,,,,,,,,,,,,,,,,,,https://www.basketball-reference.com/boxscores/200402020IND.html,2003-04
Jamal Sampson,2004-02-04,Cleveland Cavaliers,Los Angeles Lakers,1,,,,,,,,,,,,,,,,,,,,,https://www.basketball-reference.com/boxscores/200402040CLE.html,2003-04
Jamal Sampson,2004-02-05,Los Angeles Lakers,Philadelphia 76ers,0,,,,,,,,,,,,,,,,,,,,,https://www.basketball-reference.com/boxscores/200402050PHI.html,2003-04
Jamal Sampson,2004-02-08,Los Angeles Lakers,Orlando Magic,0,,,,,,,,,,,,,,,,,,,,,https://www.basketball-reference.com/boxscores/200402080ORL.html,2003-04
Jamal Sampson,2004-02-10,Los Angeles Lakers,Miami Heat,0,,,,,,,,,,,,,,,,,,,,,https://www.basketball-reference.com/boxscores/200402100MIA.html,2003-04
