Unnamed: 0,season,Player,Date,Team,Against,Home,MP,FG,FGA,FG%,3P,3PA,3P%,FT,FTA,FT%,ORB,DRB,TRB,AST,STL,BLK,TOV,PF,PTS,+/-,GameLink,TS%,DD,DT,FPTS
,2019-20,Jaren Jackson,2019-12-02,Memphis Grizzlies,Indiana Pacers,1.0,33.49,10.0,19.0,0.526,2.0,8.0,0.25,9.0,9.0,1.0,1.0,3.0,4.0,2.0,1.0,2.0,2.0,5.0,31.0,-14.0,https://www.basketball-reference.com/boxscores/201912020MEM.html,355.88,0.0,0.0,45.0
,2019-20,Jaren Jackson,2019-12-04,Memphis Grizzlies,Chicago Bulls,0.0,25.46,6.0,20.0,0.3,2.0,5.0,0.4,1.0,2.0,0.5,3.0,4.0,7.0,1.0,1.0,2.0,1.0,5.0,15.0,-9.0,https://www.basketball-reference.com/boxscores/201912040CHI.html,156.6,0.0,0.0,31.75
,2019-20,Jaren Jackson,2019-12-07,Memphis Grizzlies,Utah Jazz,0.0,32.43,9.0,18.0,0.5,3.0,9.0,0.333,5.0,7.0,0.7140000000000001,0.0,4.0,4.0,2.0,1.0,1.0,4.0,4.0,26.0,-15.0,https://www.basketball-reference.com/boxscores/201912070UTA.html,274.04,0.0,0.0,37.5
,2019-20,Jaren Jackson,2019-12-09,Memphis Grizzlies,Golden State Warriors,0.0,29.22,6.0,14.0,0.429,2.0,9.0,0.222,2.0,3.0,0.667,0.0,3.0,3.0,2.0,1.0,3.0,3.0,5.0,16.0,10.0,https://www.basketball-reference.com/boxscores/201912090GSW.html,122.56,0.0,0.0,30.25
,2019-20,Jaren Jackson,2019-12-11,Memphis Grizzlies,Phoenix Suns,0.0,31.36,10.0,18.0,0.556,3.0,7.0,0.429,1.0,2.0,0.5,0.0,6.0,6.0,4.0,0.0,1.0,2.0,6.0,24.0,6.0,https://www.basketball-reference.com/boxscores/201912110PHO.html,226.56,0.0,0.0,40.0
,2019-20,Jaren Jackson,2019-12-13,Memphis Grizzlies,Milwaukee Bucks,1.0,29.19,14.0,21.0,0.667,9.0,15.0,0.6,6.0,9.0,0.667,0.0,5.0,5.0,1.0,0.0,1.0,3.0,5.0,43.0,-5.0,https://www.basketball-reference.com/boxscores/201912130MEM.html,536.64,0.0,0.0,55.75
,2019-20,Jaren Jackson,2019-12-14,Memphis Grizzlies,Washington Wizards,1.0,23.49,6.0,10.0,0.6,2.0,4.0,0.5,2.0,3.0,0.667,0.0,4.0,4.0,1.0,1.0,2.0,1.0,4.0,16.0,7.0,https://www.basketball-reference.com/boxscores/201912140MEM.html,90.56,0.0,0.0,29.0
,2019-20,Jaren Jackson,2019-12-20,Memphis Grizzlies,Cleveland Cavaliers,0.0,34.08,9.0,19.0,0.474,4.0,11.0,0.364,2.0,2.0,1.0,0.0,3.0,3.0,1.0,0.0,2.0,0.0,4.0,24.0,-2.0,https://www.basketball-reference.com/boxscores/201912200CLE.html,238.56,0.0,0.0,35.25
,2019-20,Jaren Jackson,2019-12-21,Memphis Grizzlies,Sacramento Kings,1.0,30.53,4.0,11.0,0.364,2.0,5.0,0.4,8.0,10.0,0.8,2.0,3.0,5.0,2.0,3.0,4.0,1.0,3.0,18.0,-11.0,https://www.basketball-reference.com/boxscores/201912210MEM.html,138.6,0.0,0.0,41.75
,2019-20,Jaren Jackson,2019-12-23,Memphis Grizzlies,San Antonio Spurs,1.0,31.39,8.0,14.0,0.5710000000000001,6.0,9.0,0.667,0.0,4.0,0.0,1.0,1.0,2.0,2.0,0.0,0.0,1.0,3.0,22.0,-35.0,https://www.basketball-reference.com/boxscores/201912230MEM.html,173.36,0.0,0.0,30.0
,2019-20,Jaren Jackson,2019-12-28,Memphis Grizzlies,Denver Nuggets,0.0,30.04,6.0,13.0,0.462,2.0,8.0,0.25,6.0,7.0,0.857,0.0,4.0,4.0,1.0,0.0,1.0,1.0,4.0,20.0,-11.0,https://www.basketball-reference.com/boxscores/201912280DEN.html,160.79999999999995,0.0,0.0,29.0
,2019-20,Jaren Jackson,2020-01-02,Memphis Grizzlies,Sacramento Kings,0.0,31.46,7.0,14.0,0.5,3.0,4.0,0.75,1.0,1.0,1.0,2.0,5.0,7.0,2.0,1.0,0.0,3.0,6.0,18.0,-5.0,https://www.basketball-reference.com/boxscores/202001020SAC.html,129.96,0.0,0.0,31.75
,2019-20,Jaren Jackson,2020-01-04,Memphis Grizzlies,Los Angeles Clippers,0.0,33.55,9.0,10.0,0.9,3.0,4.0,0.75,3.0,4.0,0.75,3.0,3.0,6.0,0.0,0.0,4.0,2.0,5.0,24.0,24.0,https://www.basketball-reference.com/boxscores/202001040LAC.html,141.12,0.0,0.0,40.0
,2019-20,Jaren Jackson,2020-01-07,Memphis Grizzlies,Minnesota Timberwolves,1.0,30.59,7.0,15.0,0.467,4.0,10.0,0.4,3.0,4.0,0.75,2.0,5.0,7.0,2.0,1.0,3.0,0.0,4.0,21.0,15.0,https://www.basketball-reference.com/boxscores/202001070MEM.html,175.98000000000005,0.0,0.0,42.75
,2019-20,Jaren Jackson,2020-01-10,Memphis Grizzlies,San Antonio Spurs,1.0,24.32,8.0,11.0,0.727,5.0,7.0,0.7140000000000001,3.0,4.0,0.75,2.0,1.0,3.0,0.0,0.0,0.0,1.0,5.0,24.0,3.0,https://www.basketball-reference.com/boxscores/202001100MEM.html,153.12,0.0,0.0,29.75
,2019-20,Jaren Jackson,2020-01-12,Memphis Grizzlies,Golden State Warriors,1.0,27.36,8.0,15.0,0.5329999999999999,3.0,6.0,0.5,2.0,3.0,0.667,2.0,3.0,5.0,2.0,1.0,2.0,1.0,3.0,21.0,8.0,https://www.basketball-reference.com/boxscores/202001120MEM.html,171.36,0.0,0.0,37.25
,2019-20,Jaren Jackson,2020-01-14,Memphis Grizzlies,Houston Rockets,1.0,30.13,6.0,16.0,0.375,2.0,7.0,0.28600000000000003,1.0,1.0,1.0,0.0,2.0,2.0,1.0,3.0,2.0,1.0,6.0,15.0,14.0,https://www.basketball-reference.com/boxscores/202001140MEM.html,123.3,0.0,0.0,29.5
,2019-20,Jaren Jackson,2020-01-17,Memphis Grizzlies,Cleveland Cavaliers,1.0,19.31,4.0,11.0,0.364,0.0,4.0,0.0,2.0,2.0,1.0,0.0,1.0,1.0,0.0,1.0,0.0,0.0,3.0,10.0,-4.0,https://www.basketball-reference.com/boxscores/202001170MEM.html,59.40000000000001,0.0,0.0,13.25
,2019-20,Jaren Jackson,2020-01-20,Memphis Grizzlies,New Orleans Pelicans,1.0,30.28,7.0,15.0,0.467,3.0,8.0,0.375,2.0,4.0,0.5,0.0,6.0,6.0,1.0,0.0,2.0,2.0,5.0,19.0,-3.0,https://www.basketball-reference.com/boxscores/202001200MEM.html,159.22000000000003,0.0,0.0,32.5
,2019-20,Jaren Jackson,2020-01-24,Memphis Grizzlies,Detroit Pistons,0.0,30.53,10.0,14.0,0.7140000000000001,4.0,8.0,0.5,5.0,6.0,0.833,1.0,5.0,6.0,1.0,1.0,2.0,3.0,5.0,29.0,23.0,https://www.basketball-reference.com/boxscores/202001240DET.html,241.28,0.0,0.0,44.5
,2019-20,Jaren Jackson,2020-01-26,Memphis Grizzlies,Phoenix Suns,1.0,33.47,7.0,12.0,0.583,3.0,6.0,0.5,3.0,6.0,0.5,0.0,3.0,3.0,0.0,2.0,2.0,3.0,6.0,20.0,10.0,https://www.basketball-reference.com/boxscores/202001260MEM.html,146.4,0.0,0.0,31.75
,2019-20,Jaren Jackson,2020-02-03,Memphis Grizzlies,Detroit Pistons,1.0,29.4,3.0,10.0,0.3,0.0,2.0,0.0,8.0,9.0,0.889,1.0,4.0,5.0,2.0,1.0,3.0,0.0,3.0,14.0,6.0,https://www.basketball-reference.com/boxscores/202002030MEM.html,97.72,0.0,0.0,31.25
,2019-20,Jaren Jackson,2020-02-05,Memphis Grizzlies,Dallas Mavericks,0.0,31.38,7.0,15.0,0.467,4.0,8.0,0.5,1.0,2.0,0.5,1.0,5.0,6.0,3.0,1.0,2.0,2.0,3.0,19.0,8.0,https://www.basketball-reference.com/boxscores/202002050DAL.html,150.86,0.0,0.0,38.0
,2019-20,Jaren Jackson,2020-02-07,Memphis Grizzlies,Philadelphia 76ers,0.0,19.51,2.0,9.0,0.222,1.0,4.0,0.25,1.0,2.0,0.5,1.0,1.0,2.0,1.0,0.0,2.0,1.0,4.0,6.0,-24.0,https://www.basketball-reference.com/boxscores/202002070PHI.html,29.64,0.0,0.0,14.0
,2019-20,Jaren Jackson,2020-02-09,Memphis Grizzlies,Washington Wizards,0.0,30.12,6.0,16.0,0.375,1.0,6.0,0.16699999999999998,1.0,2.0,0.5,2.0,9.0,11.0,1.0,0.0,1.0,2.0,5.0,14.0,-4.0,https://www.basketball-reference.com/boxscores/202002090WAS.html,118.16,1.0,0.0,31.75
,2019-20,Jaren Jackson,2020-02-12,Memphis Grizzlies,Portland Trail Blazers,1.0,33.13,1.0,6.0,0.16699999999999998,1.0,4.0,0.25,5.0,6.0,0.833,0.0,5.0,5.0,1.0,1.0,3.0,3.0,5.0,8.0,-5.0,https://www.basketball-reference.com/boxscores/202002120MEM.html,34.56,0.0,0.0,22.75
,2019-20,Jaren Jackson,2020-02-21,Memphis Grizzlies,Los Angeles Lakers,0.0,16.22,1.0,3.0,0.333,0.0,1.0,0.0,5.0,8.0,0.625,1.0,3.0,4.0,1.0,1.0,0.0,0.0,3.0,7.0,-21.0,https://www.basketball-reference.com/boxscores/202002210LAL.html,22.82,0.0,0.0,15.5
,2018-19,Jaren Jackson,2018-12-02,Memphis Grizzlies,Philadelphia 76ers,0.0,23.25,5.0,10.0,0.5,1.0,4.0,0.25,6.0,6.0,1.0,1.0,2.0,3.0,0.0,1.0,3.0,2.0,5.0,17.0,-6.0,https://www.basketball-reference.com/boxscores/201812020PHI.html,107.44,0.0,0.0,28.25
,2018-19,Jaren Jackson,2018-12-05,Memphis Grizzlies,Los Angeles Clippers,1.0,21.14,5.0,10.0,0.5,1.0,4.0,0.25,2.0,2.0,1.0,1.0,5.0,6.0,0.0,1.0,1.0,0.0,6.0,13.0,2.0,https://www.basketball-reference.com/boxscores/201812050MEM.html,70.72,0.0,0.0,25.0
,2018-19,Jaren Jackson,2018-12-07,Memphis Grizzlies,New Orleans Pelicans,0.0,14.44,1.0,4.0,0.25,0.0,1.0,0.0,1.0,2.0,0.5,0.0,0.0,0.0,0.0,0.0,1.0,2.0,4.0,3.0,0.0,https://www.basketball-reference.com/boxscores/201812070NOP.html,7.32,0.0,0.0,4.0
,2018-19,Jaren Jackson,2018-12-08,Memphis Grizzlies,Los Angeles Lakers,1.0,26.42,4.0,9.0,0.444,1.0,4.0,0.25,2.0,2.0,1.0,0.0,8.0,8.0,0.0,2.0,0.0,2.0,1.0,11.0,-3.0,https://www.basketball-reference.com/boxscores/201812080MEM.html,54.34,0.0,0.0,24.5
,2018-19,Jaren Jackson,2018-12-12,Memphis Grizzlies,Portland Trail Blazers,1.0,30.38,4.0,8.0,0.5,2.0,3.0,0.667,4.0,4.0,1.0,2.0,4.0,6.0,2.0,1.0,2.0,2.0,3.0,14.0,12.0,https://www.basketball-reference.com/boxscores/201812120MEM.html,68.32,0.0,0.0,30.5
,2018-19,Jaren Jackson,2018-12-14,Memphis Grizzlies,Miami Heat,1.0,22.12,6.0,9.0,0.667,0.0,2.0,0.0,3.0,5.0,0.6,1.0,3.0,4.0,0.0,2.0,1.0,2.0,2.0,15.0,6.0,https://www.basketball-reference.com/boxscores/201812140MEM.html,84.0,0.0,0.0,25.0
,2018-19,Jaren Jackson,2018-12-15,Memphis Grizzlies,Houston Rockets,1.0,30.54,4.0,7.0,0.5710000000000001,1.0,2.0,0.5,0.0,2.0,0.0,1.0,6.0,7.0,3.0,1.0,3.0,1.0,4.0,9.0,-6.0,https://www.basketball-reference.com/boxscores/201812150MEM.html,35.46,0.0,0.0,30.25
,2018-19,Jaren Jackson,2018-12-17,Memphis Grizzlies,Golden State Warriors,0.0,22.27,1.0,6.0,0.16699999999999998,0.0,1.0,0.0,1.0,2.0,0.5,0.0,4.0,4.0,2.0,0.0,0.0,0.0,2.0,3.0,-11.0,https://www.basketball-reference.com/boxscores/201812170GSW.html,10.32,0.0,0.0,11.0
,2018-19,Jaren Jackson,2018-12-19,Memphis Grizzlies,Portland Trail Blazers,0.0,29.04,6.0,12.0,0.5,2.0,4.0,0.5,2.0,2.0,1.0,2.0,3.0,5.0,2.0,0.0,3.0,1.0,4.0,16.0,13.0,https://www.basketball-reference.com/boxscores/201812190POR.html,103.04,0.0,0.0,31.75
,2018-19,Jaren Jackson,2018-12-21,Memphis Grizzlies,Sacramento Kings,0.0,24.16,5.0,8.0,0.625,1.0,2.0,0.5,1.0,1.0,1.0,1.0,5.0,6.0,2.0,1.0,3.0,2.0,6.0,12.0,-4.0,https://www.basketball-reference.com/boxscores/201812210SAC.html,50.64,0.0,0.0,30.0
,2018-19,Jaren Jackson,2018-12-23,Memphis Grizzlies,Los Angeles Lakers,0.0,30.37,11.0,21.0,0.524,1.0,2.0,0.5,4.0,5.0,0.8,4.0,5.0,9.0,1.0,0.0,0.0,3.0,4.0,27.0,4.0,https://www.basketball-reference.com/boxscores/201812230LAL.html,313.2,0.0,0.0,38.75
,2018-19,Jaren Jackson,2018-12-26,Memphis Grizzlies,Cleveland Cavaliers,1.0,28.28,5.0,10.0,0.5,0.0,1.0,0.0,1.0,2.0,0.5,0.0,2.0,2.0,1.0,1.0,1.0,3.0,2.0,11.0,7.0,https://www.basketball-reference.com/boxscores/201812260MEM.html,59.84,0.0,0.0,17.5
,2018-19,Jaren Jackson,2018-12-29,Memphis Grizzlies,Boston Celtics,1.0,21.32,5.0,7.0,0.7140000000000001,1.0,3.0,0.333,4.0,6.0,0.667,0.0,4.0,4.0,0.0,1.0,0.0,1.0,4.0,15.0,4.0,https://www.basketball-reference.com/boxscores/201812290MEM.html,72.30000000000003,0.0,0.0,22.0
,2018-19,Jaren Jackson,2019-01-02,Memphis Grizzlies,Detroit Pistons,1.0,35.09,8.0,11.0,0.727,2.0,2.0,1.0,8.0,8.0,1.0,3.0,7.0,10.0,2.0,0.0,0.0,2.0,6.0,26.0,0.0,https://www.basketball-reference.com/boxscores/201901020MEM.html,188.76,1.0,0.0,42.5
,2018-19,Jaren Jackson,2019-01-04,Memphis Grizzlies,Brooklyn Nets,1.0,30.46,9.0,15.0,0.6,0.0,3.0,0.0,1.0,1.0,1.0,2.0,2.0,4.0,2.0,0.0,2.0,3.0,5.0,19.0,-7.0,https://www.basketball-reference.com/boxscores/201901040MEM.html,146.68,0.0,0.0,29.5
,2018-19,Jaren Jackson,2019-01-05,Memphis Grizzlies,San Antonio Spurs,0.0,33.41,5.0,8.0,0.625,1.0,3.0,0.333,4.0,5.0,0.8,2.0,5.0,7.0,1.0,4.0,0.0,2.0,3.0,15.0,1.0,https://www.basketball-reference.com/boxscores/201901050SAS.html,76.5,0.0,0.0,32.75
,2018-19,Jaren Jackson,2019-01-12,Memphis Grizzlies,Miami Heat,0.0,27.49,5.0,8.0,0.625,1.0,2.0,0.5,2.0,2.0,1.0,0.0,5.0,5.0,2.0,3.0,2.0,1.0,2.0,13.0,-9.0,https://www.basketball-reference.com/boxscores/201901120MIA.html,57.72000000000001,0.0,0.0,32.25
,2018-19,Jaren Jackson,2019-01-14,Memphis Grizzlies,Houston Rockets,0.0,30.57,5.0,11.0,0.455,0.0,2.0,0.0,2.0,3.0,0.667,0.0,6.0,6.0,1.0,0.0,3.0,2.0,3.0,12.0,-15.0,https://www.basketball-reference.com/boxscores/201901140HOU.html,73.92,0.0,0.0,26.0
,2018-19,Jaren Jackson,2019-01-16,Memphis Grizzlies,Milwaukee Bucks,1.0,21.17,2.0,7.0,0.28600000000000003,0.0,1.0,0.0,3.0,3.0,1.0,1.0,4.0,5.0,0.0,2.0,1.0,1.0,4.0,7.0,-5.0,https://www.basketball-reference.com/boxscores/201901160MEM.html,29.12,0.0,0.0,18.75
,2018-19,Jaren Jackson,2019-01-18,Memphis Grizzlies,Boston Celtics,0.0,26.33,8.0,16.0,0.5,2.0,3.0,0.667,5.0,7.0,0.7140000000000001,3.0,1.0,4.0,1.0,0.0,1.0,3.0,4.0,23.0,-21.0,https://www.basketball-reference.com/boxscores/201901180BOS.html,219.42,0.0,0.0,31.0
,2018-19,Jaren Jackson,2019-01-19,Memphis Grizzlies,Toronto Raptors,0.0,28.33,6.0,11.0,0.545,1.0,3.0,0.333,3.0,5.0,0.6,2.0,6.0,8.0,1.0,0.0,0.0,3.0,2.0,16.0,-11.0,https://www.basketball-reference.com/boxscores/201901190TOR.html,105.6,0.0,0.0,26.5
,2018-19,Jaren Jackson,2019-01-21,Memphis Grizzlies,New Orleans Pelicans,1.0,31.09,6.0,14.0,0.429,0.0,1.0,0.0,2.0,4.0,0.5,2.0,0.0,2.0,1.0,0.0,1.0,1.0,2.0,14.0,-1.0,https://www.basketball-reference.com/boxscores/201901210MEM.html,110.32,0.0,0.0,19.5
,2018-19,Jaren Jackson,2019-01-23,Memphis Grizzlies,Charlotte Hornets,1.0,25.33,4.0,9.0,0.444,1.0,2.0,0.5,6.0,6.0,1.0,0.0,1.0,1.0,1.0,1.0,1.0,0.0,4.0,15.0,-7.0,https://www.basketball-reference.com/boxscores/201901230MEM.html,87.30000000000003,0.0,0.0,22.25
,2018-19,Jaren Jackson,2019-01-26,Memphis Grizzlies,Indiana Pacers,1.0,31.09,8.0,14.0,0.5710000000000001,0.0,2.0,0.0,4.0,5.0,0.8,2.0,4.0,6.0,2.0,1.0,0.0,1.0,3.0,20.0,7.0,https://www.basketball-reference.com/boxscores/201901260MEM.html,162.0,0.0,0.0,32.0
,2018-19,Jaren Jackson,2019-01-30,Minnesota Timberwolves,Memphis Grizzlies,1.0,22.25,3.0,7.0,0.429,1.0,2.0,0.5,2.0,2.0,1.0,1.0,4.0,5.0,0.0,0.0,1.0,5.0,6.0,9.0,-9.0,https://www.basketball-reference.com/boxscores/201901300MIN.html,35.46,0.0,0.0,15.25
,2018-19,Jaren Jackson,2019-02-03,Memphis Grizzlies,New York Knicks,0.0,25.44,5.0,11.0,0.455,1.0,2.0,0.5,5.0,8.0,0.625,5.0,2.0,7.0,2.0,0.0,0.0,0.0,5.0,16.0,18.0,https://www.basketball-reference.com/boxscores/201902030NYK.html,116.16,0.0,0.0,28.25
,2018-19,Jaren Jackson,2019-02-05,Memphis Grizzlies,Minnesota Timberwolves,1.0,37.34,6.0,14.0,0.429,4.0,7.0,0.5710000000000001,7.0,10.0,0.7,0.0,6.0,6.0,3.0,1.0,2.0,3.0,4.0,23.0,-2.0,https://www.basketball-reference.com/boxscores/201902050MEM.html,211.6,0.0,0.0,41.5
,2018-19,Jaren Jackson,2019-02-07,Memphis Grizzlies,Oklahoma City Thunder,0.0,33.42,12.0,18.0,0.667,1.0,2.0,0.5,2.0,3.0,0.667,3.0,4.0,7.0,0.0,2.0,0.0,5.0,4.0,27.0,-25.0,https://www.basketball-reference.com/boxscores/201902070OKC.html,260.82,0.0,0.0,37.75
,2018-19,Jaren Jackson,2019-02-09,Memphis Grizzlies,New Orleans Pelicans,1.0,27.04,4.0,13.0,0.308,2.0,4.0,0.5,4.0,5.0,0.8,0.0,3.0,3.0,1.0,2.0,1.0,0.0,2.0,14.0,5.0,https://www.basketball-reference.com/boxscores/201902090MEM.html,106.4,0.0,0.0,26.25
,2018-19,Jaren Jackson,2019-02-12,Memphis Grizzlies,San Antonio Spurs,1.0,23.4,2.0,7.0,0.28600000000000003,1.0,2.0,0.5,4.0,6.0,0.667,1.0,4.0,5.0,0.0,0.0,1.0,3.0,4.0,9.0,-7.0,https://www.basketball-reference.com/boxscores/201902120MEM.html,43.38,0.0,0.0,16.25
