Player,Date,Team,Against,Home,MP,FG,FGA,FG%,3P,3PA,3P%,FT,FTA,FT%,ORB,DRB,TRB,AST,STL,BLK,TOV,PF,PTS,+/-,GameLink,season
Jason Thompson,2014-12-02,Sacramento Kings,Toronto Raptors,1,18.43,2.0,3.0,0.667,0.0,0.0,,0.0,0.0,,2.0,1.0,3.0,1.0,0.0,1.0,1.0,5.0,4.0,-9.0,https://www.basketball-reference.com/boxscores/201412020SAC.html,2014-15
Jason Thompson,2014-12-06,Sacramento Kings,Orlando Magic,1,32.13,9.0,12.0,0.75,0.0,0.0,,0.0,0.0,,2.0,7.0,9.0,4.0,0.0,0.0,1.0,3.0,18.0,-5.0,https://www.basketball-reference.com/boxscores/201412060SAC.html,2014-15
Jason Thompson,2014-12-08,Sacramento Kings,Utah Jazz,1,36.15,3.0,8.0,0.375,0.0,0.0,,4.0,6.0,0.667,2.0,7.0,9.0,3.0,0.0,0.0,2.0,2.0,10.0,11.0,https://www.basketball-reference.com/boxscores/201412080SAC.html,2014-15
Jason Thompson,2014-12-09,Sacramento Kings,Los Angeles Lakers,0,28.24,1.0,5.0,0.2,0.0,0.0,,3.0,4.0,0.75,3.0,5.0,8.0,4.0,0.0,0.0,2.0,3.0,5.0,-1.0,https://www.basketball-reference.com/boxscores/201412090LAL.html,2014-15
Jason Thompson,2014-12-13,Sacramento Kings,Detroit Pistons,1,19.09,4.0,6.0,0.667,0.0,0.0,,0.0,0.0,,1.0,6.0,7.0,0.0,0.0,0.0,2.0,5.0,8.0,-6.0,https://www.basketball-reference.com/boxscores/201412130SAC.html,2014-15
Jason Thompson,2014-12-16,Sacramento Kings,Oklahoma City Thunder,1,33.38,3.0,8.0,0.375,0.0,0.0,,0.0,0.0,,2.0,7.0,9.0,3.0,1.0,0.0,1.0,3.0,6.0,-24.0,https://www.basketball-reference.com/boxscores/201412160SAC.html,2014-15
Jason Thompson,2014-12-18,Sacramento Kings,Milwaukee Bucks,1,18.48,1.0,3.0,0.333,0.0,0.0,,1.0,4.0,0.25,0.0,3.0,3.0,0.0,0.0,0.0,2.0,4.0,3.0,8.0,https://www.basketball-reference.com/boxscores/201412180SAC.html,2014-15
Jason Thompson,2014-12-21,Sacramento Kings,Los Angeles Lakers,1,24.43,1.0,1.0,1.0,0.0,0.0,,0.0,0.0,,0.0,5.0,5.0,0.0,0.0,1.0,0.0,3.0,2.0,16.0,https://www.basketball-reference.com/boxscores/201412210SAC.html,2014-15
Jason Thompson,2014-12-22,Sacramento Kings,Golden State Warriors,0,20.09,3.0,3.0,1.0,0.0,0.0,,0.0,0.0,,1.0,3.0,4.0,0.0,0.0,2.0,1.0,2.0,6.0,-32.0,https://www.basketball-reference.com/boxscores/201412220GSW.html,2014-15
Jason Thompson,2014-12-26,Sacramento Kings,Phoenix Suns,1,12.25,1.0,1.0,1.0,0.0,0.0,,0.0,0.0,,0.0,1.0,1.0,1.0,0.0,0.0,1.0,2.0,2.0,-6.0,https://www.basketball-reference.com/boxscores/201412260SAC.html,2014-15
Jason Thompson,2014-12-29,Sacramento Kings,Brooklyn Nets,0,13.06,2.0,4.0,0.5,0.0,0.0,,0.0,0.0,,1.0,0.0,1.0,0.0,0.0,0.0,1.0,4.0,4.0,0.0,https://www.basketball-reference.com/boxscores/201412290BRK.html,2014-15
Jason Thompson,2014-12-31,Sacramento Kings,Boston Celtics,0,,,,,,,,,,,,,,,,,,,,,https://www.basketball-reference.com/boxscores/201412310BOS.html,2014-15
Jason Thompson,2015-01-01,Sacramento Kings,Minnesota Timberwolves,0,23.43,3.0,3.0,1.0,0.0,0.0,,2.0,2.0,1.0,0.0,6.0,6.0,0.0,0.0,2.0,2.0,5.0,8.0,-11.0,https://www.basketball-reference.com/boxscores/201501010MIN.html,2014-15
Jason Thompson,2015-01-04,Sacramento Kings,Detroit Pistons,0,22.36,4.0,6.0,0.667,0.0,0.0,,1.0,1.0,1.0,0.0,7.0,7.0,0.0,0.0,3.0,0.0,1.0,9.0,2.0,https://www.basketball-reference.com/boxscores/201501040DET.html,2014-15
Jason Thompson,2015-01-07,Sacramento Kings,Oklahoma City Thunder,1,16.48,0.0,3.0,0.0,0.0,0.0,,2.0,4.0,0.5,2.0,6.0,8.0,1.0,0.0,1.0,1.0,3.0,2.0,20.0,https://www.basketball-reference.com/boxscores/201501070SAC.html,2014-15
Jason Thompson,2015-01-09,Sacramento Kings,Denver Nuggets,1,27.39,3.0,5.0,0.6,0.0,0.0,,0.0,0.0,,1.0,3.0,4.0,1.0,0.0,0.0,0.0,2.0,6.0,-15.0,https://www.basketball-reference.com/boxscores/201501090SAC.html,2014-15
Jason Thompson,2015-01-11,Sacramento Kings,Cleveland Cavaliers,1,31.4,3.0,8.0,0.375,0.0,0.0,,1.0,2.0,0.5,1.0,9.0,10.0,0.0,1.0,0.0,0.0,1.0,7.0,23.0,https://www.basketball-reference.com/boxscores/201501110SAC.html,2014-15
Jason Thompson,2015-01-16,Sacramento Kings,Miami Heat,1,20.27,2.0,5.0,0.4,0.0,0.0,,1.0,2.0,0.5,0.0,3.0,3.0,1.0,1.0,0.0,1.0,4.0,5.0,-7.0,https://www.basketball-reference.com/boxscores/201501160SAC.html,2014-15
Jason Thompson,2015-01-17,Sacramento Kings,Los Angeles Clippers,1,36.26,9.0,15.0,0.6,0.0,0.0,,5.0,6.0,0.833,7.0,15.0,22.0,2.0,0.0,1.0,1.0,5.0,23.0,-10.0,https://www.basketball-reference.com/boxscores/201501170SAC.html,2014-15
Jason Thompson,2015-01-19,Sacramento Kings,Portland Trail Blazers,0,28.22,2.0,4.0,0.5,0.0,0.0,,0.0,0.0,,0.0,7.0,7.0,0.0,0.0,0.0,2.0,2.0,4.0,5.0,https://www.basketball-reference.com/boxscores/201501190POR.html,2014-15
Jason Thompson,2015-01-21,Sacramento Kings,Brooklyn Nets,1,22.2,2.0,2.0,1.0,0.0,0.0,,0.0,0.0,,1.0,1.0,2.0,0.0,0.0,1.0,2.0,3.0,4.0,-16.0,https://www.basketball-reference.com/boxscores/201501210SAC.html,2014-15
Jason Thompson,2015-01-23,Sacramento Kings,Golden State Warriors,0,11.29,1.0,3.0,0.333,0.0,0.0,,0.0,0.0,,1.0,0.0,1.0,1.0,0.0,1.0,0.0,1.0,2.0,-24.0,https://www.basketball-reference.com/boxscores/201501230GSW.html,2014-15
Jason Thompson,2015-01-28,Sacramento Kings,Toronto Raptors,0,30.2,2.0,5.0,0.4,0.0,0.0,,2.0,2.0,1.0,0.0,3.0,3.0,2.0,0.0,1.0,1.0,3.0,6.0,-14.0,https://www.basketball-reference.com/boxscores/201501280TOR.html,2014-15
Jason Thompson,2015-01-30,Sacramento Kings,Cleveland Cavaliers,0,20.33,1.0,4.0,0.25,0.0,0.0,,0.0,2.0,0.0,4.0,4.0,8.0,0.0,0.0,0.0,1.0,2.0,2.0,-15.0,https://www.basketball-reference.com/boxscores/201501300CLE.html,2014-15
Jason Thompson,2015-01-31,Sacramento Kings,Indiana Pacers,0,26.1,2.0,2.0,1.0,0.0,0.0,,2.0,2.0,1.0,2.0,4.0,6.0,1.0,1.0,0.0,0.0,6.0,6.0,23.0,https://www.basketball-reference.com/boxscores/201501310IND.html,2014-15
Jason Thompson,2015-02-03,Sacramento Kings,Golden State Warriors,1,19.28,2.0,6.0,0.333,0.0,0.0,,4.0,4.0,1.0,2.0,6.0,8.0,0.0,0.0,0.0,3.0,3.0,8.0,-21.0,https://www.basketball-reference.com/boxscores/201502030SAC.html,2014-15
Jason Thompson,2015-02-05,Sacramento Kings,Dallas Mavericks,1,18.03,0.0,1.0,0.0,0.0,0.0,,0.0,0.0,,0.0,3.0,3.0,0.0,1.0,1.0,0.0,1.0,0.0,-20.0,https://www.basketball-reference.com/boxscores/201502050SAC.html,2014-15
Jason Thompson,2015-02-07,Sacramento Kings,Utah Jazz,0,28.03,3.0,5.0,0.6,0.0,0.0,,1.0,2.0,0.5,3.0,2.0,5.0,0.0,0.0,1.0,0.0,3.0,7.0,-31.0,https://www.basketball-reference.com/boxscores/201502070UTA.html,2014-15
Jason Thompson,2015-02-08,Sacramento Kings,Phoenix Suns,1,29.22,4.0,10.0,0.4,0.0,0.0,,1.0,2.0,0.5,1.0,4.0,5.0,2.0,0.0,0.0,2.0,1.0,9.0,-2.0,https://www.basketball-reference.com/boxscores/201502080SAC.html,2014-15
Jason Thompson,2015-02-10,Sacramento Kings,Chicago Bulls,0,18.42,3.0,5.0,0.6,0.0,0.0,,1.0,2.0,0.5,2.0,5.0,7.0,0.0,0.0,0.0,0.0,3.0,7.0,-13.0,https://www.basketball-reference.com/boxscores/201502100CHI.html,2014-15
Jason Thompson,2015-02-11,Sacramento Kings,Milwaukee Bucks,0,17.04,3.0,4.0,0.75,0.0,0.0,,1.0,3.0,0.333,5.0,2.0,7.0,2.0,1.0,1.0,3.0,0.0,7.0,-7.0,https://www.basketball-reference.com/boxscores/201502110MIL.html,2014-15
Jason Thompson,2015-02-20,Sacramento Kings,Boston Celtics,1,25.09,3.0,4.0,0.75,0.0,0.0,,0.0,0.0,,3.0,6.0,9.0,2.0,1.0,1.0,0.0,4.0,6.0,16.0,https://www.basketball-reference.com/boxscores/201502200SAC.html,2014-15
Jason Thompson,2015-02-21,Sacramento Kings,Los Angeles Clippers,0,21.04,0.0,4.0,0.0,0.0,0.0,,0.0,0.0,,0.0,4.0,4.0,0.0,0.0,1.0,1.0,2.0,0.0,-4.0,https://www.basketball-reference.com/boxscores/201502210LAC.html,2014-15
Jason Thompson,2015-02-25,Sacramento Kings,Memphis Grizzlies,1,32.46,3.0,9.0,0.333,0.0,0.0,,4.0,6.0,0.667,5.0,6.0,11.0,1.0,1.0,4.0,2.0,3.0,10.0,6.0,https://www.basketball-reference.com/boxscores/201502250SAC.html,2014-15
Jason Thompson,2015-02-27,Sacramento Kings,San Antonio Spurs,1,33.16,6.0,10.0,0.6,0.0,0.0,,0.0,0.0,,3.0,8.0,11.0,2.0,0.0,1.0,1.0,3.0,12.0,-10.0,https://www.basketball-reference.com/boxscores/201502270SAC.html,2014-15
Jason Thompson,2015-03-01,Sacramento Kings,Portland Trail Blazers,1,18.22,1.0,3.0,0.333,0.0,0.0,,0.0,0.0,,0.0,4.0,4.0,3.0,1.0,0.0,1.0,6.0,2.0,-17.0,https://www.basketball-reference.com/boxscores/201503010SAC.html,2014-15
Jason Thompson,2015-03-03,Sacramento Kings,New York Knicks,0,28.02,2.0,6.0,0.333,0.0,0.0,,0.0,0.0,,0.0,9.0,9.0,1.0,1.0,0.0,2.0,5.0,4.0,36.0,https://www.basketball-reference.com/boxscores/201503030NYK.html,2014-15
Jason Thompson,2015-03-04,Sacramento Kings,San Antonio Spurs,0,25.43,3.0,8.0,0.375,0.0,0.0,,0.0,0.0,,1.0,6.0,7.0,0.0,2.0,0.0,2.0,2.0,6.0,-21.0,https://www.basketball-reference.com/boxscores/201503040SAS.html,2014-15
Jason Thompson,2015-03-06,Sacramento Kings,Orlando Magic,0,24.25,2.0,3.0,0.667,0.0,0.0,,1.0,2.0,0.5,2.0,3.0,5.0,0.0,0.0,0.0,1.0,1.0,5.0,-1.0,https://www.basketball-reference.com/boxscores/201503060ORL.html,2014-15
Jason Thompson,2015-03-07,Miami Heat,Sacramento Kings,1,23.13,1.0,2.0,0.5,0.0,0.0,,2.0,2.0,1.0,2.0,1.0,3.0,1.0,1.0,0.0,1.0,3.0,4.0,2.0,https://www.basketball-reference.com/boxscores/201503070MIA.html,2014-15
Jason Thompson,2015-03-09,Sacramento Kings,Atlanta Hawks,0,15.37,3.0,9.0,0.333,0.0,0.0,,3.0,4.0,0.75,4.0,2.0,6.0,0.0,2.0,1.0,1.0,2.0,9.0,-3.0,https://www.basketball-reference.com/boxscores/201503090ATL.html,2014-15
Jason Thompson,2015-03-11,Sacramento Kings,Charlotte Hornets,0,13.56,3.0,4.0,0.75,0.0,0.0,,1.0,2.0,0.5,3.0,4.0,7.0,1.0,0.0,1.0,0.0,3.0,7.0,10.0,https://www.basketball-reference.com/boxscores/201503110CHO.html,2014-15
Jason Thompson,2015-03-13,Sacramento Kings,Philadelphia 76ers,0,19.38,1.0,3.0,0.333,0.0,0.0,,2.0,2.0,1.0,1.0,4.0,5.0,1.0,1.0,1.0,0.0,4.0,4.0,-7.0,https://www.basketball-reference.com/boxscores/201503130PHI.html,2014-15
Jason Thompson,2015-03-14,Sacramento Kings,Washington Wizards,0,22.59,2.0,5.0,0.4,0.0,0.0,,0.0,0.0,,2.0,3.0,5.0,1.0,0.0,1.0,0.0,0.0,4.0,-13.0,https://www.basketball-reference.com/boxscores/201503140WAS.html,2014-15
Jason Thompson,2015-03-16,Sacramento Kings,Atlanta Hawks,1,23.4,7.0,7.0,1.0,0.0,0.0,,4.0,4.0,1.0,1.0,2.0,3.0,2.0,0.0,1.0,1.0,2.0,18.0,1.0,https://www.basketball-reference.com/boxscores/201503160SAC.html,2014-15
Jason Thompson,2015-03-18,Sacramento Kings,Los Angeles Clippers,1,33.51,5.0,10.0,0.5,0.0,0.0,,2.0,4.0,0.5,2.0,6.0,8.0,0.0,1.0,0.0,1.0,3.0,12.0,-12.0,https://www.basketball-reference.com/boxscores/201503180SAC.html,2014-15
Jason Thompson,2015-03-20,Sacramento Kings,Charlotte Hornets,1,26.57,4.0,8.0,0.5,0.0,0.0,,0.0,1.0,0.0,0.0,8.0,8.0,1.0,0.0,2.0,2.0,2.0,8.0,1.0,https://www.basketball-reference.com/boxscores/201503200SAC.html,2014-15
Jason Thompson,2015-03-22,Sacramento Kings,Washington Wizards,1,12.59,1.0,2.0,0.5,0.0,0.0,,1.0,2.0,0.5,0.0,4.0,4.0,0.0,0.0,0.0,0.0,2.0,3.0,2.0,https://www.basketball-reference.com/boxscores/201503220SAC.html,2014-15
Jason Thompson,2015-03-24,Sacramento Kings,Philadelphia 76ers,1,19.06,4.0,6.0,0.667,0.0,0.0,,0.0,2.0,0.0,3.0,1.0,4.0,2.0,0.0,0.0,0.0,1.0,8.0,2.0,https://www.basketball-reference.com/boxscores/201503240SAC.html,2014-15
Jason Thompson,2015-03-25,Sacramento Kings,Phoenix Suns,0,13.47,1.0,5.0,0.2,0.0,0.0,,0.0,0.0,,1.0,4.0,5.0,1.0,0.0,0.0,1.0,2.0,2.0,1.0,https://www.basketball-reference.com/boxscores/201503250PHO.html,2014-15
Jason Thompson,2015-03-27,Sacramento Kings,New Orleans Pelicans,0,19.36,0.0,0.0,,0.0,0.0,,0.0,0.0,,0.0,5.0,5.0,0.0,0.0,0.0,0.0,1.0,0.0,-11.0,https://www.basketball-reference.com/boxscores/201503270NOP.html,2014-15
Jason Thompson,2015-03-30,Sacramento Kings,Memphis Grizzlies,0,28.48,2.0,8.0,0.25,0.0,0.0,,0.0,0.0,,1.0,5.0,6.0,2.0,0.0,1.0,2.0,4.0,4.0,-16.0,https://www.basketball-reference.com/boxscores/201503300MEM.html,2014-15
Jason Thompson,2012-12-01,Sacramento Kings,Los Angeles Clippers,0,30.25,6.0,10.0,0.6,0.0,0.0,,4.0,4.0,1.0,4.0,8.0,12.0,4.0,0.0,0.0,0.0,3.0,16.0,-15.0,https://www.basketball-reference.com/boxscores/201212010LAC.html,2012-13
Jason Thompson,2012-12-05,Sacramento Kings,Toronto Raptors,1,33.41,6.0,11.0,0.545,0.0,0.0,,1.0,1.0,1.0,3.0,7.0,10.0,1.0,1.0,0.0,1.0,3.0,13.0,8.0,https://www.basketball-reference.com/boxscores/201212050SAC.html,2012-13
Jason Thompson,2012-12-07,Sacramento Kings,Orlando Magic,1,27.48,5.0,11.0,0.455,0.0,0.0,,2.0,2.0,1.0,2.0,4.0,6.0,1.0,1.0,0.0,3.0,1.0,12.0,2.0,https://www.basketball-reference.com/boxscores/201212070SAC.html,2012-13
Jason Thompson,2012-12-08,Sacramento Kings,Portland Trail Blazers,0,29.06,4.0,10.0,0.4,0.0,0.0,,4.0,5.0,0.8,2.0,6.0,8.0,0.0,2.0,0.0,2.0,3.0,12.0,12.0,https://www.basketball-reference.com/boxscores/201212080POR.html,2012-13
Jason Thompson,2012-12-10,Sacramento Kings,Dallas Mavericks,0,30.04,5.0,8.0,0.625,0.0,0.0,,1.0,4.0,0.25,2.0,10.0,12.0,2.0,0.0,1.0,2.0,0.0,11.0,-6.0,https://www.basketball-reference.com/boxscores/201212100DAL.html,2012-13
Jason Thompson,2012-12-12,Sacramento Kings,Milwaukee Bucks,0,33.11,4.0,10.0,0.4,0.0,0.0,,0.0,1.0,0.0,5.0,10.0,15.0,1.0,2.0,1.0,2.0,1.0,8.0,-11.0,https://www.basketball-reference.com/boxscores/201212120MIL.html,2012-13
Jason Thompson,2012-12-14,Sacramento Kings,Oklahoma City Thunder,0,29.17,6.0,7.0,0.857,0.0,0.0,,3.0,4.0,0.75,2.0,4.0,6.0,4.0,1.0,1.0,2.0,4.0,15.0,-16.0,https://www.basketball-reference.com/boxscores/201212140OKC.html,2012-13
Jason Thompson,2012-12-16,Sacramento Kings,Denver Nuggets,1,26.12,7.0,14.0,0.5,0.0,0.0,,2.0,2.0,1.0,7.0,3.0,10.0,1.0,2.0,1.0,0.0,0.0,16.0,-22.0,https://www.basketball-reference.com/boxscores/201212160SAC.html,2012-13
Jason Thompson,2012-12-17,Sacramento Kings,Phoenix Suns,0,27.54,4.0,10.0,0.4,0.0,0.0,,0.0,0.0,,2.0,4.0,6.0,2.0,0.0,0.0,1.0,4.0,8.0,-7.0,https://www.basketball-reference.com/boxscores/201212170PHO.html,2012-13
Jason Thompson,2012-12-19,Sacramento Kings,Golden State Warriors,1,34.46,5.0,14.0,0.35700000000000004,0.0,0.0,,0.0,0.0,,5.0,10.0,15.0,3.0,0.0,3.0,0.0,2.0,10.0,17.0,https://www.basketball-reference.com/boxscores/201212190SAC.html,2012-13
Jason Thompson,2012-12-21,Sacramento Kings,Los Angeles Clippers,0,26.46,5.0,7.0,0.7140000000000001,0.0,0.0,,0.0,0.0,,3.0,5.0,8.0,2.0,0.0,2.0,3.0,4.0,10.0,6.0,https://www.basketball-reference.com/boxscores/201212210LAC.html,2012-13
Jason Thompson,2012-12-23,Sacramento Kings,Portland Trail Blazers,1,21.01,5.0,9.0,0.556,0.0,0.0,,0.0,2.0,0.0,0.0,6.0,6.0,2.0,1.0,0.0,3.0,3.0,10.0,-5.0,https://www.basketball-reference.com/boxscores/201212230SAC.html,2012-13
Jason Thompson,2012-12-26,Sacramento Kings,Portland Trail Blazers,0,25.0,5.0,10.0,0.5,0.0,0.0,,1.0,2.0,0.5,2.0,4.0,6.0,0.0,0.0,1.0,0.0,3.0,11.0,-24.0,https://www.basketball-reference.com/boxscores/201212260POR.html,2012-13
Jason Thompson,2012-12-28,Sacramento Kings,New York Knicks,1,27.4,3.0,8.0,0.375,0.0,0.0,,0.0,0.0,,3.0,5.0,8.0,2.0,0.0,1.0,1.0,4.0,6.0,-5.0,https://www.basketball-reference.com/boxscores/201212280SAC.html,2012-13
Jason Thompson,2012-12-30,Sacramento Kings,Boston Celtics,1,32.01,8.0,11.0,0.727,0.0,0.0,,4.0,8.0,0.5,3.0,3.0,6.0,0.0,1.0,2.0,1.0,3.0,20.0,19.0,https://www.basketball-reference.com/boxscores/201212300SAC.html,2012-13
Jason Thompson,2013-01-01,Sacramento Kings,Detroit Pistons,0,32.58,6.0,10.0,0.6,0.0,0.0,,4.0,6.0,0.667,2.0,4.0,6.0,1.0,0.0,1.0,0.0,1.0,16.0,7.0,https://www.basketball-reference.com/boxscores/201301010DET.html,2012-13
Jason Thompson,2013-01-02,Sacramento Kings,Cleveland Cavaliers,0,36.23,8.0,16.0,0.5,0.0,0.0,,3.0,4.0,0.75,3.0,7.0,10.0,2.0,0.0,3.0,1.0,3.0,19.0,4.0,https://www.basketball-reference.com/boxscores/201301020CLE.html,2012-13
Jason Thompson,2013-01-04,Sacramento Kings,Toronto Raptors,0,29.56,7.0,11.0,0.636,0.0,0.0,,0.0,0.0,,0.0,6.0,6.0,0.0,0.0,0.0,0.0,1.0,14.0,27.0,https://www.basketball-reference.com/boxscores/201301040TOR.html,2012-13
Jason Thompson,2013-01-05,Sacramento Kings,Brooklyn Nets,0,25.35,7.0,16.0,0.438,0.0,0.0,,1.0,4.0,0.25,4.0,0.0,4.0,1.0,0.0,0.0,2.0,2.0,15.0,-15.0,https://www.basketball-reference.com/boxscores/201301050BRK.html,2012-13
Jason Thompson,2013-01-07,Sacramento Kings,Memphis Grizzlies,1,24.0,5.0,8.0,0.625,0.0,0.0,,2.0,2.0,1.0,1.0,3.0,4.0,2.0,1.0,0.0,0.0,2.0,12.0,-6.0,https://www.basketball-reference.com/boxscores/201301070SAC.html,2012-13
Jason Thompson,2013-01-12,Sacramento Kings,Miami Heat,1,22.03,1.0,3.0,0.333,0.0,0.0,,0.0,0.0,,0.0,4.0,4.0,2.0,0.0,1.0,1.0,0.0,2.0,-14.0,https://www.basketball-reference.com/boxscores/201301120SAC.html,2012-13
Jason Thompson,2013-01-14,Sacramento Kings,Cleveland Cavaliers,1,22.0,2.0,9.0,0.222,0.0,0.0,,2.0,2.0,1.0,3.0,1.0,4.0,1.0,0.0,0.0,0.0,4.0,6.0,-5.0,https://www.basketball-reference.com/boxscores/201301140SAC.html,2012-13
Jason Thompson,2013-01-16,Sacramento Kings,Washington Wizards,1,22.03,3.0,8.0,0.375,0.0,0.0,,0.0,0.0,,1.0,1.0,2.0,0.0,0.0,0.0,2.0,5.0,6.0,-4.0,https://www.basketball-reference.com/boxscores/201301160SAC.html,2012-13
Jason Thompson,2013-01-18,Sacramento Kings,Memphis Grizzlies,0,20.52,1.0,6.0,0.16699999999999998,0.0,0.0,,1.0,2.0,0.5,1.0,3.0,4.0,0.0,0.0,0.0,0.0,1.0,3.0,-11.0,https://www.basketball-reference.com/boxscores/201301180MEM.html,2012-13
Jason Thompson,2013-01-19,Sacramento Kings,Charlotte Bobcats,0,31.34,5.0,6.0,0.833,0.0,0.0,,1.0,2.0,0.5,1.0,3.0,4.0,2.0,1.0,0.0,0.0,2.0,11.0,5.0,https://www.basketball-reference.com/boxscores/201301190CHA.html,2012-13
Jason Thompson,2013-01-21,Sacramento Kings,New Orleans Hornets,0,17.23,3.0,4.0,0.75,0.0,0.0,,1.0,2.0,0.5,2.0,4.0,6.0,1.0,0.0,0.0,3.0,2.0,7.0,-7.0,https://www.basketball-reference.com/boxscores/201301210NOH.html,2012-13
Jason Thompson,2013-01-23,Sacramento Kings,Phoenix Suns,1,10.01,2.0,6.0,0.333,0.0,0.0,,0.0,0.0,,2.0,1.0,3.0,1.0,0.0,0.0,1.0,3.0,4.0,-4.0,https://www.basketball-reference.com/boxscores/201301230SAC.html,2012-13
Jason Thompson,2013-01-25,Sacramento Kings,Oklahoma City Thunder,1,33.06,5.0,11.0,0.455,0.0,0.0,,4.0,8.0,0.5,1.0,4.0,5.0,0.0,0.0,0.0,3.0,3.0,14.0,-2.0,https://www.basketball-reference.com/boxscores/201301250SAC.html,2012-13
Jason Thompson,2013-01-26,Sacramento Kings,Denver Nuggets,0,20.16,3.0,6.0,0.5,0.0,0.0,,1.0,2.0,0.5,2.0,3.0,5.0,0.0,1.0,0.0,2.0,4.0,7.0,-26.0,https://www.basketball-reference.com/boxscores/201301260DEN.html,2012-13
Jason Thompson,2013-01-28,Sacramento Kings,Washington Wizards,0,14.2,1.0,4.0,0.25,0.0,0.0,,0.0,0.0,,1.0,4.0,5.0,1.0,1.0,0.0,0.0,3.0,2.0,-4.0,https://www.basketball-reference.com/boxscores/201301280WAS.html,2012-13
Jason Thompson,2013-01-30,Sacramento Kings,Boston Celtics,0,20.59,4.0,7.0,0.5710000000000001,0.0,0.0,,1.0,2.0,0.5,1.0,2.0,3.0,0.0,0.0,0.0,1.0,2.0,9.0,-14.0,https://www.basketball-reference.com/boxscores/201301300BOS.html,2012-13
Jason Thompson,2013-02-01,Sacramento Kings,Philadelphia 76ers,0,30.46,3.0,9.0,0.333,0.0,0.0,,0.0,0.0,,1.0,3.0,4.0,0.0,1.0,0.0,1.0,3.0,6.0,-11.0,https://www.basketball-reference.com/boxscores/201302010PHI.html,2012-13
Jason Thompson,2013-02-02,Sacramento Kings,New York Knicks,0,15.55,2.0,4.0,0.5,0.0,0.0,,0.0,0.0,,1.0,3.0,4.0,0.0,1.0,0.0,1.0,0.0,4.0,-2.0,https://www.basketball-reference.com/boxscores/201302020NYK.html,2012-13
Jason Thompson,2013-02-04,Utah Jazz,Sacramento Kings,1,44.58,9.0,18.0,0.5,0.0,0.0,,5.0,8.0,0.625,5.0,5.0,10.0,0.0,2.0,1.0,1.0,4.0,23.0,-1.0,https://www.basketball-reference.com/boxscores/201302040UTA.html,2012-13
Jason Thompson,2013-02-09,Sacramento Kings,Utah Jazz,1,36.0,9.0,11.0,0.818,0.0,0.0,,3.0,5.0,0.6,4.0,3.0,7.0,0.0,1.0,1.0,0.0,3.0,21.0,20.0,https://www.basketball-reference.com/boxscores/201302090SAC.html,2012-13
Jason Thompson,2013-02-10,Sacramento Kings,Houston Rockets,1,32.48,6.0,10.0,0.6,0.0,0.0,,0.0,0.0,,2.0,5.0,7.0,1.0,1.0,2.0,1.0,4.0,12.0,7.0,https://www.basketball-reference.com/boxscores/201302100SAC.html,2012-13
Jason Thompson,2013-02-12,Sacramento Kings,Memphis Grizzlies,0,27.49,7.0,11.0,0.636,0.0,0.0,,1.0,1.0,1.0,1.0,5.0,6.0,0.0,1.0,0.0,2.0,4.0,15.0,-2.0,https://www.basketball-reference.com/boxscores/201302120MEM.html,2012-13
Jason Thompson,2013-02-13,Sacramento Kings,Dallas Mavericks,0,35.54,6.0,11.0,0.545,0.0,0.0,,5.0,6.0,0.833,3.0,6.0,9.0,2.0,0.0,1.0,2.0,4.0,17.0,-21.0,https://www.basketball-reference.com/boxscores/201302130DAL.html,2012-13
Jason Thompson,2013-02-19,Sacramento Kings,San Antonio Spurs,1,34.04,4.0,10.0,0.4,0.0,0.0,,3.0,3.0,1.0,1.0,7.0,8.0,2.0,1.0,0.0,1.0,3.0,11.0,-14.0,https://www.basketball-reference.com/boxscores/201302190SAC.html,2012-13
Jason Thompson,2013-02-22,Sacramento Kings,Atlanta Hawks,0,30.02,3.0,9.0,0.333,0.0,0.0,,3.0,4.0,0.75,2.0,8.0,10.0,0.0,0.0,2.0,2.0,5.0,9.0,-2.0,https://www.basketball-reference.com/boxscores/201302220ATL.html,2012-13
Jason Thompson,2013-02-24,Sacramento Kings,New Orleans Hornets,0,28.16,8.0,11.0,0.727,0.0,0.0,,0.0,0.0,,4.0,5.0,9.0,0.0,0.0,1.0,3.0,2.0,16.0,-3.0,https://www.basketball-reference.com/boxscores/201302240NOH.html,2012-13
Jason Thompson,2013-02-26,Miami Heat,Sacramento Kings,1,26.15,3.0,10.0,0.3,0.0,0.0,,2.0,3.0,0.667,3.0,3.0,6.0,2.0,1.0,0.0,4.0,1.0,8.0,4.0,https://www.basketball-reference.com/boxscores/201302260MIA.html,2012-13
Jason Thompson,2013-02-27,Sacramento Kings,Orlando Magic,0,22.02,3.0,7.0,0.429,0.0,0.0,,2.0,2.0,1.0,1.0,6.0,7.0,0.0,0.0,0.0,0.0,1.0,8.0,17.0,https://www.basketball-reference.com/boxscores/201302270ORL.html,2012-13
Jason Thompson,2013-03-01,Sacramento Kings,San Antonio Spurs,0,25.12,3.0,6.0,0.5,0.0,0.0,,0.0,0.0,,0.0,5.0,5.0,2.0,1.0,1.0,1.0,4.0,6.0,-22.0,https://www.basketball-reference.com/boxscores/201303010SAS.html,2012-13
Jason Thompson,2013-03-03,Sacramento Kings,Charlotte Bobc,1,27.46,6.0,8.0,0.75,0.0,0.0,,6.0,6.0,1.0,4.0,10.0,14.0,0.0,2.0,0.0,2.0,4.0,18.0,34.0,https://www.basketball-reference.com/boxscores/201303030SAC.html,2012-13
Jason Thompson,2013-03-05,Sacramento Kings,Denver Nuggets,1,28.43,9.0,11.0,0.818,0.0,0.0,,0.0,0.0,,2.0,4.0,6.0,2.0,1.0,0.0,2.0,5.0,18.0,-4.0,https://www.basketball-reference.com/boxscores/201303050SAC.html,2012-13
Jason Thompson,2013-03-06,Sacramento Kings,Golden State Warriors,0,33.36,8.0,13.0,0.615,0.0,0.0,,1.0,3.0,0.333,2.0,6.0,8.0,1.0,2.0,0.0,1.0,2.0,17.0,-13.0,https://www.basketball-reference.com/boxscores/201303060GSW.html,2012-13
Jason Thompson,2013-03-08,Sacramento Kings,Phoenix Suns,1,28.36,4.0,8.0,0.5,0.0,0.0,,4.0,6.0,0.667,1.0,0.0,1.0,1.0,0.0,1.0,1.0,2.0,12.0,20.0,https://www.basketball-reference.com/boxscores/201303080SAC.html,2012-13
Jason Thompson,2013-03-10,Sacramento Kings,Milwaukee Bucks,1,37.2,8.0,13.0,0.615,0.0,0.0,,2.0,2.0,1.0,2.0,6.0,8.0,2.0,1.0,1.0,1.0,2.0,18.0,-1.0,https://www.basketball-reference.com/boxscores/201303100SAC.html,2012-13
Jason Thompson,2013-03-13,Sacramento Kings,Chicago Bulls,1,25.48,4.0,8.0,0.5,0.0,0.0,,4.0,4.0,1.0,0.0,3.0,3.0,1.0,0.0,1.0,1.0,3.0,12.0,3.0,https://www.basketball-reference.com/boxscores/201303130SAC.html,2012-13
Jason Thompson,2013-03-17,Sacramento Kings,Los Angeles Lakers,0,24.48,2.0,8.0,0.25,0.0,0.0,,0.0,0.0,,0.0,7.0,7.0,0.0,1.0,0.0,1.0,5.0,4.0,-3.0,https://www.basketball-reference.com/boxscores/201303170LAL.html,2012-13
Jason Thompson,2013-03-19,Sacramento Kings,Los Angeles Clippers,1,14.51,1.0,3.0,0.333,0.0,0.0,,0.0,0.0,,0.0,2.0,2.0,2.0,0.0,0.0,2.0,2.0,2.0,-4.0,https://www.basketball-reference.com/boxscores/201303190SAC.html,2012-13
Jason Thompson,2013-03-21,Sacramento Kings,Minnesota Timberwolves,1,21.07,2.0,5.0,0.4,0.0,0.0,,0.0,0.0,,0.0,4.0,4.0,0.0,0.0,1.0,1.0,4.0,4.0,-3.0,https://www.basketball-reference.com/boxscores/201303210SAC.html,2012-13
Jason Thompson,2013-03-23,Sacramento Kings,Denver Nuggets,0,26.03,3.0,11.0,0.273,0.0,0.0,,0.0,0.0,,2.0,2.0,4.0,0.0,1.0,1.0,0.0,4.0,6.0,-13.0,https://www.basketball-reference.com/boxscores/201303230DEN.html,2012-13
Jason Thompson,2013-03-24,Sacramento Kings,Philadelphia 76ers,1,26.57,4.0,10.0,0.4,0.0,0.0,,0.0,2.0,0.0,3.0,5.0,8.0,0.0,0.0,1.0,2.0,0.0,8.0,-7.0,https://www.basketball-reference.com/boxscores/201303240SAC.html,2012-13
Jason Thompson,2013-03-27,Sacramento Kings,Golden State Warriors,0,22.42,4.0,10.0,0.4,0.0,0.0,,1.0,2.0,0.5,3.0,6.0,9.0,1.0,1.0,1.0,1.0,1.0,9.0,6.0,https://www.basketball-reference.com/boxscores/201303270GSW.html,2012-13
Jason Thompson,2013-03-28,Sacramento Kings,Phoenix Suns,0,18.52,3.0,7.0,0.429,0.0,0.0,,2.0,2.0,1.0,1.0,2.0,3.0,1.0,0.0,0.0,3.0,2.0,8.0,2.0,https://www.basketball-reference.com/boxscores/201303280PHO.html,2012-13
Jason Thompson,2013-03-30,Sacramento Kings,Los Angeles Lakers,1,23.5,7.0,10.0,0.7,0.0,0.0,,1.0,1.0,1.0,2.0,2.0,4.0,1.0,0.0,0.0,1.0,4.0,15.0,-5.0,https://www.basketball-reference.com/boxscores/201303300SAC.html,2012-13
Jason Thompson,2010-12-03,Sacramento Kings,Los Angeles Lakers,0,29.35,9.0,13.0,0.6920000000000001,0.0,0.0,,1.0,5.0,0.2,5.0,5.0,10.0,0.0,0.0,0.0,3.0,4.0,19.0,-17.0,https://www.basketball-reference.com/boxscores/201012030LAL.html,2010-11
Jason Thompson,2010-12-04,Sacramento Kings,Dallas Mavericks,1,19.58,1.0,5.0,0.2,0.0,0.0,,2.0,2.0,1.0,2.0,3.0,5.0,0.0,0.0,2.0,0.0,2.0,4.0,4.0,https://www.basketball-reference.com/boxscores/201012040SAC.html,2010-11
Jason Thompson,2010-12-06,Sacramento Kings,Los Angeles Clippers,0,10.54,2.0,4.0,0.5,0.0,0.0,,1.0,2.0,0.5,3.0,1.0,4.0,0.0,0.0,0.0,2.0,4.0,5.0,-5.0,https://www.basketball-reference.com/boxscores/201012060LAC.html,2010-11
Jason Thompson,2010-12-08,Sacramento Kings,Washington Wizards,1,38.23,10.0,15.0,0.667,0.0,0.0,,2.0,2.0,1.0,4.0,10.0,14.0,2.0,1.0,2.0,1.0,2.0,22.0,45.0,https://www.basketball-reference.com/boxscores/201012080SAC.html,2010-11
Jason Thompson,2010-12-11,Sacramento Kings,Miami Heat,1,30.17,5.0,11.0,0.455,0.0,0.0,,3.0,3.0,1.0,2.0,3.0,5.0,0.0,0.0,0.0,1.0,1.0,13.0,-31.0,https://www.basketball-reference.com/boxscores/201012110SAC.html,2010-11
Jason Thompson,2010-12-14,Sacramento Kings,Houston Rockets,0,31.4,5.0,10.0,0.5,0.0,1.0,0.0,5.0,5.0,1.0,1.0,9.0,10.0,0.0,0.0,0.0,2.0,3.0,15.0,-5.0,https://www.basketball-reference.com/boxscores/201012140HOU.html,2010-11
Jason Thompson,2010-12-15,Sacramento Kings,New Orleans Hornets,0,28.53,2.0,6.0,0.333,0.0,0.0,,0.0,2.0,0.0,1.0,5.0,6.0,1.0,0.0,0.0,2.0,3.0,4.0,-6.0,https://www.basketball-reference.com/boxscores/201012150NOH.html,2010-11
Jason Thompson,2010-12-17,Sacramento Kings,Oklahoma City Thunder,0,32.5,3.0,7.0,0.429,0.0,0.0,,0.0,1.0,0.0,2.0,6.0,8.0,2.0,0.0,0.0,1.0,2.0,6.0,-1.0,https://www.basketball-reference.com/boxscores/201012170OKC.html,2010-11
Jason Thompson,2010-12-27,Sacramento Kings,Los Angeles Clippers,1,,,,,,,,,,,,,,,,,,,,,https://www.basketball-reference.com/boxscores/201012270SAC.html,2010-11
Jason Thompson,2010-12-29,Sacramento Kings,Memphis Grizzlies,1,15.12,0.0,2.0,0.0,0.0,0.0,,1.0,2.0,0.5,0.0,2.0,2.0,0.0,0.0,0.0,1.0,5.0,1.0,2.0,https://www.basketball-reference.com/boxscores/201012290SAC.html,2010-11
Jason Thompson,2011-01-01,Sacramento Kings,Denver Nuggets,0,27.03,8.0,9.0,0.889,0.0,0.0,,1.0,3.0,0.333,2.0,5.0,7.0,1.0,1.0,0.0,0.0,0.0,17.0,-5.0,https://www.basketball-reference.com/boxscores/201101010DEN.html,2010-11
Jason Thompson,2011-01-02,Sacramento Kings,Phoenix Suns,1,23.58,4.0,10.0,0.4,0.0,0.0,,3.0,4.0,0.75,3.0,3.0,6.0,1.0,0.0,1.0,1.0,3.0,11.0,-17.0,https://www.basketball-reference.com/boxscores/201101020SAC.html,2010-11
Jason Thompson,2011-01-04,Sacramento Kings,Atlanta Hawks,1,20.31,2.0,7.0,0.28600000000000003,0.0,0.0,,0.0,1.0,0.0,2.0,3.0,5.0,0.0,0.0,0.0,2.0,2.0,4.0,-6.0,https://www.basketball-reference.com/boxscores/201101040SAC.html,2010-11
Jason Thompson,2011-01-06,Sacramento Kings,Denver Nuggets,1,13.48,2.0,4.0,0.5,0.0,0.0,,2.0,2.0,1.0,0.0,0.0,0.0,0.0,2.0,0.0,0.0,2.0,6.0,-3.0,https://www.basketball-reference.com/boxscores/201101060SAC.html,2010-11
Jason Thompson,2011-01-09,Sacramento Kings,Toronto Raptors,0,28.15,6.0,12.0,0.5,0.0,0.0,,7.0,8.0,0.875,4.0,7.0,11.0,3.0,2.0,1.0,0.0,3.0,19.0,5.0,https://www.basketball-reference.com/boxscores/201101090TOR.html,2010-11
Jason Thompson,2011-01-11,Washington Wizards,Sacramento Kings,1,12.03,4.0,5.0,0.8,0.0,0.0,,0.0,1.0,0.0,2.0,1.0,3.0,0.0,0.0,0.0,1.0,4.0,8.0,-22.0,https://www.basketball-reference.com/boxscores/201101110WAS.html,2010-11
Jason Thompson,2011-01-12,Sacramento Kings,Boston Celtics,0,24.4,3.0,4.0,0.75,0.0,0.0,,1.0,2.0,0.5,2.0,7.0,9.0,0.0,1.0,2.0,3.0,4.0,7.0,-18.0,https://www.basketball-reference.com/boxscores/201101120BOS.html,2010-11
Jason Thompson,2011-01-14,Sacramento Kings,New York Knicks,0,11.06,0.0,2.0,0.0,0.0,0.0,,0.0,0.0,,1.0,7.0,8.0,1.0,0.0,1.0,2.0,3.0,0.0,5.0,https://www.basketball-reference.com/boxscores/201101140NYK.html,2010-11
Jason Thompson,2011-01-15,Sacramento Kings,Detroit Pistons,0,35.34,10.0,13.0,0.769,0.0,0.0,,2.0,6.0,0.333,3.0,4.0,7.0,1.0,0.0,0.0,2.0,1.0,22.0,2.0,https://www.basketball-reference.com/boxscores/201101150DET.html,2010-11
Jason Thompson,2011-01-17,Sacramento Kings,Atlanta Hawks,0,27.54,7.0,16.0,0.438,0.0,0.0,,2.0,2.0,1.0,6.0,2.0,8.0,1.0,1.0,0.0,1.0,2.0,16.0,-3.0,https://www.basketball-reference.com/boxscores/201101170ATL.html,2010-11
Jason Thompson,2011-01-21,Golden State Warriors,Sacramento Kings,1,35.17,5.0,10.0,0.5,0.0,0.0,,2.0,4.0,0.5,5.0,7.0,12.0,2.0,1.0,1.0,1.0,6.0,12.0,-1.0,https://www.basketball-reference.com/boxscores/201101210GSW.html,2010-11
Jason Thompson,2011-01-24,Sacramento Kings,Portland Trail Blazers,0,20.03,2.0,4.0,0.5,0.0,0.0,,2.0,2.0,1.0,1.0,1.0,2.0,2.0,3.0,0.0,2.0,4.0,6.0,2.0,https://www.basketball-reference.com/boxscores/201101240POR.html,2010-11
Jason Thompson,2011-01-25,Sacramento Kings,Charlotte Bobc,1,30.35,5.0,12.0,0.417,0.0,0.0,,4.0,5.0,0.8,4.0,4.0,8.0,1.0,1.0,1.0,2.0,4.0,14.0,-7.0,https://www.basketball-reference.com/boxscores/201101250SAC.html,2010-11
Jason Thompson,2011-01-28,Sacramento Kings,Los Angeles Lakers,0,14.45,0.0,3.0,0.0,0.0,0.0,,0.0,0.0,,0.0,1.0,1.0,0.0,0.0,0.0,1.0,1.0,0.0,4.0,https://www.basketball-reference.com/boxscores/201101280LAL.html,2010-11
Jason Thompson,2011-01-29,Sacramento Kings,New Orleans Hornets,1,9.34,1.0,2.0,0.5,0.0,0.0,,1.0,2.0,0.5,0.0,2.0,2.0,0.0,0.0,0.0,1.0,1.0,3.0,4.0,https://www.basketball-reference.com/boxscores/201101290SAC.html,2010-11
Jason Thompson,2011-02-01,Sacramento Kings,Boston Celtics,1,,,,,,,,,,,,,,,,,,,,,https://www.basketball-reference.com/boxscores/201102010SAC.html,2010-11
Jason Thompson,2011-02-04,Sacramento Kings,San Antonio Spurs,1,,,,,,,,,,,,,,,,,,,,,https://www.basketball-reference.com/boxscores/201102040SAC.html,2010-11
Jason Thompson,2011-02-07,Sacramento Kings,Utah Jazz,1,34.17,6.0,10.0,0.6,0.0,0.0,,2.0,3.0,0.667,1.0,2.0,3.0,4.0,0.0,3.0,4.0,5.0,14.0,2.0,https://www.basketball-reference.com/boxscores/201102070SAC.html,2010-11
Jason Thompson,2011-02-09,Sacramento Kings,Dallas Mavericks,1,18.48,3.0,6.0,0.5,0.0,0.0,,2.0,2.0,1.0,0.0,2.0,2.0,2.0,0.0,0.0,1.0,2.0,8.0,-2.0,https://www.basketball-reference.com/boxscores/201102090SAC.html,2010-11
Jason Thompson,2011-02-12,Sacramento Kings,Oklahoma City Thunder,1,18.17,1.0,7.0,0.14300000000000002,0.0,0.0,,0.0,0.0,,1.0,5.0,6.0,1.0,1.0,0.0,2.0,4.0,2.0,7.0,https://www.basketball-reference.com/boxscores/201102120SAC.html,2010-11
Jason Thompson,2011-02-13,Sacramento Kings,Phoenix Suns,0,18.57,4.0,9.0,0.444,0.0,0.0,,0.0,0.0,,4.0,3.0,7.0,1.0,1.0,0.0,0.0,4.0,8.0,-1.0,https://www.basketball-reference.com/boxscores/201102130PHO.html,2010-11
Jason Thompson,2011-02-15,Sacramento Kings,Oklahoma City Thunder,0,20.11,4.0,9.0,0.444,0.0,0.0,,2.0,3.0,0.667,3.0,3.0,6.0,1.0,1.0,0.0,0.0,4.0,10.0,-20.0,https://www.basketball-reference.com/boxscores/201102150OKC.html,2010-11
Jason Thompson,2011-02-16,Sacramento Kings,Dallas Mavericks,0,8.46,1.0,1.0,1.0,0.0,0.0,,0.0,0.0,,0.0,3.0,3.0,0.0,0.0,0.0,0.0,1.0,2.0,-9.0,https://www.basketball-reference.com/boxscores/201102160DAL.html,2010-11
Jason Thompson,2011-02-22,Sacramento Kings,Miami Heat,0,31.46,6.0,7.0,0.857,0.0,0.0,,1.0,4.0,0.25,1.0,6.0,7.0,0.0,0.0,0.0,3.0,4.0,13.0,-26.0,https://www.basketball-reference.com/boxscores/201102220MIA.html,2010-11
Jason Thompson,2011-02-23,Sacramento Kings,Orlando Magic,0,34.34,6.0,12.0,0.5,0.0,0.0,,5.0,7.0,0.7140000000000001,0.0,4.0,4.0,5.0,1.0,2.0,2.0,2.0,17.0,12.0,https://www.basketball-reference.com/boxscores/201102230ORL.html,2010-11
Jason Thompson,2011-02-25,Sacramento Kings,Charlotte Bobcats,0,29.18,4.0,10.0,0.4,0.0,0.0,,2.0,2.0,1.0,5.0,8.0,13.0,2.0,1.0,2.0,1.0,4.0,10.0,7.0,https://www.basketball-reference.com/boxscores/201102250CHA.html,2010-11
Jason Thompson,2011-02-26,Sacramento Kings,Memphis Grizzlies,0,20.45,1.0,6.0,0.16699999999999998,0.0,0.0,,2.0,2.0,1.0,0.0,0.0,0.0,5.0,0.0,1.0,2.0,2.0,4.0,0.0,https://www.basketball-reference.com/boxscores/201102260MEM.html,2010-11
Jason Thompson,2011-02-28,Sacramento Kings,Los Angeles Clippers,1,23.01,5.0,7.0,0.7140000000000001,0.0,0.0,,2.0,2.0,1.0,2.0,2.0,4.0,0.0,1.0,0.0,0.0,5.0,12.0,-4.0,https://www.basketball-reference.com/boxscores/201102280SAC.html,2010-11
Jason Thompson,2011-03-02,Sacramento Kings,Portland Trail Blazers,1,31.51,5.0,6.0,0.833,0.0,0.0,,0.0,2.0,0.0,1.0,6.0,7.0,0.0,0.0,1.0,1.0,1.0,10.0,-11.0,https://www.basketball-reference.com/boxscores/201103020SAC.html,2010-11
Jason Thompson,2011-03-05,Utah Jazz,Sacramento Kings,1,27.32,3.0,8.0,0.375,0.0,0.0,,1.0,3.0,0.333,0.0,9.0,9.0,2.0,1.0,1.0,1.0,4.0,7.0,8.0,https://www.basketball-reference.com/boxscores/201103050UTA.html,2010-11
Jason Thompson,2011-03-07,Sacramento Kings,Houston Rockets,1,22.19,3.0,5.0,0.6,0.0,0.0,,1.0,2.0,0.5,0.0,4.0,4.0,2.0,0.0,0.0,2.0,3.0,7.0,-17.0,https://www.basketball-reference.com/boxscores/201103070SAC.html,2010-11
Jason Thompson,2011-03-09,Sacramento Kings,Orlando Magic,1,32.39,6.0,12.0,0.5,0.0,0.0,,4.0,4.0,1.0,2.0,4.0,6.0,2.0,0.0,1.0,0.0,2.0,16.0,-2.0,https://www.basketball-reference.com/boxscores/201103090SAC.html,2010-11
Jason Thompson,2011-03-11,Sacramento Kings,San Antonio Spurs,0,25.46,4.0,6.0,0.667,0.0,0.0,,4.0,5.0,0.8,0.0,5.0,5.0,0.0,2.0,1.0,3.0,5.0,12.0,-14.0,https://www.basketball-reference.com/boxscores/201103110SAS.html,2010-11
Jason Thompson,2011-03-12,Sacramento Kings,New Orleans Hornets,0,26.52,4.0,9.0,0.444,0.0,0.0,,2.0,5.0,0.4,4.0,5.0,9.0,0.0,0.0,3.0,0.0,5.0,10.0,-14.0,https://www.basketball-reference.com/boxscores/201103120NOH.html,2010-11
Jason Thompson,2011-03-14,Sacramento Kings,Golden State Warriors,1,29.06,4.0,7.0,0.5710000000000001,0.0,1.0,0.0,0.0,0.0,,2.0,4.0,6.0,2.0,0.0,1.0,2.0,5.0,8.0,-5.0,https://www.basketball-reference.com/boxscores/201103140SAC.html,2010-11
Jason Thompson,2011-03-16,Sacramento Kings,Cleveland Cavaliers,1,15.4,0.0,6.0,0.0,0.0,0.0,,2.0,4.0,0.5,4.0,2.0,6.0,0.0,1.0,0.0,2.0,3.0,2.0,-2.0,https://www.basketball-reference.com/boxscores/201103160SAC.html,2010-11
Jason Thompson,2011-03-18,Sacramento Kings,Philadelphia 76ers,1,21.32,1.0,6.0,0.16699999999999998,0.0,0.0,,2.0,4.0,0.5,4.0,6.0,10.0,0.0,0.0,1.0,2.0,1.0,4.0,6.0,https://www.basketball-reference.com/boxscores/201103180SAC.html,2010-11
Jason Thompson,2011-03-20,Sacramento Kings,Minnesota Timberwolves,0,27.54,3.0,8.0,0.375,0.0,0.0,,0.0,0.0,,1.0,7.0,8.0,0.0,0.0,1.0,2.0,5.0,6.0,33.0,https://www.basketball-reference.com/boxscores/201103200MIN.html,2010-11
Jason Thompson,2011-03-21,Sacramento Kings,Chicago Bulls,0,22.5,1.0,6.0,0.16699999999999998,0.0,0.0,,2.0,4.0,0.5,2.0,2.0,4.0,3.0,0.0,0.0,3.0,2.0,4.0,-23.0,https://www.basketball-reference.com/boxscores/201103210CHI.html,2010-11
Jason Thompson,2011-03-23,Sacramento Kings,Milwaukee Bucks,0,16.28,2.0,5.0,0.4,0.0,0.0,,1.0,2.0,0.5,4.0,4.0,8.0,1.0,0.0,0.0,1.0,3.0,5.0,7.0,https://www.basketball-reference.com/boxscores/201103230MIL.html,2010-11
Jason Thompson,2011-03-25,Sacramento Kings,Indiana Pacers,0,28.2,4.0,7.0,0.5710000000000001,0.0,0.0,,0.0,1.0,0.0,2.0,7.0,9.0,2.0,0.0,1.0,2.0,2.0,8.0,18.0,https://www.basketball-reference.com/boxscores/201103250IND.html,2010-11
Jason Thompson,2011-03-27,Philadelphia 76ers,Sacramento Kings,1,25.47,5.0,8.0,0.625,0.0,0.0,,5.0,8.0,0.625,3.0,8.0,11.0,2.0,0.0,1.0,3.0,3.0,15.0,3.0,https://www.basketball-reference.com/boxscores/201103270PHI.html,2010-11
Jason Thompson,2011-03-29,Sacramento Kings,Phoenix Suns,1,35.02,7.0,10.0,0.7,0.0,0.0,,0.0,6.0,0.0,1.0,9.0,10.0,1.0,1.0,1.0,1.0,4.0,14.0,18.0,https://www.basketball-reference.com/boxscores/201103290SAC.html,2010-11
Jason Thompson,2011-03-30,Sacramento Kings,Denver Nuggets,0,36.04,4.0,5.0,0.8,0.0,0.0,,0.0,0.0,,0.0,6.0,6.0,1.0,0.0,0.0,5.0,3.0,8.0,-14.0,https://www.basketball-reference.com/boxscores/201103300DEN.html,2010-11
Jason Thompson,2015-12-02,Golden State Warriors,Charlotte Hornets,0,5.57,0.0,1.0,0.0,0.0,0.0,,0.0,0.0,,0.0,4.0,4.0,0.0,0.0,1.0,1.0,1.0,0.0,-4.0,https://www.basketball-reference.com/boxscores/201512020CHO.html,2015-16
Jason Thompson,2015-12-05,Golden State Warriors,Toronto Raptors,0,,,,,,,,,,,,,,,,,,,,,https://www.basketball-reference.com/boxscores/201512050TOR.html,2015-16
Jason Thompson,2015-12-06,Golden State Warriors,Brooklyn Nets,0,2.11,1.0,1.0,1.0,0.0,0.0,,0.0,0.0,,0.0,1.0,1.0,0.0,0.0,0.0,0.0,0.0,2.0,-2.0,https://www.basketball-reference.com/boxscores/201512060BRK.html,2015-16
Jason Thompson,2015-12-08,Golden State Warriors,Indiana Pacers,0,,,,,,,,,,,,,,,,,,,,,https://www.basketball-reference.com/boxscores/201512080IND.html,2015-16
Jason Thompson,2015-12-11,Boston Celtics,Golden State Warriors,1,,,,,,,,,,,,,,,,,,,,,https://www.basketball-reference.com/boxscores/201512110BOS.html,2015-16
Jason Thompson,2015-12-12,Golden State Warriors,Milwaukee Bucks,0,5.03,0.0,0.0,,0.0,0.0,,0.0,0.0,,0.0,0.0,0.0,0.0,0.0,1.0,0.0,1.0,0.0,-9.0,https://www.basketball-reference.com/boxscores/201512120MIL.html,2015-16
Jason Thompson,2015-12-16,Golden State Warriors,Phoenix Suns,1,4.06,0.0,0.0,,0.0,0.0,,0.0,0.0,,0.0,3.0,3.0,0.0,0.0,0.0,0.0,0.0,0.0,-12.0,https://www.basketball-reference.com/boxscores/201512160GSW.html,2015-16
Jason Thompson,2015-12-18,Golden State Warriors,Milwaukee Bucks,1,3.39,1.0,1.0,1.0,0.0,0.0,,0.0,0.0,,0.0,0.0,0.0,0.0,0.0,0.0,0.0,2.0,2.0,-4.0,https://www.basketball-reference.com/boxscores/201512180GSW.html,2015-16
Jason Thompson,2015-12-23,Golden State Warriors,Utah Jazz,1,,,,,,,,,,,,,,,,,,,,,https://www.basketball-reference.com/boxscores/201512230GSW.html,2015-16
Jason Thompson,2015-12-25,Golden State Warriors,Cleveland Cavaliers,1,,,,,,,,,,,,,,,,,,,,,https://www.basketball-reference.com/boxscores/201512250GSW.html,2015-16
Jason Thompson,2015-12-28,Golden State Warriors,Sacramento Kings,1,8.09,1.0,2.0,0.5,0.0,0.0,,1.0,2.0,0.5,1.0,1.0,2.0,3.0,0.0,0.0,1.0,4.0,3.0,2.0,https://www.basketball-reference.com/boxscores/201512280GSW.html,2015-16
Jason Thompson,2015-12-30,Golden State Warriors,Dallas Mavericks,0,10.08,0.0,2.0,0.0,0.0,0.0,,4.0,6.0,0.667,1.0,3.0,4.0,1.0,0.0,0.0,0.0,2.0,4.0,-6.0,https://www.basketball-reference.com/boxscores/201512300DAL.html,2015-16
Jason Thompson,2015-12-31,Golden State Warriors,Houston Rockets,0,,,,,,,,,,,,,,,,,,,,,https://www.basketball-reference.com/boxscores/201512310HOU.html,2015-16
Jason Thompson,2016-01-04,Golden State Warriors,Charlotte Hornets,1,,,,,,,,,,,,,,,,,,,,,https://www.basketball-reference.com/boxscores/201601040GSW.html,2015-16
Jason Thompson,2016-01-05,Golden State Warriors,Los Angeles Lakers,0,12.12,2.0,2.0,1.0,0.0,0.0,,0.0,0.0,,0.0,3.0,3.0,0.0,0.0,1.0,0.0,4.0,4.0,-9.0,https://www.basketball-reference.com/boxscores/201601050LAL.html,2015-16
Jason Thompson,2016-01-08,Golden State Warriors,Portland Trail Blazers,0,,,,,,,,,,,,,,,,,,,,,https://www.basketball-reference.com/boxscores/201601080POR.html,2015-16
Jason Thompson,2016-01-09,Golden State Warriors,Sacramento Kings,0,,,,,,,,,,,,,,,,,,,,,https://www.basketball-reference.com/boxscores/201601090SAC.html,2015-16
Jason Thompson,2016-01-11,Golden State Warriors,Miami Heat,1,,,,,,,,,,,,,,,,,,,,,https://www.basketball-reference.com/boxscores/201601110GSW.html,2015-16
Jason Thompson,2016-01-13,Golden State Warriors,Denver Nuggets,0,12.49,1.0,4.0,0.25,0.0,0.0,,2.0,2.0,1.0,1.0,3.0,4.0,1.0,0.0,1.0,0.0,3.0,4.0,3.0,https://www.basketball-reference.com/boxscores/201601130DEN.html,2015-16
Jason Thompson,2016-01-14,Golden State Warriors,Los Angeles Lakers,1,,,,,,,,,,,,,,,,,,,,,https://www.basketball-reference.com/boxscores/201601140GSW.html,2015-16
Jason Thompson,2016-01-16,Golden State Warriors,Detroit Pistons,0,,,,,,,,,,,,,,,,,,,,,https://www.basketball-reference.com/boxscores/201601160DET.html,2015-16
Jason Thompson,2016-01-18,Golden State Warriors,Cleveland Cavaliers,0,6.44,0.0,1.0,0.0,0.0,0.0,,1.0,2.0,0.5,0.0,3.0,3.0,1.0,0.0,0.0,0.0,3.0,1.0,-3.0,https://www.basketball-reference.com/boxscores/201601180CLE.html,2015-16
Jason Thompson,2016-01-20,Golden State Warriors,Chicago Bulls,0,3.53,0.0,0.0,,0.0,0.0,,1.0,2.0,0.5,0.0,3.0,3.0,1.0,0.0,1.0,0.0,0.0,1.0,7.0,https://www.basketball-reference.com/boxscores/201601200CHI.html,2015-16
Jason Thompson,2016-01-22,Golden State Warriors,Indiana Pacers,1,,,,,,,,,,,,,,,,,,,,,https://www.basketball-reference.com/boxscores/201601220GSW.html,2015-16
Jason Thompson,2016-01-25,Golden State Warriors,San Antonio Spurs,1,6.59,1.0,2.0,0.5,0.0,0.0,,2.0,2.0,1.0,0.0,2.0,2.0,1.0,1.0,0.0,1.0,1.0,4.0,3.0,https://www.basketball-reference.com/boxscores/201601250GSW.html,2015-16
Jason Thompson,2016-01-27,Golden State Warriors,Dallas Mavericks,1,3.28,3.0,3.0,1.0,0.0,0.0,,0.0,0.0,,0.0,1.0,1.0,0.0,0.0,0.0,0.0,0.0,6.0,3.0,https://www.basketball-reference.com/boxscores/201601270GSW.html,2015-16
Jason Thompson,2016-01-30,Golden State Warriors,Philadelphia 76ers,0,10.39,1.0,1.0,1.0,0.0,0.0,,0.0,0.0,,0.0,1.0,1.0,1.0,0.0,0.0,1.0,4.0,2.0,3.0,https://www.basketball-reference.com/boxscores/201601300PHI.html,2015-16
Jason Thompson,2016-01-31,Golden State Warriors,New York Knicks,0,3.11,0.0,0.0,,0.0,0.0,,1.0,2.0,0.5,0.0,0.0,0.0,0.0,0.0,1.0,0.0,0.0,1.0,2.0,https://www.basketball-reference.com/boxscores/201601310NYK.html,2015-16
Jason Thompson,2016-02-03,Golden State Warriors,Washington Wizards,0,,,,,,,,,,,,,,,,,,,,,https://www.basketball-reference.com/boxscores/201602030WAS.html,2015-16
Jason Thompson,2016-02-06,Golden State Warriors,Oklahoma City Thunder,1,,,,,,,,,,,,,,,,,,,,,https://www.basketball-reference.com/boxscores/201602060GSW.html,2015-16
Jason Thompson,2016-02-09,Golden State Warriors,Houston Rockets,1,,,,,,,,,,,,,,,,,,,,,https://www.basketball-reference.com/boxscores/201602090GSW.html,2015-16
Jason Thompson,2016-02-10,Golden State Warriors,Phoenix Suns,0,3.28,0.0,0.0,,0.0,0.0,,0.0,0.0,,0.0,0.0,0.0,1.0,0.0,0.0,0.0,2.0,0.0,-8.0,https://www.basketball-reference.com/boxscores/201602100PHO.html,2015-16
Jason Thompson,2016-02-19,Golden State Warriors,Portland Trail Blazers,0,6.21,0.0,1.0,0.0,0.0,0.0,,2.0,4.0,0.5,1.0,1.0,2.0,0.0,1.0,0.0,0.0,0.0,2.0,-5.0,https://www.basketball-reference.com/boxscores/201602190POR.html,2015-16
Jason Thompson,2016-02-20,Golden State Warriors,Los Angeles Clippers,0,1.34,0.0,0.0,,0.0,0.0,,0.0,0.0,,0.0,0.0,0.0,0.0,0.0,0.0,0.0,0.0,0.0,-10.0,https://www.basketball-reference.com/boxscores/201602200LAC.html,2015-16
Jason Thompson,2016-03-02,Toronto Raptors,Utah Jazz,1,,,,,,,,,,,,,,,,,,,,,https://www.basketball-reference.com/boxscores/201603020TOR.html,2015-16
Jason Thompson,2016-03-04,Toronto Raptors,Portland Trail Blazers,1,1.12,0.0,0.0,,0.0,0.0,,0.0,0.0,,0.0,0.0,0.0,0.0,0.0,0.0,0.0,0.0,0.0,-2.0,https://www.basketball-reference.com/boxscores/201603040TOR.html,2015-16
Jason Thompson,2016-03-06,Toronto Raptors,Houston Rockets,1,,,,,,,,,,,,,,,,,,,,,https://www.basketball-reference.com/boxscores/201603060TOR.html,2015-16
Jason Thompson,2016-03-08,Toronto Raptors,Brooklyn Nets,1,24.05,4.0,6.0,0.667,1.0,2.0,0.5,0.0,0.0,,1.0,4.0,5.0,2.0,1.0,2.0,2.0,3.0,9.0,-2.0,https://www.basketball-reference.com/boxscores/201603080TOR.html,2015-16
Jason Thompson,2016-03-10,Toronto Raptors,Atlanta Hawks,1,,,,,,,,,,,,,,,,,,,,,https://www.basketball-reference.com/boxscores/201603100TOR.html,2015-16
Jason Thompson,2016-03-14,Toronto Raptors,Chicago Bulls,1,12.26,2.0,2.0,1.0,0.0,0.0,,3.0,3.0,1.0,1.0,3.0,4.0,0.0,1.0,0.0,0.0,1.0,7.0,5.0,https://www.basketball-reference.com/boxscores/201603140TOR.html,2015-16
Jason Thompson,2016-03-15,Toronto Raptors,Milwaukee Bucks,0,23.06,1.0,3.0,0.333,0.0,0.0,,0.0,0.0,,2.0,4.0,6.0,0.0,1.0,1.0,1.0,5.0,2.0,5.0,https://www.basketball-reference.com/boxscores/201603150MIL.html,2015-16
Jason Thompson,2016-03-17,Indiana Pacers,Toronto Raptors,1,10.47,0.0,0.0,,0.0,0.0,,4.0,4.0,1.0,1.0,1.0,2.0,0.0,0.0,0.0,1.0,3.0,4.0,-12.0,https://www.basketball-reference.com/boxscores/201603170IND.html,2015-16
Jason Thompson,2016-03-18,Toronto Raptors,Boston Celtics,1,24.27,1.0,3.0,0.333,0.0,2.0,0.0,3.0,3.0,1.0,0.0,5.0,5.0,1.0,1.0,2.0,0.0,3.0,5.0,10.0,https://www.basketball-reference.com/boxscores/201603180TOR.html,2015-16
Jason Thompson,2016-03-20,Toronto Raptors,Orlando Magic,1,27.41,2.0,7.0,0.28600000000000003,0.0,0.0,,4.0,5.0,0.8,5.0,5.0,10.0,1.0,2.0,0.0,1.0,3.0,8.0,13.0,https://www.basketball-reference.com/boxscores/201603200TOR.html,2015-16
Jason Thompson,2016-03-23,Toronto Raptors,Boston Celtics,0,24.02,3.0,5.0,0.6,0.0,0.0,,0.0,1.0,0.0,3.0,7.0,10.0,1.0,0.0,1.0,1.0,2.0,6.0,-4.0,https://www.basketball-reference.com/boxscores/201603230BOS.html,2015-16
Jason Thompson,2016-03-25,Toronto Raptors,Houston Rockets,0,,,,,,,,,,,,,,,,,,,,,https://www.basketball-reference.com/boxscores/201603250HOU.html,2015-16
Jason Thompson,2016-03-26,Toronto Raptors,New Orleans Pelicans,0,6.49,1.0,2.0,0.5,0.0,1.0,0.0,0.0,0.0,,0.0,1.0,1.0,0.0,1.0,0.0,0.0,1.0,2.0,-3.0,https://www.basketball-reference.com/boxscores/201603260NOP.html,2015-16
Jason Thompson,2016-03-28,Toronto Raptors,Oklahoma City Thunder,1,3.41,1.0,1.0,1.0,0.0,0.0,,0.0,0.0,,1.0,1.0,2.0,0.0,0.0,1.0,0.0,2.0,2.0,4.0,https://www.basketball-reference.com/boxscores/201603280TOR.html,2015-16
Jason Thompson,2016-03-30,Toronto Raptors,Atlanta Hawks,1,15.13,1.0,3.0,0.333,0.0,0.0,,0.0,0.0,,1.0,2.0,3.0,0.0,0.0,1.0,0.0,3.0,2.0,10.0,https://www.basketball-reference.com/boxscores/201603300TOR.html,2015-16
Jason Thompson,2009-12-02,Sacramento Kings,Indiana Pacers,1,40.03,9.0,17.0,0.529,0.0,0.0,,4.0,5.0,0.8,3.0,3.0,6.0,2.0,0.0,1.0,3.0,2.0,22.0,7.0,https://www.basketball-reference.com/boxscores/200912020SAC.html,2009-10
Jason Thompson,2009-12-05,Sacramento Kings,Phoenix Suns,0,23.15,5.0,9.0,0.556,0.0,0.0,,3.0,4.0,0.75,1.0,3.0,4.0,0.0,0.0,0.0,1.0,4.0,13.0,-6.0,https://www.basketball-reference.com/boxscores/200912050PHO.html,2009-10
Jason Thompson,2009-12-06,Sacramento Kings,Miami Heat,1,33.26,2.0,9.0,0.222,0.0,0.0,,1.0,2.0,0.5,4.0,4.0,8.0,4.0,0.0,0.0,1.0,1.0,5.0,-11.0,https://www.basketball-reference.com/boxscores/200912060SAC.html,2009-10
Jason Thompson,2009-12-08,Sacramento Kings,New Orleans Hornets,0,30.11,9.0,13.0,0.6920000000000001,0.0,0.0,,2.0,5.0,0.4,1.0,8.0,9.0,1.0,0.0,0.0,2.0,6.0,20.0,2.0,https://www.basketball-reference.com/boxscores/200912080NOH.html,2009-10
Jason Thompson,2009-12-09,Sacramento Kings,San Antonio Spurs,0,41.45,8.0,14.0,0.5710000000000001,0.0,0.0,,3.0,5.0,0.6,1.0,8.0,9.0,3.0,1.0,0.0,1.0,5.0,19.0,-16.0,https://www.basketball-reference.com/boxscores/200912090SAS.html,2009-10
Jason Thompson,2009-12-12,Sacramento Kings,Minnesota Timberwolves,1,34.25,11.0,17.0,0.647,0.0,0.0,,1.0,3.0,0.333,6.0,6.0,12.0,3.0,1.0,1.0,2.0,1.0,23.0,10.0,https://www.basketball-reference.com/boxscores/200912120SAC.html,2009-10
Jason Thompson,2009-12-15,Sacramento Kings,Portland Trail Blazers,0,40.05,7.0,12.0,0.583,0.0,0.0,,4.0,7.0,0.5710000000000001,1.0,8.0,9.0,2.0,0.0,1.0,4.0,4.0,18.0,-4.0,https://www.basketball-reference.com/boxscores/200912150POR.html,2009-10
Jason Thompson,2009-12-16,Sacramento Kings,Washington Wizards,1,36.13,7.0,11.0,0.636,0.0,0.0,,3.0,4.0,0.75,6.0,7.0,13.0,0.0,0.0,2.0,0.0,5.0,17.0,-4.0,https://www.basketball-reference.com/boxscores/200912160SAC.html,2009-10
Jason Thompson,2009-12-18,Sacramento Kings,Minnesota Timberwolves,0,39.41,9.0,15.0,0.6,0.0,1.0,0.0,0.0,1.0,0.0,3.0,6.0,9.0,2.0,1.0,3.0,3.0,1.0,18.0,-23.0,https://www.basketball-reference.com/boxscores/200912180MIN.html,2009-10
Jason Thompson,2009-12-19,Sacramento Kings,Milwaukee Bucks,0,39.26,8.0,16.0,0.5,0.0,1.0,0.0,6.0,8.0,0.75,3.0,7.0,10.0,4.0,0.0,2.0,3.0,3.0,22.0,0.0,https://www.basketball-reference.com/boxscores/200912190MIL.html,2009-10
Jason Thompson,2009-12-21,Sacramento Kings,Chicago Bulls,0,39.37,6.0,13.0,0.462,0.0,1.0,0.0,2.0,2.0,1.0,4.0,3.0,7.0,2.0,2.0,0.0,3.0,4.0,14.0,2.0,https://www.basketball-reference.com/boxscores/200912210CHI.html,2009-10
Jason Thompson,2009-12-28,Sacramento Kings,Denver Nuggets,1,38.23,5.0,12.0,0.417,0.0,0.0,,5.0,5.0,1.0,3.0,8.0,11.0,2.0,0.0,0.0,1.0,4.0,15.0,6.0,https://www.basketball-reference.com/boxscores/200912280SAC.html,2009-10
Jason Thompson,2009-12-30,Sacramento Kings,Philadelphia 76ers,1,32.5,7.0,14.0,0.5,0.0,0.0,,1.0,1.0,1.0,3.0,8.0,11.0,4.0,1.0,2.0,0.0,2.0,15.0,-9.0,https://www.basketball-reference.com/boxscores/200912300SAC.html,2009-10
Jason Thompson,2010-01-01,Sacramento Kings,Los Angeles Lakers,0,24.36,0.0,4.0,0.0,0.0,0.0,,0.0,2.0,0.0,2.0,4.0,6.0,2.0,0.0,0.0,2.0,6.0,0.0,-4.0,https://www.basketball-reference.com/boxscores/201001010LAL.html,2009-10
Jason Thompson,2010-01-02,Sacramento Kings,Dallas Mavericks,1,36.2,7.0,15.0,0.467,0.0,0.0,,1.0,1.0,1.0,6.0,4.0,10.0,1.0,0.0,0.0,3.0,4.0,15.0,-13.0,https://www.basketball-reference.com/boxscores/201001020SAC.html,2009-10
Jason Thompson,2010-01-05,Sacramento Kings,Phoenix Suns,1,33.13,6.0,16.0,0.375,0.0,0.0,,2.0,3.0,0.667,4.0,6.0,10.0,3.0,2.0,2.0,5.0,4.0,14.0,-11.0,https://www.basketball-reference.com/boxscores/201001050SAC.html,2009-10
Jason Thompson,2010-01-08,Sacramento Kings,Golden State Warriors,0,35.22,5.0,14.0,0.35700000000000004,0.0,0.0,,1.0,3.0,0.333,3.0,4.0,7.0,6.0,0.0,1.0,4.0,3.0,11.0,-9.0,https://www.basketball-reference.com/boxscores/201001080GSW.html,2009-10
Jason Thompson,2010-01-09,Sacramento Kings,Denver Nuggets,1,21.21,2.0,8.0,0.25,0.0,1.0,0.0,1.0,2.0,0.5,0.0,5.0,5.0,0.0,0.0,0.0,3.0,4.0,5.0,7.0,https://www.basketball-reference.com/boxscores/201001090SAC.html,2009-10
Jason Thompson,2010-01-12,Sacramento Kings,Orlando Magic,1,19.1,2.0,8.0,0.25,0.0,0.0,,2.0,2.0,1.0,2.0,3.0,5.0,0.0,1.0,0.0,3.0,3.0,6.0,-5.0,https://www.basketball-reference.com/boxscores/201001120SAC.html,2009-10
Jason Thompson,2010-01-15,Sacramento Kings,Philadelphia 76ers,0,39.16,7.0,13.0,0.5379999999999999,0.0,0.0,,5.0,6.0,0.833,4.0,12.0,16.0,5.0,0.0,3.0,4.0,3.0,19.0,-1.0,https://www.basketball-reference.com/boxscores/201001150PHI.html,2009-10
Jason Thompson,2010-01-16,Sacramento Kings,Washington Wizards,0,23.23,1.0,5.0,0.2,0.0,0.0,,5.0,6.0,0.833,0.0,6.0,6.0,1.0,0.0,2.0,3.0,4.0,7.0,-3.0,https://www.basketball-reference.com/boxscores/201001160WAS.html,2009-10
Jason Thompson,2010-01-18,Sacramento Kings,Charlotte Bobcats,0,16.02,3.0,10.0,0.3,0.0,1.0,0.0,0.0,0.0,,2.0,2.0,4.0,1.0,0.0,0.0,0.0,5.0,6.0,-4.0,https://www.basketball-reference.com/boxscores/201001180CHA.html,2009-10
Jason Thompson,2010-01-20,Sacramento Kings,Atlanta Hawks,0,36.21,6.0,14.0,0.429,0.0,0.0,,2.0,2.0,1.0,1.0,4.0,5.0,0.0,0.0,1.0,2.0,3.0,14.0,-8.0,https://www.basketball-reference.com/boxscores/201001200ATL.html,2009-10
Jason Thompson,2010-01-22,Sacramento Kings,Orlando Magic,0,25.57,2.0,8.0,0.25,0.0,0.0,,6.0,9.0,0.667,3.0,7.0,10.0,0.0,0.0,0.0,1.0,5.0,10.0,-20.0,https://www.basketball-reference.com/boxscores/201001220ORL.html,2009-10
Jason Thompson,2010-01-23,Sacramento Kings,Miami Heat,0,22.53,2.0,6.0,0.333,0.0,0.0,,2.0,3.0,0.667,3.0,4.0,7.0,0.0,0.0,2.0,0.0,4.0,6.0,-22.0,https://www.basketball-reference.com/boxscores/201001230MIA.html,2009-10
Jason Thompson,2010-01-26,Sacramento Kings,Golden State Warriors,1,13.54,2.0,6.0,0.333,0.0,0.0,,0.0,0.0,,1.0,5.0,6.0,0.0,0.0,0.0,3.0,4.0,4.0,-2.0,https://www.basketball-reference.com/boxscores/201001260SAC.html,2009-10
Jason Thompson,2010-01-29,Sacramento Kings,Utah Jazz,0,27.13,3.0,8.0,0.375,0.0,0.0,,1.0,2.0,0.5,1.0,3.0,4.0,2.0,1.0,0.0,2.0,6.0,7.0,-11.0,https://www.basketball-reference.com/boxscores/201001290UTA.html,2009-10
Jason Thompson,2010-01-30,Sacramento Kings,Charlotte Bobc,1,34.43,6.0,12.0,0.5,0.0,0.0,,0.0,2.0,0.0,5.0,11.0,16.0,1.0,2.0,1.0,3.0,6.0,12.0,8.0,https://www.basketball-reference.com/boxscores/201001300SAC.html,2009-10
Jason Thompson,2010-02-01,Denver Nuggets,Sacramento Kings,1,18.31,2.0,5.0,0.4,0.0,0.0,,0.0,0.0,,0.0,4.0,4.0,1.0,0.0,1.0,2.0,2.0,4.0,-5.0,https://www.basketball-reference.com/boxscores/201002010DEN.html,2009-10
Jason Thompson,2010-02-07,Sacramento Kings,Toronto Raptors,0,22.09,4.0,7.0,0.5710000000000001,0.0,0.0,,2.0,3.0,0.667,2.0,4.0,6.0,1.0,1.0,1.0,0.0,5.0,10.0,1.0,https://www.basketball-reference.com/boxscores/201002070TOR.html,2009-10
Jason Thompson,2010-02-09,New York Knicks,Sacramento Kings,1,33.53,5.0,8.0,0.625,0.0,0.0,,2.0,2.0,1.0,5.0,6.0,11.0,1.0,1.0,2.0,3.0,4.0,12.0,8.0,https://www.basketball-reference.com/boxscores/201002090NYK.html,2009-10
Jason Thompson,2010-02-10,Sacramento Kings,Detroit Pistons,0,27.4,2.0,9.0,0.222,0.0,0.0,,1.0,2.0,0.5,4.0,5.0,9.0,3.0,0.0,2.0,3.0,4.0,5.0,8.0,https://www.basketball-reference.com/boxscores/201002100DET.html,2009-10
Jason Thompson,2010-02-16,Sacramento Kings,Boston Celtics,1,30.56,6.0,14.0,0.429,0.0,0.0,,2.0,4.0,0.5,4.0,7.0,11.0,0.0,0.0,4.0,0.0,3.0,14.0,-5.0,https://www.basketball-reference.com/boxscores/201002160SAC.html,2009-10
Jason Thompson,2010-02-17,Sacramento Kings,Golden State Warriors,0,28.16,6.0,18.0,0.333,0.0,0.0,,5.0,7.0,0.7140000000000001,8.0,7.0,15.0,1.0,0.0,0.0,2.0,4.0,17.0,-22.0,https://www.basketball-reference.com/boxscores/201002170GSW.html,2009-10
Jason Thompson,2010-02-20,Sacramento Kings,Los Angeles Clippers,0,26.14,4.0,9.0,0.444,0.0,0.0,,1.0,2.0,0.5,2.0,5.0,7.0,0.0,2.0,0.0,2.0,5.0,9.0,-5.0,https://www.basketball-reference.com/boxscores/201002200LAC.html,2009-10
Jason Thompson,2010-02-21,Sacramento Kings,Phoenix Suns,0,30.19,4.0,8.0,0.5,0.0,0.0,,2.0,4.0,0.5,2.0,7.0,9.0,0.0,1.0,1.0,1.0,3.0,10.0,-17.0,https://www.basketball-reference.com/boxscores/201002210PHO.html,2009-10
Jason Thompson,2010-02-23,Sacramento Kings,Detroit Pistons,1,27.45,3.0,7.0,0.429,0.0,0.0,,1.0,2.0,0.5,1.0,7.0,8.0,1.0,0.0,4.0,1.0,3.0,7.0,-28.0,https://www.basketball-reference.com/boxscores/201002230SAC.html,2009-10
Jason Thompson,2010-03-07,Sacramento Kings,Oklahoma City Thunder,1,29.53,5.0,12.0,0.417,0.0,0.0,,1.0,1.0,1.0,3.0,5.0,8.0,1.0,0.0,0.0,2.0,4.0,11.0,4.0,https://www.basketball-reference.com/boxscores/201003070SAC.html,2009-10
Jason Thompson,2010-03-09,Sacramento Kings,Portland Trail Blazers,0,12.56,2.0,4.0,0.5,0.0,0.0,,0.0,1.0,0.0,0.0,2.0,2.0,0.0,0.0,0.0,3.0,3.0,4.0,2.0,https://www.basketball-reference.com/boxscores/201003090POR.html,2009-10
Jason Thompson,2010-03-10,Sacramento Kings,Toronto Raptors,1,24.41,5.0,9.0,0.556,0.0,0.0,,0.0,0.0,,3.0,2.0,5.0,1.0,2.0,0.0,1.0,2.0,10.0,12.0,https://www.basketball-reference.com/boxscores/201003100SAC.html,2009-10
Jason Thompson,2010-03-12,Sacramento Kings,Portland Trail Blazers,1,25.4,6.0,9.0,0.667,0.0,0.0,,3.0,5.0,0.6,1.0,1.0,2.0,2.0,0.0,0.0,2.0,5.0,15.0,-1.0,https://www.basketball-reference.com/boxscores/201003120SAC.html,2009-10
Jason Thompson,2010-03-14,Sacramento Kings,Minnesota Timberwolves,1,22.36,6.0,7.0,0.857,0.0,0.0,,3.0,6.0,0.5,1.0,7.0,8.0,1.0,1.0,2.0,2.0,3.0,15.0,-6.0,https://www.basketball-reference.com/boxscores/201003140SAC.html,2009-10
Jason Thompson,2010-03-16,Sacramento Kings,Los Angeles Lakers,1,24.37,5.0,8.0,0.625,0.0,0.0,,4.0,6.0,0.667,1.0,9.0,10.0,1.0,1.0,2.0,1.0,5.0,14.0,4.0,https://www.basketball-reference.com/boxscores/201003160SAC.html,2009-10
Jason Thompson,2010-03-21,Sacramento Kings,Los Angeles Clippers,0,23.24,2.0,7.0,0.28600000000000003,0.0,1.0,0.0,2.0,4.0,0.5,2.0,4.0,6.0,3.0,0.0,2.0,1.0,1.0,6.0,-1.0,https://www.basketball-reference.com/boxscores/201003210LAC.html,2009-10
Jason Thompson,2010-03-22,Sacramento Kings,Memphis Grizzlies,1,17.17,1.0,4.0,0.25,0.0,0.0,,2.0,2.0,1.0,1.0,1.0,2.0,0.0,0.0,1.0,0.0,5.0,4.0,11.0,https://www.basketball-reference.com/boxscores/201003220SAC.html,2009-10
Jason Thompson,2010-03-24,Sacramento Kings,New Jersey Nets,0,23.49,2.0,6.0,0.333,0.0,0.0,,4.0,6.0,0.667,3.0,8.0,11.0,1.0,3.0,0.0,0.0,3.0,8.0,-4.0,https://www.basketball-reference.com/boxscores/201003240NJN.html,2009-10
Jason Thompson,2010-03-26,Sacramento Kings,Boston Celtics,0,20.12,4.0,7.0,0.5710000000000001,0.0,0.0,,4.0,6.0,0.667,3.0,2.0,5.0,1.0,0.0,1.0,2.0,6.0,12.0,-3.0,https://www.basketball-reference.com/boxscores/201003260BOS.html,2009-10
Jason Thompson,2010-03-28,Sacramento Kings,Cleveland Cavaliers,0,48.0,6.0,11.0,0.545,0.0,0.0,,4.0,4.0,1.0,4.0,10.0,14.0,1.0,2.0,1.0,1.0,3.0,16.0,-7.0,https://www.basketball-reference.com/boxscores/201003280CLE.html,2009-10
Jason Thompson,2010-03-30,Sacramento Kings,Indiana Pacers,0,32.14,6.0,14.0,0.429,0.0,0.0,,6.0,6.0,1.0,4.0,7.0,11.0,1.0,0.0,0.0,1.0,4.0,18.0,-1.0,https://www.basketball-reference.com/boxscores/201003300IND.html,2009-10
Jason Thompson,2010-03-31,Sacramento Kings,Minnesota Timberwolves,0,36.47,7.0,10.0,0.7,0.0,0.0,,1.0,1.0,1.0,2.0,5.0,7.0,0.0,0.0,0.0,3.0,2.0,15.0,-14.0,https://www.basketball-reference.com/boxscores/201003310MIN.html,2009-10
Jason Thompson,2008-12-02,Sacramento Kings,Utah Jazz,1,11.13,0.0,1.0,0.0,0.0,0.0,,0.0,0.0,,0.0,0.0,0.0,0.0,0.0,0.0,1.0,2.0,0.0,-12.0,https://www.basketball-reference.com/boxscores/200812020SAC.html,2008-09
Jason Thompson,2008-12-06,Sacramento Kings,Denver Nuggets,1,29.37,4.0,16.0,0.25,0.0,0.0,,0.0,2.0,0.0,10.0,5.0,15.0,1.0,3.0,2.0,2.0,2.0,8.0,-17.0,https://www.basketball-reference.com/boxscores/200812060SAC.html,2008-09
Jason Thompson,2008-12-09,Sacramento Kings,Los Angeles Lakers,1,15.56,2.0,6.0,0.333,0.0,0.0,,0.0,0.0,,3.0,5.0,8.0,1.0,0.0,0.0,2.0,3.0,4.0,3.0,https://www.basketball-reference.com/boxscores/200812090SAC.html,2008-09
Jason Thompson,2008-12-12,Sacramento Kings,Los Angeles Lakers,0,22.45,4.0,9.0,0.444,0.0,0.0,,1.0,2.0,0.5,2.0,6.0,8.0,3.0,0.0,0.0,2.0,2.0,9.0,5.0,https://www.basketball-reference.com/boxscores/200812120LAL.html,2008-09
Jason Thompson,2008-12-13,Sacramento Kings,New York Knicks,1,34.01,4.0,12.0,0.333,0.0,0.0,,4.0,6.0,0.667,5.0,6.0,11.0,0.0,0.0,0.0,1.0,5.0,12.0,-12.0,https://www.basketball-reference.com/boxscores/200812130SAC.html,2008-09
Jason Thompson,2008-12-15,Sacramento Kings,Minnesota Timberwolves,1,24.41,5.0,10.0,0.5,0.0,0.0,,0.0,0.0,,1.0,4.0,5.0,2.0,1.0,2.0,2.0,2.0,10.0,8.0,https://www.basketball-reference.com/boxscores/200812150SAC.html,2008-09
Jason Thompson,2008-12-16,Sacramento Kings,Portland Trail Blazers,0,19.38,2.0,9.0,0.222,0.0,0.0,,0.0,0.0,,1.0,3.0,4.0,1.0,0.0,2.0,4.0,4.0,4.0,-1.0,https://www.basketball-reference.com/boxscores/200812160POR.html,2008-09
Jason Thompson,2008-12-19,Sacramento Kings,Houston Rockets,0,15.04,1.0,2.0,0.5,0.0,0.0,,0.0,0.0,,1.0,3.0,4.0,1.0,1.0,1.0,3.0,2.0,2.0,2.0,https://www.basketball-reference.com/boxscores/200812190HOU.html,2008-09
Jason Thompson,2008-12-20,Sacramento Kings,New Orleans Hornets,0,27.08,3.0,7.0,0.429,0.0,1.0,0.0,0.0,0.0,,2.0,8.0,10.0,1.0,0.0,0.0,3.0,4.0,6.0,2.0,https://www.basketball-reference.com/boxscores/200812200NOH.html,2008-09
Jason Thompson,2008-12-22,Sacramento Kings,San Antonio Spurs,0,24.5,3.0,7.0,0.429,0.0,0.0,,3.0,4.0,0.75,4.0,2.0,6.0,2.0,0.0,0.0,0.0,2.0,9.0,-6.0,https://www.basketball-reference.com/boxscores/200812220SAS.html,2008-09
Jason Thompson,2008-12-26,Sacramento Kings,Toronto Raptors,1,17.33,3.0,7.0,0.429,0.0,0.0,,2.0,2.0,1.0,2.0,1.0,3.0,0.0,0.0,0.0,3.0,3.0,8.0,-2.0,https://www.basketball-reference.com/boxscores/200812260SAC.html,2008-09
Jason Thompson,2008-12-28,Sacramento Kings,Boston Celtics,1,21.06,2.0,6.0,0.333,0.0,0.0,,5.0,8.0,0.625,2.0,4.0,6.0,1.0,1.0,0.0,2.0,2.0,9.0,-14.0,https://www.basketball-reference.com/boxscores/200812280SAC.html,2008-09
Jason Thompson,2008-12-30,Sacramento Kings,Los Angeles Clippers,1,26.07,4.0,7.0,0.5710000000000001,0.0,0.0,,2.0,6.0,0.333,3.0,7.0,10.0,0.0,0.0,1.0,2.0,4.0,10.0,1.0,https://www.basketball-reference.com/boxscores/200812300SAC.html,2008-09
Jason Thompson,2009-01-02,Sacramento Kings,Detroit Pistons,0,24.29,3.0,7.0,0.429,0.0,0.0,,2.0,2.0,1.0,4.0,6.0,10.0,0.0,1.0,2.0,3.0,4.0,8.0,9.0,https://www.basketball-reference.com/boxscores/200901020DET.html,2008-09
Jason Thompson,2009-01-03,Sacramento Kings,Indiana Pacers,0,23.29,3.0,9.0,0.333,0.0,0.0,,3.0,3.0,1.0,1.0,3.0,4.0,0.0,1.0,3.0,3.0,5.0,9.0,-6.0,https://www.basketball-reference.com/boxscores/200901030IND.html,2008-09
Jason Thompson,2009-01-05,Sacramento Kings,New Jersey Nets,0,26.28,6.0,10.0,0.6,0.0,1.0,0.0,0.0,0.0,,3.0,3.0,6.0,2.0,0.0,0.0,0.0,5.0,12.0,7.0,https://www.basketball-reference.com/boxscores/200901050NJN.html,2008-09
Jason Thompson,2009-01-06,Sacramento Kings,Chicago Bulls,0,30.47,2.0,5.0,0.4,0.0,0.0,,3.0,4.0,0.75,2.0,5.0,7.0,0.0,0.0,1.0,0.0,5.0,7.0,-7.0,https://www.basketball-reference.com/boxscores/200901060CHI.html,2008-09
Jason Thompson,2009-01-11,Sacramento Kings,Dallas Mavericks,1,28.03,5.0,10.0,0.5,0.0,0.0,,2.0,2.0,1.0,2.0,3.0,5.0,3.0,0.0,0.0,0.0,4.0,12.0,13.0,https://www.basketball-reference.com/boxscores/200901110SAC.html,2008-09
Jason Thompson,2009-01-13,Sacramento Kings,Orlando Magic,1,24.07,4.0,9.0,0.444,0.0,0.0,,2.0,3.0,0.667,1.0,1.0,2.0,0.0,0.0,0.0,1.0,5.0,10.0,-15.0,https://www.basketball-reference.com/boxscores/200901130SAC.html,2008-09
Jason Thompson,2009-01-14,Golden State Warriors,Sacramento Kings,1,22.4,5.0,8.0,0.625,0.0,0.0,,2.0,2.0,1.0,3.0,6.0,9.0,1.0,0.0,0.0,0.0,2.0,12.0,16.0,https://www.basketball-reference.com/boxscores/200901140GSW.html,2008-09
Jason Thompson,2009-01-16,Sacramento Kings,Milwaukee Bucks,1,35.15,4.0,5.0,0.8,0.0,0.0,,14.0,15.0,0.933,1.0,10.0,11.0,2.0,0.0,1.0,2.0,4.0,22.0,2.0,https://www.basketball-reference.com/boxscores/200901160SAC.html,2008-09
Jason Thompson,2009-01-20,Sacramento Kings,Denver Nuggets,0,35.55,7.0,14.0,0.5,0.0,1.0,0.0,4.0,6.0,0.667,2.0,9.0,11.0,1.0,0.0,1.0,2.0,5.0,18.0,-6.0,https://www.basketball-reference.com/boxscores/200901200DEN.html,2008-09
Jason Thompson,2009-01-21,Sacramento Kings,Washington Wizards,1,22.06,5.0,8.0,0.625,0.0,0.0,,0.0,0.0,,2.0,3.0,5.0,1.0,0.0,0.0,1.0,6.0,10.0,-3.0,https://www.basketball-reference.com/boxscores/200901210SAC.html,2008-09
Jason Thompson,2009-01-24,Sacramento Kings,Milwaukee Bucks,0,28.49,6.0,9.0,0.667,0.0,0.0,,4.0,4.0,1.0,3.0,6.0,9.0,0.0,0.0,1.0,2.0,3.0,16.0,8.0,https://www.basketball-reference.com/boxscores/200901240MIL.html,2008-09
Jason Thompson,2009-01-25,Sacramento Kings,Toronto Raptors,0,35.03,6.0,12.0,0.5,0.0,0.0,,0.0,0.0,,2.0,4.0,6.0,0.0,0.0,1.0,1.0,5.0,12.0,-20.0,https://www.basketball-reference.com/boxscores/200901250TOR.html,2008-09
Jason Thompson,2009-01-27,Sacramento Kings,Cleveland Cavaliers,0,26.21,6.0,10.0,0.6,0.0,0.0,,4.0,4.0,1.0,1.0,1.0,2.0,0.0,1.0,0.0,1.0,4.0,16.0,-6.0,https://www.basketball-reference.com/boxscores/200901270CLE.html,2008-09
Jason Thompson,2009-01-28,Sacramento Kings,Boston Celtics,0,36.15,7.0,10.0,0.7,0.0,0.0,,7.0,7.0,1.0,5.0,6.0,11.0,4.0,0.0,0.0,3.0,5.0,21.0,2.0,https://www.basketball-reference.com/boxscores/200901280BOS.html,2008-09
Jason Thompson,2009-01-30,Sacramento Kings,Chicago Bulls,1,40.27,5.0,9.0,0.556,0.0,0.0,,5.0,7.0,0.7140000000000001,6.0,6.0,12.0,1.0,1.0,1.0,2.0,5.0,15.0,-12.0,https://www.basketball-reference.com/boxscores/200901300SAC.html,2008-09
Jason Thompson,2009-02-02,Sacramento Kings,Phoenix Suns,0,25.54,5.0,10.0,0.5,0.0,0.0,,2.0,4.0,0.5,4.0,4.0,8.0,2.0,1.0,0.0,3.0,6.0,12.0,-37.0,https://www.basketball-reference.com/boxscores/200902020PHO.html,2008-09
Jason Thompson,2009-02-06,Sacramento Kings,Utah Jazz,1,34.28,5.0,12.0,0.417,0.0,0.0,,4.0,5.0,0.8,3.0,4.0,7.0,3.0,1.0,1.0,2.0,6.0,14.0,-1.0,https://www.basketball-reference.com/boxscores/200902060SAC.html,2008-09
Jason Thompson,2009-02-08,Sacramento Kings,Oklahoma City Thunder,0,36.07,3.0,7.0,0.429,0.0,0.0,,0.0,1.0,0.0,2.0,4.0,6.0,2.0,0.0,0.0,3.0,4.0,6.0,5.0,https://www.basketball-reference.com/boxscores/200902080OKC.html,2008-09
Jason Thompson,2009-02-10,Sacramento Kings,Dallas Mavericks,0,29.42,2.0,6.0,0.333,0.0,0.0,,0.0,0.0,,0.0,4.0,4.0,0.0,0.0,1.0,1.0,3.0,4.0,-22.0,https://www.basketball-reference.com/boxscores/200902100DAL.html,2008-09
Jason Thompson,2009-02-11,Sacramento Kings,Houston Rockets,0,24.29,6.0,10.0,0.6,0.0,0.0,,2.0,4.0,0.5,0.0,4.0,4.0,0.0,0.0,0.0,1.0,5.0,14.0,-8.0,https://www.basketball-reference.com/boxscores/200902110HOU.html,2008-09
Jason Thompson,2009-02-18,Sacramento Kings,Atlanta Hawks,1,34.01,3.0,7.0,0.429,0.0,0.0,,0.0,0.0,,2.0,5.0,7.0,1.0,0.0,1.0,4.0,6.0,6.0,-14.0,https://www.basketball-reference.com/boxscores/200902180SAC.html,2008-09
Jason Thompson,2009-02-20,Sacramento Kings,Memphis Grizzlies,0,39.28,6.0,10.0,0.6,0.0,0.0,,5.0,10.0,0.5,3.0,6.0,9.0,3.0,0.0,2.0,2.0,5.0,17.0,9.0,https://www.basketball-reference.com/boxscores/200902200MEM.html,2008-09
Jason Thompson,2009-02-21,Sacramento Kings,Dallas Mavericks,0,18.55,3.0,9.0,0.333,0.0,0.0,,0.0,0.0,,1.0,4.0,5.0,0.0,0.0,0.0,1.0,4.0,6.0,-9.0,https://www.basketball-reference.com/boxscores/200902210DAL.html,2008-09
Jason Thompson,2009-02-23,Sacramento Kings,New Orleans Hornets,1,11.37,3.0,3.0,1.0,0.0,0.0,,3.0,4.0,0.75,1.0,3.0,4.0,0.0,1.0,0.0,0.0,4.0,9.0,-3.0,https://www.basketball-reference.com/boxscores/200902230SAC.html,2008-09
Jason Thompson,2009-02-25,Sacramento Kings,Charlotte Bobc,1,25.09,2.0,10.0,0.2,0.0,0.0,,3.0,5.0,0.6,5.0,0.0,5.0,0.0,0.0,1.0,1.0,5.0,7.0,-13.0,https://www.basketball-reference.com/boxscores/200902250SAC.html,2008-09
Jason Thompson,2009-02-27,Sacramento Kings,Los Angeles Clippers,1,31.06,3.0,6.0,0.5,0.0,0.0,,4.0,6.0,0.667,2.0,5.0,7.0,2.0,1.0,0.0,2.0,3.0,10.0,17.0,https://www.basketball-reference.com/boxscores/200902270SAC.html,2008-09
Jason Thompson,2009-02-28,Sacramento Kings,Utah Jazz,0,41.38,3.0,9.0,0.333,0.0,0.0,,1.0,2.0,0.5,4.0,8.0,12.0,3.0,2.0,3.0,1.0,3.0,7.0,-10.0,https://www.basketball-reference.com/boxscores/200902280UTA.html,2008-09
Jason Thompson,2009-03-03,Sacramento Kings,Indiana Pacers,1,31.37,5.0,12.0,0.417,0.0,0.0,,3.0,6.0,0.5,2.0,5.0,7.0,2.0,1.0,0.0,4.0,4.0,13.0,0.0,https://www.basketball-reference.com/boxscores/200903030SAC.html,2008-09
Jason Thompson,2009-03-08,Sacramento Kings,Denver Nuggets,1,23.02,1.0,5.0,0.2,0.0,0.0,,1.0,2.0,0.5,1.0,3.0,4.0,0.0,0.0,0.0,0.0,4.0,3.0,8.0,https://www.basketball-reference.com/boxscores/200903080SAC.html,2008-09
Jason Thompson,2009-03-10,Sacramento Kings,Oklahoma City Thunder,1,28.22,3.0,8.0,0.375,0.0,0.0,,1.0,1.0,1.0,3.0,3.0,6.0,1.0,1.0,1.0,5.0,3.0,7.0,-7.0,https://www.basketball-reference.com/boxscores/200903100SAC.html,2008-09
Jason Thompson,2009-03-15,Sacramento Kings,Washington Wizards,0,36.01,5.0,9.0,0.556,0.0,0.0,,4.0,4.0,1.0,6.0,8.0,14.0,3.0,0.0,4.0,2.0,6.0,14.0,-13.0,https://www.basketball-reference.com/boxscores/200903150WAS.html,2008-09
Jason Thompson,2009-03-17,Sacramento Kings,Atlanta Hawks,0,28.2,4.0,9.0,0.444,0.0,0.0,,5.0,6.0,0.833,6.0,2.0,8.0,0.0,1.0,1.0,1.0,5.0,13.0,-5.0,https://www.basketball-reference.com/boxscores/200903170ATL.html,2008-09
Jason Thompson,2009-03-18,Sacramento Kings,Charlotte Bobcats,0,37.56,6.0,9.0,0.667,0.0,0.0,,0.0,0.0,,3.0,8.0,11.0,2.0,3.0,1.0,0.0,4.0,12.0,-17.0,https://www.basketball-reference.com/boxscores/200903180CHA.html,2008-09
Jason Thompson,2009-03-20,Sacramento Kings,New York Knicks,0,35.01,8.0,13.0,0.615,0.0,0.0,,2.0,2.0,1.0,3.0,9.0,12.0,2.0,0.0,1.0,5.0,2.0,18.0,14.0,https://www.basketball-reference.com/boxscores/200903200NYK.html,2008-09
Jason Thompson,2009-03-22,Sacramento Kings,Philadelphia 76ers,1,27.31,4.0,7.0,0.5710000000000001,0.0,0.0,,4.0,8.0,0.5,7.0,6.0,13.0,0.0,1.0,0.0,4.0,5.0,12.0,-19.0,https://www.basketball-reference.com/boxscores/200903220SAC.html,2008-09
Jason Thompson,2009-03-27,Sacramento Kings,Memphis Grizzlies,1,34.23,6.0,7.0,0.857,0.0,0.0,,5.0,7.0,0.7140000000000001,1.0,7.0,8.0,1.0,0.0,1.0,2.0,6.0,17.0,-15.0,https://www.basketball-reference.com/boxscores/200903270SAC.html,2008-09
Jason Thompson,2009-03-29,Sacramento Kings,Phoenix Suns,1,35.37,8.0,14.0,0.5710000000000001,0.0,0.0,,5.0,9.0,0.556,4.0,4.0,8.0,1.0,1.0,1.0,2.0,4.0,21.0,4.0,https://www.basketball-reference.com/boxscores/200903290SAC.html,2008-09
Jason Thompson,2009-03-31,Sacramento Kings,New Orleans Hornets,1,26.33,2.0,6.0,0.333,0.0,0.0,,4.0,6.0,0.667,0.0,2.0,2.0,0.0,0.0,0.0,0.0,3.0,8.0,-10.0,https://www.basketball-reference.com/boxscores/200903310SAC.html,2008-09
Jason Thompson,2013-12-01,Sacramento Kings,Golden State Warriors,1,27.33,4.0,8.0,0.5,0.0,0.0,,2.0,2.0,1.0,2.0,5.0,7.0,0.0,0.0,0.0,2.0,2.0,10.0,-11.0,https://www.basketball-reference.com/boxscores/201312010SAC.html,2013-14
Jason Thompson,2013-12-03,Sacramento Kings,Oklahoma City Thunder,1,33.43,4.0,10.0,0.4,0.0,0.0,,2.0,3.0,0.667,5.0,5.0,10.0,2.0,0.0,2.0,2.0,4.0,10.0,9.0,https://www.basketball-reference.com/boxscores/201312030SAC.html,2013-14
Jason Thompson,2013-12-06,Sacramento Kings,Los Angeles Lakers,1,23.21,4.0,5.0,0.8,0.0,0.0,,1.0,2.0,0.5,0.0,5.0,5.0,0.0,0.0,1.0,0.0,2.0,9.0,1.0,https://www.basketball-reference.com/boxscores/201312060SAC.html,2013-14
Jason Thompson,2013-12-07,Utah Jazz,Sacramento Kings,1,28.37,3.0,9.0,0.333,0.0,0.0,,5.0,6.0,0.833,2.0,3.0,5.0,1.0,1.0,1.0,0.0,2.0,11.0,-4.0,https://www.basketball-reference.com/boxscores/201312070UTA.html,2013-14
Jason Thompson,2013-12-09,Sacramento Kings,Dallas Mavericks,1,29.41,3.0,7.0,0.429,0.0,0.0,,4.0,6.0,0.667,3.0,4.0,7.0,3.0,0.0,1.0,2.0,5.0,10.0,30.0,https://www.basketball-reference.com/boxscores/201312090SAC.html,2013-14
Jason Thompson,2013-12-11,Sacramento Kings,Utah Jazz,1,34.19,3.0,8.0,0.375,0.0,0.0,,5.0,5.0,1.0,2.0,4.0,6.0,1.0,0.0,0.0,0.0,3.0,11.0,-18.0,https://www.basketball-reference.com/boxscores/201312110SAC.html,2013-14
Jason Thompson,2013-12-13,Sacramento Kings,Phoenix Suns,0,13.57,2.0,2.0,1.0,0.0,0.0,,0.0,0.0,,0.0,0.0,0.0,0.0,0.0,0.0,1.0,5.0,4.0,-25.0,https://www.basketball-reference.com/boxscores/201312130PHO.html,2013-14
Jason Thompson,2013-12-15,Sacramento Kings,Houston Rockets,1,22.57,4.0,7.0,0.5710000000000001,0.0,0.0,,1.0,2.0,0.5,1.0,4.0,5.0,0.0,0.0,2.0,2.0,2.0,9.0,5.0,https://www.basketball-reference.com/boxscores/201312150SAC.html,2013-14
Jason Thompson,2013-12-17,Sacramento Kings,Charlotte Bobcats,0,30.3,4.0,6.0,0.667,0.0,0.0,,1.0,2.0,0.5,2.0,7.0,9.0,1.0,1.0,1.0,2.0,6.0,9.0,-5.0,https://www.basketball-reference.com/boxscores/201312170CHA.html,2013-14
Jason Thompson,2013-12-18,Sacramento Kings,Atlanta Hawks,0,19.49,2.0,6.0,0.333,0.0,0.0,,0.0,1.0,0.0,2.0,5.0,7.0,0.0,0.0,0.0,0.0,3.0,4.0,-3.0,https://www.basketball-reference.com/boxscores/201312180ATL.html,2013-14
Jason Thompson,2013-12-20,Sacramento Kings,Miami Heat,0,21.51,5.0,6.0,0.833,0.0,0.0,,1.0,2.0,0.5,1.0,2.0,3.0,1.0,0.0,0.0,1.0,1.0,11.0,-18.0,https://www.basketball-reference.com/boxscores/201312200MIA.html,2013-14
Jason Thompson,2013-12-21,Sacramento Kings,Orlando Magic,0,36.54,5.0,7.0,0.7140000000000001,0.0,0.0,,1.0,2.0,0.5,2.0,5.0,7.0,0.0,2.0,0.0,2.0,3.0,11.0,12.0,https://www.basketball-reference.com/boxscores/201312210ORL.html,2013-14
Jason Thompson,2013-12-23,Sacramento Kings,New Orleans Pelicans,1,26.54,0.0,4.0,0.0,0.0,0.0,,0.0,2.0,0.0,1.0,2.0,3.0,2.0,0.0,3.0,2.0,1.0,0.0,-7.0,https://www.basketball-reference.com/boxscores/201312230SAC.html,2013-14
Jason Thompson,2013-12-29,Sacramento Kings,San Antonio Spurs,0,36.55,3.0,8.0,0.375,0.0,0.0,,1.0,1.0,1.0,5.0,6.0,11.0,1.0,0.0,2.0,1.0,1.0,7.0,-5.0,https://www.basketball-reference.com/boxscores/201312290SAS.html,2013-14
Jason Thompson,2013-12-31,Sacramento Kings,Houston Rockets,0,28.0,3.0,3.0,1.0,0.0,0.0,,2.0,2.0,1.0,2.0,1.0,3.0,1.0,1.0,0.0,0.0,4.0,8.0,8.0,https://www.basketball-reference.com/boxscores/201312310HOU.html,2013-14
Jason Thompson,2014-01-02,Sacramento Kings,Philadelphia 76ers,1,19.39,1.0,2.0,0.5,0.0,0.0,,0.0,1.0,0.0,0.0,5.0,5.0,0.0,0.0,1.0,2.0,4.0,2.0,-1.0,https://www.basketball-reference.com/boxscores/201401020SAC.html,2013-14
Jason Thompson,2014-01-04,Sacramento Kings,Charlotte Bobc,1,31.23,7.0,9.0,0.778,0.0,0.0,,1.0,2.0,0.5,4.0,10.0,14.0,0.0,0.0,0.0,2.0,4.0,15.0,0.0,https://www.basketball-reference.com/boxscores/201401040SAC.html,2013-14
Jason Thompson,2014-01-07,Sacramento Kings,Portland Trail Blazers,1,34.32,3.0,4.0,0.75,0.0,0.0,,1.0,2.0,0.5,1.0,5.0,6.0,0.0,2.0,0.0,1.0,4.0,7.0,0.0,https://www.basketball-reference.com/boxscores/201401070SAC.html,2013-14
Jason Thompson,2014-01-10,Sacramento Kings,Orlando Magic,1,24.39,7.0,9.0,0.778,0.0,0.0,,0.0,0.0,,1.0,6.0,7.0,1.0,2.0,0.0,1.0,5.0,14.0,14.0,https://www.basketball-reference.com/boxscores/201401100SAC.html,2013-14
Jason Thompson,2014-01-12,Sacramento Kings,Cleveland Cavaliers,1,30.33,4.0,11.0,0.364,0.0,0.0,,0.0,0.0,,6.0,10.0,16.0,0.0,1.0,2.0,0.0,3.0,8.0,28.0,https://www.basketball-reference.com/boxscores/201401120SAC.html,2013-14
Jason Thompson,2014-01-14,Sacramento Kings,Indiana Pacers,0,19.08,0.0,4.0,0.0,0.0,0.0,,1.0,2.0,0.5,1.0,1.0,2.0,0.0,0.0,0.0,0.0,3.0,1.0,-15.0,https://www.basketball-reference.com/boxscores/201401140IND.html,2013-14
Jason Thompson,2014-01-15,Sacramento Kings,Minnesota Timberwolves,0,37.25,3.0,7.0,0.429,0.0,0.0,,0.0,0.0,,0.0,10.0,10.0,0.0,1.0,1.0,1.0,2.0,6.0,-3.0,https://www.basketball-reference.com/boxscores/201401150MIN.html,2013-14
Jason Thompson,2014-01-17,Sacramento Kings,Memphis Grizzlies,0,27.34,5.0,7.0,0.7140000000000001,0.0,0.0,,0.0,0.0,,2.0,4.0,6.0,0.0,0.0,1.0,0.0,2.0,10.0,-6.0,https://www.basketball-reference.com/boxscores/201401170MEM.html,2013-14
Jason Thompson,2014-01-19,Sacramento Kings,Oklahoma City Thunder,0,29.41,5.0,10.0,0.5,0.0,0.0,,1.0,2.0,0.5,6.0,4.0,10.0,0.0,0.0,2.0,0.0,2.0,11.0,-10.0,https://www.basketball-reference.com/boxscores/201401190OKC.html,2013-14
Jason Thompson,2014-01-21,Sacramento Kings,New Orleans Pelicans,0,35.54,5.0,8.0,0.625,0.0,0.0,,1.0,1.0,1.0,2.0,6.0,8.0,1.0,0.0,1.0,1.0,6.0,11.0,25.0,https://www.basketball-reference.com/boxscores/201401210NOP.html,2013-14
Jason Thompson,2014-01-22,Sacramento Kings,Houston Rockets,0,22.25,6.0,8.0,0.75,0.0,0.0,,0.0,0.0,,3.0,5.0,8.0,1.0,1.0,0.0,1.0,4.0,12.0,-15.0,https://www.basketball-reference.com/boxscores/201401220HOU.html,2013-14
Jason Thompson,2014-01-26,Sacramento Kings,Denver Nuggets,1,27.41,5.0,7.0,0.7140000000000001,0.0,0.0,,3.0,4.0,0.75,5.0,5.0,10.0,1.0,1.0,0.0,3.0,5.0,13.0,-1.0,https://www.basketball-reference.com/boxscores/201401260SAC.html,2013-14
Jason Thompson,2014-01-27,Sacramento Kings,Utah Jazz,0,27.51,7.0,10.0,0.7,0.0,0.0,,5.0,6.0,0.833,4.0,7.0,11.0,1.0,0.0,2.0,1.0,5.0,19.0,-2.0,https://www.basketball-reference.com/boxscores/201401270UTA.html,2013-14
Jason Thompson,2014-01-29,Sacramento Kings,Memphis Grizzlies,1,31.2,3.0,8.0,0.375,0.0,0.0,,0.0,0.0,,1.0,6.0,7.0,1.0,0.0,0.0,2.0,3.0,6.0,-1.0,https://www.basketball-reference.com/boxscores/201401290SAC.html,2013-14
Jason Thompson,2014-01-31,Sacramento Kings,Dallas Mavericks,0,19.12,4.0,7.0,0.5710000000000001,0.0,0.0,,0.0,0.0,,1.0,3.0,4.0,0.0,0.0,0.0,1.0,5.0,8.0,11.0,https://www.basketball-reference.com/boxscores/201401310DAL.html,2013-14
Jason Thompson,2014-02-01,Sacramento Kings,San Antonio Spurs,0,33.54,3.0,6.0,0.5,0.0,0.0,,4.0,4.0,1.0,0.0,7.0,7.0,0.0,0.0,2.0,1.0,4.0,10.0,2.0,https://www.basketball-reference.com/boxscores/201402010SAS.html,2013-14
Jason Thompson,2014-02-03,Sacramento Kings,Chicago Bulls,1,19.36,0.0,1.0,0.0,0.0,0.0,,1.0,2.0,0.5,1.0,3.0,4.0,0.0,0.0,0.0,2.0,4.0,1.0,13.0,https://www.basketball-reference.com/boxscores/201402030SAC.html,2013-14
Jason Thompson,2014-02-05,Sacramento Kings,Toronto Raptors,1,27.09,3.0,8.0,0.375,0.0,0.0,,3.0,4.0,0.75,6.0,4.0,10.0,1.0,0.0,1.0,0.0,2.0,9.0,16.0,https://www.basketball-reference.com/boxscores/201402050SAC.html,2013-14
Jason Thompson,2014-02-07,Sacramento Kings,Boston Celtics,0,35.42,2.0,9.0,0.222,0.0,0.0,,2.0,2.0,1.0,4.0,2.0,6.0,1.0,0.0,1.0,1.0,2.0,6.0,-1.0,https://www.basketball-reference.com/boxscores/201402070BOS.html,2013-14
Jason Thompson,2014-02-09,Sacramento Kings,Washington Wizards,0,29.58,3.0,4.0,0.75,0.0,0.0,,0.0,2.0,0.0,2.0,7.0,9.0,1.0,0.0,0.0,1.0,5.0,6.0,-9.0,https://www.basketball-reference.com/boxscores/201402090WAS.html,2013-14
Jason Thompson,2014-02-11,Sacramento Kings,Cleveland Cavaliers,0,15.27,0.0,0.0,,0.0,0.0,,0.0,0.0,,1.0,2.0,3.0,0.0,0.0,2.0,1.0,3.0,0.0,-2.0,https://www.basketball-reference.com/boxscores/201402110CLE.html,2013-14
Jason Thompson,2014-02-12,New York Knicks,Sacramento Kings,1,30.45,3.0,5.0,0.6,0.0,0.0,,0.0,0.0,,2.0,8.0,10.0,0.0,0.0,0.0,2.0,1.0,6.0,-1.0,https://www.basketball-reference.com/boxscores/201402120NYK.html,2013-14
Jason Thompson,2014-02-19,Sacramento Kings,Golden State Warriors,1,27.22,2.0,7.0,0.28600000000000003,0.0,0.0,,2.0,4.0,0.5,3.0,3.0,6.0,1.0,0.0,0.0,2.0,4.0,6.0,4.0,https://www.basketball-reference.com/boxscores/201402190SAC.html,2013-14
Jason Thompson,2014-02-22,Sacramento Kings,Boston Celtics,1,26.05,5.0,7.0,0.7140000000000001,0.0,0.0,,0.0,0.0,,1.0,5.0,6.0,1.0,2.0,1.0,1.0,1.0,10.0,7.0,https://www.basketball-reference.com/boxscores/201402220SAC.html,2013-14
Jason Thompson,2014-02-23,Sacramento Kings,Denver Nuggets,0,15.3,2.0,3.0,0.667,0.0,0.0,,0.0,0.0,,1.0,2.0,3.0,0.0,0.0,1.0,3.0,2.0,4.0,21.0,https://www.basketball-reference.com/boxscores/201402230DEN.html,2013-14
Jason Thompson,2014-02-25,Sacramento Kings,Houston Rockets,1,5.03,1.0,2.0,0.5,0.0,0.0,,1.0,2.0,0.5,0.0,0.0,0.0,0.0,0.0,0.0,0.0,2.0,3.0,-6.0,https://www.basketball-reference.com/boxscores/201402250SAC.html,2013-14
Jason Thompson,2014-02-28,Sacramento Kings,Los Angeles Lakers,0,29.04,8.0,12.0,0.667,0.0,0.0,,1.0,2.0,0.5,4.0,7.0,11.0,2.0,1.0,0.0,1.0,4.0,17.0,-14.0,https://www.basketball-reference.com/boxscores/201402280LAL.html,2013-14
Jason Thompson,2014-03-01,Sacramento Kings,Minnesota Timberwolves,1,28.48,1.0,2.0,0.5,0.0,0.0,,0.0,0.0,,1.0,1.0,2.0,1.0,2.0,0.0,3.0,4.0,2.0,-21.0,https://www.basketball-reference.com/boxscores/201403010SAC.html,2013-14
Jason Thompson,2014-03-03,Sacramento Kings,New Orleans Pelicans,1,24.57,2.0,4.0,0.5,0.0,0.0,,2.0,6.0,0.333,1.0,4.0,5.0,1.0,1.0,1.0,1.0,3.0,6.0,8.0,https://www.basketball-reference.com/boxscores/201403030SAC.html,2013-14
Jason Thompson,2014-03-05,Sacramento Kings,Milwaukee Bucks,0,24.18,4.0,9.0,0.444,0.0,0.0,,0.0,0.0,,6.0,7.0,13.0,0.0,0.0,1.0,0.0,2.0,8.0,2.0,https://www.basketball-reference.com/boxscores/201403050MIL.html,2013-14
Jason Thompson,2014-03-07,Sacramento Kings,Toronto Raptors,0,26.25,1.0,3.0,0.333,0.0,0.0,,0.0,0.0,,0.0,6.0,6.0,0.0,0.0,0.0,2.0,2.0,2.0,-11.0,https://www.basketball-reference.com/boxscores/201403070TOR.html,2013-14
Jason Thompson,2014-03-09,Sacramento Kings,Brooklyn Nets,0,23.52,2.0,4.0,0.5,0.0,0.0,,0.0,0.0,,2.0,2.0,4.0,1.0,0.0,0.0,0.0,0.0,4.0,-7.0,https://www.basketball-reference.com/boxscores/201403090BRK.html,2013-14
Jason Thompson,2014-03-11,Sacramento Kings,Detroit Pistons,0,13.48,1.0,3.0,0.333,0.0,0.0,,1.0,5.0,0.2,3.0,4.0,7.0,1.0,0.0,0.0,0.0,1.0,3.0,-9.0,https://www.basketball-reference.com/boxscores/201403110DET.html,2013-14
Jason Thompson,2014-03-12,Sacramento Kings,Philadelphia 76ers,0,25.59,6.0,10.0,0.6,0.0,0.0,,2.0,4.0,0.5,2.0,5.0,7.0,0.0,0.0,1.0,0.0,3.0,14.0,12.0,https://www.basketball-reference.com/boxscores/201403120PHI.html,2013-14
Jason Thompson,2014-03-15,Sacramento Kings,Chicago Bulls,0,23.22,2.0,8.0,0.25,0.0,0.0,,1.0,4.0,0.25,4.0,4.0,8.0,0.0,0.0,2.0,1.0,3.0,5.0,1.0,https://www.basketball-reference.com/boxscores/201403150CHI.html,2013-14
Jason Thompson,2014-03-16,Sacramento Kings,Minnesota Timberwolves,0,30.34,2.0,6.0,0.333,0.0,0.0,,2.0,3.0,0.667,2.0,3.0,5.0,2.0,1.0,1.0,3.0,3.0,6.0,11.0,https://www.basketball-reference.com/boxscores/201403160MIN.html,2013-14
Jason Thompson,2014-03-21,Sacramento Kings,San Antonio Spurs,1,15.49,0.0,2.0,0.0,0.0,0.0,,0.0,0.0,,0.0,5.0,5.0,1.0,0.0,0.0,1.0,2.0,0.0,-3.0,https://www.basketball-reference.com/boxscores/201403210SAC.html,2013-14
Jason Thompson,2014-03-23,Sacramento Kings,Milwaukee Bucks,1,17.17,1.0,2.0,0.5,0.0,0.0,,2.0,4.0,0.5,0.0,2.0,2.0,0.0,0.0,1.0,2.0,3.0,4.0,-11.0,https://www.basketball-reference.com/boxscores/201403230SAC.html,2013-14
Jason Thompson,2014-03-26,Sacramento Kings,New York Knicks,1,5.03,2.0,2.0,1.0,0.0,0.0,,0.0,0.0,,0.0,1.0,1.0,0.0,0.0,0.0,0.0,0.0,4.0,-4.0,https://www.basketball-reference.com/boxscores/201403260SAC.html,2013-14
Jason Thompson,2014-03-28,Sacramento Kings,Oklahoma City Thunder,0,29.01,5.0,9.0,0.556,0.0,0.0,,0.0,0.0,,5.0,9.0,14.0,1.0,0.0,0.0,2.0,4.0,10.0,13.0,https://www.basketball-reference.com/boxscores/201403280OKC.html,2013-14
Jason Thompson,2014-03-29,Sacramento Kings,Dallas Mavericks,0,28.01,5.0,7.0,0.7140000000000001,0.0,0.0,,1.0,2.0,0.5,2.0,3.0,5.0,0.0,3.0,1.0,1.0,4.0,11.0,6.0,https://www.basketball-reference.com/boxscores/201403290DAL.html,2013-14
Jason Thompson,2014-03-31,Sacramento Kings,New Orleans Pelicans,0,9.12,0.0,2.0,0.0,0.0,0.0,,0.0,0.0,,0.0,2.0,2.0,0.0,0.0,0.0,2.0,2.0,0.0,-10.0,https://www.basketball-reference.com/boxscores/201403310NOP.html,2013-14
