Player,Date,Team,Against,Home,MP,FG,FGA,FG%,3P,3PA,3P%,FT,FTA,FT%,ORB,DRB,TRB,AST,STL,BLK,TOV,PF,PTS,+/-,GameLink,season
Jaylen Morris,2018-02-28,Atlanta Hawks,Indiana Pacers,1,11.43,1.0,6.0,0.16699999999999998,0.0,2.0,0.0,0.0,0.0,,1.0,1.0,2.0,0.0,0.0,0.0,2.0,0.0,2.0,0.0,https://www.basketball-reference.com/boxscores/201802280ATL.html,2017-18
Jaylen Morris,2018-03-02,Atlanta Hawks,Golden State Warriors,1,12.07,1.0,3.0,0.333,0.0,0.0,,0.0,0.0,,0.0,1.0,1.0,0.0,0.0,0.0,0.0,0.0,2.0,-14.0,https://www.basketball-reference.com/boxscores/201803020ATL.html,2017-18
Jaylen Morris,2018-03-04,Atlanta Hawks,Phoenix Suns,1,24.32,3.0,6.0,0.5,1.0,2.0,0.5,0.0,0.0,,0.0,5.0,5.0,2.0,0.0,0.0,1.0,0.0,7.0,7.0,https://www.basketball-reference.com/boxscores/201803040ATL.html,2017-18
Jaylen Morris,2018-03-06,Atlanta Hawks,Toronto Raptors,0,19.43,2.0,5.0,0.4,0.0,2.0,0.0,0.0,0.0,,1.0,4.0,5.0,2.0,0.0,0.0,2.0,1.0,4.0,-13.0,https://www.basketball-reference.com/boxscores/201803060TOR.html,2017-18
Jaylen Morris,2018-03-09,Atlanta Hawks,Indiana Pacers,0,24.39,4.0,9.0,0.444,1.0,3.0,0.333,0.0,0.0,,0.0,2.0,2.0,2.0,2.0,1.0,0.0,1.0,9.0,-19.0,https://www.basketball-reference.com/boxscores/201803090IND.html,2017-18
Jaylen Morris,2018-03-11,Atlanta Hawks,Chicago Bulls,1,5.45,2.0,3.0,0.667,0.0,1.0,0.0,0.0,0.0,,0.0,1.0,1.0,1.0,0.0,0.0,1.0,0.0,4.0,-3.0,https://www.basketball-reference.com/boxscores/201803110ATL.html,2017-18
Jaylen Morris,2018-12-01,New York Knicks,Milwaukee Bucks,1,,,,,,,,,,,,,,,,,,,,,https://www.basketball-reference.com/boxscores/201812010NYK.html,2018-19
Jaylen Morris,2018-12-05,Milwaukee Bucks,Detroit Pistons,1,6.17,1.0,3.0,0.333,0.0,0.0,,0.0,0.0,,0.0,1.0,1.0,1.0,0.0,0.0,0.0,0.0,2.0,0.0,https://www.basketball-reference.com/boxscores/201812050MIL.html,2018-19
Jaylen Morris,2018-12-14,Milwaukee Bucks,Cleveland Cavaliers,0,8.5,0.0,3.0,0.0,0.0,2.0,0.0,1.0,2.0,0.5,0.0,2.0,2.0,2.0,1.0,0.0,0.0,0.0,1.0,4.0,https://www.basketball-reference.com/boxscores/201812140CLE.html,2018-19
Jaylen Morris,2018-12-17,Milwaukee Bucks,Detroit Pistons,0,,,,,,,,,,,,,,,,,,,,,https://www.basketball-reference.com/boxscores/201812170DET.html,2018-19
Jaylen Morris,2018-12-21,Milwaukee Bucks,Boston Celtics,0,,,,,,,,,,,,,,,,,,,,,https://www.basketball-reference.com/boxscores/201812210BOS.html,2018-19
Jaylen Morris,2018-12-22,Milwaukee Bucks,Miami Heat,0,,,,,,,,,,,,,,,,,,,,,https://www.basketball-reference.com/boxscores/201812220MIA.html,2018-19
