Unnamed: 0,season,Player,Date,Team,Against,Home,MP,FG,FGA,FG%,3P,3PA,3P%,FT,FTA,FT%,ORB,DRB,TRB,AST,STL,BLK,TOV,PF,PTS,+/-,GameLink,TS%,DD,DT,FPTS
,2018-19,Jerian Grant,2018-12-04,Orlando Magic,Miami Heat,0.0,19.52,1.0,5.0,0.2,1.0,4.0,0.25,1.0,2.0,0.5,1.0,1.0,2.0,1.0,0.0,1.0,0.0,1.0,4.0,-6.0,https://www.basketball-reference.com/boxscores/201812040MIA.html,11.76,0.0,0.0,10.5
,2018-19,Jerian Grant,2018-12-07,Orlando Magic,Indiana Pacers,1.0,25.4,1.0,2.0,0.5,1.0,2.0,0.5,2.0,2.0,1.0,0.0,3.0,3.0,3.0,1.0,0.0,3.0,3.0,5.0,-9.0,https://www.basketball-reference.com/boxscores/201812070ORL.html,7.199999999999998,0.0,0.0,14.25
,2018-19,Jerian Grant,2018-12-19,Orlando Magic,San Antonio Spurs,1.0,23.53,4.0,8.0,0.5,1.0,4.0,0.25,0.0,1.0,0.0,0.0,1.0,1.0,4.0,0.0,0.0,1.0,1.0,9.0,-19.0,https://www.basketball-reference.com/boxscores/201812190ORL.html,37.98,0.0,0.0,16.25
,2018-19,Jerian Grant,2018-12-23,Orlando Magic,Miami Heat,1.0,25.59,2.0,5.0,0.4,1.0,3.0,0.333,3.0,3.0,1.0,1.0,0.0,1.0,1.0,1.0,0.0,2.0,3.0,8.0,-15.0,https://www.basketball-reference.com/boxscores/201812230ORL.html,25.28,0.0,0.0,12.25
,2018-19,Jerian Grant,2019-01-23,Orlando Magic,Brooklyn Nets,0.0,18.51,1.0,5.0,0.2,1.0,4.0,0.25,3.0,4.0,0.75,0.0,4.0,4.0,3.0,1.0,1.0,1.0,1.0,6.0,-5.0,https://www.basketball-reference.com/boxscores/201901230BRK.html,20.28,0.0,0.0,19.5
,2018-19,Jerian Grant,2019-01-27,Orlando Magic,Houston Rockets,0.0,19.49,1.0,3.0,0.333,0.0,2.0,0.0,2.0,2.0,1.0,2.0,3.0,5.0,5.0,3.0,0.0,0.0,2.0,4.0,-15.0,https://www.basketball-reference.com/boxscores/201901270HOU.html,7.76,0.0,0.0,23.75
,2018-19,Jerian Grant,2019-02-14,Orlando Magic,Charlotte Hornets,1.0,5.21,2.0,3.0,0.667,1.0,2.0,0.5,1.0,1.0,1.0,0.0,0.0,0.0,1.0,1.0,0.0,0.0,0.0,6.0,7.0,https://www.basketball-reference.com/boxscores/201902140ORL.html,10.32,0.0,0.0,10.0
,2018-19,Jerian Grant,2019-03-02,Orlando Magic,Indiana Pacers,0.0,12.24,2.0,3.0,0.667,1.0,1.0,1.0,2.0,2.0,1.0,0.0,0.0,0.0,2.0,1.0,1.0,1.0,1.0,7.0,9.0,https://www.basketball-reference.com/boxscores/201903020IND.html,13.58,0.0,0.0,14.0
,2018-19,Jerian Grant,2019-03-08,Orlando Magic,Dallas Mavericks,1.0,19.42,2.0,5.0,0.4,1.0,3.0,0.333,1.0,2.0,0.5,0.0,2.0,2.0,4.0,2.0,0.0,2.0,2.0,6.0,13.0,https://www.basketball-reference.com/boxscores/201903080ORL.html,17.64,0.0,0.0,18.0
