Unnamed: 0,season,Player,Date,Team,Against,Home,MP,FG,FGA,FG%,3P,3PA,3P%,FT,FTA,FT%,ORB,DRB,TRB,AST,STL,BLK,TOV,PF,PTS,+/-,GameLink,TS%,DD,DT,FPTS
,2019-20,Joe Ingles,2019-12-01,Utah Jazz,Toronto Raptors,0.0,25.34,2.0,5.0,0.4,2.0,3.0,0.667,0.0,1.0,0.0,0.0,3.0,3.0,4.0,0.0,0.0,0.0,1.0,6.0,-20.0,https://www.basketball-reference.com/boxscores/201912010TOR.html,16.32,0.0,0.0,16.75
,2019-20,Joe Ingles,2019-12-02,Utah Jazz,Philadelphia 76ers,0.0,30.36,5.0,10.0,0.5,2.0,4.0,0.5,1.0,2.0,0.5,0.0,8.0,8.0,8.0,2.0,0.0,3.0,3.0,13.0,8.0,https://www.basketball-reference.com/boxscores/201912020PHI.html,70.72,0.0,0.0,38.5
,2019-20,Joe Ingles,2019-12-04,Utah Jazz,Los Angeles Lakers,1.0,27.38,1.0,5.0,0.2,1.0,3.0,0.333,1.0,2.0,0.5,0.0,2.0,2.0,5.0,0.0,0.0,5.0,4.0,4.0,1.0,https://www.basketball-reference.com/boxscores/201912040UTA.html,11.76,0.0,0.0,12.0
,2019-20,Joe Ingles,2019-12-07,Utah Jazz,Memphis Grizzlies,1.0,27.27,4.0,9.0,0.444,2.0,5.0,0.4,2.0,2.0,1.0,0.0,1.0,1.0,10.0,4.0,0.0,3.0,3.0,12.0,23.0,https://www.basketball-reference.com/boxscores/201912070UTA.html,59.28,1.0,0.0,36.75
,2019-20,Joe Ingles,2019-12-11,Utah Jazz,Minnesota Timberwolves,0.0,36.16,9.0,14.0,0.643,3.0,6.0,0.5,2.0,2.0,1.0,1.0,4.0,5.0,5.0,1.0,0.0,2.0,3.0,23.0,2.0,https://www.basketball-reference.com/boxscores/201912110MIN.html,171.12,0.0,0.0,39.25
,2019-20,Joe Ingles,2019-12-13,Utah Jazz,Golden State Warriors,1.0,33.41,5.0,9.0,0.556,1.0,3.0,0.333,2.0,2.0,1.0,1.0,3.0,4.0,8.0,1.0,0.0,3.0,5.0,13.0,24.0,https://www.basketball-reference.com/boxscores/201912130UTA.html,64.22,0.0,0.0,31.0
,2019-20,Joe Ingles,2019-12-17,Utah Jazz,Orlando Magic,1.0,36.4,5.0,8.0,0.625,4.0,4.0,1.0,2.0,2.0,1.0,2.0,10.0,12.0,2.0,0.0,2.0,3.0,0.0,16.0,3.0,https://www.basketball-reference.com/boxscores/201912170UTA.html,71.04,1.0,0.0,39.5
,2019-20,Joe Ingles,2019-12-19,Utah Jazz,Atlanta Hawks,0.0,36.21,5.0,10.0,0.5,2.0,5.0,0.4,2.0,2.0,1.0,4.0,3.0,7.0,5.0,2.0,0.0,3.0,4.0,14.0,8.0,https://www.basketball-reference.com/boxscores/201912190ATL.html,76.16000000000003,0.0,0.0,33.75
,2019-20,Joe Ingles,2019-12-23,Utah Jazz,Miami Heat,0.0,37.45,9.0,16.0,0.563,7.0,12.0,0.583,2.0,2.0,1.0,1.0,3.0,4.0,2.0,1.0,0.0,3.0,3.0,27.0,0.0,https://www.basketball-reference.com/boxscores/201912230MIA.html,227.88,0.0,0.0,39.0
,2019-20,Joe Ingles,2019-12-30,Utah Jazz,Detroit Pistons,1.0,29.41,4.0,9.0,0.444,1.0,4.0,0.25,1.0,2.0,0.5,0.0,5.0,5.0,5.0,0.0,1.0,3.0,0.0,10.0,19.0,https://www.basketball-reference.com/boxscores/201912300UTA.html,49.40000000000001,0.0,0.0,24.75
,2019-20,Joe Ingles,2020-01-06,Utah Jazz,New Orleans Pelicans,0.0,27.58,8.0,12.0,0.667,4.0,5.0,0.8,2.0,2.0,1.0,0.0,2.0,2.0,6.0,2.0,0.0,0.0,1.0,22.0,12.0,https://www.basketball-reference.com/boxscores/202001060NOP.html,141.68,0.0,0.0,39.5
,2019-20,Joe Ingles,2020-01-08,Utah Jazz,New York Knicks,1.0,26.12,4.0,10.0,0.4,2.0,6.0,0.333,1.0,2.0,0.5,1.0,1.0,2.0,5.0,0.0,0.0,0.0,0.0,11.0,23.0,https://www.basketball-reference.com/boxscores/202001080UTA.html,59.84,0.0,0.0,22.0
,2019-20,Joe Ingles,2020-01-10,Utah Jazz,Charlotte Hornets,1.0,21.19,3.0,6.0,0.5,3.0,5.0,0.6,2.0,2.0,1.0,0.0,0.0,0.0,3.0,1.0,0.0,2.0,1.0,11.0,18.0,https://www.basketball-reference.com/boxscores/202001100UTA.html,37.84,0.0,0.0,18.0
,2019-20,Joe Ingles,2020-01-12,Utah Jazz,Washington Wizards,0.0,33.15,6.0,15.0,0.4,4.0,8.0,0.5,4.0,4.0,1.0,0.0,2.0,2.0,9.0,2.0,0.0,0.0,2.0,20.0,12.0,https://www.basketball-reference.com/boxscores/202001120WAS.html,167.60000000000005,0.0,0.0,42.0
,2019-20,Joe Ingles,2020-01-14,Utah Jazz,Brooklyn Nets,0.0,29.57,10.0,14.0,0.7140000000000001,6.0,8.0,0.75,1.0,1.0,1.0,0.0,3.0,3.0,5.0,1.0,0.0,1.0,0.0,27.0,9.0,https://www.basketball-reference.com/boxscores/202001140BRK.html,194.94,0.0,0.0,42.75
,2019-20,Joe Ingles,2020-01-16,New Orleans Pelicans,Utah Jazz,1.0,39.12,5.0,11.0,0.455,1.0,5.0,0.2,1.0,3.0,0.333,1.0,4.0,5.0,6.0,2.0,0.0,3.0,5.0,12.0,-3.0,https://www.basketball-reference.com/boxscores/202001160NOP.html,73.92,0.0,0.0,30.25
,2019-20,Joe Ingles,2020-01-22,Utah Jazz,Golden State Warriors,0.0,25.04,4.0,7.0,0.5710000000000001,2.0,3.0,0.667,1.0,2.0,0.5,0.0,2.0,2.0,8.0,0.0,0.0,2.0,1.0,11.0,20.0,https://www.basketball-reference.com/boxscores/202001220GSW.html,43.34,0.0,0.0,25.5
,2019-20,Joe Ingles,2020-01-25,Utah Jazz,Dallas Mavericks,1.0,29.05,3.0,7.0,0.429,1.0,4.0,0.25,2.0,4.0,0.5,1.0,3.0,4.0,5.0,2.0,0.0,0.0,3.0,9.0,14.0,https://www.basketball-reference.com/boxscores/202001250UTA.html,39.42,0.0,0.0,26.0
,2019-20,Joe Ingles,2020-01-27,Utah Jazz,Houston Rockets,1.0,33.08,2.0,8.0,0.25,1.0,7.0,0.14300000000000002,2.0,2.0,1.0,0.0,2.0,2.0,6.0,0.0,0.0,3.0,6.0,7.0,7.0,https://www.basketball-reference.com/boxscores/202001270UTA.html,31.08,0.0,0.0,17.5
,2019-20,Joe Ingles,2020-02-07,Utah Jazz,Portland Trail Blazers,1.0,33.04,5.0,10.0,0.5,3.0,5.0,0.6,1.0,1.0,1.0,1.0,5.0,6.0,3.0,0.0,1.0,3.0,3.0,14.0,-3.0,https://www.basketball-reference.com/boxscores/202002070UTA.html,73.08,0.0,0.0,28.0
,2019-20,Joe Ingles,2020-02-10,Utah Jazz,Dallas Mavericks,0.0,31.58,2.0,8.0,0.25,1.0,7.0,0.14300000000000002,2.0,2.0,1.0,0.0,3.0,3.0,8.0,3.0,0.0,2.0,0.0,7.0,-10.0,https://www.basketball-reference.com/boxscores/202002100DAL.html,31.08,0.0,0.0,28.25
,2019-20,Joe Ingles,2020-02-12,Utah Jazz,Miami Heat,1.0,31.44,1.0,9.0,0.111,0.0,5.0,0.0,2.0,2.0,1.0,0.0,2.0,2.0,9.0,1.0,0.0,1.0,2.0,4.0,16.0,https://www.basketball-reference.com/boxscores/202002120UTA.html,19.76,0.0,0.0,21.5
,2019-20,Joe Ingles,2020-02-21,Utah Jazz,San Antonio Spurs,1.0,30.0,3.0,10.0,0.3,1.0,4.0,0.25,1.0,2.0,0.5,0.0,3.0,3.0,7.0,0.0,0.0,2.0,4.0,8.0,-4.0,https://www.basketball-reference.com/boxscores/202002210UTA.html,43.52,0.0,0.0,21.75
,2019-20,Joe Ingles,2020-02-24,Utah Jazz,Phoenix Suns,1.0,29.25,2.0,7.0,0.28600000000000003,2.0,5.0,0.4,3.0,4.0,0.75,0.0,0.0,0.0,4.0,0.0,0.0,4.0,4.0,9.0,-17.0,https://www.basketball-reference.com/boxscores/202002240UTA.html,39.42,0.0,0.0,14.0
,2019-20,Joe Ingles,2020-02-28,Utah Jazz,Washington Wizards,1.0,26.45,3.0,5.0,0.6,2.0,4.0,0.5,2.0,2.0,1.0,1.0,6.0,7.0,6.0,0.0,0.0,2.0,2.0,10.0,17.0,https://www.basketball-reference.com/boxscores/202002280UTA.html,29.4,0.0,0.0,27.75
,2019-20,Joe Ingles,2020-03-02,Utah Jazz,Cleveland Cavaliers,0.0,28.33,1.0,2.0,0.5,1.0,2.0,0.5,2.0,2.0,1.0,0.0,3.0,3.0,8.0,0.0,0.0,2.0,1.0,5.0,4.0,https://www.basketball-reference.com/boxscores/202003020CLE.html,7.199999999999998,0.0,0.0,20.25
,2019-20,Joe Ingles,2020-03-04,Utah Jazz,New York Knicks,0.0,29.4,3.0,4.0,0.75,1.0,2.0,0.5,1.0,2.0,0.5,0.0,5.0,5.0,6.0,1.0,0.0,3.0,2.0,8.0,7.0,https://www.basketball-reference.com/boxscores/202003040NYK.html,19.52,0.0,0.0,24.25
,2019-20,Joe Ingles,2020-03-07,Utah Jazz,Detroit Pistons,0.0,25.44,2.0,3.0,0.667,0.0,1.0,0.0,0.0,1.0,0.0,0.0,2.0,2.0,2.0,2.0,1.0,2.0,1.0,4.0,-3.0,https://www.basketball-reference.com/boxscores/202003070DET.html,6.88,0.0,0.0,14.5
,2018-19,Joe Ingles,2018-12-06,Utah Jazz,Houston Rockets,1.0,25.3,6.0,9.0,0.667,4.0,6.0,0.667,2.0,2.0,1.0,1.0,5.0,6.0,3.0,2.0,0.0,0.0,2.0,18.0,18.0,https://www.basketball-reference.com/boxscores/201812060UTA.html,88.92,0.0,0.0,36.0
,2018-19,Joe Ingles,2018-12-09,Utah Jazz,San Antonio Spurs,0.0,28.17,2.0,5.0,0.4,0.0,2.0,0.0,1.0,2.0,0.5,0.0,5.0,5.0,5.0,0.0,0.0,2.0,2.0,5.0,7.0,https://www.basketball-reference.com/boxscores/201812090SAS.html,14.7,0.0,0.0,17.75
,2018-19,Joe Ingles,2018-12-12,Utah Jazz,Miami Heat,1.0,24.23,3.0,9.0,0.333,2.0,6.0,0.333,2.0,4.0,0.5,0.0,2.0,2.0,6.0,0.0,0.0,1.0,3.0,10.0,29.0,https://www.basketball-reference.com/boxscores/201812120UTA.html,53.8,0.0,0.0,22.0
,2018-19,Joe Ingles,2018-12-15,Utah Jazz,Orlando Magic,0.0,33.09,2.0,11.0,0.182,2.0,6.0,0.333,2.0,2.0,1.0,1.0,4.0,5.0,5.0,3.0,1.0,2.0,3.0,8.0,0.0,https://www.basketball-reference.com/boxscores/201812150ORL.html,47.52,0.0,0.0,29.75
,2018-19,Joe Ingles,2018-12-17,Utah Jazz,Houston Rockets,0.0,25.28,2.0,6.0,0.333,1.0,4.0,0.25,0.0,2.0,0.0,0.0,2.0,2.0,6.0,0.0,0.0,4.0,1.0,5.0,0.0,https://www.basketball-reference.com/boxscores/201812170HOU.html,17.2,0.0,0.0,15.0
,2018-19,Joe Ingles,2018-12-19,Utah Jazz,Golden State Warriors,1.0,34.45,7.0,13.0,0.5379999999999999,4.0,9.0,0.444,2.0,2.0,1.0,0.0,3.0,3.0,3.0,2.0,0.0,1.0,2.0,20.0,6.0,https://www.basketball-reference.com/boxscores/201812190UTA.html,138.8,0.0,0.0,33.75
,2018-19,Joe Ingles,2018-12-21,Utah Jazz,Portland Trail Blazers,0.0,27.48,6.0,11.0,0.545,2.0,5.0,0.4,1.0,4.0,0.25,0.0,5.0,5.0,7.0,1.0,0.0,1.0,1.0,15.0,0.0,https://www.basketball-reference.com/boxscores/201812210POR.html,95.7,0.0,0.0,34.25
,2018-19,Joe Ingles,2018-12-27,Utah Jazz,Philadelphia 76ers,1.0,29.21,4.0,12.0,0.333,1.0,3.0,0.333,0.0,2.0,0.0,0.0,1.0,1.0,3.0,2.0,0.0,1.0,2.0,9.0,-17.0,https://www.basketball-reference.com/boxscores/201812270UTA.html,57.96,0.0,0.0,18.75
,2018-19,Joe Ingles,2018-12-29,Utah Jazz,New York Knicks,1.0,20.49,1.0,5.0,0.2,0.0,3.0,0.0,4.0,4.0,1.0,0.0,1.0,1.0,3.0,1.0,0.0,4.0,2.0,6.0,11.0,https://www.basketball-reference.com/boxscores/201812290UTA.html,20.28,0.0,0.0,11.75
,2018-19,Joe Ingles,2019-01-01,Utah Jazz,Toronto Raptors,0.0,34.02,0.0,5.0,0.0,0.0,5.0,0.0,2.0,3.0,0.667,0.0,6.0,6.0,6.0,2.0,0.0,1.0,5.0,2.0,-4.0,https://www.basketball-reference.com/boxscores/201901010TOR.html,6.32,0.0,0.0,22.0
,2018-19,Joe Ingles,2019-01-04,Utah Jazz,Cleveland Cavaliers,0.0,27.2,5.0,10.0,0.5,1.0,5.0,0.2,1.0,1.0,1.0,0.0,9.0,9.0,5.0,1.0,0.0,2.0,4.0,12.0,6.0,https://www.basketball-reference.com/boxscores/201901040CLE.html,62.64,0.0,0.0,32.25
,2018-19,Joe Ingles,2019-01-05,Utah Jazz,Detroit Pistons,0.0,32.41,6.0,11.0,0.545,2.0,4.0,0.5,2.0,3.0,0.667,0.0,4.0,4.0,1.0,1.0,1.0,3.0,5.0,16.0,4.0,https://www.basketball-reference.com/boxscores/201901050DET.html,98.56,0.0,0.0,26.0
,2018-19,Joe Ingles,2019-01-11,Utah Jazz,Los Angeles Lakers,1.0,31.03,5.0,11.0,0.455,2.0,5.0,0.4,2.0,2.0,1.0,1.0,11.0,12.0,4.0,1.0,0.0,3.0,1.0,14.0,24.0,https://www.basketball-reference.com/boxscores/201901110UTA.html,83.16000000000003,1.0,0.0,37.5
,2018-19,Joe Ingles,2019-01-14,Utah Jazz,Detroit Pistons,1.0,29.28,3.0,10.0,0.3,2.0,6.0,0.333,5.0,6.0,0.833,3.0,1.0,4.0,8.0,0.0,0.0,4.0,2.0,13.0,-6.0,https://www.basketball-reference.com/boxscores/201901140UTA.html,82.16,0.0,0.0,29.0
,2018-19,Joe Ingles,2019-01-25,Utah Jazz,Minnesota Timberwolves,1.0,32.45,3.0,11.0,0.273,2.0,9.0,0.222,4.0,4.0,1.0,0.0,3.0,3.0,2.0,3.0,0.0,0.0,4.0,12.0,-6.0,https://www.basketball-reference.com/boxscores/201901250UTA.html,76.56,0.0,0.0,25.75
,2018-19,Joe Ingles,2019-01-27,Utah Jazz,Minnesota Timberwolves,0.0,35.43,5.0,11.0,0.455,2.0,6.0,0.333,3.0,3.0,1.0,0.0,2.0,2.0,6.0,2.0,0.0,4.0,3.0,15.0,13.0,https://www.basketball-reference.com/boxscores/201901270MIN.html,92.4,0.0,0.0,29.5
,2018-19,Joe Ingles,2019-01-30,Utah Jazz,Portland Trail Blazers,0.0,27.12,3.0,5.0,0.6,2.0,4.0,0.5,6.0,6.0,1.0,0.0,2.0,2.0,5.0,1.0,0.0,2.0,3.0,14.0,6.0,https://www.basketball-reference.com/boxscores/201901300POR.html,53.48,0.0,0.0,26.0
,2018-19,Joe Ingles,2019-02-01,Utah Jazz,Atlanta Hawks,1.0,32.26,7.0,12.0,0.583,3.0,6.0,0.5,2.0,2.0,1.0,1.0,6.0,7.0,5.0,0.0,1.0,2.0,2.0,19.0,24.0,https://www.basketball-reference.com/boxscores/201902010UTA.html,122.36,0.0,0.0,37.75
,2018-19,Joe Ingles,2019-02-06,Utah Jazz,Phoenix Suns,1.0,33.34,6.0,10.0,0.6,2.0,5.0,0.4,1.0,1.0,1.0,0.0,3.0,3.0,11.0,1.0,0.0,3.0,1.0,15.0,24.0,https://www.basketball-reference.com/boxscores/201902060UTA.html,78.3,1.0,0.0,37.75
,2018-19,Joe Ingles,2019-02-23,Utah Jazz,Dallas Mavericks,1.0,33.18,6.0,12.0,0.5,5.0,9.0,0.556,1.0,2.0,0.5,1.0,4.0,5.0,6.0,1.0,0.0,1.0,3.0,18.0,12.0,https://www.basketball-reference.com/boxscores/201902230UTA.html,115.92,0.0,0.0,37.25
,2018-19,Joe Ingles,2019-02-27,Utah Jazz,Los Angeles Clippers,1.0,36.33,4.0,9.0,0.444,2.0,5.0,0.4,1.0,3.0,0.333,2.0,3.0,5.0,6.0,0.0,3.0,1.0,4.0,11.0,1.0,https://www.basketball-reference.com/boxscores/201902270UTA.html,56.76000000000001,0.0,0.0,32.75
,2018-19,Joe Ingles,2019-02-28,Utah Jazz,Denver Nuggets,0.0,36.14,4.0,12.0,0.333,2.0,9.0,0.222,5.0,6.0,0.833,2.0,2.0,4.0,10.0,2.0,1.0,2.0,1.0,15.0,16.0,https://www.basketball-reference.com/boxscores/201902280DEN.html,109.8,1.0,0.0,42.0
,2018-19,Joe Ingles,2019-03-04,Utah Jazz,New Orleans Pelicans,1.0,33.34,2.0,7.0,0.28600000000000003,2.0,6.0,0.333,2.0,2.0,1.0,0.0,4.0,4.0,11.0,0.0,0.0,7.0,2.0,8.0,-3.0,https://www.basketball-reference.com/boxscores/201903040UTA.html,31.52,0.0,0.0,27.0
,2018-19,Joe Ingles,2019-03-06,Utah Jazz,New Orleans Pelicans,0.0,38.18,4.0,12.0,0.333,1.0,7.0,0.14300000000000002,1.0,2.0,0.5,1.0,7.0,8.0,10.0,1.0,0.0,3.0,1.0,10.0,17.0,https://www.basketball-reference.com/boxscores/201903060NOP.html,64.4,1.0,0.0,37.0
,2018-19,Joe Ingles,2019-03-08,Utah Jazz,Memphis Grizzlies,0.0,35.08,5.0,11.0,0.455,3.0,7.0,0.429,1.0,1.0,1.0,1.0,5.0,6.0,7.0,0.0,1.0,1.0,3.0,14.0,-22.0,https://www.basketball-reference.com/boxscores/201903080MEM.html,80.08,0.0,0.0,35.0
,2018-19,Joe Ingles,2019-03-16,Utah Jazz,Brooklyn Nets,1.0,29.3,1.0,5.0,0.2,0.0,3.0,0.0,0.0,1.0,0.0,0.0,6.0,6.0,4.0,1.0,0.0,3.0,1.0,2.0,11.0,https://www.basketball-reference.com/boxscores/201903160UTA.html,5.44,0.0,0.0,16.0
,2018-19,Joe Ingles,2019-03-23,Utah Jazz,Chicago Bulls,0.0,27.05,5.0,14.0,0.35700000000000004,2.0,7.0,0.28600000000000003,1.0,1.0,1.0,0.0,6.0,6.0,5.0,0.0,0.0,0.0,1.0,13.0,13.0,https://www.basketball-reference.com/boxscores/201903230CHI.html,93.86,0.0,0.0,29.0
,2018-19,Joe Ingles,2019-03-29,Utah Jazz,Washington Wizards,1.0,36.24,7.0,14.0,0.5,3.0,8.0,0.375,1.0,1.0,1.0,1.0,4.0,5.0,10.0,0.0,0.0,1.0,1.0,18.0,3.0,https://www.basketball-reference.com/boxscores/201903290UTA.html,129.96,1.0,0.0,41.25
,2020-21,Joe Ingles,2020-12-23,Utah Jazz,Portland Trail Blazers,0.0,26.43,5.0,10.0,0.5,3.0,8.0,0.375,1.0,1.0,1.0,0.0,5.0,5.0,7.0,1.0,1.0,1.0,0.0,14.0,14.0,https://www.basketball-reference.com/boxscores/202012230POR.html,73.08,0.0,0.0,35.75
,2020-21,Joe Ingles,2020-12-26,Utah Jazz,Minnesota Timberwolves,1.0,25.52,3.0,8.0,0.375,2.0,5.0,0.4,2.0,2.0,1.0,1.0,1.0,2.0,0.0,0.0,0.0,3.0,3.0,10.0,-13.0,https://www.basketball-reference.com/boxscores/202012260UTA.html,44.40000000000001,0.0,0.0,12.0
,2020-21,Joe Ingles,2021-01-03,Utah Jazz,San Antonio Spurs,0.0,20.4,5.0,9.0,0.556,2.0,6.0,0.333,1.0,2.0,0.5,2.0,5.0,7.0,1.0,0.0,0.0,0.0,1.0,13.0,15.0,https://www.basketball-reference.com/boxscores/202101030SAS.html,64.22,0.0,0.0,24.25
,2020-21,Joe Ingles,2021-01-05,Utah Jazz,Brooklyn Nets,0.0,22.43,2.0,6.0,0.333,1.0,2.0,0.5,2.0,2.0,1.0,0.0,3.0,3.0,2.0,0.0,0.0,2.0,3.0,7.0,-10.0,https://www.basketball-reference.com/boxscores/202101050BRK.html,24.08,0.0,0.0,13.25
,2020-21,Joe Ingles,2021-01-10,Utah Jazz,Detroit Pistons,0.0,23.31,3.0,6.0,0.5,2.0,5.0,0.4,1.0,2.0,0.5,0.0,5.0,5.0,2.0,0.0,0.0,0.0,2.0,9.0,7.0,https://www.basketball-reference.com/boxscores/202101100DET.html,30.96,0.0,0.0,19.25
,2020-21,Joe Ingles,2021-01-31,Utah Jazz,Denver Nuggets,0.0,25.21,3.0,7.0,0.429,2.0,4.0,0.5,2.0,2.0,1.0,1.0,0.0,1.0,6.0,0.0,0.0,2.0,1.0,10.0,-9.0,https://www.basketball-reference.com/boxscores/202101310DEN.html,39.4,0.0,0.0,20.25
,2020-21,Joe Ingles,2021-02-02,Utah Jazz,Detroit Pistons,1.0,24.02,1.0,5.0,0.2,1.0,4.0,0.25,2.0,2.0,1.0,1.0,2.0,3.0,6.0,1.0,0.0,2.0,2.0,5.0,4.0,https://www.basketball-reference.com/boxscores/202102020UTA.html,14.7,0.0,0.0,19.25
,2020-21,Joe Ingles,2021-02-05,Utah Jazz,Charlotte Hornets,0.0,27.58,3.0,5.0,0.6,2.0,4.0,0.5,2.0,2.0,1.0,1.0,3.0,4.0,11.0,0.0,1.0,2.0,0.0,10.0,10.0,https://www.basketball-reference.com/boxscores/202102050CHO.html,29.4,1.0,0.0,34.5
,2020-21,Joe Ingles,2021-02-09,Utah Jazz,Boston Celtics,1.0,35.59,5.0,12.0,0.417,5.0,11.0,0.455,9.0,10.0,0.9,0.0,3.0,3.0,6.0,0.0,0.0,1.0,3.0,24.0,21.0,https://www.basketball-reference.com/boxscores/202102090UTA.html,196.8,0.0,0.0,38.75
,2020-21,Joe Ingles,2021-02-12,Utah Jazz,Milwaukee Bucks,1.0,29.58,8.0,11.0,0.727,7.0,9.0,0.778,4.0,4.0,1.0,0.0,3.0,3.0,5.0,0.0,0.0,2.0,0.0,27.0,3.0,https://www.basketball-reference.com/boxscores/202102120UTA.html,172.26,0.0,0.0,40.75
,2020-21,Joe Ingles,2021-02-13,Utah Jazz,Miami Heat,1.0,32.51,3.0,7.0,0.429,1.0,5.0,0.2,1.0,2.0,0.5,0.0,3.0,3.0,6.0,1.0,0.0,2.0,1.0,8.0,30.0,https://www.basketball-reference.com/boxscores/202102130UTA.html,31.52,0.0,0.0,22.25
,2020-21,Joe Ingles,2021-02-15,Utah Jazz,Philadelphia 76ers,1.0,32.33,8.0,12.0,0.667,2.0,5.0,0.4,2.0,2.0,1.0,0.0,3.0,3.0,5.0,1.0,1.0,3.0,1.0,20.0,6.0,https://www.basketball-reference.com/boxscores/202102150UTA.html,128.8,0.0,0.0,34.75
,2020-21,Joe Ingles,2021-02-17,Utah Jazz,Los Angeles Clippers,0.0,24.08,5.0,7.0,0.7140000000000001,3.0,4.0,0.75,1.0,1.0,1.0,0.0,3.0,3.0,5.0,1.0,0.0,2.0,3.0,14.0,10.0,https://www.basketball-reference.com/boxscores/202102170LAC.html,52.08000000000001,0.0,0.0,27.75
,2020-21,Joe Ingles,2021-02-19,Utah Jazz,Los Angeles Clippers,0.0,24.43,1.0,4.0,0.25,1.0,4.0,0.25,2.0,2.0,1.0,0.0,0.0,0.0,2.0,0.0,1.0,1.0,1.0,5.0,-3.0,https://www.basketball-reference.com/boxscores/202102190LAC.html,12.2,0.0,0.0,10.0
,2020-21,Joe Ingles,2021-02-26,Utah Jazz,Miami Heat,0.0,25.14,4.0,7.0,0.5710000000000001,3.0,5.0,0.6,2.0,2.0,1.0,0.0,2.0,2.0,3.0,2.0,0.0,0.0,2.0,13.0,3.0,https://www.basketball-reference.com/boxscores/202102260MIA.html,51.22,0.0,0.0,25.5
,2020-21,Joe Ingles,2021-03-18,Utah Jazz,Washington Wizards,0.0,32.58,12.0,17.0,0.706,8.0,10.0,0.8,2.0,3.0,0.667,1.0,4.0,5.0,2.0,2.0,0.0,0.0,3.0,34.0,2.0,https://www.basketball-reference.com/boxscores/202103180WAS.html,311.44,0.0,0.0,51.25
,2020-21,Joe Ingles,2021-03-19,Utah Jazz,Toronto Raptors,0.0,32.48,5.0,6.0,0.833,5.0,6.0,0.833,4.0,4.0,1.0,0.0,5.0,5.0,6.0,1.0,0.0,1.0,1.0,19.0,5.0,https://www.basketball-reference.com/boxscores/202103190TOR.html,73.72,0.0,0.0,38.25
,2020-21,Joe Ingles,2021-03-26,Utah Jazz,Memphis Grizzlies,1.0,22.58,3.0,8.0,0.375,2.0,6.0,0.333,1.0,2.0,0.5,1.0,5.0,6.0,6.0,3.0,0.0,1.0,1.0,9.0,-5.0,https://www.basketball-reference.com/boxscores/202103260UTA.html,39.96,0.0,0.0,32.0
,2020-21,Joe Ingles,2021-03-27,Utah Jazz,Memphis Grizzlies,1.0,28.59,4.0,7.0,0.5710000000000001,3.0,5.0,0.6,4.0,4.0,1.0,1.0,1.0,2.0,7.0,1.0,0.0,3.0,1.0,15.0,23.0,https://www.basketball-reference.com/boxscores/202103270UTA.html,65.7,0.0,0.0,30.0
,2020-21,Joe Ingles,2021-03-29,Utah Jazz,Cleveland Cavaliers,1.0,18.28,2.0,3.0,0.667,2.0,3.0,0.667,1.0,2.0,0.5,0.0,2.0,2.0,4.0,1.0,0.0,2.0,2.0,7.0,32.0,https://www.basketball-reference.com/boxscores/202103290UTA.html,13.58,0.0,0.0,17.5
,2020-21,Joe Ingles,2021-03-31,Utah Jazz,Memphis Grizzlies,0.0,34.18,3.0,9.0,0.333,2.0,6.0,0.333,2.0,2.0,1.0,1.0,4.0,5.0,2.0,1.0,0.0,3.0,2.0,10.0,0.0,https://www.basketball-reference.com/boxscores/202103310MEM.html,49.40000000000001,0.0,0.0,20.75
