Player,Date,Team,Against,Home,MP,FG,FGA,FG%,3P,3PA,3P%,FT,FTA,FT%,ORB,DRB,TRB,AST,STL,BLK,TOV,PF,PTS,+/-,GameLink,season
Jon Leuer,2016-12-02,Detroit Pistons,Atlanta Hawks,0,31.29,5.0,6.0,0.833,4.0,5.0,0.8,2.0,3.0,0.667,3.0,6.0,9.0,2.0,1.0,0.0,5.0,1.0,16.0,25.0,https://www.basketball-reference.com/boxscores/201612020ATL.html,2016-17
Jon Leuer,2016-12-04,Detroit Pistons,Orlando Magic,1,26.1,3.0,7.0,0.429,1.0,4.0,0.25,1.0,2.0,0.5,0.0,6.0,6.0,1.0,1.0,1.0,1.0,1.0,8.0,-9.0,https://www.basketball-reference.com/boxscores/201612040DET.html,2016-17
Jon Leuer,2016-12-06,Detroit Pistons,Chicago Bulls,1,23.09,3.0,6.0,0.5,0.0,1.0,0.0,3.0,4.0,0.75,1.0,4.0,5.0,1.0,1.0,0.0,0.0,2.0,9.0,17.0,https://www.basketball-reference.com/boxscores/201612060DET.html,2016-17
Jon Leuer,2016-12-07,Detroit Pistons,Charlotte Hornets,0,23.13,3.0,11.0,0.273,0.0,4.0,0.0,0.0,0.0,,0.0,4.0,4.0,6.0,0.0,0.0,0.0,1.0,6.0,-8.0,https://www.basketball-reference.com/boxscores/201612070CHO.html,2016-17
Jon Leuer,2016-12-09,Detroit Pistons,Minnesota Timberwolves,0,28.03,5.0,10.0,0.5,0.0,4.0,0.0,7.0,8.0,0.875,1.0,4.0,5.0,1.0,1.0,0.0,0.0,1.0,17.0,30.0,https://www.basketball-reference.com/boxscores/201612090MIN.html,2016-17
Jon Leuer,2016-12-11,Detroit Pistons,Philadelphia 76ers,1,21.54,1.0,3.0,0.333,0.0,0.0,,0.0,0.0,,1.0,1.0,2.0,1.0,0.0,0.0,0.0,1.0,2.0,-8.0,https://www.basketball-reference.com/boxscores/201612110DET.html,2016-17
Jon Leuer,2016-12-14,Detroit Pistons,Dallas Mavericks,0,30.41,8.0,9.0,0.889,0.0,0.0,,3.0,3.0,1.0,1.0,4.0,5.0,2.0,1.0,1.0,1.0,0.0,19.0,25.0,https://www.basketball-reference.com/boxscores/201612140DAL.html,2016-17
Jon Leuer,2016-12-16,Detroit Pistons,Washington Wizards,0,31.26,8.0,12.0,0.667,1.0,3.0,0.333,0.0,0.0,,1.0,6.0,7.0,5.0,1.0,0.0,1.0,2.0,17.0,-1.0,https://www.basketball-reference.com/boxscores/201612160WAS.html,2016-17
Jon Leuer,2016-12-19,Detroit Pistons,Chicago Bulls,0,20.36,7.0,9.0,0.778,0.0,1.0,0.0,2.0,2.0,1.0,2.0,3.0,5.0,1.0,0.0,0.0,1.0,0.0,16.0,-9.0,https://www.basketball-reference.com/boxscores/201612190CHI.html,2016-17
Jon Leuer,2016-12-21,Detroit Pistons,Memphis Grizzlies,1,29.53,6.0,13.0,0.462,1.0,4.0,0.25,5.0,5.0,1.0,0.0,5.0,5.0,1.0,0.0,1.0,1.0,2.0,18.0,-12.0,https://www.basketball-reference.com/boxscores/201612210DET.html,2016-17
Jon Leuer,2016-12-23,Detroit Pistons,Golden State Warriors,1,33.06,4.0,7.0,0.5710000000000001,0.0,1.0,0.0,0.0,0.0,,1.0,6.0,7.0,2.0,1.0,0.0,0.0,3.0,8.0,-6.0,https://www.basketball-reference.com/boxscores/201612230DET.html,2016-17
Jon Leuer,2016-12-26,Detroit Pistons,Cleveland Cavaliers,1,27.58,5.0,11.0,0.455,2.0,3.0,0.667,1.0,1.0,1.0,1.0,4.0,5.0,1.0,2.0,0.0,0.0,3.0,13.0,21.0,https://www.basketball-reference.com/boxscores/201612260DET.html,2016-17
Jon Leuer,2016-12-28,Detroit Pistons,Milwaukee Bucks,1,28.49,4.0,11.0,0.364,1.0,2.0,0.5,0.0,0.0,,3.0,4.0,7.0,4.0,0.0,0.0,0.0,0.0,9.0,-2.0,https://www.basketball-reference.com/boxscores/201612280DET.html,2016-17
Jon Leuer,2016-12-30,Detroit Pistons,Atlanta Hawks,0,36.33,9.0,16.0,0.563,2.0,4.0,0.5,2.0,2.0,1.0,3.0,3.0,6.0,1.0,2.0,0.0,0.0,4.0,22.0,-5.0,https://www.basketball-reference.com/boxscores/201612300ATL.html,2016-17
Jon Leuer,2017-01-01,Detroit Pistons,Miami Heat,0,27.56,1.0,4.0,0.25,0.0,0.0,,0.0,0.0,,2.0,1.0,3.0,3.0,0.0,0.0,1.0,1.0,2.0,1.0,https://www.basketball-reference.com/boxscores/201701010MIA.html,2016-17
Jon Leuer,2017-01-03,Detroit Pistons,Indiana Pacers,1,34.05,7.0,11.0,0.636,0.0,3.0,0.0,0.0,0.0,,1.0,6.0,7.0,2.0,1.0,0.0,2.0,3.0,14.0,-10.0,https://www.basketball-reference.com/boxscores/201701030DET.html,2016-17
Jon Leuer,2017-01-05,Detroit Pistons,Charlotte Hornets,1,21.53,3.0,6.0,0.5,2.0,3.0,0.667,0.0,0.0,,1.0,5.0,6.0,1.0,0.0,0.0,1.0,4.0,8.0,-8.0,https://www.basketball-reference.com/boxscores/201701050DET.html,2016-17
Jon Leuer,2017-01-08,Portland Trail Blazers,Detroit Pistons,1,6.15,0.0,0.0,,0.0,0.0,,0.0,0.0,,0.0,0.0,0.0,1.0,0.0,0.0,0.0,1.0,0.0,-1.0,https://www.basketball-reference.com/boxscores/201701080POR.html,2016-17
Jon Leuer,2017-01-10,Detroit Pistons,Sacramento Kings,0,,,,,,,,,,,,,,,,,,,,,https://www.basketball-reference.com/boxscores/201701100SAC.html,2016-17
Jon Leuer,2017-01-12,Detroit Pistons,Golden State Warriors,0,,,,,,,,,,,,,,,,,,,,,https://www.basketball-reference.com/boxscores/201701120GSW.html,2016-17
Jon Leuer,2017-01-13,Detroit Pistons,Utah Jazz,0,,,,,,,,,,,,,,,,,,,,,https://www.basketball-reference.com/boxscores/201701130UTA.html,2016-17
Jon Leuer,2017-01-15,Detroit Pistons,Los Angeles Lakers,0,,,,,,,,,,,,,,,,,,,,,https://www.basketball-reference.com/boxscores/201701150LAL.html,2016-17
Jon Leuer,2017-01-21,Detroit Pistons,Washington Wizards,1,24.31,4.0,6.0,0.667,1.0,1.0,1.0,1.0,1.0,1.0,2.0,3.0,5.0,2.0,2.0,2.0,2.0,2.0,10.0,-3.0,https://www.basketball-reference.com/boxscores/201701210DET.html,2016-17
Jon Leuer,2017-01-23,Detroit Pistons,Sacramento Kings,1,27.35,6.0,11.0,0.545,3.0,4.0,0.75,0.0,0.0,,0.0,4.0,4.0,4.0,0.0,0.0,2.0,5.0,15.0,8.0,https://www.basketball-reference.com/boxscores/201701230DET.html,2016-17
Jon Leuer,2017-01-28,Detroit Pistons,Miami Heat,0,24.21,4.0,5.0,0.8,0.0,1.0,0.0,0.0,1.0,0.0,1.0,0.0,1.0,1.0,0.0,0.0,0.0,3.0,8.0,0.0,https://www.basketball-reference.com/boxscores/201701280MIA.html,2016-17
Jon Leuer,2017-01-30,Detroit Pistons,Boston Celtics,0,26.11,1.0,5.0,0.2,0.0,2.0,0.0,4.0,4.0,1.0,2.0,4.0,6.0,3.0,0.0,2.0,0.0,3.0,6.0,-11.0,https://www.basketball-reference.com/boxscores/201701300BOS.html,2016-17
Jon Leuer,2017-02-01,Detroit Pistons,New Orleans Pelicans,1,17.04,1.0,7.0,0.14300000000000002,0.0,3.0,0.0,0.0,0.0,,0.0,4.0,4.0,3.0,0.0,0.0,0.0,1.0,2.0,-16.0,https://www.basketball-reference.com/boxscores/201702010DET.html,2016-17
Jon Leuer,2017-02-03,Detroit Pistons,Minnesota Timberwolves,1,35.17,8.0,16.0,0.5,4.0,7.0,0.5710000000000001,4.0,5.0,0.8,2.0,2.0,4.0,1.0,0.0,0.0,0.0,2.0,24.0,8.0,https://www.basketball-reference.com/boxscores/201702030DET.html,2016-17
Jon Leuer,2017-02-04,Detroit Pistons,Indiana Pacers,0,27.21,7.0,11.0,0.636,0.0,2.0,0.0,0.0,0.0,,1.0,5.0,6.0,1.0,0.0,0.0,4.0,1.0,14.0,-15.0,https://www.basketball-reference.com/boxscores/201702040IND.html,2016-17
Jon Leuer,2017-02-06,Detroit Pistons,Philadelphia 76ers,1,22.37,5.0,9.0,0.556,1.0,2.0,0.5,1.0,1.0,1.0,3.0,2.0,5.0,2.0,0.0,1.0,0.0,5.0,12.0,13.0,https://www.basketball-reference.com/boxscores/201702060DET.html,2016-17
Jon Leuer,2017-02-08,Detroit Pistons,Los Angeles Lakers,1,34.22,9.0,17.0,0.529,0.0,2.0,0.0,2.0,2.0,1.0,1.0,2.0,3.0,3.0,1.0,0.0,1.0,3.0,20.0,12.0,https://www.basketball-reference.com/boxscores/201702080DET.html,2016-17
Jon Leuer,2017-02-10,Detroit Pistons,San Antonio Spurs,1,34.5,4.0,9.0,0.444,0.0,1.0,0.0,2.0,2.0,1.0,0.0,2.0,2.0,3.0,0.0,0.0,2.0,3.0,10.0,1.0,https://www.basketball-reference.com/boxscores/201702100DET.html,2016-17
Jon Leuer,2017-02-12,Detroit Pistons,Toronto Raptors,0,16.58,1.0,5.0,0.2,0.0,2.0,0.0,0.0,0.0,,0.0,0.0,0.0,0.0,0.0,0.0,1.0,0.0,2.0,-25.0,https://www.basketball-reference.com/boxscores/201702120TOR.html,2016-17
Jon Leuer,2017-02-13,Detroit Pistons,Milwaukee Bucks,0,36.17,6.0,9.0,0.667,1.0,2.0,0.5,2.0,2.0,1.0,2.0,9.0,11.0,0.0,0.0,1.0,2.0,2.0,15.0,-5.0,https://www.basketball-reference.com/boxscores/201702130MIL.html,2016-17
Jon Leuer,2017-02-15,Detroit Pistons,Dallas Mavericks,1,34.06,5.0,7.0,0.7140000000000001,0.0,0.0,,10.0,10.0,1.0,1.0,7.0,8.0,0.0,0.0,1.0,1.0,2.0,20.0,3.0,https://www.basketball-reference.com/boxscores/201702150DET.html,2016-17
Jon Leuer,2017-02-26,Detroit Pistons,Boston Celtics,1,25.19,4.0,11.0,0.364,2.0,7.0,0.28600000000000003,0.0,2.0,0.0,1.0,3.0,4.0,1.0,0.0,0.0,3.0,2.0,10.0,-3.0,https://www.basketball-reference.com/boxscores/201702260DET.html,2016-17
Jon Leuer,2017-03-01,Detroit Pistons,New Orleans Pelicans,0,38.37,11.0,23.0,0.478,0.0,3.0,0.0,0.0,0.0,,4.0,3.0,7.0,1.0,3.0,1.0,1.0,4.0,22.0,-16.0,https://www.basketball-reference.com/boxscores/201703010NOP.html,2016-17
Jon Leuer,2017-03-04,Detroit Pistons,Philadelphia 76ers,0,19.14,3.0,7.0,0.429,0.0,1.0,0.0,0.0,0.0,,0.0,2.0,2.0,1.0,1.0,0.0,1.0,2.0,6.0,2.0,https://www.basketball-reference.com/boxscores/201703040PHI.html,2016-17
Jon Leuer,2017-03-06,Detroit Pistons,Chicago Bulls,1,32.15,6.0,12.0,0.5,0.0,2.0,0.0,2.0,2.0,1.0,1.0,5.0,6.0,1.0,0.0,0.0,0.0,2.0,14.0,9.0,https://www.basketball-reference.com/boxscores/201703060DET.html,2016-17
Jon Leuer,2017-03-08,Detroit Pistons,Indiana Pacers,0,26.38,7.0,13.0,0.5379999999999999,1.0,3.0,0.333,0.0,0.0,,1.0,3.0,4.0,1.0,0.0,0.0,3.0,1.0,15.0,-5.0,https://www.basketball-reference.com/boxscores/201703080IND.html,2016-17
Jon Leuer,2017-03-09,Detroit Pistons,Cleveland Cavaliers,1,12.4,0.0,1.0,0.0,0.0,0.0,,0.0,0.0,,0.0,0.0,0.0,1.0,0.0,0.0,0.0,1.0,0.0,-11.0,https://www.basketball-reference.com/boxscores/201703090DET.html,2016-17
Jon Leuer,2017-03-11,Detroit Pistons,New York Knicks,1,20.56,5.0,9.0,0.556,1.0,2.0,0.5,0.0,0.0,,0.0,3.0,3.0,0.0,0.0,0.0,0.0,1.0,11.0,0.0,https://www.basketball-reference.com/boxscores/201703110DET.html,2016-17
Jon Leuer,2017-03-14,Detroit Pistons,Cleveland Cavaliers,0,22.04,3.0,6.0,0.5,0.0,0.0,,2.0,2.0,1.0,2.0,5.0,7.0,1.0,0.0,0.0,0.0,2.0,8.0,-15.0,https://www.basketball-reference.com/boxscores/201703140CLE.html,2016-17
Jon Leuer,2017-03-15,Detroit Pistons,Utah Jazz,1,29.37,3.0,8.0,0.375,1.0,1.0,1.0,0.0,0.0,,1.0,4.0,5.0,1.0,0.0,1.0,1.0,1.0,7.0,-9.0,https://www.basketball-reference.com/boxscores/201703150DET.html,2016-17
Jon Leuer,2017-03-17,Detroit Pistons,Toronto Raptors,1,28.55,5.0,8.0,0.625,1.0,3.0,0.333,1.0,1.0,1.0,2.0,3.0,5.0,2.0,0.0,1.0,1.0,1.0,12.0,4.0,https://www.basketball-reference.com/boxscores/201703170DET.html,2016-17
Jon Leuer,2017-03-19,Detroit Pistons,Phoenix Suns,1,24.12,4.0,10.0,0.4,1.0,1.0,1.0,1.0,1.0,1.0,1.0,6.0,7.0,2.0,1.0,0.0,2.0,5.0,10.0,15.0,https://www.basketball-reference.com/boxscores/201703190DET.html,2016-17
Jon Leuer,2017-03-21,Detroit Pistons,Brooklyn Nets,0,21.5,0.0,7.0,0.0,0.0,2.0,0.0,2.0,2.0,1.0,1.0,4.0,5.0,1.0,1.0,1.0,0.0,3.0,2.0,9.0,https://www.basketball-reference.com/boxscores/201703210BRK.html,2016-17
Jon Leuer,2017-03-22,Detroit Pistons,Chicago Bulls,0,16.39,5.0,8.0,0.625,1.0,1.0,1.0,2.0,3.0,0.667,4.0,2.0,6.0,1.0,0.0,0.0,0.0,0.0,13.0,-3.0,https://www.basketball-reference.com/boxscores/201703220CHI.html,2016-17
Jon Leuer,2017-03-24,Detroit Pistons,Orlando Magic,0,27.36,7.0,11.0,0.636,0.0,2.0,0.0,2.0,2.0,1.0,2.0,6.0,8.0,2.0,1.0,0.0,1.0,0.0,16.0,-10.0,https://www.basketball-reference.com/boxscores/201703240ORL.html,2016-17
Jon Leuer,2017-03-27,Detroit Pistons,New York Knicks,0,24.41,4.0,8.0,0.5,0.0,2.0,0.0,0.0,0.0,,1.0,2.0,3.0,2.0,0.0,1.0,2.0,3.0,8.0,-11.0,https://www.basketball-reference.com/boxscores/201703270NYK.html,2016-17
Jon Leuer,2017-03-28,Detroit Pistons,Miami Heat,1,16.51,0.0,3.0,0.0,0.0,1.0,0.0,2.0,2.0,1.0,1.0,3.0,4.0,2.0,1.0,1.0,0.0,1.0,2.0,-11.0,https://www.basketball-reference.com/boxscores/201703280DET.html,2016-17
Jon Leuer,2017-03-30,Detroit Pistons,Brooklyn Nets,1,25.57,2.0,8.0,0.25,0.0,3.0,0.0,0.0,0.0,,1.0,1.0,2.0,0.0,0.0,0.0,1.0,2.0,4.0,-9.0,https://www.basketball-reference.com/boxscores/201703300DET.html,2016-17
Jon Leuer,2017-03-31,Milwaukee Bucks,Detroit Pistons,1,31.12,3.0,9.0,0.333,0.0,0.0,,3.0,5.0,0.6,4.0,6.0,10.0,0.0,0.0,0.0,1.0,3.0,9.0,-7.0,https://www.basketball-reference.com/boxscores/201703310MIL.html,2016-17
Jon Leuer,2014-12-03,Memphis Grizzlies,Houston Rockets,0,26.29,3.0,9.0,0.333,0.0,1.0,0.0,1.0,2.0,0.5,1.0,5.0,6.0,2.0,0.0,0.0,1.0,1.0,7.0,10.0,https://www.basketball-reference.com/boxscores/201412030HOU.html,2014-15
Jon Leuer,2014-12-05,Memphis Grizzlies,San Antonio Spurs,1,,,,,,,,,,,,,,,,,,,,,https://www.basketball-reference.com/boxscores/201412050MEM.html,2014-15
Jon Leuer,2014-12-07,Memphis Grizzlies,Miami Heat,1,23.58,7.0,12.0,0.583,2.0,3.0,0.667,4.0,4.0,1.0,2.0,10.0,12.0,1.0,2.0,1.0,1.0,1.0,20.0,10.0,https://www.basketball-reference.com/boxscores/201412070MEM.html,2014-15
Jon Leuer,2014-12-09,Memphis Grizzlies,Dallas Mavericks,1,20.05,1.0,4.0,0.25,1.0,1.0,1.0,0.0,0.0,,0.0,2.0,2.0,0.0,0.0,0.0,0.0,0.0,3.0,-2.0,https://www.basketball-reference.com/boxscores/201412090MEM.html,2014-15
Jon Leuer,2014-12-13,Philadelphia 76ers,Memphis Grizzlies,1,8.54,0.0,5.0,0.0,0.0,1.0,0.0,0.0,0.0,,1.0,2.0,3.0,1.0,0.0,1.0,0.0,0.0,0.0,7.0,https://www.basketball-reference.com/boxscores/201412130PHI.html,2014-15
Jon Leuer,2014-12-16,Memphis Grizzlies,Golden State Warriors,1,19.16,4.0,6.0,0.667,0.0,1.0,0.0,3.0,3.0,1.0,0.0,4.0,4.0,0.0,0.0,0.0,1.0,4.0,11.0,0.0,https://www.basketball-reference.com/boxscores/201412160MEM.html,2014-15
Jon Leuer,2014-12-17,San Antonio Spurs,Memphis Grizzlies,1,14.09,1.0,4.0,0.25,0.0,1.0,0.0,0.0,0.0,,1.0,2.0,3.0,1.0,1.0,1.0,0.0,2.0,2.0,0.0,https://www.basketball-reference.com/boxscores/201412170SAS.html,2014-15
Jon Leuer,2014-12-19,Memphis Grizzlies,Chicago Bulls,1,20.3,3.0,5.0,0.6,0.0,1.0,0.0,0.0,1.0,0.0,0.0,4.0,4.0,2.0,0.0,0.0,0.0,6.0,6.0,-8.0,https://www.basketball-reference.com/boxscores/201412190MEM.html,2014-15
Jon Leuer,2014-12-21,Memphis Grizzlies,Cleveland Cavaliers,0,29.59,7.0,14.0,0.5,0.0,2.0,0.0,2.0,2.0,1.0,3.0,4.0,7.0,2.0,2.0,0.0,0.0,2.0,16.0,-14.0,https://www.basketball-reference.com/boxscores/201412210CLE.html,2014-15
Jon Leuer,2014-12-22,Memphis Grizzlies,Utah Jazz,1,26.05,2.0,9.0,0.222,0.0,1.0,0.0,0.0,0.0,,0.0,5.0,5.0,1.0,0.0,0.0,0.0,1.0,4.0,-14.0,https://www.basketball-reference.com/boxscores/201412220MEM.html,2014-15
Jon Leuer,2014-12-27,Memphis Grizzlies,Miami Heat,0,22.49,2.0,8.0,0.25,0.0,0.0,,1.0,4.0,0.25,3.0,1.0,4.0,1.0,2.0,0.0,1.0,3.0,5.0,8.0,https://www.basketball-reference.com/boxscores/201412270MIA.html,2014-15
Jon Leuer,2014-12-30,Memphis Grizzlies,San Antonio Spurs,1,9.43,2.0,4.0,0.5,0.0,0.0,,0.0,0.0,,2.0,0.0,2.0,1.0,0.0,0.0,2.0,3.0,4.0,1.0,https://www.basketball-reference.com/boxscores/201412300MEM.html,2014-15
Jon Leuer,2015-01-02,Memphis Grizzlies,Los Angeles Lakers,0,15.34,3.0,5.0,0.6,0.0,0.0,,0.0,0.0,,1.0,4.0,5.0,0.0,0.0,0.0,0.0,4.0,6.0,-5.0,https://www.basketball-reference.com/boxscores/201501020LAL.html,2014-15
Jon Leuer,2015-01-03,Memphis Grizzlies,Denver Nuggets,0,19.47,5.0,8.0,0.625,0.0,1.0,0.0,0.0,0.0,,2.0,5.0,7.0,4.0,1.0,0.0,0.0,2.0,10.0,-7.0,https://www.basketball-reference.com/boxscores/201501030DEN.html,2014-15
Jon Leuer,2015-01-05,Memphis Grizzlies,New York Knicks,1,14.58,1.0,3.0,0.333,0.0,0.0,,1.0,2.0,0.5,1.0,6.0,7.0,3.0,0.0,0.0,3.0,0.0,3.0,-1.0,https://www.basketball-reference.com/boxscores/201501050MEM.html,2014-15
Jon Leuer,2015-01-07,Memphis Grizzlies,Atlanta Hawks,0,10.16,2.0,4.0,0.5,0.0,0.0,,0.0,0.0,,0.0,2.0,2.0,1.0,0.0,0.0,1.0,5.0,4.0,-6.0,https://www.basketball-reference.com/boxscores/201501070ATL.html,2014-15
Jon Leuer,2015-01-09,Memphis Grizzlies,New Orleans Pelicans,0,8.29,0.0,0.0,,0.0,0.0,,0.0,0.0,,1.0,3.0,4.0,1.0,0.0,1.0,0.0,0.0,0.0,0.0,https://www.basketball-reference.com/boxscores/201501090NOP.html,2014-15
Jon Leuer,2015-01-14,Memphis Grizzlies,Brooklyn Nets,0,4.22,0.0,0.0,,0.0,0.0,,0.0,0.0,,0.0,0.0,0.0,0.0,0.0,0.0,0.0,0.0,0.0,-11.0,https://www.basketball-reference.com/boxscores/201501140BRK.html,2014-15
Jon Leuer,2015-01-16,Memphis Grizzlies,Orlando Magic,0,,,,,,,,,,,,,,,,,,,,,https://www.basketball-reference.com/boxscores/201501160ORL.html,2014-15
Jon Leuer,2015-01-17,Memphis Grizzlies,Portland Trail Blazers,1,,,,,,,,,,,,,,,,,,,,,https://www.basketball-reference.com/boxscores/201501170MEM.html,2014-15
Jon Leuer,2015-01-19,Memphis Grizzlies,Dallas Mavericks,1,,,,,,,,,,,,,,,,,,,,,https://www.basketball-reference.com/boxscores/201501190MEM.html,2014-15
Jon Leuer,2015-01-21,Memphis Grizzlies,Toronto Raptors,1,6.09,1.0,3.0,0.333,0.0,0.0,,0.0,0.0,,0.0,1.0,1.0,1.0,0.0,0.0,1.0,0.0,2.0,5.0,https://www.basketball-reference.com/boxscores/201501210MEM.html,2014-15
Jon Leuer,2015-01-24,Memphis Grizzlies,Philadelphia 76ers,1,17.08,2.0,5.0,0.4,0.0,0.0,,2.0,2.0,1.0,0.0,5.0,5.0,1.0,0.0,0.0,2.0,1.0,6.0,7.0,https://www.basketball-reference.com/boxscores/201501240MEM.html,2014-15
Jon Leuer,2015-01-26,Memphis Grizzlies,Orlando Magic,1,14.21,4.0,7.0,0.5710000000000001,0.0,0.0,,1.0,2.0,0.5,0.0,2.0,2.0,1.0,0.0,0.0,0.0,1.0,9.0,3.0,https://www.basketball-reference.com/boxscores/201501260MEM.html,2014-15
Jon Leuer,2015-01-27,Memphis Grizzlies,Dallas Mavericks,0,9.27,1.0,3.0,0.333,1.0,1.0,1.0,1.0,2.0,0.5,1.0,1.0,2.0,1.0,0.0,0.0,1.0,0.0,4.0,11.0,https://www.basketball-reference.com/boxscores/201501270DAL.html,2014-15
Jon Leuer,2015-01-29,Memphis Grizzlies,Denver Nuggets,1,17.4,2.0,5.0,0.4,0.0,1.0,0.0,2.0,4.0,0.5,1.0,5.0,6.0,1.0,2.0,0.0,0.0,0.0,6.0,8.0,https://www.basketball-reference.com/boxscores/201501290MEM.html,2014-15
Jon Leuer,2015-01-31,Memphis Grizzlies,Oklahoma City Thunder,1,11.07,3.0,7.0,0.429,0.0,0.0,,0.0,0.0,,0.0,3.0,3.0,0.0,0.0,1.0,0.0,2.0,6.0,-2.0,https://www.basketball-reference.com/boxscores/201501310MEM.html,2014-15
Jon Leuer,2015-02-02,Memphis Grizzlies,Phoenix Suns,0,10.56,2.0,6.0,0.333,0.0,0.0,,0.0,0.0,,2.0,4.0,6.0,1.0,1.0,0.0,0.0,0.0,4.0,5.0,https://www.basketball-reference.com/boxscores/201502020PHO.html,2014-15
Jon Leuer,2015-02-04,Memphis Grizzlies,Utah Jazz,0,10.44,1.0,3.0,0.333,0.0,0.0,,0.0,0.0,,0.0,2.0,2.0,2.0,0.0,0.0,1.0,4.0,2.0,0.0,https://www.basketball-reference.com/boxscores/201502040UTA.html,2014-15
Jon Leuer,2015-02-06,Memphis Grizzlies,Minnesota Timberwolves,0,6.08,0.0,0.0,,0.0,0.0,,0.0,0.0,,0.0,1.0,1.0,0.0,0.0,0.0,2.0,1.0,0.0,-4.0,https://www.basketball-reference.com/boxscores/201502060MIN.html,2014-15
Jon Leuer,2015-02-08,Memphis Grizzlies,Atlanta Hawks,1,7.36,2.0,3.0,0.667,0.0,1.0,0.0,0.0,0.0,,1.0,1.0,2.0,0.0,0.0,0.0,0.0,1.0,4.0,-3.0,https://www.basketball-reference.com/boxscores/201502080MEM.html,2014-15
Jon Leuer,2015-02-10,Memphis Grizzlies,Brooklyn Nets,1,11.42,0.0,2.0,0.0,0.0,0.0,,0.0,0.0,,2.0,2.0,4.0,1.0,0.0,0.0,0.0,2.0,0.0,-8.0,https://www.basketball-reference.com/boxscores/201502100MEM.html,2014-15
Jon Leuer,2015-02-11,Memphis Grizzlies,Oklahoma City Thunder,0,14.23,2.0,3.0,0.667,0.0,0.0,,1.0,2.0,0.5,0.0,3.0,3.0,0.0,1.0,0.0,0.0,0.0,5.0,10.0,https://www.basketball-reference.com/boxscores/201502110OKC.html,2014-15
Jon Leuer,2015-02-22,Memphis Grizzlies,Portland Trail Blazers,0,4.32,0.0,1.0,0.0,0.0,0.0,,0.0,0.0,,0.0,0.0,0.0,0.0,0.0,0.0,0.0,0.0,0.0,-7.0,https://www.basketball-reference.com/boxscores/201502220POR.html,2014-15
Jon Leuer,2015-02-23,Memphis Grizzlies,Los Angeles Clippers,0,9.02,2.0,2.0,1.0,0.0,0.0,,0.0,0.0,,1.0,2.0,3.0,0.0,0.0,0.0,0.0,1.0,4.0,-4.0,https://www.basketball-reference.com/boxscores/201502230LAC.html,2014-15
Jon Leuer,2015-02-25,Memphis Grizzlies,Sacramento Kings,0,11.35,3.0,5.0,0.6,0.0,1.0,0.0,0.0,0.0,,0.0,0.0,0.0,0.0,0.0,0.0,1.0,1.0,6.0,-11.0,https://www.basketball-reference.com/boxscores/201502250SAC.html,2014-15
Jon Leuer,2015-02-27,Memphis Grizzlies,Los Angeles Clippers,1,11.51,1.0,4.0,0.25,0.0,0.0,,2.0,2.0,1.0,2.0,4.0,6.0,2.0,0.0,0.0,0.0,2.0,4.0,4.0,https://www.basketball-reference.com/boxscores/201502270MEM.html,2014-15
Jon Leuer,2015-02-28,Memphis Grizzlies,Minnesota Timberwolves,0,14.23,2.0,3.0,0.667,0.0,0.0,,1.0,2.0,0.5,2.0,1.0,3.0,0.0,0.0,1.0,0.0,3.0,5.0,-3.0,https://www.basketball-reference.com/boxscores/201502280MIN.html,2014-15
Jon Leuer,2015-03-03,Memphis Grizzlies,Utah Jazz,1,12.42,0.0,5.0,0.0,0.0,0.0,,2.0,2.0,1.0,1.0,4.0,5.0,0.0,0.0,0.0,1.0,0.0,2.0,10.0,https://www.basketball-reference.com/boxscores/201503030MEM.html,2014-15
Jon Leuer,2015-03-04,Memphis Grizzlies,Houston Rockets,0,5.53,0.0,2.0,0.0,0.0,1.0,0.0,2.0,2.0,1.0,0.0,2.0,2.0,0.0,0.0,0.0,0.0,1.0,2.0,5.0,https://www.basketball-reference.com/boxscores/201503040HOU.html,2014-15
Jon Leuer,2015-03-06,Memphis Grizzlies,Los Angeles Lakers,1,,,,,,,,,,,,,,,,,,,,,https://www.basketball-reference.com/boxscores/201503060MEM.html,2014-15
Jon Leuer,2015-03-07,Memphis Grizzlies,New Orleans Pelicans,0,,,,,,,,,,,,,,,,,,,,,https://www.basketball-reference.com/boxscores/201503070NOP.html,2014-15
Jon Leuer,2015-03-09,Memphis Grizzlies,Chicago Bulls,0,,,,,,,,,,,,,,,,,,,,,https://www.basketball-reference.com/boxscores/201503090CHI.html,2014-15
Jon Leuer,2015-03-11,Memphis Grizzlies,Boston Celtics,0,,,,,,,,,,,,,,,,,,,,,https://www.basketball-reference.com/boxscores/201503110BOS.html,2014-15
Jon Leuer,2015-03-12,Memphis Grizzlies,Washington Wizards,0,16.53,4.0,8.0,0.5,0.0,1.0,0.0,1.0,2.0,0.5,2.0,2.0,4.0,0.0,0.0,0.0,2.0,4.0,9.0,3.0,https://www.basketball-reference.com/boxscores/201503120WAS.html,2014-15
Jon Leuer,2015-03-14,Memphis Grizzlies,Milwaukee Bucks,1,,,,,,,,,,,,,,,,,,,,,https://www.basketball-reference.com/boxscores/201503140MEM.html,2014-15
Jon Leuer,2015-03-16,Memphis Grizzlies,Denver Nuggets,1,,,,,,,,,,,,,,,,,,,,,https://www.basketball-reference.com/boxscores/201503160MEM.html,2014-15
Jon Leuer,2015-03-17,Memphis Grizzlies,Detroit Pistons,0,,,,,,,,,,,,,,,,,,,,,https://www.basketball-reference.com/boxscores/201503170DET.html,2014-15
Jon Leuer,2015-03-20,Memphis Grizzlies,Dallas Mavericks,0,,,,,,,,,,,,,,,,,,,,,https://www.basketball-reference.com/boxscores/201503200DAL.html,2014-15
Jon Leuer,2015-03-21,Memphis Grizzlies,Portland Trail Blazers,1,5.39,0.0,2.0,0.0,0.0,0.0,,0.0,0.0,,0.0,1.0,1.0,0.0,0.0,0.0,0.0,0.0,0.0,-8.0,https://www.basketball-reference.com/boxscores/201503210MEM.html,2014-15
Jon Leuer,2015-03-23,Memphis Grizzlies,New York Knicks,0,2.33,0.0,0.0,,0.0,0.0,,0.0,0.0,,0.0,1.0,1.0,0.0,0.0,0.0,0.0,0.0,0.0,1.0,https://www.basketball-reference.com/boxscores/201503230NYK.html,2014-15
Jon Leuer,2015-03-25,Memphis Grizzlies,Cleveland Cavaliers,1,3.53,0.0,0.0,,0.0,0.0,,0.0,0.0,,0.0,0.0,0.0,0.0,0.0,0.0,0.0,0.0,0.0,3.0,https://www.basketball-reference.com/boxscores/201503250MEM.html,2014-15
Jon Leuer,2015-03-27,Memphis Grizzlies,Golden State Warriors,1,2.51,0.0,1.0,0.0,0.0,0.0,,0.0,0.0,,0.0,0.0,0.0,0.0,0.0,0.0,0.0,1.0,0.0,-4.0,https://www.basketball-reference.com/boxscores/201503270MEM.html,2014-15
Jon Leuer,2015-03-29,Memphis Grizzlies,San Antonio Spurs,0,,,,,,,,,,,,,,,,,,,,,https://www.basketball-reference.com/boxscores/201503290SAS.html,2014-15
Jon Leuer,2015-03-30,Memphis Grizzlies,Sacramento Kings,1,,,,,,,,,,,,,,,,,,,,,https://www.basketball-reference.com/boxscores/201503300MEM.html,2014-15
Jon Leuer,2012-12-03,Cleveland Cavaliers,Detroit Pistons,0,,,,,,,,,,,,,,,,,,,,,https://www.basketball-reference.com/boxscores/201212030DET.html,2012-13
Jon Leuer,2012-12-05,Cleveland Cavaliers,Chicago Bulls,1,,,,,,,,,,,,,,,,,,,,,https://www.basketball-reference.com/boxscores/201212050CLE.html,2012-13
Jon Leuer,2012-12-21,Cleveland Cavaliers,Indiana Pacers,1,,,,,,,,,,,,,,,,,,,,,https://www.basketball-reference.com/boxscores/201212210CLE.html,2012-13
Jon Leuer,2012-12-22,Cleveland Cavaliers,Milwaukee Bucks,0,,,,,,,,,,,,,,,,,,,,,https://www.basketball-reference.com/boxscores/201212220MIL.html,2012-13
Jon Leuer,2012-12-26,Cleveland Cavaliers,Washington Wizards,0,,,,,,,,,,,,,,,,,,,,,https://www.basketball-reference.com/boxscores/201212260WAS.html,2012-13
Jon Leuer,2012-12-28,Cleveland Cavaliers,Atlanta Hawks,1,,,,,,,,,,,,,,,,,,,,,https://www.basketball-reference.com/boxscores/201212280CLE.html,2012-13
Jon Leuer,2012-12-29,Cleveland Cavaliers,Brooklyn Nets,0,,,,,,,,,,,,,,,,,,,,,https://www.basketball-reference.com/boxscores/201212290BRK.html,2012-13
Jon Leuer,2013-01-02,Cleveland Cavaliers,Sacramento Kings,1,,,,,,,,,,,,,,,,,,,,,https://www.basketball-reference.com/boxscores/201301020CLE.html,2012-13
Jon Leuer,2013-01-07,Cleveland Cavaliers,Chicago Bulls,0,8.53,2.0,4.0,0.5,0.0,1.0,0.0,0.0,0.0,,1.0,0.0,1.0,1.0,1.0,0.0,0.0,1.0,4.0,-4.0,https://www.basketball-reference.com/boxscores/201301070CHI.html,2012-13
Jon Leuer,2013-01-09,Cleveland Cavaliers,Atlanta Hawks,1,2.37,0.0,1.0,0.0,0.0,0.0,,0.0,0.0,,0.0,1.0,1.0,0.0,0.0,0.0,0.0,0.0,0.0,-2.0,https://www.basketball-reference.com/boxscores/201301090CLE.html,2012-13
Jon Leuer,2013-01-11,Cleveland Cavaliers,Denver Nuggets,0,,,,,,,,,,,,,,,,,,,,,https://www.basketball-reference.com/boxscores/201301110DEN.html,2012-13
Jon Leuer,2013-01-13,Cleveland Cavaliers,Los Angeles Lakers,0,6.13,1.0,1.0,1.0,0.0,0.0,,0.0,0.0,,0.0,1.0,1.0,1.0,0.0,0.0,1.0,2.0,2.0,3.0,https://www.basketball-reference.com/boxscores/201301130LAL.html,2012-13
Jon Leuer,2013-01-14,Cleveland Cavaliers,Sacramento Kings,0,,,,,,,,,,,,,,,,,,,,,https://www.basketball-reference.com/boxscores/201301140SAC.html,2012-13
Jon Leuer,2013-01-16,Cleveland Cavaliers,Portland Trail Blazers,0,,,,,,,,,,,,,,,,,,,,,https://www.basketball-reference.com/boxscores/201301160POR.html,2012-13
Jon Leuer,2013-01-19,Cleveland Cavaliers,Utah Jazz,0,1.04,0.0,1.0,0.0,0.0,0.0,,0.0,0.0,,0.0,0.0,0.0,0.0,0.0,0.0,0.0,0.0,0.0,2.0,https://www.basketball-reference.com/boxscores/201301190UTA.html,2012-13
Jon Leuer,2013-01-25,Memphis Grizzlies,Brooklyn Nets,1,2.01,0.0,1.0,0.0,0.0,0.0,,0.0,2.0,0.0,0.0,0.0,0.0,0.0,1.0,0.0,0.0,0.0,0.0,0.0,https://www.basketball-reference.com/boxscores/201301250MEM.html,2012-13
Jon Leuer,2013-01-27,Memphis Grizzlies,New Orleans Hornets,1,,,,,,,,,,,,,,,,,,,,,https://www.basketball-reference.com/boxscores/201301270MEM.html,2012-13
Jon Leuer,2013-01-28,Memphis Grizzlies,Philadelphia 76ers,0,,,,,,,,,,,,,,,,,,,,,https://www.basketball-reference.com/boxscores/201301280PHI.html,2012-13
Jon Leuer,2013-01-31,Memphis Grizzlies,Oklahoma City Thunder,0,4.3,0.0,0.0,,0.0,0.0,,0.0,0.0,,0.0,1.0,1.0,0.0,0.0,0.0,0.0,0.0,0.0,-1.0,https://www.basketball-reference.com/boxscores/201301310OKC.html,2012-13
Jon Leuer,2013-02-01,Memphis Grizzlies,Washington Wizards,1,,,,,,,,,,,,,,,,,,,,,https://www.basketball-reference.com/boxscores/201302010MEM.html,2012-13
Jon Leuer,2013-02-05,Memphis Grizzlies,Phoenix Suns,1,,,,,,,,,,,,,,,,,,,,,https://www.basketball-reference.com/boxscores/201302050MEM.html,2012-13
Jon Leuer,2013-02-06,Memphis Grizzlies,Atlanta Hawks,0,0.22,1.0,1.0,1.0,0.0,0.0,,0.0,0.0,,0.0,0.0,0.0,0.0,0.0,0.0,0.0,0.0,2.0,2.0,https://www.basketball-reference.com/boxscores/201302060ATL.html,2012-13
Jon Leuer,2013-02-08,Memphis Grizzlies,Golden State Warriors,1,,,,,,,,,,,,,,,,,,,,,https://www.basketball-reference.com/boxscores/201302080MEM.html,2012-13
Jon Leuer,2013-02-10,Memphis Grizzlies,Minnesota Timberwolves,1,1.08,0.0,0.0,,0.0,0.0,,0.0,0.0,,0.0,0.0,0.0,0.0,0.0,0.0,0.0,1.0,0.0,-1.0,https://www.basketball-reference.com/boxscores/201302100MEM.html,2012-13
Jon Leuer,2013-02-12,Memphis Grizzlies,Sacramento Kings,1,,,,,,,,,,,,,,,,,,,,,https://www.basketball-reference.com/boxscores/201302120MEM.html,2012-13
Jon Leuer,2013-02-19,Memphis Grizzlies,Detroit Pistons,0,5.09,1.0,1.0,1.0,0.0,0.0,,1.0,2.0,0.5,1.0,1.0,2.0,0.0,0.0,0.0,1.0,2.0,3.0,-11.0,https://www.basketball-reference.com/boxscores/201302190DET.html,2012-13
Jon Leuer,2013-02-20,Memphis Grizzlies,Toronto Raptors,0,,,,,,,,,,,,,,,,,,,,,https://www.basketball-reference.com/boxscores/201302200TOR.html,2012-13
Jon Leuer,2013-02-22,Memphis Grizzlies,Orlando Magic,1,,,,,,,,,,,,,,,,,,,,,https://www.basketball-reference.com/boxscores/201302220MEM.html,2012-13
Jon Leuer,2013-02-24,Memphis Grizzlies,Brooklyn Nets,0,0.33,0.0,0.0,,0.0,0.0,,0.0,0.0,,0.0,0.0,0.0,0.0,0.0,0.0,0.0,0.0,0.0,0.0,https://www.basketball-reference.com/boxscores/201302240BRK.html,2012-13
Jon Leuer,2013-02-27,Memphis Grizzlies,Dallas Mavericks,1,,,,,,,,,,,,,,,,,,,,,https://www.basketball-reference.com/boxscores/201302270MEM.html,2012-13
Jon Leuer,2013-03-01,Memphis Grizzlies,Miami Heat,0,,,,,,,,,,,,,,,,,,,,,https://www.basketball-reference.com/boxscores/201303010MIA.html,2012-13
Jon Leuer,2013-03-03,Memphis Grizzlies,Orlando Magic,0,16.54,3.0,4.0,0.75,0.0,0.0,,0.0,0.0,,3.0,1.0,4.0,1.0,1.0,0.0,1.0,2.0,6.0,2.0,https://www.basketball-reference.com/boxscores/201303030ORL.html,2012-13
Jon Leuer,2013-03-06,Memphis Grizzlies,Portland Trail Blazers,1,10.0,1.0,4.0,0.25,0.0,0.0,,0.0,0.0,,1.0,2.0,3.0,0.0,0.0,0.0,0.0,2.0,2.0,-9.0,https://www.basketball-reference.com/boxscores/201303060MEM.html,2012-13
Jon Leuer,2013-03-08,Memphis Grizzlies,Cleveland Cavaliers,0,12.24,2.0,2.0,1.0,0.0,0.0,,0.0,0.0,,0.0,3.0,3.0,0.0,0.0,0.0,0.0,0.0,4.0,-7.0,https://www.basketball-reference.com/boxscores/201303080CLE.html,2012-13
Jon Leuer,2013-03-09,Memphis Grizzlies,New Orleans Hornets,1,4.33,0.0,1.0,0.0,0.0,0.0,,0.0,0.0,,1.0,0.0,1.0,0.0,1.0,0.0,0.0,0.0,0.0,-4.0,https://www.basketball-reference.com/boxscores/201303090MEM.html,2012-13
Jon Leuer,2013-03-12,Memphis Grizzlies,Portland Trail Blazers,0,,,,,,,,,,,,,,,,,,,,,https://www.basketball-reference.com/boxscores/201303120POR.html,2012-13
Jon Leuer,2013-03-13,Memphis Grizzlies,Los Angeles Clippers,0,,,,,,,,,,,,,,,,,,,,,https://www.basketball-reference.com/boxscores/201303130LAC.html,2012-13
Jon Leuer,2013-03-15,Memphis Grizzlies,Denver Nuggets,0,,,,,,,,,,,,,,,,,,,,,https://www.basketball-reference.com/boxscores/201303150DEN.html,2012-13
Jon Leuer,2013-03-16,Memphis Grizzlies,Utah Jazz,0,0.04,0.0,0.0,,0.0,0.0,,0.0,0.0,,0.0,0.0,0.0,0.0,0.0,0.0,0.0,0.0,0.0,0.0,https://www.basketball-reference.com/boxscores/201303160UTA.html,2012-13
Jon Leuer,2013-03-18,Memphis Grizzlies,Minnesota Timberwolves,1,,,,,,,,,,,,,,,,,,,,,https://www.basketball-reference.com/boxscores/201303180MEM.html,2012-13
Jon Leuer,2013-03-22,Memphis Grizzlies,New Orleans Hornets,0,0.22,0.0,0.0,,0.0,0.0,,0.0,0.0,,0.0,1.0,1.0,0.0,0.0,0.0,0.0,0.0,0.0,0.0,https://www.basketball-reference.com/boxscores/201303220NOH.html,2012-13
Jon Leuer,2013-03-23,Memphis Grizzlies,Boston Celtics,1,,,,,,,,,,,,,,,,,,,,,https://www.basketball-reference.com/boxscores/201303230MEM.html,2012-13
Jon Leuer,2013-03-25,Memphis Grizzlies,Washington Wizards,0,6.53,1.0,1.0,1.0,0.0,0.0,,0.0,0.0,,1.0,1.0,2.0,0.0,0.0,0.0,0.0,0.0,2.0,-4.0,https://www.basketball-reference.com/boxscores/201303250WAS.html,2012-13
Jon Leuer,2013-03-27,Memphis Grizzlies,New York Knicks,0,,,,,,,,,,,,,,,,,,,,,https://www.basketball-reference.com/boxscores/201303270NYK.html,2012-13
Jon Leuer,2013-03-29,Memphis Grizzlies,Houston Rockets,1,,,,,,,,,,,,,,,,,,,,,https://www.basketball-reference.com/boxscores/201303290MEM.html,2012-13
Jon Leuer,2013-03-30,Memphis Grizzlies,Minnesota Timberwolves,0,0.58,0.0,0.0,,0.0,0.0,,0.0,0.0,,0.0,0.0,0.0,0.0,0.0,0.0,0.0,0.0,0.0,-1.0,https://www.basketball-reference.com/boxscores/201303300MIN.html,2012-13
Jon Leuer,2015-12-01,Phoenix Suns,Brooklyn Nets,0,11.44,1.0,3.0,0.333,0.0,1.0,0.0,0.0,0.0,,1.0,1.0,2.0,0.0,0.0,0.0,0.0,0.0,2.0,6.0,https://www.basketball-reference.com/boxscores/201512010BRK.html,2015-16
Jon Leuer,2015-12-02,Detroit Pistons,Phoenix Suns,1,38.36,8.0,13.0,0.615,2.0,3.0,0.667,2.0,2.0,1.0,1.0,5.0,6.0,5.0,2.0,1.0,0.0,4.0,20.0,-10.0,https://www.basketball-reference.com/boxscores/201512020DET.html,2015-16
Jon Leuer,2015-12-04,Phoenix Suns,Washington Wizards,0,22.41,6.0,7.0,0.857,1.0,2.0,0.5,0.0,1.0,0.0,0.0,2.0,2.0,1.0,0.0,0.0,1.0,0.0,13.0,10.0,https://www.basketball-reference.com/boxscores/201512040WAS.html,2015-16
Jon Leuer,2015-12-06,Phoenix Suns,Memphis Grizzlies,0,40.42,3.0,11.0,0.273,1.0,3.0,0.333,3.0,5.0,0.6,1.0,10.0,11.0,4.0,0.0,3.0,3.0,4.0,10.0,-4.0,https://www.basketball-reference.com/boxscores/201512060MEM.html,2015-16
Jon Leuer,2015-12-07,Phoenix Suns,Chicago Bulls,0,30.15,6.0,14.0,0.429,0.0,4.0,0.0,0.0,0.0,,2.0,6.0,8.0,0.0,2.0,1.0,2.0,2.0,12.0,2.0,https://www.basketball-reference.com/boxscores/201512070CHI.html,2015-16
Jon Leuer,2015-12-09,Phoenix Suns,Orlando Magic,1,27.04,6.0,11.0,0.545,0.0,1.0,0.0,3.0,4.0,0.75,1.0,5.0,6.0,2.0,0.0,1.0,2.0,0.0,15.0,3.0,https://www.basketball-reference.com/boxscores/201512090PHO.html,2015-16
Jon Leuer,2015-12-11,Phoenix Suns,Portland Trail Blazers,1,27.52,6.0,8.0,0.75,1.0,1.0,1.0,0.0,0.0,,2.0,6.0,8.0,0.0,1.0,0.0,1.0,2.0,13.0,-8.0,https://www.basketball-reference.com/boxscores/201512110PHO.html,2015-16
Jon Leuer,2015-12-13,Phoenix Suns,Minnesota Timberwolves,1,27.47,6.0,9.0,0.667,0.0,2.0,0.0,0.0,0.0,,0.0,3.0,3.0,4.0,2.0,0.0,1.0,3.0,12.0,5.0,https://www.basketball-reference.com/boxscores/201512130PHO.html,2015-16
Jon Leuer,2015-12-14,Phoenix Suns,Dallas Mavericks,0,32.31,5.0,11.0,0.455,1.0,3.0,0.333,4.0,4.0,1.0,4.0,9.0,13.0,3.0,1.0,0.0,2.0,4.0,15.0,12.0,https://www.basketball-reference.com/boxscores/201512140DAL.html,2015-16
Jon Leuer,2015-12-16,Phoenix Suns,Golden State Warriors,0,14.03,3.0,6.0,0.5,1.0,2.0,0.5,0.0,0.0,,1.0,4.0,5.0,1.0,2.0,0.0,2.0,0.0,7.0,-23.0,https://www.basketball-reference.com/boxscores/201512160GSW.html,2015-16
Jon Leuer,2015-12-18,Phoenix Suns,New Orleans Pelicans,1,27.01,6.0,12.0,0.5,0.0,1.0,0.0,0.0,0.0,,2.0,8.0,10.0,0.0,1.0,0.0,1.0,1.0,12.0,12.0,https://www.basketball-reference.com/boxscores/201512180PHO.html,2015-16
Jon Leuer,2015-12-20,Phoenix Suns,Milwaukee Bucks,1,21.47,4.0,6.0,0.667,1.0,1.0,1.0,0.0,2.0,0.0,2.0,4.0,6.0,0.0,0.0,0.0,1.0,3.0,9.0,-11.0,https://www.basketball-reference.com/boxscores/201512200PHO.html,2015-16
Jon Leuer,2015-12-21,Phoenix Suns,Utah Jazz,0,15.36,3.0,9.0,0.333,0.0,2.0,0.0,0.0,0.0,,1.0,4.0,5.0,0.0,0.0,0.0,1.0,1.0,6.0,-24.0,https://www.basketball-reference.com/boxscores/201512210UTA.html,2015-16
Jon Leuer,2015-12-23,Phoenix Suns,Denver Nuggets,1,28.37,9.0,18.0,0.5,0.0,0.0,,0.0,0.0,,3.0,7.0,10.0,0.0,0.0,1.0,1.0,3.0,18.0,0.0,https://www.basketball-reference.com/boxscores/201512230PHO.html,2015-16
Jon Leuer,2015-12-26,Phoenix Suns,Philadelphia 76ers,1,36.16,6.0,9.0,0.667,2.0,3.0,0.667,0.0,0.0,,2.0,7.0,9.0,3.0,1.0,1.0,3.0,3.0,14.0,-1.0,https://www.basketball-reference.com/boxscores/201512260PHO.html,2015-16
Jon Leuer,2015-12-28,Phoenix Suns,Cleveland Cavaliers,1,25.09,4.0,8.0,0.5,2.0,3.0,0.667,4.0,4.0,1.0,0.0,6.0,6.0,4.0,1.0,1.0,2.0,4.0,14.0,-4.0,https://www.basketball-reference.com/boxscores/201512280PHO.html,2015-16
Jon Leuer,2015-12-30,Phoenix Suns,San Antonio Spurs,0,15.08,2.0,4.0,0.5,1.0,1.0,1.0,0.0,0.0,,0.0,5.0,5.0,1.0,0.0,0.0,2.0,2.0,5.0,-10.0,https://www.basketball-reference.com/boxscores/201512300SAS.html,2015-16
Jon Leuer,2015-12-31,Phoenix Suns,Oklahoma City Thunder,0,,,,,,,,,,,,,,,,,,,,,https://www.basketball-reference.com/boxscores/201512310OKC.html,2015-16
Jon Leuer,2016-01-02,Phoenix Suns,Sacramento Kings,0,17.09,3.0,6.0,0.5,1.0,3.0,0.333,4.0,4.0,1.0,0.0,4.0,4.0,1.0,1.0,1.0,3.0,4.0,11.0,-1.0,https://www.basketball-reference.com/boxscores/201601020SAC.html,2015-16
Jon Leuer,2016-01-03,Phoenix Suns,Los Angeles Lakers,0,14.43,2.0,5.0,0.4,0.0,2.0,0.0,0.0,0.0,,0.0,2.0,2.0,1.0,0.0,0.0,1.0,1.0,4.0,-12.0,https://www.basketball-reference.com/boxscores/201601030LAL.html,2015-16
Jon Leuer,2016-01-06,Phoenix Suns,Charlotte Hornets,1,23.57,5.0,7.0,0.7140000000000001,1.0,1.0,1.0,3.0,4.0,0.75,0.0,3.0,3.0,3.0,0.0,1.0,2.0,1.0,14.0,-6.0,https://www.basketball-reference.com/boxscores/201601060PHO.html,2015-16
Jon Leuer,2016-01-08,Phoenix Suns,Miami Heat,1,26.27,4.0,9.0,0.444,1.0,2.0,0.5,0.0,0.0,,2.0,7.0,9.0,1.0,0.0,1.0,3.0,2.0,9.0,7.0,https://www.basketball-reference.com/boxscores/201601080PHO.html,2015-16
Jon Leuer,2016-01-12,Phoenix Suns,Indiana Pacers,0,17.12,2.0,7.0,0.28600000000000003,0.0,2.0,0.0,2.0,2.0,1.0,1.0,4.0,5.0,0.0,0.0,0.0,3.0,1.0,6.0,-8.0,https://www.basketball-reference.com/boxscores/201601120IND.html,2015-16
Jon Leuer,2016-01-15,Phoenix Suns,Boston Celtics,0,12.42,3.0,5.0,0.6,1.0,2.0,0.5,0.0,0.0,,1.0,1.0,2.0,2.0,1.0,2.0,1.0,2.0,7.0,1.0,https://www.basketball-reference.com/boxscores/201601150BOS.html,2015-16
Jon Leuer,2016-01-17,Phoenix Suns,Minnesota Timberwolves,0,20.39,3.0,7.0,0.429,0.0,2.0,0.0,2.0,4.0,0.5,0.0,5.0,5.0,0.0,0.0,0.0,1.0,4.0,8.0,-15.0,https://www.basketball-reference.com/boxscores/201601170MIN.html,2015-16
Jon Leuer,2016-01-19,Phoenix Suns,Indiana Pacers,1,,,,,,,,,,,,,,,,,,,,,https://www.basketball-reference.com/boxscores/201601190PHO.html,2015-16
Jon Leuer,2016-01-21,Phoenix Suns,San Antonio Spurs,1,,,,,,,,,,,,,,,,,,,,,https://www.basketball-reference.com/boxscores/201601210PHO.html,2015-16
Jon Leuer,2016-01-23,Phoenix Suns,Atlanta Hawks,1,,,,,,,,,,,,,,,,,,,,,https://www.basketball-reference.com/boxscores/201601230PHO.html,2015-16
Jon Leuer,2016-01-26,Phoenix Suns,Philadelphia 76ers,0,,,,,,,,,,,,,,,,,,,,,https://www.basketball-reference.com/boxscores/201601260PHI.html,2015-16
Jon Leuer,2016-01-27,Phoenix Suns,Cleveland Cavaliers,0,,,,,,,,,,,,,,,,,,,,,https://www.basketball-reference.com/boxscores/201601270CLE.html,2015-16
Jon Leuer,2016-01-29,Phoenix Suns,New York Knicks,0,11.49,0.0,3.0,0.0,0.0,1.0,0.0,0.0,0.0,,0.0,4.0,4.0,0.0,0.0,0.0,0.0,0.0,0.0,2.0,https://www.basketball-reference.com/boxscores/201601290NYK.html,2015-16
Jon Leuer,2016-01-31,Phoenix Suns,Dallas Mavericks,0,,,,,,,,,,,,,,,,,,,,,https://www.basketball-reference.com/boxscores/201601310DAL.html,2015-16
Jon Leuer,2016-02-02,Phoenix Suns,Toronto Raptors,1,4.1,0.0,1.0,0.0,0.0,0.0,,0.0,0.0,,0.0,2.0,2.0,0.0,0.0,0.0,0.0,0.0,0.0,-7.0,https://www.basketball-reference.com/boxscores/201602020PHO.html,2015-16
Jon Leuer,2016-02-04,Phoenix Suns,Houston Rockets,1,,,,,,,,,,,,,,,,,,,,,https://www.basketball-reference.com/boxscores/201602040PHO.html,2015-16
Jon Leuer,2016-02-06,Phoenix Suns,Utah Jazz,1,,,,,,,,,,,,,,,,,,,,,https://www.basketball-reference.com/boxscores/201602060PHO.html,2015-16
Jon Leuer,2016-02-08,Phoenix Suns,Oklahoma City Thunder,1,,,,,,,,,,,,,,,,,,,,,https://www.basketball-reference.com/boxscores/201602080PHO.html,2015-16
Jon Leuer,2016-02-10,Phoenix Suns,Golden State Warriors,1,,,,,,,,,,,,,,,,,,,,,https://www.basketball-reference.com/boxscores/201602100PHO.html,2015-16
Jon Leuer,2016-02-19,Phoenix Suns,Houston Rockets,1,21.26,5.0,11.0,0.455,1.0,3.0,0.333,5.0,6.0,0.833,2.0,4.0,6.0,2.0,1.0,2.0,5.0,5.0,16.0,1.0,https://www.basketball-reference.com/boxscores/201602190PHO.html,2015-16
Jon Leuer,2016-02-21,Phoenix Suns,San Antonio Spurs,1,18.23,5.0,7.0,0.7140000000000001,1.0,1.0,1.0,2.0,2.0,1.0,0.0,7.0,7.0,2.0,1.0,1.0,0.0,1.0,13.0,3.0,https://www.basketball-reference.com/boxscores/201602210PHO.html,2015-16
Jon Leuer,2016-02-22,Phoenix Suns,Los Angeles Clippers,0,18.38,3.0,10.0,0.3,0.0,1.0,0.0,2.0,2.0,1.0,1.0,5.0,6.0,1.0,1.0,1.0,0.0,4.0,8.0,-13.0,https://www.basketball-reference.com/boxscores/201602220LAC.html,2015-16
Jon Leuer,2016-02-25,Phoenix Suns,Brooklyn Nets,1,4.38,2.0,4.0,0.5,0.0,1.0,0.0,0.0,1.0,0.0,2.0,0.0,2.0,0.0,0.0,0.0,0.0,1.0,4.0,3.0,https://www.basketball-reference.com/boxscores/201602250PHO.html,2015-16
Jon Leuer,2016-02-27,Phoenix Suns,Memphis Grizzlies,1,11.05,2.0,8.0,0.25,2.0,3.0,0.667,2.0,2.0,1.0,0.0,1.0,1.0,0.0,1.0,0.0,3.0,2.0,8.0,5.0,https://www.basketball-reference.com/boxscores/201602270PHO.html,2015-16
Jon Leuer,2016-03-01,Phoenix Suns,Charlotte Hornets,0,13.04,2.0,6.0,0.333,0.0,2.0,0.0,2.0,2.0,1.0,2.0,3.0,5.0,1.0,0.0,0.0,0.0,1.0,6.0,-10.0,https://www.basketball-reference.com/boxscores/201603010CHO.html,2015-16
Jon Leuer,2016-03-03,Phoenix Suns,Miami Heat,0,8.12,1.0,4.0,0.25,0.0,2.0,0.0,0.0,0.0,,1.0,2.0,3.0,0.0,0.0,0.0,0.0,2.0,2.0,-7.0,https://www.basketball-reference.com/boxscores/201603030MIA.html,2015-16
Jon Leuer,2016-03-04,Phoenix Suns,Orlando Magic,0,9.05,2.0,4.0,0.5,0.0,1.0,0.0,2.0,2.0,1.0,0.0,3.0,3.0,0.0,0.0,0.0,0.0,1.0,6.0,-3.0,https://www.basketball-reference.com/boxscores/201603040ORL.html,2015-16
Jon Leuer,2016-03-06,Phoenix Suns,Memphis Grizzlies,0,11.4,1.0,1.0,1.0,0.0,0.0,,2.0,2.0,1.0,0.0,4.0,4.0,2.0,0.0,0.0,0.0,4.0,4.0,2.0,https://www.basketball-reference.com/boxscores/201603060MEM.html,2015-16
Jon Leuer,2016-03-09,Phoenix Suns,New York Knicks,1,11.41,1.0,5.0,0.2,0.0,0.0,,0.0,0.0,,1.0,2.0,3.0,2.0,1.0,0.0,1.0,0.0,2.0,-17.0,https://www.basketball-reference.com/boxscores/201603090PHO.html,2015-16
Jon Leuer,2016-03-10,Phoenix Suns,Denver Nuggets,0,17.03,8.0,10.0,0.8,0.0,1.0,0.0,3.0,3.0,1.0,2.0,5.0,7.0,0.0,0.0,0.0,0.0,0.0,19.0,-9.0,https://www.basketball-reference.com/boxscores/201603100DEN.html,2015-16
Jon Leuer,2016-03-12,Phoenix Suns,Golden State Warriors,0,10.21,0.0,2.0,0.0,0.0,1.0,0.0,0.0,0.0,,0.0,2.0,2.0,0.0,0.0,0.0,0.0,1.0,0.0,-11.0,https://www.basketball-reference.com/boxscores/201603120GSW.html,2015-16
Jon Leuer,2016-03-14,Phoenix Suns,Minnesota Timberwolves,1,9.53,4.0,8.0,0.5,0.0,1.0,0.0,0.0,0.0,,1.0,3.0,4.0,1.0,1.0,0.0,1.0,2.0,8.0,2.0,https://www.basketball-reference.com/boxscores/201603140PHO.html,2015-16
Jon Leuer,2016-03-17,Phoenix Suns,Utah Jazz,0,17.36,6.0,8.0,0.75,1.0,1.0,1.0,1.0,3.0,0.333,2.0,6.0,8.0,0.0,2.0,0.0,1.0,0.0,14.0,-13.0,https://www.basketball-reference.com/boxscores/201603170UTA.html,2015-16
Jon Leuer,2016-03-18,Phoenix Suns,Los Angeles Lakers,0,14.44,1.0,2.0,0.5,0.0,1.0,0.0,3.0,4.0,0.75,1.0,2.0,3.0,2.0,0.0,2.0,0.0,0.0,5.0,5.0,https://www.basketball-reference.com/boxscores/201603180LAL.html,2015-16
Jon Leuer,2016-03-21,Phoenix Suns,Memphis Grizzlies,1,31.52,5.0,11.0,0.455,1.0,2.0,0.5,2.0,5.0,0.4,4.0,9.0,13.0,0.0,0.0,3.0,2.0,4.0,13.0,-2.0,https://www.basketball-reference.com/boxscores/201603210PHO.html,2015-16
Jon Leuer,2016-03-23,Phoenix Suns,Los Angeles Lakers,1,41.25,8.0,15.0,0.5329999999999999,2.0,4.0,0.5,4.0,4.0,1.0,4.0,10.0,14.0,0.0,1.0,1.0,4.0,2.0,22.0,15.0,https://www.basketball-reference.com/boxscores/201603230PHO.html,2015-16
Jon Leuer,2016-03-25,Phoenix Suns,Sacramento Kings,0,16.19,3.0,7.0,0.429,1.0,2.0,0.5,0.0,0.0,,1.0,3.0,4.0,0.0,0.0,0.0,1.0,4.0,7.0,2.0,https://www.basketball-reference.com/boxscores/201603250SAC.html,2015-16
Jon Leuer,2016-03-26,Phoenix Suns,Boston Celtics,1,,,,,,,,,,,,,,,,,,,,,https://www.basketball-reference.com/boxscores/201603260PHO.html,2015-16
Jon Leuer,2016-03-28,Phoenix Suns,Minnesota Timberwolves,0,11.05,0.0,1.0,0.0,0.0,0.0,,0.0,0.0,,0.0,1.0,1.0,0.0,2.0,0.0,1.0,1.0,0.0,-4.0,https://www.basketball-reference.com/boxscores/201603280MIN.html,2015-16
Jon Leuer,2016-03-30,Phoenix Suns,Milwaukee Bucks,0,9.53,0.0,4.0,0.0,0.0,1.0,0.0,0.0,0.0,,0.0,1.0,1.0,1.0,0.0,0.0,0.0,0.0,0.0,-4.0,https://www.basketball-reference.com/boxscores/201603300MIL.html,2015-16
Jon Leuer,2018-12-01,Detroit Pistons,Golden State Warriors,1,,,,,,,,,,,,,,,,,,,,,https://www.basketball-reference.com/boxscores/201812010DET.html,2018-19
Jon Leuer,2018-12-03,Detroit Pistons,Oklahoma City Thunder,1,8.31,4.0,7.0,0.5710000000000001,0.0,0.0,,4.0,4.0,1.0,1.0,3.0,4.0,0.0,0.0,0.0,0.0,0.0,12.0,3.0,https://www.basketball-reference.com/boxscores/201812030DET.html,2018-19
Jon Leuer,2018-12-05,Detroit Pistons,Milwaukee Bucks,0,7.23,3.0,4.0,0.75,0.0,0.0,,0.0,0.0,,1.0,1.0,2.0,0.0,0.0,0.0,0.0,1.0,6.0,3.0,https://www.basketball-reference.com/boxscores/201812050MIL.html,2018-19
Jon Leuer,2018-12-07,Detroit Pistons,Philadelphia 76ers,1,10.11,1.0,1.0,1.0,0.0,0.0,,0.0,0.0,,0.0,2.0,2.0,2.0,1.0,0.0,0.0,1.0,2.0,2.0,https://www.basketball-reference.com/boxscores/201812070DET.html,2018-19
Jon Leuer,2018-12-09,Detroit Pistons,New Orleans Pelicans,1,12.46,4.0,5.0,0.8,0.0,1.0,0.0,1.0,2.0,0.5,3.0,1.0,4.0,1.0,0.0,0.0,0.0,3.0,9.0,3.0,https://www.basketball-reference.com/boxscores/201812090DET.html,2018-19
Jon Leuer,2018-12-10,Detroit Pistons,Philadelphia 76ers,0,30.42,4.0,8.0,0.5,0.0,1.0,0.0,0.0,0.0,,0.0,4.0,4.0,0.0,1.0,0.0,2.0,5.0,8.0,-3.0,https://www.basketball-reference.com/boxscores/201812100PHI.html,2018-19
Jon Leuer,2018-12-12,Detroit Pistons,Charlotte Hornets,0,5.59,2.0,2.0,1.0,0.0,0.0,,1.0,1.0,1.0,0.0,0.0,0.0,0.0,0.0,0.0,1.0,0.0,5.0,1.0,https://www.basketball-reference.com/boxscores/201812120CHO.html,2018-19
Jon Leuer,2018-12-15,Detroit Pistons,Boston Celtics,1,14.29,2.0,4.0,0.5,0.0,0.0,,0.0,0.0,,1.0,3.0,4.0,0.0,1.0,0.0,2.0,0.0,4.0,-5.0,https://www.basketball-reference.com/boxscores/201812150DET.html,2018-19
Jon Leuer,2018-12-17,Detroit Pistons,Milwaukee Bucks,1,13.45,4.0,5.0,0.8,0.0,1.0,0.0,0.0,0.0,,0.0,2.0,2.0,0.0,0.0,1.0,1.0,1.0,8.0,0.0,https://www.basketball-reference.com/boxscores/201812170DET.html,2018-19
Jon Leuer,2018-12-19,Minnesota Timberwolves,Detroit Pistons,1,5.37,0.0,1.0,0.0,0.0,0.0,,0.0,0.0,,0.0,0.0,0.0,0.0,0.0,0.0,0.0,1.0,0.0,-5.0,https://www.basketball-reference.com/boxscores/201812190MIN.html,2018-19
Jon Leuer,2018-12-21,Detroit Pistons,Charlotte Hornets,0,5.31,2.0,3.0,0.667,0.0,0.0,,1.0,1.0,1.0,0.0,1.0,1.0,0.0,0.0,0.0,0.0,1.0,5.0,4.0,https://www.basketball-reference.com/boxscores/201812210CHO.html,2018-19
Jon Leuer,2018-12-23,Detroit Pistons,Atlanta Hawks,1,,,,,,,,,,,,,,,,,,,,,https://www.basketball-reference.com/boxscores/201812230DET.html,2018-19
Jon Leuer,2018-12-26,Detroit Pistons,Washington Wizards,1,13.46,1.0,2.0,0.5,0.0,1.0,0.0,1.0,1.0,1.0,0.0,2.0,2.0,0.0,0.0,1.0,2.0,1.0,3.0,0.0,https://www.basketball-reference.com/boxscores/201812260DET.html,2018-19
Jon Leuer,2018-12-28,Detroit Pistons,Indiana Pacers,0,6.41,2.0,3.0,0.667,0.0,0.0,,1.0,2.0,0.5,0.0,0.0,0.0,1.0,1.0,0.0,0.0,0.0,5.0,-7.0,https://www.basketball-reference.com/boxscores/201812280IND.html,2018-19
Jon Leuer,2018-12-30,Detroit Pistons,Orlando Magic,0,,,,,,,,,,,,,,,,,,,,,https://www.basketball-reference.com/boxscores/201812300ORL.html,2018-19
Jon Leuer,2019-01-01,Detroit Pistons,Milwaukee Bucks,0,25.12,3.0,5.0,0.6,0.0,1.0,0.0,0.0,0.0,,3.0,6.0,9.0,2.0,0.0,1.0,1.0,4.0,6.0,-11.0,https://www.basketball-reference.com/boxscores/201901010MIL.html,2018-19
Jon Leuer,2019-01-02,Detroit Pistons,Memphis Grizzlies,0,14.15,0.0,1.0,0.0,0.0,1.0,0.0,2.0,2.0,1.0,1.0,4.0,5.0,0.0,0.0,0.0,1.0,1.0,2.0,-12.0,https://www.basketball-reference.com/boxscores/201901020MEM.html,2018-19
Jon Leuer,2019-01-05,Detroit Pistons,Utah Jazz,1,10.28,0.0,3.0,0.0,0.0,0.0,,0.0,0.0,,0.0,2.0,2.0,0.0,0.0,0.0,0.0,2.0,0.0,-13.0,https://www.basketball-reference.com/boxscores/201901050DET.html,2018-19
Jon Leuer,2019-01-07,Detroit Pistons,San Antonio Spurs,1,11.07,3.0,5.0,0.6,0.0,0.0,,4.0,4.0,1.0,1.0,1.0,2.0,0.0,1.0,0.0,0.0,2.0,10.0,3.0,https://www.basketball-reference.com/boxscores/201901070DET.html,2018-19
Jon Leuer,2019-01-09,Detroit Pistons,Los Angeles Lakers,0,15.46,2.0,3.0,0.667,0.0,1.0,0.0,0.0,0.0,,1.0,2.0,3.0,1.0,0.0,0.0,1.0,4.0,4.0,-9.0,https://www.basketball-reference.com/boxscores/201901090LAL.html,2018-19
Jon Leuer,2019-01-10,Detroit Pistons,Sacramento Kings,0,16.31,4.0,5.0,0.8,0.0,0.0,,1.0,2.0,0.5,2.0,9.0,11.0,0.0,3.0,0.0,3.0,4.0,9.0,6.0,https://www.basketball-reference.com/boxscores/201901100SAC.html,2018-19
Jon Leuer,2019-01-12,Detroit Pistons,Los Angeles Clippers,0,4.36,0.0,0.0,,0.0,0.0,,0.0,0.0,,0.0,0.0,0.0,0.0,0.0,0.0,0.0,1.0,0.0,-8.0,https://www.basketball-reference.com/boxscores/201901120LAC.html,2018-19
Jon Leuer,2019-01-14,Detroit Pistons,Utah Jazz,0,12.36,2.0,4.0,0.5,0.0,0.0,,1.0,2.0,0.5,0.0,1.0,1.0,1.0,2.0,0.0,2.0,5.0,5.0,0.0,https://www.basketball-reference.com/boxscores/201901140UTA.html,2018-19
Jon Leuer,2019-01-19,Detroit Pistons,Sacramento Kings,1,12.38,4.0,7.0,0.5710000000000001,0.0,0.0,,0.0,0.0,,2.0,1.0,3.0,0.0,0.0,0.0,1.0,2.0,8.0,5.0,https://www.basketball-reference.com/boxscores/201901190DET.html,2018-19
Jon Leuer,2019-01-21,Detroit Pistons,Washington Wizards,0,5.29,0.0,1.0,0.0,0.0,0.0,,0.0,0.0,,0.0,1.0,1.0,1.0,0.0,0.0,0.0,0.0,0.0,-6.0,https://www.basketball-reference.com/boxscores/201901210WAS.html,2018-19
Jon Leuer,2019-01-23,Detroit Pistons,New Orleans Pelicans,0,15.18,5.0,6.0,0.833,0.0,0.0,,1.0,2.0,0.5,0.0,6.0,6.0,0.0,0.0,1.0,1.0,1.0,11.0,0.0,https://www.basketball-reference.com/boxscores/201901230NOP.html,2018-19
Jon Leuer,2019-01-25,Detroit Pistons,Dallas Mavericks,0,,,,,,,,,,,,,,,,,,,,,https://www.basketball-reference.com/boxscores/201901250DAL.html,2018-19
Jon Leuer,2019-01-29,Detroit Pistons,Milwaukee Bucks,1,,,,,,,,,,,,,,,,,,,,,https://www.basketball-reference.com/boxscores/201901290DET.html,2018-19
Jon Leuer,2019-01-31,Detroit Pistons,Dallas Mavericks,1,,,,,,,,,,,,,,,,,,,,,https://www.basketball-reference.com/boxscores/201901310DET.html,2018-19
Jon Leuer,2019-02-02,Detroit Pistons,Los Angeles Clippers,1,,,,,,,,,,,,,,,,,,,,,https://www.basketball-reference.com/boxscores/201902020DET.html,2018-19
Jon Leuer,2019-02-04,Detroit Pistons,Denver Nuggets,1,3.24,0.0,0.0,,0.0,0.0,,0.0,0.0,,0.0,2.0,2.0,0.0,0.0,0.0,1.0,1.0,0.0,-1.0,https://www.basketball-reference.com/boxscores/201902040DET.html,2018-19
Jon Leuer,2019-02-05,Detroit Pistons,New York Knicks,0,,,,,,,,,,,,,,,,,,,,,https://www.basketball-reference.com/boxscores/201902050NYK.html,2018-19
Jon Leuer,2019-02-22,Detroit Pistons,Atlanta Hawks,0,6.49,1.0,1.0,1.0,1.0,1.0,1.0,0.0,0.0,,0.0,1.0,1.0,1.0,0.0,0.0,1.0,2.0,3.0,-2.0,https://www.basketball-reference.com/boxscores/201902220ATL.html,2018-19
Jon Leuer,2019-02-23,Detroit Pistons,Miami Heat,0,2.19,0.0,0.0,,0.0,0.0,,0.0,0.0,,0.0,0.0,0.0,0.0,0.0,0.0,0.0,0.0,0.0,-2.0,https://www.basketball-reference.com/boxscores/201902230MIA.html,2018-19
Jon Leuer,2019-02-25,Detroit Pistons,Indiana Pacers,1,,,,,,,,,,,,,,,,,,,,,https://www.basketball-reference.com/boxscores/201902250DET.html,2018-19
Jon Leuer,2019-02-27,Detroit Pistons,San Antonio Spurs,0,,,,,,,,,,,,,,,,,,,,,https://www.basketball-reference.com/boxscores/201902270SAS.html,2018-19
Jon Leuer,2019-03-06,Detroit Pistons,Minnesota Timberwolves,1,,,,,,,,,,,,,,,,,,,,,https://www.basketball-reference.com/boxscores/201903060DET.html,2018-19
Jon Leuer,2019-03-08,Detroit Pistons,Chicago Bulls,0,,,,,,,,,,,,,,,,,,,,,https://www.basketball-reference.com/boxscores/201903080CHI.html,2018-19
Jon Leuer,2019-03-10,Detroit Pistons,Chicago Bulls,1,18.1,3.0,6.0,0.5,0.0,0.0,,1.0,2.0,0.5,2.0,1.0,3.0,1.0,0.0,0.0,0.0,2.0,7.0,-2.0,https://www.basketball-reference.com/boxscores/201903100DET.html,2018-19
Jon Leuer,2019-03-11,Detroit Pistons,Brooklyn Nets,0,5.19,0.0,3.0,0.0,0.0,0.0,,0.0,0.0,,1.0,2.0,3.0,0.0,0.0,0.0,0.0,1.0,0.0,1.0,https://www.basketball-reference.com/boxscores/201903110BRK.html,2018-19
Jon Leuer,2019-03-17,Detroit Pistons,Toronto Raptors,1,,,,,,,,,,,,,,,,,,,,,https://www.basketball-reference.com/boxscores/201903170DET.html,2018-19
Jon Leuer,2019-03-23,Detroit Pistons,Portland Trail Blazers,0,,,,,,,,,,,,,,,,,,,,,https://www.basketball-reference.com/boxscores/201903230POR.html,2018-19
Jon Leuer,2019-03-26,Detroit Pistons,Denver Nuggets,0,3.06,0.0,0.0,,0.0,0.0,,0.0,0.0,,0.0,0.0,0.0,0.0,0.0,0.0,0.0,1.0,0.0,-3.0,https://www.basketball-reference.com/boxscores/201903260DEN.html,2018-19
Jon Leuer,2019-03-28,Detroit Pistons,Orlando Magic,1,0.35,1.0,1.0,1.0,0.0,0.0,,0.0,0.0,,1.0,0.0,1.0,0.0,0.0,0.0,0.0,0.0,2.0,0.0,https://www.basketball-reference.com/boxscores/201903280DET.html,2018-19
Jon Leuer,2019-03-30,Detroit Pistons,Portland Trail Blazers,1,,,,,,,,,,,,,,,,,,,,,https://www.basketball-reference.com/boxscores/201903300DET.html,2018-19
Jon Leuer,2013-12-03,Memphis Grizzlies,Phoenix Suns,1,29.52,10.0,13.0,0.769,1.0,2.0,0.5,2.0,2.0,1.0,2.0,7.0,9.0,1.0,0.0,3.0,1.0,1.0,23.0,4.0,https://www.basketball-reference.com/boxscores/201312030MEM.html,2013-14
Jon Leuer,2013-12-05,Memphis Grizzlies,Los Angeles Clippers,1,24.47,3.0,10.0,0.3,0.0,0.0,,0.0,0.0,,2.0,5.0,7.0,3.0,0.0,0.0,2.0,4.0,6.0,-5.0,https://www.basketball-reference.com/boxscores/201312050MEM.html,2013-14
Jon Leuer,2013-12-07,Memphis Grizzlies,Golden State Warriors,1,29.38,6.0,11.0,0.545,0.0,2.0,0.0,3.0,4.0,0.75,2.0,4.0,6.0,0.0,2.0,0.0,1.0,0.0,15.0,-13.0,https://www.basketball-reference.com/boxscores/201312070MEM.html,2013-14
Jon Leuer,2013-12-09,Memphis Grizzlies,Orlando Magic,1,27.18,7.0,14.0,0.5,1.0,2.0,0.5,1.0,2.0,0.5,3.0,9.0,12.0,0.0,1.0,0.0,1.0,2.0,16.0,10.0,https://www.basketball-reference.com/boxscores/201312090MEM.html,2013-14
Jon Leuer,2013-12-11,Memphis Grizzlies,Oklahoma City Thunder,1,31.53,5.0,14.0,0.35700000000000004,2.0,3.0,0.667,5.0,5.0,1.0,1.0,5.0,6.0,2.0,2.0,2.0,2.0,5.0,17.0,2.0,https://www.basketball-reference.com/boxscores/201312110MEM.html,2013-14
Jon Leuer,2013-12-13,Memphis Grizzlies,New Orleans Pelicans,0,30.26,8.0,10.0,0.8,1.0,2.0,0.5,2.0,2.0,1.0,3.0,5.0,8.0,1.0,0.0,0.0,1.0,1.0,19.0,-3.0,https://www.basketball-reference.com/boxscores/201312130NOP.html,2013-14
Jon Leuer,2013-12-15,Memphis Grizzlies,Minnesota Timberwolves,1,29.37,7.0,13.0,0.5379999999999999,1.0,3.0,0.333,0.0,0.0,,5.0,4.0,9.0,0.0,0.0,0.0,0.0,4.0,15.0,3.0,https://www.basketball-reference.com/boxscores/201312150MEM.html,2013-14
Jon Leuer,2013-12-17,Memphis Grizzlies,Los Angeles Lakers,1,27.28,5.0,9.0,0.556,3.0,4.0,0.75,0.0,0.0,,2.0,5.0,7.0,1.0,1.0,1.0,2.0,1.0,13.0,0.0,https://www.basketball-reference.com/boxscores/201312170MEM.html,2013-14
Jon Leuer,2013-12-18,Memphis Grizzlies,Dallas Mavericks,0,23.09,6.0,10.0,0.6,2.0,2.0,1.0,0.0,0.0,,0.0,1.0,1.0,1.0,1.0,0.0,1.0,5.0,14.0,-17.0,https://www.basketball-reference.com/boxscores/201312180DAL.html,2013-14
Jon Leuer,2013-12-21,Memphis Grizzlies,New York Knicks,0,16.47,1.0,4.0,0.25,0.0,1.0,0.0,0.0,0.0,,1.0,4.0,5.0,2.0,0.0,0.0,2.0,1.0,2.0,-4.0,https://www.basketball-reference.com/boxscores/201312210NYK.html,2013-14
Jon Leuer,2013-12-23,Memphis Grizzlies,Utah Jazz,1,19.5,4.0,7.0,0.5710000000000001,1.0,2.0,0.5,2.0,4.0,0.5,1.0,4.0,5.0,1.0,1.0,0.0,0.0,1.0,11.0,12.0,https://www.basketball-reference.com/boxscores/201312230MEM.html,2013-14
Jon Leuer,2013-12-26,Memphis Grizzlies,Houston Rockets,0,11.38,3.0,6.0,0.5,0.0,0.0,,0.0,0.0,,0.0,0.0,0.0,0.0,0.0,0.0,0.0,1.0,6.0,-13.0,https://www.basketball-reference.com/boxscores/201312260HOU.html,2013-14
Jon Leuer,2013-12-28,Memphis Grizzlies,Denver Nuggets,1,9.03,2.0,3.0,0.667,1.0,1.0,1.0,0.0,0.0,,0.0,1.0,1.0,0.0,1.0,0.0,0.0,2.0,5.0,-2.0,https://www.basketball-reference.com/boxscores/201312280MEM.html,2013-14
Jon Leuer,2013-12-30,Memphis Grizzlies,Chicago Bulls,1,3.2,0.0,3.0,0.0,0.0,0.0,,0.0,0.0,,0.0,1.0,1.0,1.0,0.0,0.0,2.0,0.0,0.0,-3.0,https://www.basketball-reference.com/boxscores/201312300MEM.html,2013-14
Jon Leuer,2014-01-02,Memphis Grizzlies,Phoenix Suns,0,9.36,2.0,8.0,0.25,0.0,3.0,0.0,0.0,0.0,,3.0,1.0,4.0,0.0,0.0,0.0,0.0,1.0,4.0,10.0,https://www.basketball-reference.com/boxscores/201401020PHO.html,2013-14
Jon Leuer,2014-01-03,Memphis Grizzlies,Denver Nuggets,0,15.07,4.0,6.0,0.667,1.0,2.0,0.5,2.0,2.0,1.0,0.0,3.0,3.0,0.0,0.0,1.0,2.0,3.0,11.0,4.0,https://www.basketball-reference.com/boxscores/201401030DEN.html,2013-14
Jon Leuer,2014-01-05,Memphis Grizzlies,Detroit Pistons,0,21.15,8.0,13.0,0.615,2.0,2.0,1.0,5.0,6.0,0.833,4.0,4.0,8.0,1.0,1.0,0.0,1.0,2.0,23.0,8.0,https://www.basketball-reference.com/boxscores/201401050DET.html,2013-14
Jon Leuer,2014-01-10,Memphis Grizzlies,Phoenix Suns,1,12.33,1.0,5.0,0.2,0.0,1.0,0.0,0.0,0.0,,0.0,3.0,3.0,1.0,0.0,0.0,0.0,0.0,2.0,5.0,https://www.basketball-reference.com/boxscores/201401100MEM.html,2013-14
Jon Leuer,2014-01-12,Memphis Grizzlies,Atlanta Hawks,1,10.56,1.0,6.0,0.16699999999999998,0.0,2.0,0.0,0.0,0.0,,1.0,1.0,2.0,0.0,1.0,0.0,0.0,1.0,2.0,-10.0,https://www.basketball-reference.com/boxscores/201401120MEM.html,2013-14
Jon Leuer,2014-01-14,Memphis Grizzlies,Oklahoma City Thunder,1,3.03,0.0,1.0,0.0,0.0,0.0,,0.0,0.0,,0.0,1.0,1.0,0.0,0.0,0.0,0.0,0.0,0.0,-4.0,https://www.basketball-reference.com/boxscores/201401140MEM.html,2013-14
Jon Leuer,2014-01-15,Memphis Grizzlies,Milwaukee Bucks,0,,,,,,,,,,,,,,,,,,,,,https://www.basketball-reference.com/boxscores/201401150MIL.html,2013-14
Jon Leuer,2014-01-17,Memphis Grizzlies,Sacramento Kings,1,,,,,,,,,,,,,,,,,,,,,https://www.basketball-reference.com/boxscores/201401170MEM.html,2013-14
Jon Leuer,2014-01-20,Memphis Grizzlies,New Orleans Pelicans,1,6.07,0.0,1.0,0.0,0.0,0.0,,0.0,0.0,,0.0,2.0,2.0,0.0,0.0,1.0,0.0,0.0,0.0,0.0,https://www.basketball-reference.com/boxscores/201401200MEM.html,2013-14
Jon Leuer,2014-01-24,Memphis Grizzlies,Houston Rockets,0,,,,,,,,,,,,,,,,,,,,,https://www.basketball-reference.com/boxscores/201401240HOU.html,2013-14
Jon Leuer,2014-01-25,Memphis Grizzlies,Houston Rockets,1,,,,,,,,,,,,,,,,,,,,,https://www.basketball-reference.com/boxscores/201401250MEM.html,2013-14
Jon Leuer,2014-01-28,Memphis Grizzlies,Portland Trail Blazers,0,1.15,0.0,0.0,,0.0,0.0,,0.0,0.0,,0.0,1.0,1.0,0.0,0.0,0.0,0.0,0.0,0.0,2.0,https://www.basketball-reference.com/boxscores/201401280POR.html,2013-14
Jon Leuer,2014-01-29,Memphis Grizzlies,Sacramento Kings,0,,,,,,,,,,,,,,,,,,,,,https://www.basketball-reference.com/boxscores/201401290SAC.html,2013-14
Jon Leuer,2014-01-31,Memphis Grizzlies,Minnesota Timberwolves,0,,,,,,,,,,,,,,,,,,,,,https://www.basketball-reference.com/boxscores/201401310MIN.html,2013-14
Jon Leuer,2014-02-01,Memphis Grizzlies,Milwaukee Bucks,1,18.01,2.0,3.0,0.667,0.0,0.0,,4.0,4.0,1.0,0.0,5.0,5.0,1.0,1.0,1.0,1.0,2.0,8.0,21.0,https://www.basketball-reference.com/boxscores/201402010MEM.html,2013-14
Jon Leuer,2014-02-03,Memphis Grizzlies,Oklahoma City Thunder,0,,,,,,,,,,,,,,,,,,,,,https://www.basketball-reference.com/boxscores/201402030OKC.html,2013-14
Jon Leuer,2014-02-05,Memphis Grizzlies,Dallas Mavericks,1,9.55,0.0,1.0,0.0,0.0,0.0,,0.0,0.0,,0.0,3.0,3.0,1.0,0.0,0.0,0.0,0.0,0.0,-8.0,https://www.basketball-reference.com/boxscores/201402050MEM.html,2013-14
Jon Leuer,2014-02-08,Memphis Grizzlies,Atlanta Hawks,0,,,,,,,,,,,,,,,,,,,,,https://www.basketball-reference.com/boxscores/201402080ATL.html,2013-14
Jon Leuer,2014-02-09,Cleveland Cavaliers,Memphis Grizzlies,1,0.41,0.0,0.0,,0.0,0.0,,0.0,0.0,,0.0,0.0,0.0,0.0,0.0,0.0,0.0,1.0,0.0,-2.0,https://www.basketball-reference.com/boxscores/201402090CLE.html,2013-14
Jon Leuer,2014-02-11,Memphis Grizzlies,Washington Wizards,1,,,,,,,,,,,,,,,,,,,,,https://www.basketball-reference.com/boxscores/201402110MEM.html,2013-14
Jon Leuer,2014-02-12,Memphis Grizzlies,Orlando Magic,0,3.41,0.0,0.0,,0.0,0.0,,0.0,0.0,,0.0,1.0,1.0,0.0,0.0,1.0,0.0,0.0,0.0,4.0,https://www.basketball-reference.com/boxscores/201402120ORL.html,2013-14
Jon Leuer,2014-02-18,Memphis Grizzlies,New York Knicks,1,,,,,,,,,,,,,,,,,,,,,https://www.basketball-reference.com/boxscores/201402180MEM.html,2013-14
Jon Leuer,2014-02-21,Memphis Grizzlies,Los Angeles Clippers,1,,,,,,,,,,,,,,,,,,,,,https://www.basketball-reference.com/boxscores/201402210MEM.html,2013-14
Jon Leuer,2014-02-22,Memphis Grizzlies,Charlotte Bobcats,0,,,,,,,,,,,,,,,,,,,,,https://www.basketball-reference.com/boxscores/201402220CHA.html,2013-14
Jon Leuer,2014-02-26,Memphis Grizzlies,Los Angeles Lakers,1,,,,,,,,,,,,,,,,,,,,,https://www.basketball-reference.com/boxscores/201402260MEM.html,2013-14
Jon Leuer,2014-02-28,Memphis Grizzlies,Oklahoma City Thunder,0,,,,,,,,,,,,,,,,,,,,,https://www.basketball-reference.com/boxscores/201402280OKC.html,2013-14
Jon Leuer,2014-03-01,Memphis Grizzlies,Cleveland Cavaliers,1,,,,,,,,,,,,,,,,,,,,,https://www.basketball-reference.com/boxscores/201403010MEM.html,2013-14
Jon Leuer,2014-03-03,Memphis Grizzlies,Washington Wizards,0,,,,,,,,,,,,,,,,,,,,,https://www.basketball-reference.com/boxscores/201403030WAS.html,2013-14
Jon Leuer,2014-03-05,Memphis Grizzlies,Brooklyn Nets,0,26.18,6.0,10.0,0.6,3.0,4.0,0.75,4.0,4.0,1.0,1.0,4.0,5.0,0.0,1.0,0.0,2.0,1.0,19.0,13.0,https://www.basketball-reference.com/boxscores/201403050BRK.html,2013-14
Jon Leuer,2014-03-07,Memphis Grizzlies,Chicago Bulls,0,7.02,2.0,3.0,0.667,1.0,1.0,1.0,2.0,4.0,0.5,0.0,0.0,0.0,0.0,0.0,0.0,0.0,2.0,7.0,-1.0,https://www.basketball-reference.com/boxscores/201403070CHI.html,2013-14
Jon Leuer,2014-03-08,Memphis Grizzlies,Charlotte Bobc,1,17.2,5.0,8.0,0.625,0.0,1.0,0.0,0.0,0.0,,1.0,4.0,5.0,1.0,1.0,1.0,1.0,4.0,10.0,5.0,https://www.basketball-reference.com/boxscores/201403080MEM.html,2013-14
Jon Leuer,2014-03-11,Memphis Grizzlies,Portland Trail Blazers,1,0.55,0.0,0.0,,0.0,0.0,,0.0,0.0,,0.0,0.0,0.0,0.0,0.0,0.0,0.0,0.0,0.0,-2.0,https://www.basketball-reference.com/boxscores/201403110MEM.html,2013-14
Jon Leuer,2014-03-12,Memphis Grizzlies,New Orleans Pelicans,0,6.46,1.0,2.0,0.5,1.0,2.0,0.5,0.0,0.0,,0.0,2.0,2.0,0.0,0.0,0.0,1.0,0.0,3.0,-3.0,https://www.basketball-reference.com/boxscores/201403120NOP.html,2013-14
Jon Leuer,2014-03-14,Memphis Grizzlies,Toronto Raptors,0,9.48,1.0,5.0,0.2,0.0,0.0,,1.0,3.0,0.333,0.0,1.0,1.0,0.0,1.0,0.0,0.0,0.0,3.0,3.0,https://www.basketball-reference.com/boxscores/201403140TOR.html,2013-14
Jon Leuer,2014-03-15,Memphis Grizzlies,Philadelphia 76ers,0,6.04,2.0,3.0,0.667,0.0,1.0,0.0,2.0,3.0,0.667,0.0,1.0,1.0,0.0,0.0,0.0,0.0,3.0,6.0,0.0,https://www.basketball-reference.com/boxscores/201403150PHI.html,2013-14
Jon Leuer,2014-03-19,Memphis Grizzlies,Utah Jazz,1,8.29,0.0,0.0,,0.0,0.0,,0.0,0.0,,0.0,3.0,3.0,0.0,0.0,1.0,1.0,1.0,0.0,-2.0,https://www.basketball-reference.com/boxscores/201403190MEM.html,2013-14
Jon Leuer,2014-03-21,Memphis Grizzlies,Miami Heat,0,,,,,,,,,,,,,,,,,,,,,https://www.basketball-reference.com/boxscores/201403210MIA.html,2013-14
Jon Leuer,2014-03-22,Memphis Grizzlies,Indiana Pacers,1,1.52,1.0,1.0,1.0,0.0,0.0,,0.0,0.0,,0.0,0.0,0.0,0.0,0.0,0.0,0.0,0.0,2.0,-2.0,https://www.basketball-reference.com/boxscores/201403220MEM.html,2013-14
Jon Leuer,2014-03-24,Memphis Grizzlies,Minnesota Timberwolves,1,4.39,1.0,2.0,0.5,0.0,0.0,,0.0,0.0,,0.0,2.0,2.0,0.0,0.0,0.0,0.0,0.0,2.0,-2.0,https://www.basketball-reference.com/boxscores/201403240MEM.html,2013-14
Jon Leuer,2014-03-26,Memphis Grizzlies,Utah Jazz,0,7.32,1.0,2.0,0.5,0.0,0.0,,0.0,0.0,,0.0,1.0,1.0,0.0,0.0,0.0,0.0,1.0,2.0,-2.0,https://www.basketball-reference.com/boxscores/201403260UTA.html,2013-14
Jon Leuer,2014-03-28,Memphis Grizzlies,Golden State Warriors,0,6.02,0.0,2.0,0.0,0.0,0.0,,0.0,0.0,,0.0,3.0,3.0,0.0,0.0,0.0,0.0,0.0,0.0,-1.0,https://www.basketball-reference.com/boxscores/201403280GSW.html,2013-14
Jon Leuer,2014-03-30,Memphis Grizzlies,Portland Trail Blazers,0,,,,,,,,,,,,,,,,,,,,,https://www.basketball-reference.com/boxscores/201403300POR.html,2013-14
Jon Leuer,2014-03-31,Memphis Grizzlies,Denver Nuggets,0,,,,,,,,,,,,,,,,,,,,,https://www.basketball-reference.com/boxscores/201403310DEN.html,2013-14
