Player,Date,Team,Against,Home,MP,FG,FGA,FG%,3P,3PA,3P%,FT,FTA,FT%,ORB,DRB,TRB,AST,STL,BLK,TOV,PF,PTS,+/-,GameLink,season
Jonas Jerebko,2016-12-02,Boston Celtics,Sacramento Kings,1,17.01,2.0,5.0,0.4,1.0,1.0,1.0,0.0,0.0,,1.0,8.0,9.0,1.0,0.0,0.0,2.0,1.0,5.0,10.0,https://www.basketball-reference.com/boxscores/201612020BOS.html,2016-17
Jonas Jerebko,2016-12-03,Boston Celtics,Philadelphia 76ers,0,16.24,2.0,4.0,0.5,1.0,2.0,0.5,0.0,0.0,,1.0,5.0,6.0,1.0,0.0,0.0,1.0,3.0,5.0,-3.0,https://www.basketball-reference.com/boxscores/201612030PHI.html,2016-17
Jonas Jerebko,2016-12-05,Boston Celtics,Houston Rockets,0,21.02,2.0,5.0,0.4,2.0,3.0,0.667,0.0,0.0,,3.0,2.0,5.0,0.0,1.0,1.0,1.0,1.0,6.0,2.0,https://www.basketball-reference.com/boxscores/201612050HOU.html,2016-17
Jonas Jerebko,2016-12-07,Boston Celtics,Orlando Magic,0,14.0,0.0,2.0,0.0,0.0,2.0,0.0,0.0,0.0,,1.0,3.0,4.0,4.0,0.0,0.0,1.0,0.0,0.0,15.0,https://www.basketball-reference.com/boxscores/201612070ORL.html,2016-17
Jonas Jerebko,2016-12-09,Boston Celtics,Toronto Raptors,1,17.21,3.0,5.0,0.6,2.0,4.0,0.5,0.0,0.0,,2.0,1.0,3.0,0.0,0.0,0.0,0.0,2.0,8.0,5.0,https://www.basketball-reference.com/boxscores/201612090BOS.html,2016-17
Jonas Jerebko,2016-12-11,Boston Celtics,Oklahoma City Thunder,0,11.31,0.0,1.0,0.0,0.0,1.0,0.0,0.0,0.0,,0.0,1.0,1.0,0.0,0.0,0.0,0.0,1.0,0.0,-2.0,https://www.basketball-reference.com/boxscores/201612110OKC.html,2016-17
Jonas Jerebko,2016-12-14,Boston Celtics,San Antonio Spurs,0,15.12,2.0,6.0,0.333,0.0,3.0,0.0,2.0,2.0,1.0,0.0,0.0,0.0,1.0,1.0,0.0,0.0,0.0,6.0,3.0,https://www.basketball-reference.com/boxscores/201612140SAS.html,2016-17
Jonas Jerebko,2016-12-16,Boston Celtics,Charlotte Hornets,1,24.34,4.0,8.0,0.5,1.0,5.0,0.2,0.0,0.0,,1.0,2.0,3.0,3.0,2.0,0.0,0.0,3.0,9.0,13.0,https://www.basketball-reference.com/boxscores/201612160BOS.html,2016-17
Jonas Jerebko,2016-12-18,Boston Celtics,Miami Heat,0,23.03,2.0,7.0,0.28600000000000003,0.0,2.0,0.0,0.0,0.0,,2.0,1.0,3.0,1.0,0.0,0.0,0.0,5.0,4.0,-6.0,https://www.basketball-reference.com/boxscores/201612180MIA.html,2016-17
Jonas Jerebko,2016-12-20,Memphis Grizzlies,Boston Celtics,1,11.53,0.0,0.0,,0.0,0.0,,0.0,0.0,,1.0,0.0,1.0,0.0,0.0,0.0,0.0,3.0,0.0,-9.0,https://www.basketball-reference.com/boxscores/201612200MEM.html,2016-17
Jonas Jerebko,2016-12-22,Boston Celtics,Indiana Pacers,0,15.29,2.0,4.0,0.5,1.0,3.0,0.333,0.0,0.0,,1.0,3.0,4.0,1.0,0.0,0.0,0.0,0.0,5.0,-1.0,https://www.basketball-reference.com/boxscores/201612220IND.html,2016-17
Jonas Jerebko,2016-12-23,Boston Celtics,Oklahoma City Thunder,1,15.11,1.0,2.0,0.5,0.0,0.0,,0.0,0.0,,0.0,6.0,6.0,0.0,0.0,0.0,1.0,2.0,2.0,9.0,https://www.basketball-reference.com/boxscores/201612230BOS.html,2016-17
Jonas Jerebko,2016-12-25,Boston Celtics,New York Knicks,0,12.36,1.0,5.0,0.2,0.0,3.0,0.0,0.0,0.0,,1.0,1.0,2.0,0.0,1.0,0.0,0.0,3.0,2.0,-2.0,https://www.basketball-reference.com/boxscores/201612250NYK.html,2016-17
Jonas Jerebko,2016-12-27,Boston Celtics,Memphis Grizzlies,1,6.02,0.0,1.0,0.0,0.0,1.0,0.0,0.0,0.0,,0.0,1.0,1.0,1.0,0.0,0.0,0.0,0.0,0.0,1.0,https://www.basketball-reference.com/boxscores/201612270BOS.html,2016-17
Jonas Jerebko,2016-12-29,Boston Celtics,Cleveland Cavaliers,0,17.03,4.0,7.0,0.5710000000000001,2.0,4.0,0.5,2.0,2.0,1.0,1.0,6.0,7.0,0.0,2.0,0.0,0.0,1.0,12.0,13.0,https://www.basketball-reference.com/boxscores/201612290CLE.html,2016-17
Jonas Jerebko,2016-12-30,Boston Celtics,Miami Heat,1,22.35,2.0,4.0,0.5,2.0,3.0,0.667,0.0,1.0,0.0,1.0,2.0,3.0,5.0,0.0,1.0,1.0,1.0,6.0,-4.0,https://www.basketball-reference.com/boxscores/201612300BOS.html,2016-17
Jonas Jerebko,2017-01-03,Boston Celtics,Utah Jazz,1,13.06,0.0,1.0,0.0,0.0,0.0,,0.0,0.0,,0.0,1.0,1.0,0.0,0.0,0.0,1.0,2.0,0.0,-6.0,https://www.basketball-reference.com/boxscores/201701030BOS.html,2016-17
Jonas Jerebko,2017-01-06,Boston Celtics,Philadelphia 76ers,1,14.1,1.0,3.0,0.333,1.0,3.0,0.333,0.0,0.0,,0.0,0.0,0.0,0.0,0.0,0.0,1.0,1.0,3.0,-1.0,https://www.basketball-reference.com/boxscores/201701060BOS.html,2016-17
Jonas Jerebko,2017-01-07,Boston Celtics,New Orleans Pelicans,1,14.35,2.0,3.0,0.667,0.0,0.0,,0.0,0.0,,2.0,4.0,6.0,1.0,0.0,0.0,1.0,2.0,4.0,5.0,https://www.basketball-reference.com/boxscores/201701070BOS.html,2016-17
Jonas Jerebko,2017-01-10,Boston Celtics,Toronto Raptors,0,16.49,2.0,3.0,0.667,1.0,1.0,1.0,2.0,2.0,1.0,0.0,2.0,2.0,1.0,1.0,0.0,0.0,3.0,7.0,5.0,https://www.basketball-reference.com/boxscores/201701100TOR.html,2016-17
Jonas Jerebko,2017-01-11,Boston Celtics,Washington Wizards,1,22.28,3.0,5.0,0.6,1.0,3.0,0.333,1.0,2.0,0.5,2.0,4.0,6.0,1.0,0.0,1.0,2.0,1.0,8.0,16.0,https://www.basketball-reference.com/boxscores/201701110BOS.html,2016-17
Jonas Jerebko,2017-01-13,Boston Celtics,Atlanta Hawks,0,13.19,0.0,2.0,0.0,0.0,2.0,0.0,0.0,0.0,,0.0,2.0,2.0,0.0,0.0,0.0,1.0,1.0,0.0,-11.0,https://www.basketball-reference.com/boxscores/201701130ATL.html,2016-17
Jonas Jerebko,2017-01-16,Boston Celtics,Charlotte Hornets,1,14.26,1.0,1.0,1.0,1.0,1.0,1.0,0.0,0.0,,0.0,1.0,1.0,3.0,0.0,0.0,2.0,0.0,3.0,-3.0,https://www.basketball-reference.com/boxscores/201701160BOS.html,2016-17
Jonas Jerebko,2017-01-18,Boston Celtics,New York Knicks,1,16.12,2.0,3.0,0.667,0.0,0.0,,0.0,0.0,,0.0,1.0,1.0,0.0,1.0,0.0,0.0,0.0,4.0,-21.0,https://www.basketball-reference.com/boxscores/201701180BOS.html,2016-17
Jonas Jerebko,2017-01-24,Boston Celtics,Washington Wizards,0,17.49,4.0,5.0,0.8,0.0,1.0,0.0,0.0,0.0,,2.0,4.0,6.0,0.0,0.0,1.0,0.0,2.0,8.0,-1.0,https://www.basketball-reference.com/boxscores/201701240WAS.html,2016-17
Jonas Jerebko,2017-01-25,Boston Celtics,Houston Rockets,1,23.19,3.0,3.0,1.0,1.0,1.0,1.0,0.0,0.0,,3.0,4.0,7.0,1.0,0.0,1.0,1.0,5.0,7.0,13.0,https://www.basketball-reference.com/boxscores/201701250BOS.html,2016-17
Jonas Jerebko,2017-01-27,Boston Celtics,Orlando Magic,1,27.11,2.0,6.0,0.333,1.0,3.0,0.333,2.0,2.0,1.0,1.0,7.0,8.0,4.0,0.0,1.0,2.0,3.0,7.0,22.0,https://www.basketball-reference.com/boxscores/201701270BOS.html,2016-17
Jonas Jerebko,2017-01-28,Milwaukee Bucks,Boston Celtics,1,17.52,0.0,4.0,0.0,0.0,3.0,0.0,0.0,0.0,,2.0,0.0,2.0,3.0,1.0,1.0,3.0,2.0,0.0,4.0,https://www.basketball-reference.com/boxscores/201701280MIL.html,2016-17
Jonas Jerebko,2017-01-30,Boston Celtics,Detroit Pistons,1,24.2,1.0,2.0,0.5,1.0,2.0,0.5,0.0,0.0,,1.0,9.0,10.0,0.0,0.0,0.0,1.0,1.0,3.0,-1.0,https://www.basketball-reference.com/boxscores/201701300BOS.html,2016-17
Jonas Jerebko,2017-02-01,Boston Celtics,Toronto Raptors,1,19.29,2.0,7.0,0.28600000000000003,2.0,5.0,0.4,0.0,0.0,,0.0,3.0,3.0,2.0,0.0,1.0,0.0,1.0,6.0,9.0,https://www.basketball-reference.com/boxscores/201702010BOS.html,2016-17
Jonas Jerebko,2017-02-03,Boston Celtics,Los Angeles Lakers,1,20.47,1.0,2.0,0.5,0.0,1.0,0.0,1.0,1.0,1.0,0.0,3.0,3.0,2.0,0.0,0.0,0.0,3.0,3.0,2.0,https://www.basketball-reference.com/boxscores/201702030BOS.html,2016-17
Jonas Jerebko,2017-02-05,Boston Celtics,Los Angeles Clippers,1,10.28,0.0,3.0,0.0,0.0,2.0,0.0,0.0,0.0,,0.0,2.0,2.0,0.0,1.0,0.0,0.0,2.0,0.0,-13.0,https://www.basketball-reference.com/boxscores/201702050BOS.html,2016-17
Jonas Jerebko,2017-02-08,Boston Celtics,Sacramento Kings,0,9.42,1.0,3.0,0.333,0.0,1.0,0.0,0.0,0.0,,1.0,1.0,2.0,0.0,0.0,0.0,2.0,2.0,2.0,-14.0,https://www.basketball-reference.com/boxscores/201702080SAC.html,2016-17
Jonas Jerebko,2017-02-09,Boston Celtics,Portland Trail Blazers,0,7.15,0.0,2.0,0.0,0.0,2.0,0.0,0.0,0.0,,0.0,3.0,3.0,0.0,0.0,0.0,0.0,0.0,0.0,-5.0,https://www.basketball-reference.com/boxscores/201702090POR.html,2016-17
Jonas Jerebko,2017-02-11,Boston Celtics,Utah Jazz,0,20.36,0.0,1.0,0.0,0.0,0.0,,0.0,0.0,,1.0,2.0,3.0,0.0,0.0,0.0,0.0,2.0,0.0,12.0,https://www.basketball-reference.com/boxscores/201702110UTA.html,2016-17
Jonas Jerebko,2017-02-13,Boston Celtics,Dallas Mavericks,0,13.03,1.0,2.0,0.5,1.0,2.0,0.5,0.0,0.0,,0.0,4.0,4.0,0.0,0.0,0.0,1.0,3.0,3.0,-1.0,https://www.basketball-reference.com/boxscores/201702130DAL.html,2016-17
Jonas Jerebko,2017-02-15,Boston Celtics,Philadelphia 76ers,1,9.5,0.0,0.0,,0.0,0.0,,0.0,0.0,,0.0,1.0,1.0,1.0,0.0,2.0,0.0,1.0,0.0,-4.0,https://www.basketball-reference.com/boxscores/201702150BOS.html,2016-17
Jonas Jerebko,2017-02-16,Boston Celtics,Chicago Bulls,0,11.04,1.0,2.0,0.5,0.0,1.0,0.0,0.0,0.0,,0.0,3.0,3.0,0.0,0.0,0.0,0.0,1.0,2.0,7.0,https://www.basketball-reference.com/boxscores/201702160CHI.html,2016-17
Jonas Jerebko,2017-02-24,Boston Celtics,Toronto Raptors,0,19.24,1.0,5.0,0.2,1.0,3.0,0.333,0.0,0.0,,2.0,3.0,5.0,2.0,0.0,0.0,0.0,3.0,3.0,9.0,https://www.basketball-reference.com/boxscores/201702240TOR.html,2016-17
Jonas Jerebko,2017-02-26,Boston Celtics,Detroit Pistons,0,12.43,1.0,6.0,0.16699999999999998,0.0,2.0,0.0,2.0,2.0,1.0,1.0,1.0,2.0,0.0,1.0,0.0,0.0,0.0,4.0,1.0,https://www.basketball-reference.com/boxscores/201702260DET.html,2016-17
Jonas Jerebko,2017-02-27,Boston Celtics,Atlanta Hawks,1,18.41,2.0,2.0,1.0,1.0,1.0,1.0,2.0,2.0,1.0,0.0,3.0,3.0,2.0,1.0,0.0,0.0,1.0,7.0,-5.0,https://www.basketball-reference.com/boxscores/201702270BOS.html,2016-17
Jonas Jerebko,2017-03-01,Boston Celtics,Cleveland Cavaliers,1,18.38,1.0,1.0,1.0,1.0,1.0,1.0,0.0,0.0,,1.0,5.0,6.0,0.0,0.0,1.0,0.0,1.0,3.0,-7.0,https://www.basketball-reference.com/boxscores/201703010BOS.html,2016-17
Jonas Jerebko,2017-03-03,Boston Celtics,Los Angeles Lakers,0,16.07,3.0,3.0,1.0,2.0,2.0,1.0,0.0,0.0,,0.0,4.0,4.0,0.0,0.0,0.0,2.0,2.0,8.0,17.0,https://www.basketball-reference.com/boxscores/201703030LAL.html,2016-17
Jonas Jerebko,2017-03-05,Boston Celtics,Phoenix Suns,0,19.41,0.0,4.0,0.0,0.0,3.0,0.0,1.0,2.0,0.5,3.0,2.0,5.0,1.0,0.0,0.0,0.0,3.0,1.0,-6.0,https://www.basketball-reference.com/boxscores/201703050PHO.html,2016-17
Jonas Jerebko,2017-03-08,Boston Celtics,Golden State Warriors,0,12.15,2.0,3.0,0.667,1.0,1.0,1.0,0.0,0.0,,1.0,4.0,5.0,1.0,1.0,0.0,0.0,0.0,5.0,8.0,https://www.basketball-reference.com/boxscores/201703080GSW.html,2016-17
Jonas Jerebko,2017-03-10,Boston Celtics,Denver Nuggets,0,12.36,0.0,2.0,0.0,0.0,1.0,0.0,0.0,0.0,,0.0,1.0,1.0,0.0,0.0,0.0,0.0,0.0,0.0,-6.0,https://www.basketball-reference.com/boxscores/201703100DEN.html,2016-17
Jonas Jerebko,2017-03-12,Boston Celtics,Chicago Bulls,1,6.03,1.0,2.0,0.5,0.0,1.0,0.0,0.0,0.0,,1.0,2.0,3.0,0.0,0.0,0.0,0.0,1.0,2.0,-2.0,https://www.basketball-reference.com/boxscores/201703120BOS.html,2016-17
Jonas Jerebko,2017-03-15,Boston Celtics,Minnesota Timberwolves,1,23.34,2.0,3.0,0.667,0.0,0.0,,0.0,0.0,,0.0,5.0,5.0,3.0,0.0,1.0,0.0,1.0,4.0,5.0,https://www.basketball-reference.com/boxscores/201703150BOS.html,2016-17
Jonas Jerebko,2017-03-17,Boston Celtics,Brooklyn Nets,0,7.17,0.0,1.0,0.0,0.0,1.0,0.0,0.0,0.0,,0.0,3.0,3.0,0.0,0.0,0.0,0.0,0.0,0.0,0.0,https://www.basketball-reference.com/boxscores/201703170BRK.html,2016-17
Jonas Jerebko,2017-03-19,Boston Celtics,Philadelphia 76ers,0,15.3,0.0,2.0,0.0,0.0,1.0,0.0,1.0,2.0,0.5,0.0,1.0,1.0,0.0,0.0,0.0,1.0,1.0,1.0,2.0,https://www.basketball-reference.com/boxscores/201703190PHI.html,2016-17
Jonas Jerebko,2017-03-20,Boston Celtics,Washington Wizards,1,,,,,,,,,,,,,,,,,,,,,https://www.basketball-reference.com/boxscores/201703200BOS.html,2016-17
Jonas Jerebko,2017-03-22,Boston Celtics,Indiana Pacers,1,,,,,,,,,,,,,,,,,,,,,https://www.basketball-reference.com/boxscores/201703220BOS.html,2016-17
Jonas Jerebko,2017-03-24,Boston Celtics,Phoenix Suns,1,10.03,2.0,4.0,0.5,1.0,2.0,0.5,0.0,0.0,,0.0,1.0,1.0,1.0,0.0,0.0,0.0,2.0,5.0,-4.0,https://www.basketball-reference.com/boxscores/201703240BOS.html,2016-17
Jonas Jerebko,2017-03-26,Boston Celtics,Miami Heat,1,11.43,2.0,3.0,0.667,0.0,1.0,0.0,0.0,0.0,,0.0,1.0,1.0,2.0,0.0,0.0,0.0,2.0,4.0,1.0,https://www.basketball-reference.com/boxscores/201703260BOS.html,2016-17
Jonas Jerebko,2017-03-29,Boston Celtics,Milwaukee Bucks,1,4.06,0.0,0.0,,0.0,0.0,,0.0,0.0,,0.0,1.0,1.0,0.0,0.0,0.0,1.0,0.0,0.0,0.0,https://www.basketball-reference.com/boxscores/201703290BOS.html,2016-17
Jonas Jerebko,2017-03-31,Boston Celtics,Orlando Magic,1,17.46,2.0,4.0,0.5,0.0,1.0,0.0,0.0,0.0,,0.0,8.0,8.0,0.0,0.0,0.0,0.0,2.0,4.0,8.0,https://www.basketball-reference.com/boxscores/201703310BOS.html,2016-17
Jonas Jerebko,2014-12-02,Detroit Pistons,Los Angeles Lakers,1,12.0,3.0,8.0,0.375,1.0,4.0,0.25,2.0,2.0,1.0,2.0,2.0,4.0,0.0,1.0,1.0,0.0,1.0,9.0,6.0,https://www.basketball-reference.com/boxscores/201412020DET.html,2014-15
Jonas Jerebko,2014-12-03,Boston Celtics,Detroit Pistons,1,4.14,0.0,1.0,0.0,0.0,1.0,0.0,0.0,0.0,,0.0,1.0,1.0,0.0,0.0,0.0,0.0,1.0,0.0,-8.0,https://www.basketball-reference.com/boxscores/201412030BOS.html,2014-15
Jonas Jerebko,2014-12-07,Detroit Pistons,Oklahoma City Thunder,1,17.24,4.0,9.0,0.444,1.0,3.0,0.333,0.0,0.0,,2.0,2.0,4.0,1.0,0.0,0.0,0.0,2.0,9.0,-5.0,https://www.basketball-reference.com/boxscores/201412070DET.html,2014-15
Jonas Jerebko,2014-12-09,Detroit Pistons,Portland Trail Blazers,1,12.0,1.0,4.0,0.25,1.0,2.0,0.5,0.0,0.0,,2.0,0.0,2.0,1.0,0.0,0.0,0.0,0.0,3.0,2.0,https://www.basketball-reference.com/boxscores/201412090DET.html,2014-15
Jonas Jerebko,2014-12-12,Detroit Pistons,Phoenix Suns,0,13.53,2.0,2.0,1.0,0.0,0.0,,0.0,0.0,,0.0,1.0,1.0,0.0,0.0,0.0,1.0,1.0,4.0,7.0,https://www.basketball-reference.com/boxscores/201412120PHO.html,2014-15
Jonas Jerebko,2014-12-13,Detroit Pistons,Sacramento Kings,0,,,,,,,,,,,,,,,,,,,,,https://www.basketball-reference.com/boxscores/201412130SAC.html,2014-15
Jonas Jerebko,2014-12-15,Detroit Pistons,Los Angeles Clippers,0,12.0,3.0,6.0,0.5,1.0,3.0,0.333,0.0,0.0,,0.0,3.0,3.0,3.0,1.0,0.0,0.0,0.0,7.0,1.0,https://www.basketball-reference.com/boxscores/201412150LAC.html,2014-15
Jonas Jerebko,2014-12-17,Detroit Pistons,Dallas Mavericks,1,13.28,5.0,5.0,1.0,1.0,1.0,1.0,2.0,2.0,1.0,0.0,2.0,2.0,0.0,0.0,0.0,1.0,2.0,13.0,-1.0,https://www.basketball-reference.com/boxscores/201412170DET.html,2014-15
Jonas Jerebko,2014-12-19,Detroit Pistons,Toronto Raptors,1,21.36,2.0,8.0,0.25,1.0,2.0,0.5,2.0,2.0,1.0,1.0,6.0,7.0,4.0,0.0,0.0,0.0,2.0,7.0,7.0,https://www.basketball-reference.com/boxscores/201412190DET.html,2014-15
Jonas Jerebko,2014-12-21,Detroit Pistons,Brooklyn Nets,0,18.09,3.0,4.0,0.75,1.0,1.0,1.0,3.0,3.0,1.0,2.0,2.0,4.0,2.0,1.0,0.0,4.0,2.0,10.0,-2.0,https://www.basketball-reference.com/boxscores/201412210BRK.html,2014-15
Jonas Jerebko,2014-12-26,Detroit Pistons,Indiana Pacers,1,28.2,3.0,7.0,0.429,1.0,3.0,0.333,3.0,4.0,0.75,0.0,6.0,6.0,3.0,0.0,1.0,0.0,3.0,10.0,-1.0,https://www.basketball-reference.com/boxscores/201412260DET.html,2014-15
Jonas Jerebko,2014-12-28,Detroit Pistons,Cleveland Cavaliers,0,27.07,4.0,8.0,0.5,2.0,3.0,0.667,0.0,0.0,,0.0,7.0,7.0,2.0,1.0,1.0,0.0,0.0,10.0,1.0,https://www.basketball-reference.com/boxscores/201412280CLE.html,2014-15
Jonas Jerebko,2014-12-30,Detroit Pistons,Orlando Magic,0,21.19,1.0,4.0,0.25,0.0,1.0,0.0,2.0,4.0,0.5,1.0,1.0,2.0,4.0,0.0,1.0,1.0,3.0,4.0,17.0,https://www.basketball-reference.com/boxscores/201412300ORL.html,2014-15
Jonas Jerebko,2015-01-02,Detroit Pistons,New York Knicks,0,21.06,2.0,2.0,1.0,1.0,1.0,1.0,2.0,2.0,1.0,0.0,4.0,4.0,1.0,1.0,0.0,1.0,3.0,7.0,13.0,https://www.basketball-reference.com/boxscores/201501020NYK.html,2014-15
Jonas Jerebko,2015-01-04,Detroit Pistons,Sacramento Kings,1,25.26,1.0,4.0,0.25,1.0,2.0,0.5,0.0,0.0,,0.0,3.0,3.0,1.0,1.0,0.0,3.0,4.0,3.0,13.0,https://www.basketball-reference.com/boxscores/201501040DET.html,2014-15
Jonas Jerebko,2015-01-06,Detroit Pistons,San Antonio Spurs,0,11.09,2.0,3.0,0.667,1.0,2.0,0.5,0.0,0.0,,1.0,4.0,5.0,0.0,1.0,0.0,0.0,4.0,5.0,-13.0,https://www.basketball-reference.com/boxscores/201501060SAS.html,2014-15
Jonas Jerebko,2015-01-07,Detroit Pistons,Dallas Mavericks,0,20.17,3.0,6.0,0.5,0.0,0.0,,0.0,0.0,,6.0,3.0,9.0,2.0,2.0,0.0,2.0,3.0,6.0,14.0,https://www.basketball-reference.com/boxscores/201501070DAL.html,2014-15
Jonas Jerebko,2015-01-09,Detroit Pistons,Atlanta Hawks,1,15.06,1.0,4.0,0.25,0.0,3.0,0.0,2.0,2.0,1.0,1.0,4.0,5.0,3.0,1.0,0.0,0.0,1.0,4.0,-5.0,https://www.basketball-reference.com/boxscores/201501090DET.html,2014-15
Jonas Jerebko,2015-01-10,Detroit Pistons,Brooklyn Nets,1,26.19,4.0,6.0,0.667,3.0,5.0,0.6,0.0,0.0,,2.0,5.0,7.0,1.0,0.0,0.0,0.0,2.0,11.0,-2.0,https://www.basketball-reference.com/boxscores/201501100DET.html,2014-15
Jonas Jerebko,2015-01-12,Detroit Pistons,Toronto Raptors,0,25.47,4.0,5.0,0.8,0.0,1.0,0.0,2.0,2.0,1.0,1.0,3.0,4.0,2.0,1.0,0.0,0.0,2.0,10.0,-9.0,https://www.basketball-reference.com/boxscores/201501120TOR.html,2014-15
Jonas Jerebko,2015-01-14,Detroit Pistons,New Orleans Pelicans,1,21.05,0.0,5.0,0.0,0.0,2.0,0.0,0.0,0.0,,2.0,4.0,6.0,1.0,2.0,1.0,1.0,1.0,0.0,-11.0,https://www.basketball-reference.com/boxscores/201501140DET.html,2014-15
Jonas Jerebko,2015-01-16,Detroit Pistons,Indiana Pacers,0,6.36,1.0,4.0,0.25,0.0,1.0,0.0,1.0,2.0,0.5,0.0,1.0,1.0,0.0,1.0,0.0,0.0,2.0,3.0,-4.0,https://www.basketball-reference.com/boxscores/201501160IND.html,2014-15
Jonas Jerebko,2015-01-17,Detroit Pistons,Philadelphia 76ers,1,7.46,1.0,2.0,0.5,1.0,2.0,0.5,0.0,0.0,,1.0,0.0,1.0,0.0,1.0,0.0,2.0,2.0,3.0,-1.0,https://www.basketball-reference.com/boxscores/201501170DET.html,2014-15
Jonas Jerebko,2015-01-19,Detroit Pistons,Atlanta Hawks,0,17.54,2.0,7.0,0.28600000000000003,1.0,4.0,0.25,0.0,0.0,,2.0,1.0,3.0,1.0,0.0,0.0,0.0,2.0,5.0,-3.0,https://www.basketball-reference.com/boxscores/201501190ATL.html,2014-15
Jonas Jerebko,2015-01-21,Detroit Pistons,Orlando Magic,1,,,,,,,,,,,,,,,,,,,,,https://www.basketball-reference.com/boxscores/201501210DET.html,2014-15
Jonas Jerebko,2015-01-24,Detroit Pistons,Milwaukee Bucks,0,14.03,3.0,6.0,0.5,1.0,1.0,1.0,0.0,1.0,0.0,2.0,0.0,2.0,1.0,0.0,0.0,1.0,2.0,7.0,12.0,https://www.basketball-reference.com/boxscores/201501240MIL.html,2014-15
Jonas Jerebko,2015-01-25,Detroit Pistons,Toronto Raptors,0,5.55,0.0,0.0,,0.0,0.0,,0.0,0.0,,1.0,1.0,2.0,0.0,1.0,0.0,0.0,0.0,0.0,2.0,https://www.basketball-reference.com/boxscores/201501250TOR.html,2014-15
Jonas Jerebko,2015-01-27,Detroit Pistons,Cleveland Cavaliers,1,,,,,,,,,,,,,,,,,,,,,https://www.basketball-reference.com/boxscores/201501270DET.html,2014-15
Jonas Jerebko,2015-01-28,Detroit Pistons,Philadelphia 76ers,0,18.32,4.0,6.0,0.667,1.0,1.0,1.0,1.0,1.0,1.0,1.0,2.0,3.0,0.0,1.0,2.0,1.0,2.0,10.0,-3.0,https://www.basketball-reference.com/boxscores/201501280PHI.html,2014-15
Jonas Jerebko,2015-01-31,Detroit Pistons,Houston Rockets,1,,,,,,,,,,,,,,,,,,,,,https://www.basketball-reference.com/boxscores/201501310DET.html,2014-15
Jonas Jerebko,2015-02-03,Detroit Pistons,Miami Heat,1,4.58,0.0,1.0,0.0,0.0,1.0,0.0,0.0,0.0,,0.0,0.0,0.0,0.0,0.0,0.0,0.0,0.0,0.0,-9.0,https://www.basketball-reference.com/boxscores/201502030DET.html,2014-15
Jonas Jerebko,2015-02-04,Detroit Pistons,Indiana Pacers,0,,,,,,,,,,,,,,,,,,,,,https://www.basketball-reference.com/boxscores/201502040IND.html,2014-15
Jonas Jerebko,2015-02-06,Detroit Pistons,Denver Nuggets,1,8.57,1.0,3.0,0.333,0.0,1.0,0.0,0.0,0.0,,1.0,0.0,1.0,0.0,0.0,0.0,0.0,1.0,2.0,-5.0,https://www.basketball-reference.com/boxscores/201502060DET.html,2014-15
Jonas Jerebko,2015-02-08,Detroit Pistons,Minnesota Timberwolves,1,,,,,,,,,,,,,,,,,,,,,https://www.basketball-reference.com/boxscores/201502080DET.html,2014-15
Jonas Jerebko,2015-02-10,Detroit Pistons,Charlotte Hornets,0,15.24,0.0,1.0,0.0,0.0,1.0,0.0,0.0,0.0,,0.0,2.0,2.0,1.0,0.0,0.0,1.0,2.0,0.0,17.0,https://www.basketball-reference.com/boxscores/201502100CHO.html,2014-15
Jonas Jerebko,2015-02-11,Detroit Pistons,San Antonio Spurs,1,12.53,1.0,2.0,0.5,0.0,0.0,,0.0,0.0,,0.0,6.0,6.0,0.0,0.0,1.0,0.0,0.0,2.0,4.0,https://www.basketball-reference.com/boxscores/201502110DET.html,2014-15
Jonas Jerebko,2015-02-22,Los Angeles Lakers,Boston Celtics,1,4.36,0.0,2.0,0.0,0.0,1.0,0.0,0.0,0.0,,1.0,0.0,1.0,0.0,0.0,0.0,0.0,1.0,0.0,-8.0,https://www.basketball-reference.com/boxscores/201502220LAL.html,2014-15
Jonas Jerebko,2015-02-23,Boston Celtics,Phoenix Suns,0,,,,,,,,,,,,,,,,,,,,,https://www.basketball-reference.com/boxscores/201502230PHO.html,2014-15
Jonas Jerebko,2015-02-25,Boston Celtics,New York Knicks,1,20.54,7.0,10.0,0.7,4.0,6.0,0.667,2.0,2.0,1.0,1.0,4.0,5.0,2.0,1.0,0.0,1.0,2.0,20.0,15.0,https://www.basketball-reference.com/boxscores/201502250BOS.html,2014-15
Jonas Jerebko,2015-02-27,Boston Celtics,Charlotte Hornets,1,23.51,6.0,9.0,0.667,3.0,4.0,0.75,1.0,2.0,0.5,5.0,5.0,10.0,3.0,0.0,1.0,0.0,2.0,16.0,22.0,https://www.basketball-reference.com/boxscores/201502270BOS.html,2014-15
Jonas Jerebko,2015-03-01,Boston Celtics,Golden State Warriors,1,12.29,1.0,1.0,1.0,1.0,1.0,1.0,0.0,0.0,,2.0,0.0,2.0,0.0,1.0,1.0,0.0,2.0,3.0,4.0,https://www.basketball-reference.com/boxscores/201503010BOS.html,2014-15
Jonas Jerebko,2015-03-03,Boston Celtics,Cleveland Cavaliers,0,20.59,2.0,8.0,0.25,1.0,3.0,0.333,0.0,0.0,,2.0,3.0,5.0,2.0,0.0,1.0,1.0,3.0,5.0,-16.0,https://www.basketball-reference.com/boxscores/201503030CLE.html,2014-15
Jonas Jerebko,2015-03-04,Boston Celtics,Utah Jazz,1,18.02,2.0,5.0,0.4,1.0,3.0,0.333,1.0,2.0,0.5,1.0,1.0,2.0,1.0,0.0,0.0,0.0,3.0,6.0,3.0,https://www.basketball-reference.com/boxscores/201503040BOS.html,2014-15
Jonas Jerebko,2015-03-06,Boston Celtics,New Orleans Pelicans,0,18.03,3.0,5.0,0.6,1.0,2.0,0.5,2.0,2.0,1.0,0.0,2.0,2.0,0.0,1.0,0.0,0.0,2.0,9.0,11.0,https://www.basketball-reference.com/boxscores/201503060NOP.html,2014-15
Jonas Jerebko,2015-03-08,Boston Celtics,Orlando Magic,0,19.05,2.0,4.0,0.5,2.0,3.0,0.667,1.0,2.0,0.5,0.0,2.0,2.0,1.0,1.0,0.0,1.0,1.0,7.0,4.0,https://www.basketball-reference.com/boxscores/201503080ORL.html,2014-15
Jonas Jerebko,2015-03-09,Boston Celtics,Miami Heat,0,23.22,4.0,9.0,0.444,0.0,2.0,0.0,1.0,1.0,1.0,2.0,4.0,6.0,1.0,0.0,0.0,1.0,3.0,9.0,2.0,https://www.basketball-reference.com/boxscores/201503090MIA.html,2014-15
Jonas Jerebko,2015-03-11,Boston Celtics,Memphis Grizzlies,1,15.31,3.0,7.0,0.429,1.0,1.0,1.0,0.0,0.0,,2.0,2.0,4.0,0.0,0.0,0.0,1.0,2.0,7.0,-4.0,https://www.basketball-reference.com/boxscores/201503110BOS.html,2014-15
Jonas Jerebko,2015-03-13,Boston Celtics,Orlando Magic,1,14.56,0.0,3.0,0.0,0.0,1.0,0.0,0.0,0.0,,0.0,3.0,3.0,1.0,0.0,1.0,2.0,1.0,0.0,3.0,https://www.basketball-reference.com/boxscores/201503130BOS.html,2014-15
Jonas Jerebko,2015-03-14,Boston Celtics,Indiana Pacers,0,16.52,1.0,2.0,0.5,1.0,2.0,0.5,0.0,0.0,,0.0,3.0,3.0,3.0,0.0,0.0,0.0,2.0,3.0,11.0,https://www.basketball-reference.com/boxscores/201503140IND.html,2014-15
Jonas Jerebko,2015-03-16,Boston Celtics,Philadelphia 76ers,1,13.12,0.0,1.0,0.0,0.0,1.0,0.0,2.0,2.0,1.0,1.0,1.0,2.0,1.0,0.0,0.0,0.0,3.0,2.0,2.0,https://www.basketball-reference.com/boxscores/201503160BOS.html,2014-15
Jonas Jerebko,2015-03-18,Boston Celtics,Oklahoma City Thunder,0,19.14,1.0,3.0,0.333,1.0,2.0,0.5,4.0,4.0,1.0,0.0,4.0,4.0,2.0,0.0,0.0,1.0,0.0,7.0,2.0,https://www.basketball-reference.com/boxscores/201503180OKC.html,2014-15
Jonas Jerebko,2015-03-20,Boston Celtics,San Antonio Spurs,0,26.36,1.0,7.0,0.14300000000000002,1.0,3.0,0.333,4.0,4.0,1.0,4.0,8.0,12.0,0.0,2.0,0.0,3.0,1.0,7.0,3.0,https://www.basketball-reference.com/boxscores/201503200SAS.html,2014-15
Jonas Jerebko,2015-03-23,Boston Celtics,Brooklyn Nets,0,23.37,5.0,12.0,0.417,0.0,2.0,0.0,0.0,0.0,,0.0,6.0,6.0,0.0,0.0,0.0,0.0,2.0,10.0,4.0,https://www.basketball-reference.com/boxscores/201503230BRK.html,2014-15
Jonas Jerebko,2015-03-25,Boston Celtics,Miami Heat,1,22.41,2.0,7.0,0.28600000000000003,0.0,2.0,0.0,0.0,0.0,,1.0,6.0,7.0,0.0,0.0,0.0,0.0,4.0,4.0,7.0,https://www.basketball-reference.com/boxscores/201503250BOS.html,2014-15
Jonas Jerebko,2015-03-27,Boston Celtics,New York Knicks,0,13.32,2.0,5.0,0.4,1.0,3.0,0.333,0.0,0.0,,0.0,3.0,3.0,1.0,1.0,0.0,2.0,1.0,5.0,9.0,https://www.basketball-reference.com/boxscores/201503270NYK.html,2014-15
Jonas Jerebko,2015-03-29,Boston Celtics,Los Angeles Clippers,1,22.08,4.0,12.0,0.333,1.0,3.0,0.333,1.0,1.0,1.0,2.0,6.0,8.0,1.0,2.0,0.0,0.0,4.0,10.0,-5.0,https://www.basketball-reference.com/boxscores/201503290BOS.html,2014-15
Jonas Jerebko,2015-03-30,Boston Celtics,Charlotte Hornets,0,15.55,1.0,2.0,0.5,0.0,1.0,0.0,1.0,1.0,1.0,1.0,1.0,2.0,1.0,0.0,0.0,0.0,1.0,3.0,5.0,https://www.basketball-reference.com/boxscores/201503300CHO.html,2014-15
Jonas Jerebko,2012-12-01,Detroit Pistons,Dallas Mavericks,0,,,,,,,,,,,,,,,,,,,,,https://www.basketball-reference.com/boxscores/201212010DAL.html,2012-13
Jonas Jerebko,2012-12-03,Detroit Pistons,Cleveland Cavaliers,1,,,,,,,,,,,,,,,,,,,,,https://www.basketball-reference.com/boxscores/201212030DET.html,2012-13
Jonas Jerebko,2012-12-05,Detroit Pistons,Golden State Warriors,1,,,,,,,,,,,,,,,,,,,,,https://www.basketball-reference.com/boxscores/201212050DET.html,2012-13
Jonas Jerebko,2012-12-07,Detroit Pistons,Chicago Bulls,1,,,,,,,,,,,,,,,,,,,,,https://www.basketball-reference.com/boxscores/201212070DET.html,2012-13
Jonas Jerebko,2012-12-08,Detroit Pistons,Cleveland Cavaliers,0,,,,,,,,,,,,,,,,,,,,,https://www.basketball-reference.com/boxscores/201212080CLE.html,2012-13
Jonas Jerebko,2012-12-10,Detroit Pistons,Philadelphia 76ers,0,,,,,,,,,,,,,,,,,,,,,https://www.basketball-reference.com/boxscores/201212100PHI.html,2012-13
Jonas Jerebko,2012-12-11,Detroit Pistons,Denver Nuggets,1,,,,,,,,,,,,,,,,,,,,,https://www.basketball-reference.com/boxscores/201212110DET.html,2012-13
Jonas Jerebko,2012-12-14,Brooklyn Nets,Detroit Pistons,1,,,,,,,,,,,,,,,,,,,,,https://www.basketball-reference.com/boxscores/201212140BRK.html,2012-13
Jonas Jerebko,2012-12-15,Detroit Pistons,Indiana Pacers,1,,,,,,,,,,,,,,,,,,,,,https://www.basketball-reference.com/boxscores/201212150DET.html,2012-13
Jonas Jerebko,2012-12-17,Detroit Pistons,Los Angeles Clippers,1,,,,,,,,,,,,,,,,,,,,,https://www.basketball-reference.com/boxscores/201212170DET.html,2012-13
Jonas Jerebko,2012-12-19,Detroit Pistons,Toronto Raptors,0,,,,,,,,,,,,,,,,,,,,,https://www.basketball-reference.com/boxscores/201212190TOR.html,2012-13
Jonas Jerebko,2012-12-21,Detroit Pistons,Washington Wizards,1,5.46,1.0,1.0,1.0,1.0,1.0,1.0,0.0,0.0,,0.0,4.0,4.0,0.0,1.0,0.0,0.0,0.0,3.0,7.0,https://www.basketball-reference.com/boxscores/201212210DET.html,2012-13
Jonas Jerebko,2012-12-22,Detroit Pistons,Washington Wizards,0,,,,,,,,,,,,,,,,,,,,,https://www.basketball-reference.com/boxscores/201212220WAS.html,2012-13
Jonas Jerebko,2012-12-26,Atlanta Hawks,Detroit Pistons,1,,,,,,,,,,,,,,,,,,,,,https://www.basketball-reference.com/boxscores/201212260ATL.html,2012-13
Jonas Jerebko,2012-12-28,Detroit Pistons,Miami Heat,1,,,,,,,,,,,,,,,,,,,,,https://www.basketball-reference.com/boxscores/201212280DET.html,2012-13
Jonas Jerebko,2012-12-30,Detroit Pistons,Milwaukee Bucks,1,,,,,,,,,,,,,,,,,,,,,https://www.basketball-reference.com/boxscores/201212300DET.html,2012-13
Jonas Jerebko,2013-01-01,Detroit Pistons,Sacramento Kings,1,,,,,,,,,,,,,,,,,,,,,https://www.basketball-reference.com/boxscores/201301010DET.html,2012-13
Jonas Jerebko,2013-01-04,Detroit Pistons,Atlanta Hawks,1,,,,,,,,,,,,,,,,,,,,,https://www.basketball-reference.com/boxscores/201301040DET.html,2012-13
Jonas Jerebko,2013-01-11,Detroit Pistons,Milwaukee Bucks,0,,,,,,,,,,,,,,,,,,,,,https://www.basketball-reference.com/boxscores/201301110MIL.html,2012-13
Jonas Jerebko,2013-01-12,Detroit Pistons,Utah Jazz,1,,,,,,,,,,,,,,,,,,,,,https://www.basketball-reference.com/boxscores/201301120DET.html,2012-13
Jonas Jerebko,2013-01-17,Detroit Pistons,New York Knicks,1,,,,,,,,,,,,,,,,,,,,,https://www.basketball-reference.com/boxscores/201301170DET.html,2012-13
Jonas Jerebko,2013-01-20,Detroit Pistons,Boston Celtics,1,,,,,,,,,,,,,,,,,,,,,https://www.basketball-reference.com/boxscores/201301200DET.html,2012-13
Jonas Jerebko,2013-01-22,Detroit Pistons,Orlando Magic,1,,,,,,,,,,,,,,,,,,,,,https://www.basketball-reference.com/boxscores/201301220DET.html,2012-13
Jonas Jerebko,2013-01-23,Detroit Pistons,Chicago Bulls,0,,,,,,,,,,,,,,,,,,,,,https://www.basketball-reference.com/boxscores/201301230CHI.html,2012-13
Jonas Jerebko,2013-01-25,Detroit Pistons,Miami Heat,0,3.32,0.0,1.0,0.0,0.0,0.0,,0.0,0.0,,0.0,0.0,0.0,0.0,0.0,0.0,0.0,1.0,0.0,-4.0,https://www.basketball-reference.com/boxscores/201301250MIA.html,2012-13
Jonas Jerebko,2013-01-27,Detroit Pistons,Orlando Magic,0,,,,,,,,,,,,,,,,,,,,,https://www.basketball-reference.com/boxscores/201301270ORL.html,2012-13
Jonas Jerebko,2013-01-29,Detroit Pistons,Milwaukee Bucks,1,8.46,3.0,9.0,0.333,0.0,1.0,0.0,0.0,2.0,0.0,2.0,1.0,3.0,0.0,0.0,0.0,0.0,0.0,6.0,-3.0,https://www.basketball-reference.com/boxscores/201301290DET.html,2012-13
Jonas Jerebko,2013-01-30,Detroit Pistons,Indiana Pacers,0,18.4,0.0,4.0,0.0,0.0,2.0,0.0,3.0,4.0,0.75,1.0,3.0,4.0,0.0,1.0,0.0,0.0,1.0,3.0,3.0,https://www.basketball-reference.com/boxscores/201301300IND.html,2012-13
Jonas Jerebko,2013-02-01,Detroit Pistons,Cleveland Cavaliers,1,6.28,1.0,3.0,0.333,0.0,0.0,,0.0,0.0,,0.0,0.0,0.0,0.0,0.0,0.0,0.0,1.0,2.0,-1.0,https://www.basketball-reference.com/boxscores/201302010DET.html,2012-13
Jonas Jerebko,2013-02-03,Detroit Pistons,Los Angeles Lakers,1,10.26,2.0,3.0,0.667,1.0,1.0,1.0,0.0,0.0,,1.0,3.0,4.0,0.0,0.0,0.0,0.0,0.0,5.0,-6.0,https://www.basketball-reference.com/boxscores/201302030DET.html,2012-13
Jonas Jerebko,2013-02-04,Detroit Pistons,New York Knicks,0,16.35,4.0,7.0,0.5710000000000001,0.0,0.0,,0.0,0.0,,4.0,1.0,5.0,0.0,3.0,0.0,2.0,3.0,8.0,-7.0,https://www.basketball-reference.com/boxscores/201302040NYK.html,2012-13
Jonas Jerebko,2013-02-06,Detroit Pistons,Brooklyn Nets,1,19.23,2.0,7.0,0.28600000000000003,0.0,1.0,0.0,2.0,2.0,1.0,3.0,0.0,3.0,1.0,0.0,1.0,0.0,4.0,6.0,-1.0,https://www.basketball-reference.com/boxscores/201302060DET.html,2012-13
Jonas Jerebko,2013-02-08,Detroit Pistons,San Antonio Spurs,1,,,,,,,,,,,,,,,,,,,,,https://www.basketball-reference.com/boxscores/201302080DET.html,2012-13
Jonas Jerebko,2013-02-09,Detroit Pistons,Milwaukee Bucks,0,,,,,,,,,,,,,,,,,,,,,https://www.basketball-reference.com/boxscores/201302090MIL.html,2012-13
Jonas Jerebko,2013-02-11,Detroit Pistons,New Orleans Hornets,1,8.25,1.0,2.0,0.5,0.0,0.0,,2.0,2.0,1.0,1.0,2.0,3.0,0.0,0.0,0.0,1.0,1.0,4.0,3.0,https://www.basketball-reference.com/boxscores/201302110DET.html,2012-13
Jonas Jerebko,2013-02-13,Detroit Pistons,Washington Wizards,1,,,,,,,,,,,,,,,,,,,,,https://www.basketball-reference.com/boxscores/201302130DET.html,2012-13
Jonas Jerebko,2013-02-19,Detroit Pistons,Memphis Grizzlies,1,10.31,5.0,5.0,1.0,3.0,3.0,1.0,0.0,0.0,,0.0,2.0,2.0,4.0,0.0,0.0,1.0,1.0,13.0,12.0,https://www.basketball-reference.com/boxscores/201302190DET.html,2012-13
Jonas Jerebko,2013-02-20,Detroit Pistons,Charlotte Bobcats,0,9.26,1.0,5.0,0.2,0.0,1.0,0.0,0.0,0.0,,0.0,3.0,3.0,0.0,0.0,0.0,0.0,0.0,2.0,-4.0,https://www.basketball-reference.com/boxscores/201302200CHA.html,2012-13
Jonas Jerebko,2013-02-22,Detroit Pistons,Indiana Pacers,0,19.4,1.0,5.0,0.2,1.0,3.0,0.333,1.0,2.0,0.5,2.0,2.0,4.0,1.0,1.0,0.0,0.0,3.0,4.0,-1.0,https://www.basketball-reference.com/boxscores/201302220IND.html,2012-13
Jonas Jerebko,2013-02-23,Detroit Pistons,Indiana Pacers,1,,,,,,,,,,,,,,,,,,,,,https://www.basketball-reference.com/boxscores/201302230DET.html,2012-13
Jonas Jerebko,2013-02-25,Detroit Pistons,Atlanta Hawks,1,23.48,9.0,12.0,0.75,1.0,3.0,0.333,2.0,2.0,1.0,3.0,3.0,6.0,3.0,1.0,0.0,1.0,2.0,21.0,4.0,https://www.basketball-reference.com/boxscores/201302250DET.html,2012-13
Jonas Jerebko,2013-02-27,Detroit Pistons,Washington Wizards,0,12.03,1.0,2.0,0.5,0.0,1.0,0.0,0.0,0.0,,1.0,1.0,2.0,1.0,0.0,0.0,1.0,2.0,2.0,-9.0,https://www.basketball-reference.com/boxscores/201302270WAS.html,2012-13
Jonas Jerebko,2013-03-01,Detroit Pistons,New Orleans Hornets,0,17.38,2.0,4.0,0.5,0.0,1.0,0.0,0.0,2.0,0.0,2.0,1.0,3.0,0.0,0.0,1.0,1.0,2.0,4.0,-10.0,https://www.basketball-reference.com/boxscores/201303010NOH.html,2012-13
Jonas Jerebko,2013-03-03,Detroit Pistons,San Antonio Spurs,0,17.32,3.0,9.0,0.333,0.0,1.0,0.0,4.0,4.0,1.0,2.0,3.0,5.0,0.0,0.0,0.0,2.0,3.0,10.0,-6.0,https://www.basketball-reference.com/boxscores/201303030SAS.html,2012-13
Jonas Jerebko,2013-03-06,Detroit Pistons,New York Knicks,1,26.4,5.0,8.0,0.625,1.0,1.0,1.0,1.0,3.0,0.333,1.0,3.0,4.0,2.0,1.0,0.0,1.0,2.0,12.0,-1.0,https://www.basketball-reference.com/boxscores/201303060DET.html,2012-13
Jonas Jerebko,2013-03-08,Detroit Pistons,Dallas Mavericks,1,14.11,2.0,9.0,0.222,1.0,2.0,0.5,0.0,0.0,,3.0,2.0,5.0,2.0,1.0,0.0,1.0,3.0,5.0,-11.0,https://www.basketball-reference.com/boxscores/201303080DET.html,2012-13
Jonas Jerebko,2013-03-10,Detroit Pistons,Los Angeles Clippers,0,27.59,5.0,9.0,0.556,1.0,1.0,1.0,3.0,4.0,0.75,3.0,5.0,8.0,3.0,1.0,0.0,2.0,4.0,14.0,-13.0,https://www.basketball-reference.com/boxscores/201303100LAC.html,2012-13
Jonas Jerebko,2013-03-11,Detroit Pistons,Utah Jazz,0,29.12,5.0,14.0,0.35700000000000004,1.0,4.0,0.25,4.0,4.0,1.0,2.0,5.0,7.0,0.0,1.0,0.0,1.0,2.0,15.0,-10.0,https://www.basketball-reference.com/boxscores/201303110UTA.html,2012-13
Jonas Jerebko,2013-03-13,Detroit Pistons,Golden State Warriors,0,24.0,4.0,9.0,0.444,1.0,2.0,0.5,2.0,2.0,1.0,2.0,2.0,4.0,2.0,0.0,0.0,0.0,1.0,11.0,11.0,https://www.basketball-reference.com/boxscores/201303130GSW.html,2012-13
Jonas Jerebko,2013-03-16,Detroit Pistons,Portland Trail Blazers,0,15.4,2.0,4.0,0.5,0.0,2.0,0.0,0.0,0.0,,1.0,4.0,5.0,1.0,0.0,1.0,2.0,2.0,4.0,-7.0,https://www.basketball-reference.com/boxscores/201303160POR.html,2012-13
Jonas Jerebko,2013-03-18,Detroit Pistons,Brooklyn Nets,1,18.58,1.0,6.0,0.16699999999999998,0.0,2.0,0.0,0.0,0.0,,0.0,2.0,2.0,0.0,0.0,0.0,1.0,0.0,2.0,-19.0,https://www.basketball-reference.com/boxscores/201303180DET.html,2012-13
Jonas Jerebko,2013-03-22,Detroit Pistons,Miami Heat,0,24.37,2.0,8.0,0.25,1.0,2.0,0.5,4.0,4.0,1.0,2.0,6.0,8.0,1.0,1.0,0.0,2.0,3.0,9.0,-4.0,https://www.basketball-reference.com/boxscores/201303220MIA.html,2012-13
Jonas Jerebko,2013-03-23,Detroit Pistons,Charlotte Bobcats,0,22.25,3.0,6.0,0.5,0.0,0.0,,2.0,4.0,0.5,1.0,2.0,3.0,2.0,4.0,0.0,0.0,1.0,8.0,-2.0,https://www.basketball-reference.com/boxscores/201303230CHA.html,2012-13
Jonas Jerebko,2013-03-26,Detroit Pistons,Minnesota Timberwolves,1,15.56,2.0,4.0,0.5,1.0,2.0,0.5,0.0,0.0,,0.0,2.0,2.0,2.0,1.0,0.0,0.0,1.0,5.0,-6.0,https://www.basketball-reference.com/boxscores/201303260DET.html,2012-13
Jonas Jerebko,2013-03-29,Detroit Pistons,Toronto Raptors,1,28.29,9.0,14.0,0.643,0.0,4.0,0.0,2.0,2.0,1.0,2.0,3.0,5.0,1.0,0.0,0.0,1.0,2.0,20.0,-6.0,https://www.basketball-reference.com/boxscores/201303290DET.html,2012-13
Jonas Jerebko,2013-03-31,Detroit Pistons,Chicago Bulls,0,17.45,2.0,3.0,0.667,0.0,1.0,0.0,1.0,2.0,0.5,0.0,3.0,3.0,1.0,1.0,0.0,2.0,1.0,5.0,-11.0,https://www.basketball-reference.com/boxscores/201303310CHI.html,2012-13
Jonas Jerebko,2017-12-01,Utah Jazz,New Orleans Pelicans,1,21.41,4.0,7.0,0.5710000000000001,0.0,1.0,0.0,0.0,0.0,,1.0,5.0,6.0,2.0,0.0,1.0,0.0,3.0,8.0,20.0,https://www.basketball-reference.com/boxscores/201712010UTA.html,2017-18
Jonas Jerebko,2017-12-04,Utah Jazz,Washington Wizards,1,29.57,2.0,7.0,0.28600000000000003,2.0,5.0,0.4,0.0,0.0,,0.0,5.0,5.0,1.0,1.0,0.0,3.0,1.0,6.0,22.0,https://www.basketball-reference.com/boxscores/201712040UTA.html,2017-18
Jonas Jerebko,2017-12-05,Utah Jazz,Oklahoma City Thunder,0,21.29,2.0,6.0,0.333,0.0,2.0,0.0,0.0,0.0,,0.0,4.0,4.0,0.0,2.0,0.0,0.0,2.0,4.0,3.0,https://www.basketball-reference.com/boxscores/201712050OKC.html,2017-18
Jonas Jerebko,2017-12-07,Utah Jazz,Houston Rockets,1,11.3,1.0,2.0,0.5,1.0,2.0,0.5,0.0,0.0,,0.0,2.0,2.0,0.0,0.0,0.0,0.0,2.0,3.0,-4.0,https://www.basketball-reference.com/boxscores/201712070UTA.html,2017-18
Jonas Jerebko,2017-12-09,Utah Jazz,Milwaukee Bucks,0,15.49,3.0,5.0,0.6,0.0,0.0,,0.0,0.0,,1.0,4.0,5.0,1.0,0.0,0.0,0.0,2.0,6.0,7.0,https://www.basketball-reference.com/boxscores/201712090MIL.html,2017-18
Jonas Jerebko,2017-12-13,Utah Jazz,Chicago Bulls,0,19.21,3.0,7.0,0.429,1.0,4.0,0.25,2.0,2.0,1.0,0.0,1.0,1.0,1.0,1.0,0.0,1.0,3.0,9.0,-12.0,https://www.basketball-reference.com/boxscores/201712130CHI.html,2017-18
Jonas Jerebko,2017-12-15,Utah Jazz,Boston Celtics,0,24.18,6.0,8.0,0.75,2.0,3.0,0.667,3.0,3.0,1.0,2.0,5.0,7.0,0.0,2.0,0.0,0.0,2.0,17.0,8.0,https://www.basketball-reference.com/boxscores/201712150BOS.html,2017-18
Jonas Jerebko,2017-12-16,Utah Jazz,Cleveland Cavaliers,0,15.17,1.0,5.0,0.2,0.0,1.0,0.0,2.0,2.0,1.0,4.0,1.0,5.0,0.0,1.0,1.0,1.0,1.0,4.0,-10.0,https://www.basketball-reference.com/boxscores/201712160CLE.html,2017-18
Jonas Jerebko,2017-12-18,Utah Jazz,Houston Rockets,0,16.58,3.0,5.0,0.6,0.0,0.0,,0.0,0.0,,2.0,3.0,5.0,1.0,3.0,0.0,0.0,4.0,6.0,-9.0,https://www.basketball-reference.com/boxscores/201712180HOU.html,2017-18
Jonas Jerebko,2017-12-20,Utah Jazz,Oklahoma City Thunder,0,25.46,1.0,7.0,0.14300000000000002,1.0,6.0,0.16699999999999998,0.0,0.0,,3.0,5.0,8.0,0.0,0.0,0.0,1.0,4.0,3.0,-4.0,https://www.basketball-reference.com/boxscores/201712200OKC.html,2017-18
Jonas Jerebko,2017-12-21,Utah Jazz,San Antonio Spurs,1,22.2,3.0,7.0,0.429,1.0,3.0,0.333,2.0,2.0,1.0,1.0,2.0,3.0,2.0,1.0,1.0,1.0,3.0,9.0,4.0,https://www.basketball-reference.com/boxscores/201712210UTA.html,2017-18
Jonas Jerebko,2017-12-23,Utah Jazz,Oklahoma City Thunder,1,12.52,0.0,0.0,,0.0,0.0,,2.0,2.0,1.0,1.0,0.0,1.0,0.0,0.0,0.0,0.0,0.0,2.0,-12.0,https://www.basketball-reference.com/boxscores/201712230UTA.html,2017-18
Jonas Jerebko,2017-12-26,Utah Jazz,Denver Nuggets,0,26.34,4.0,10.0,0.4,3.0,4.0,0.75,2.0,2.0,1.0,0.0,3.0,3.0,0.0,0.0,0.0,0.0,4.0,13.0,-15.0,https://www.basketball-reference.com/boxscores/201712260DEN.html,2017-18
Jonas Jerebko,2017-12-27,Utah Jazz,Golden State Warriors,0,,,,,,,,,,,,,,,,,,,,,https://www.basketball-reference.com/boxscores/201712270GSW.html,2017-18
Jonas Jerebko,2017-12-30,Utah Jazz,Cleveland Cavaliers,1,3.11,0.0,0.0,,0.0,0.0,,0.0,0.0,,0.0,1.0,1.0,0.0,0.0,0.0,0.0,0.0,0.0,0.0,https://www.basketball-reference.com/boxscores/201712300UTA.html,2017-18
Jonas Jerebko,2018-01-03,Utah Jazz,New Orleans Pelicans,1,18.45,3.0,5.0,0.6,0.0,1.0,0.0,1.0,1.0,1.0,0.0,0.0,0.0,0.0,0.0,0.0,1.0,3.0,7.0,-17.0,https://www.basketball-reference.com/boxscores/201801030UTA.html,2017-18
Jonas Jerebko,2018-01-05,Utah Jazz,Denver Nuggets,0,,,,,,,,,,,,,,,,,,,,,https://www.basketball-reference.com/boxscores/201801050DEN.html,2017-18
Jonas Jerebko,2018-01-07,Utah Jazz,Miami Heat,0,,,,,,,,,,,,,,,,,,,,,https://www.basketball-reference.com/boxscores/201801070MIA.html,2017-18
Jonas Jerebko,2018-01-10,Utah Jazz,Washington Wizards,0,20.06,3.0,6.0,0.5,0.0,1.0,0.0,3.0,4.0,0.75,2.0,2.0,4.0,1.0,1.0,0.0,2.0,2.0,9.0,10.0,https://www.basketball-reference.com/boxscores/201801100WAS.html,2017-18
Jonas Jerebko,2018-01-12,Utah Jazz,Charlotte Hornets,0,5.13,0.0,1.0,0.0,0.0,1.0,0.0,0.0,0.0,,0.0,0.0,0.0,0.0,0.0,0.0,0.0,1.0,0.0,-1.0,https://www.basketball-reference.com/boxscores/201801120CHO.html,2017-18
Jonas Jerebko,2018-01-15,Utah Jazz,Indiana Pacers,1,21.45,3.0,8.0,0.375,2.0,4.0,0.5,0.0,0.0,,0.0,5.0,5.0,2.0,0.0,0.0,0.0,2.0,8.0,-2.0,https://www.basketball-reference.com/boxscores/201801150UTA.html,2017-18
Jonas Jerebko,2018-01-17,Utah Jazz,Sacramento Kings,0,11.26,3.0,5.0,0.6,1.0,3.0,0.333,0.0,0.0,,0.0,1.0,1.0,0.0,0.0,0.0,0.0,3.0,7.0,1.0,https://www.basketball-reference.com/boxscores/201801170SAC.html,2017-18
Jonas Jerebko,2018-01-19,Utah Jazz,New York Knicks,1,12.21,1.0,3.0,0.333,1.0,1.0,1.0,0.0,0.0,,0.0,1.0,1.0,0.0,0.0,0.0,0.0,1.0,3.0,8.0,https://www.basketball-reference.com/boxscores/201801190UTA.html,2017-18
Jonas Jerebko,2018-01-20,Utah Jazz,Los Angeles Clippers,1,13.09,3.0,3.0,1.0,1.0,1.0,1.0,0.0,0.0,,2.0,4.0,6.0,1.0,0.0,0.0,0.0,3.0,7.0,6.0,https://www.basketball-reference.com/boxscores/201801200UTA.html,2017-18
Jonas Jerebko,2018-01-22,Utah Jazz,Atlanta Hawks,0,18.15,3.0,5.0,0.6,0.0,0.0,,1.0,1.0,1.0,1.0,1.0,2.0,2.0,0.0,1.0,0.0,2.0,7.0,4.0,https://www.basketball-reference.com/boxscores/201801220ATL.html,2017-18
Jonas Jerebko,2018-01-24,Detroit Pistons,Utah Jazz,1,17.24,2.0,9.0,0.222,1.0,4.0,0.25,0.0,0.0,,0.0,2.0,2.0,0.0,1.0,0.0,2.0,2.0,5.0,-3.0,https://www.basketball-reference.com/boxscores/201801240DET.html,2017-18
Jonas Jerebko,2018-01-26,Utah Jazz,Toronto Raptors,0,17.47,2.0,8.0,0.25,0.0,1.0,0.0,1.0,2.0,0.5,1.0,1.0,2.0,2.0,0.0,1.0,0.0,2.0,5.0,4.0,https://www.basketball-reference.com/boxscores/201801260TOR.html,2017-18
Jonas Jerebko,2018-01-30,Utah Jazz,Golden State Warriors,1,13.37,4.0,6.0,0.667,1.0,1.0,1.0,0.0,0.0,,0.0,3.0,3.0,0.0,0.0,0.0,0.0,3.0,9.0,7.0,https://www.basketball-reference.com/boxscores/201801300UTA.html,2017-18
Jonas Jerebko,2018-02-02,Utah Jazz,Phoenix Suns,0,10.36,1.0,1.0,1.0,0.0,0.0,,0.0,2.0,0.0,0.0,1.0,1.0,1.0,0.0,0.0,1.0,0.0,2.0,-1.0,https://www.basketball-reference.com/boxscores/201802020PHO.html,2017-18
Jonas Jerebko,2018-02-03,Utah Jazz,San Antonio Spurs,0,12.24,1.0,1.0,1.0,1.0,1.0,1.0,1.0,2.0,0.5,0.0,1.0,1.0,0.0,1.0,0.0,0.0,1.0,4.0,-5.0,https://www.basketball-reference.com/boxscores/201802030SAS.html,2017-18
Jonas Jerebko,2018-02-05,Utah Jazz,New Orleans Pelicans,0,9.42,0.0,2.0,0.0,0.0,1.0,0.0,0.0,0.0,,0.0,1.0,1.0,2.0,1.0,0.0,0.0,2.0,0.0,-7.0,https://www.basketball-reference.com/boxscores/201802050NOP.html,2017-18
Jonas Jerebko,2018-02-07,Utah Jazz,Memphis Grizzlies,0,2.35,0.0,0.0,,0.0,0.0,,0.0,0.0,,0.0,1.0,1.0,0.0,0.0,0.0,0.0,1.0,0.0,0.0,https://www.basketball-reference.com/boxscores/201802070MEM.html,2017-18
Jonas Jerebko,2018-02-09,Utah Jazz,Charlotte Hornets,1,22.16,4.0,9.0,0.444,2.0,3.0,0.667,0.0,0.0,,0.0,5.0,5.0,0.0,0.0,1.0,0.0,0.0,10.0,-5.0,https://www.basketball-reference.com/boxscores/201802090UTA.html,2017-18
Jonas Jerebko,2018-02-11,Utah Jazz,Portland Trail Blazers,0,19.36,1.0,2.0,0.5,1.0,1.0,1.0,3.0,3.0,1.0,1.0,5.0,6.0,0.0,0.0,0.0,0.0,4.0,6.0,9.0,https://www.basketball-reference.com/boxscores/201802110POR.html,2017-18
Jonas Jerebko,2018-02-12,Utah Jazz,San Antonio Spurs,1,8.16,1.0,2.0,0.5,1.0,1.0,1.0,0.0,0.0,,0.0,1.0,1.0,0.0,0.0,0.0,0.0,1.0,3.0,-7.0,https://www.basketball-reference.com/boxscores/201802120UTA.html,2017-18
Jonas Jerebko,2018-02-14,Utah Jazz,Phoenix Suns,1,12.17,0.0,5.0,0.0,0.0,4.0,0.0,2.0,2.0,1.0,0.0,1.0,1.0,0.0,0.0,0.0,0.0,3.0,2.0,-6.0,https://www.basketball-reference.com/boxscores/201802140UTA.html,2017-18
Jonas Jerebko,2018-02-23,Utah Jazz,Portland Trail Blazers,1,19.31,3.0,6.0,0.5,0.0,2.0,0.0,2.0,2.0,1.0,0.0,5.0,5.0,0.0,1.0,0.0,1.0,2.0,8.0,8.0,https://www.basketball-reference.com/boxscores/201802230UTA.html,2017-18
Jonas Jerebko,2018-02-24,Utah Jazz,Dallas Mavericks,1,13.21,0.0,1.0,0.0,0.0,0.0,,2.0,2.0,1.0,0.0,4.0,4.0,1.0,0.0,0.0,1.0,0.0,2.0,4.0,https://www.basketball-reference.com/boxscores/201802240UTA.html,2017-18
Jonas Jerebko,2018-02-26,Utah Jazz,Houston Rockets,1,17.16,1.0,3.0,0.333,0.0,1.0,0.0,1.0,1.0,1.0,0.0,8.0,8.0,0.0,0.0,0.0,0.0,2.0,3.0,13.0,https://www.basketball-reference.com/boxscores/201802260UTA.html,2017-18
Jonas Jerebko,2018-03-02,Utah Jazz,Minnesota Timberwolves,1,11.12,2.0,7.0,0.28600000000000003,0.0,2.0,0.0,1.0,2.0,0.5,2.0,2.0,4.0,1.0,0.0,0.0,0.0,1.0,5.0,-8.0,https://www.basketball-reference.com/boxscores/201803020UTA.html,2017-18
Jonas Jerebko,2018-03-03,Utah Jazz,Sacramento Kings,0,16.33,3.0,8.0,0.375,2.0,5.0,0.4,0.0,0.0,,0.0,6.0,6.0,0.0,0.0,0.0,1.0,3.0,8.0,4.0,https://www.basketball-reference.com/boxscores/201803030SAC.html,2017-18
Jonas Jerebko,2018-03-05,Utah Jazz,Orlando Magic,1,20.29,4.0,6.0,0.667,3.0,5.0,0.6,1.0,2.0,0.5,1.0,3.0,4.0,0.0,1.0,0.0,0.0,1.0,12.0,12.0,https://www.basketball-reference.com/boxscores/201803050UTA.html,2017-18
Jonas Jerebko,2018-03-07,Utah Jazz,Indiana Pacers,0,12.05,2.0,4.0,0.5,1.0,3.0,0.333,0.0,0.0,,0.0,1.0,1.0,1.0,1.0,1.0,0.0,0.0,5.0,17.0,https://www.basketball-reference.com/boxscores/201803070IND.html,2017-18
Jonas Jerebko,2018-03-09,Utah Jazz,Memphis Grizzlies,0,11.53,2.0,5.0,0.4,0.0,2.0,0.0,0.0,0.0,,2.0,2.0,4.0,0.0,0.0,0.0,0.0,0.0,4.0,-7.0,https://www.basketball-reference.com/boxscores/201803090MEM.html,2017-18
Jonas Jerebko,2018-03-11,Utah Jazz,New Orleans Pelicans,0,11.12,0.0,1.0,0.0,0.0,1.0,0.0,0.0,0.0,,1.0,2.0,3.0,0.0,0.0,0.0,0.0,0.0,0.0,-9.0,https://www.basketball-reference.com/boxscores/201803110NOP.html,2017-18
Jonas Jerebko,2018-03-13,Utah Jazz,Detroit Pistons,1,19.29,6.0,9.0,0.667,3.0,5.0,0.6,1.0,2.0,0.5,2.0,6.0,8.0,1.0,0.0,1.0,1.0,4.0,16.0,5.0,https://www.basketball-reference.com/boxscores/201803130UTA.html,2017-18
Jonas Jerebko,2018-03-15,Utah Jazz,Phoenix Suns,1,9.3,2.0,5.0,0.4,1.0,4.0,0.25,1.0,2.0,0.5,0.0,5.0,5.0,0.0,0.0,0.0,0.0,0.0,6.0,-3.0,https://www.basketball-reference.com/boxscores/201803150UTA.html,2017-18
Jonas Jerebko,2018-03-17,Utah Jazz,Sacramento Kings,1,8.58,0.0,2.0,0.0,0.0,1.0,0.0,0.0,0.0,,0.0,2.0,2.0,0.0,0.0,0.0,0.0,1.0,0.0,-15.0,https://www.basketball-reference.com/boxscores/201803170UTA.html,2017-18
Jonas Jerebko,2018-03-20,Utah Jazz,Atlanta Hawks,1,13.28,0.0,4.0,0.0,0.0,2.0,0.0,0.0,0.0,,1.0,4.0,5.0,0.0,0.0,0.0,0.0,0.0,0.0,7.0,https://www.basketball-reference.com/boxscores/201803200UTA.html,2017-18
Jonas Jerebko,2018-03-22,Utah Jazz,Dallas Mavericks,0,14.26,2.0,4.0,0.5,1.0,1.0,1.0,0.0,0.0,,0.0,4.0,4.0,2.0,0.0,0.0,0.0,0.0,5.0,3.0,https://www.basketball-reference.com/boxscores/201803220DAL.html,2017-18
Jonas Jerebko,2018-03-23,San Antonio Spurs,Utah Jazz,1,12.35,1.0,4.0,0.25,1.0,3.0,0.333,0.0,0.0,,1.0,1.0,2.0,1.0,0.0,0.0,0.0,2.0,3.0,7.0,https://www.basketball-reference.com/boxscores/201803230SAS.html,2017-18
Jonas Jerebko,2018-03-25,Utah Jazz,Golden State Warriors,0,9.25,1.0,3.0,0.333,0.0,1.0,0.0,0.0,0.0,,0.0,2.0,2.0,0.0,0.0,0.0,1.0,0.0,2.0,-7.0,https://www.basketball-reference.com/boxscores/201803250GSW.html,2017-18
Jonas Jerebko,2018-03-28,Utah Jazz,Boston Celtics,1,11.0,1.0,5.0,0.2,1.0,2.0,0.5,0.0,0.0,,2.0,5.0,7.0,0.0,0.0,0.0,0.0,1.0,3.0,-11.0,https://www.basketball-reference.com/boxscores/201803280UTA.html,2017-18
Jonas Jerebko,2018-03-30,Utah Jazz,Memphis Grizzlies,1,5.09,3.0,4.0,0.75,2.0,3.0,0.667,0.0,0.0,,0.0,0.0,0.0,0.0,0.0,0.0,0.0,0.0,8.0,-7.0,https://www.basketball-reference.com/boxscores/201803300UTA.html,2017-18
Jonas Jerebko,2015-12-03,Boston Celtics,Sacramento Kings,0,16.44,2.0,3.0,0.667,0.0,0.0,,1.0,1.0,1.0,3.0,3.0,6.0,1.0,0.0,1.0,0.0,1.0,5.0,7.0,https://www.basketball-reference.com/boxscores/201512030SAC.html,2015-16
Jonas Jerebko,2015-12-05,Boston Celtics,San Antonio Spurs,0,11.02,0.0,3.0,0.0,0.0,1.0,0.0,0.0,0.0,,2.0,2.0,4.0,2.0,1.0,0.0,1.0,2.0,0.0,-6.0,https://www.basketball-reference.com/boxscores/201512050SAS.html,2015-16
Jonas Jerebko,2015-12-07,Boston Celtics,New Orleans Pelicans,0,8.24,1.0,1.0,1.0,0.0,0.0,,0.0,0.0,,0.0,1.0,1.0,0.0,0.0,0.0,1.0,4.0,2.0,-7.0,https://www.basketball-reference.com/boxscores/201512070NOP.html,2015-16
Jonas Jerebko,2015-12-09,Boston Celtics,Chicago Bulls,1,0.36,0.0,0.0,,0.0,0.0,,0.0,0.0,,0.0,0.0,0.0,0.0,0.0,0.0,0.0,0.0,0.0,-4.0,https://www.basketball-reference.com/boxscores/201512090BOS.html,2015-16
Jonas Jerebko,2015-12-12,Boston Celtics,Charlotte Hornets,0,5.24,0.0,1.0,0.0,0.0,0.0,,0.0,0.0,,1.0,0.0,1.0,0.0,0.0,0.0,1.0,2.0,0.0,-3.0,https://www.basketball-reference.com/boxscores/201512120CHO.html,2015-16
Jonas Jerebko,2015-12-15,Boston Celtics,Cleveland Cavaliers,1,13.53,2.0,4.0,0.5,1.0,2.0,0.5,0.0,0.0,,0.0,0.0,0.0,0.0,0.0,0.0,0.0,2.0,5.0,-1.0,https://www.basketball-reference.com/boxscores/201512150BOS.html,2015-16
Jonas Jerebko,2015-12-16,Boston Celtics,Detroit Pistons,0,15.59,3.0,5.0,0.6,3.0,4.0,0.75,0.0,0.0,,0.0,3.0,3.0,0.0,0.0,0.0,1.0,3.0,9.0,10.0,https://www.basketball-reference.com/boxscores/201512160DET.html,2015-16
Jonas Jerebko,2015-12-18,Boston Celtics,Atlanta Hawks,1,15.34,0.0,5.0,0.0,0.0,2.0,0.0,0.0,0.0,,1.0,5.0,6.0,1.0,0.0,0.0,0.0,3.0,0.0,-4.0,https://www.basketball-reference.com/boxscores/201512180BOS.html,2015-16
Jonas Jerebko,2015-12-21,Boston Celtics,Minnesota Timberwolves,1,25.02,4.0,7.0,0.5710000000000001,3.0,3.0,1.0,1.0,2.0,0.5,2.0,5.0,7.0,3.0,0.0,0.0,1.0,0.0,12.0,1.0,https://www.basketball-reference.com/boxscores/201512210BOS.html,2015-16
Jonas Jerebko,2015-12-23,Boston Celtics,Charlotte Hornets,0,9.23,0.0,2.0,0.0,0.0,0.0,,0.0,0.0,,0.0,0.0,0.0,1.0,0.0,0.0,0.0,2.0,0.0,-4.0,https://www.basketball-reference.com/boxscores/201512230CHO.html,2015-16
Jonas Jerebko,2015-12-26,Boston Celtics,Detroit Pistons,0,10.21,1.0,2.0,0.5,0.0,1.0,0.0,0.0,0.0,,0.0,1.0,1.0,0.0,0.0,0.0,0.0,1.0,2.0,-10.0,https://www.basketball-reference.com/boxscores/201512260DET.html,2015-16
Jonas Jerebko,2015-12-27,Boston Celtics,New York Knicks,1,19.11,2.0,3.0,0.667,1.0,1.0,1.0,2.0,3.0,0.667,0.0,3.0,3.0,2.0,0.0,0.0,0.0,6.0,7.0,3.0,https://www.basketball-reference.com/boxscores/201512270BOS.html,2015-16
Jonas Jerebko,2015-12-30,Boston Celtics,Los Angeles Lakers,1,10.01,1.0,3.0,0.333,0.0,0.0,,1.0,2.0,0.5,1.0,3.0,4.0,0.0,0.0,0.0,0.0,4.0,3.0,1.0,https://www.basketball-reference.com/boxscores/201512300BOS.html,2015-16
Jonas Jerebko,2016-01-02,Boston Celtics,Brooklyn Nets,1,16.05,1.0,6.0,0.16699999999999998,1.0,4.0,0.25,2.0,2.0,1.0,2.0,5.0,7.0,1.0,0.0,0.0,0.0,0.0,5.0,1.0,https://www.basketball-reference.com/boxscores/201601020BOS.html,2015-16
Jonas Jerebko,2016-01-04,Boston Celtics,Brooklyn Nets,0,6.34,1.0,2.0,0.5,1.0,2.0,0.5,0.0,0.0,,0.0,0.0,0.0,1.0,0.0,0.0,0.0,0.0,3.0,-2.0,https://www.basketball-reference.com/boxscores/201601040BRK.html,2015-16
Jonas Jerebko,2016-01-06,Boston Celtics,Detroit Pistons,1,15.58,1.0,2.0,0.5,0.0,1.0,0.0,1.0,1.0,1.0,2.0,3.0,5.0,1.0,0.0,1.0,1.0,1.0,3.0,-13.0,https://www.basketball-reference.com/boxscores/201601060BOS.html,2015-16
Jonas Jerebko,2016-01-07,Boston Celtics,Chicago Bulls,0,8.05,0.0,3.0,0.0,0.0,0.0,,0.0,0.0,,1.0,1.0,2.0,0.0,0.0,0.0,0.0,0.0,0.0,3.0,https://www.basketball-reference.com/boxscores/201601070CHI.html,2015-16
Jonas Jerebko,2016-01-10,Boston Celtics,Memphis Grizzlies,0,,,,,,,,,,,,,,,,,,,,,https://www.basketball-reference.com/boxscores/201601100MEM.html,2015-16
Jonas Jerebko,2016-01-12,Boston Celtics,New York Knicks,0,23.59,2.0,3.0,0.667,2.0,2.0,1.0,0.0,0.0,,2.0,2.0,4.0,3.0,2.0,0.0,0.0,0.0,6.0,5.0,https://www.basketball-reference.com/boxscores/201601120NYK.html,2015-16
Jonas Jerebko,2016-01-13,Boston Celtics,Indiana Pacers,1,13.06,1.0,4.0,0.25,0.0,1.0,0.0,3.0,4.0,0.75,0.0,4.0,4.0,2.0,0.0,0.0,1.0,2.0,5.0,-7.0,https://www.basketball-reference.com/boxscores/201601130BOS.html,2015-16
Jonas Jerebko,2016-01-15,Boston Celtics,Phoenix Suns,1,19.37,2.0,5.0,0.4,2.0,3.0,0.667,1.0,2.0,0.5,1.0,4.0,5.0,1.0,0.0,0.0,0.0,0.0,7.0,-9.0,https://www.basketball-reference.com/boxscores/201601150BOS.html,2015-16
Jonas Jerebko,2016-01-16,Boston Celtics,Washington Wizards,0,14.36,2.0,5.0,0.4,0.0,2.0,0.0,1.0,2.0,0.5,4.0,2.0,6.0,0.0,1.0,0.0,0.0,1.0,5.0,5.0,https://www.basketball-reference.com/boxscores/201601160WAS.html,2015-16
Jonas Jerebko,2016-01-18,Dallas Mavericks,Boston Celtics,1,14.38,3.0,5.0,0.6,0.0,2.0,0.0,0.0,0.0,,0.0,1.0,1.0,0.0,0.0,0.0,0.0,4.0,6.0,-3.0,https://www.basketball-reference.com/boxscores/201601180DAL.html,2015-16
Jonas Jerebko,2016-01-20,Boston Celtics,Toronto Raptors,0,14.45,3.0,4.0,0.75,2.0,2.0,1.0,0.0,0.0,,0.0,2.0,2.0,0.0,1.0,0.0,1.0,4.0,8.0,12.0,https://www.basketball-reference.com/boxscores/201601200TOR.html,2015-16
Jonas Jerebko,2016-01-22,Boston Celtics,Chicago Bulls,1,18.21,2.0,2.0,1.0,1.0,1.0,1.0,0.0,0.0,,1.0,4.0,5.0,1.0,0.0,1.0,2.0,3.0,5.0,3.0,https://www.basketball-reference.com/boxscores/201601220BOS.html,2015-16
Jonas Jerebko,2016-01-24,Boston Celtics,Philadelphia 76ers,0,21.26,1.0,8.0,0.125,0.0,3.0,0.0,0.0,0.0,,1.0,9.0,10.0,0.0,1.0,0.0,1.0,1.0,2.0,6.0,https://www.basketball-reference.com/boxscores/201601240PHI.html,2015-16
Jonas Jerebko,2016-01-25,Boston Celtics,Washington Wizards,0,9.37,1.0,3.0,0.333,0.0,0.0,,0.0,0.0,,0.0,1.0,1.0,1.0,1.0,0.0,0.0,0.0,2.0,4.0,https://www.basketball-reference.com/boxscores/201601250WAS.html,2015-16
Jonas Jerebko,2016-01-27,Boston Celtics,Denver Nuggets,1,11.36,2.0,3.0,0.667,0.0,0.0,,1.0,3.0,0.333,1.0,1.0,2.0,1.0,0.0,0.0,1.0,0.0,5.0,-3.0,https://www.basketball-reference.com/boxscores/201601270BOS.html,2015-16
Jonas Jerebko,2016-01-29,Boston Celtics,Orlando Magic,1,21.39,4.0,4.0,1.0,3.0,3.0,1.0,2.0,2.0,1.0,2.0,8.0,10.0,0.0,0.0,0.0,1.0,1.0,13.0,16.0,https://www.basketball-reference.com/boxscores/201601290BOS.html,2015-16
Jonas Jerebko,2016-01-31,Boston Celtics,Orlando Magic,0,18.52,2.0,4.0,0.5,2.0,4.0,0.5,2.0,4.0,0.5,1.0,4.0,5.0,1.0,1.0,0.0,0.0,6.0,8.0,10.0,https://www.basketball-reference.com/boxscores/201601310ORL.html,2015-16
Jonas Jerebko,2016-02-02,Boston Celtics,New York Knicks,0,7.05,0.0,1.0,0.0,0.0,1.0,0.0,0.0,0.0,,0.0,0.0,0.0,0.0,0.0,0.0,0.0,0.0,0.0,2.0,https://www.basketball-reference.com/boxscores/201602020NYK.html,2015-16
Jonas Jerebko,2016-02-03,Boston Celtics,Detroit Pistons,1,12.48,2.0,5.0,0.4,0.0,1.0,0.0,0.0,0.0,,1.0,4.0,5.0,0.0,0.0,0.0,1.0,2.0,4.0,2.0,https://www.basketball-reference.com/boxscores/201602030BOS.html,2015-16
Jonas Jerebko,2016-02-05,Boston Celtics,Cleveland Cavaliers,0,13.07,0.0,0.0,,0.0,0.0,,2.0,2.0,1.0,0.0,5.0,5.0,0.0,1.0,0.0,1.0,2.0,2.0,4.0,https://www.basketball-reference.com/boxscores/201602050CLE.html,2015-16
Jonas Jerebko,2016-02-07,Boston Celtics,Sacramento Kings,1,10.01,0.0,0.0,,0.0,0.0,,0.0,0.0,,1.0,2.0,3.0,0.0,0.0,1.0,2.0,1.0,0.0,-7.0,https://www.basketball-reference.com/boxscores/201602070BOS.html,2015-16
Jonas Jerebko,2016-02-09,Boston Celtics,Milwaukee Bucks,0,15.23,6.0,8.0,0.75,1.0,1.0,1.0,0.0,0.0,,1.0,4.0,5.0,0.0,0.0,0.0,0.0,3.0,13.0,-1.0,https://www.basketball-reference.com/boxscores/201602090MIL.html,2015-16
Jonas Jerebko,2016-02-19,Boston Celtics,Utah Jazz,0,16.14,1.0,5.0,0.2,0.0,2.0,0.0,2.0,2.0,1.0,0.0,2.0,2.0,0.0,0.0,0.0,0.0,3.0,4.0,0.0,https://www.basketball-reference.com/boxscores/201602190UTA.html,2015-16
Jonas Jerebko,2016-02-21,Boston Celtics,Denver Nuggets,0,19.52,3.0,5.0,0.6,0.0,0.0,,0.0,0.0,,5.0,1.0,6.0,2.0,0.0,1.0,1.0,1.0,6.0,5.0,https://www.basketball-reference.com/boxscores/201602210DEN.html,2015-16
Jonas Jerebko,2016-02-22,Boston Celtics,Minnesota Timberwolves,0,21.36,4.0,8.0,0.5,0.0,1.0,0.0,1.0,1.0,1.0,0.0,2.0,2.0,2.0,0.0,1.0,1.0,3.0,9.0,20.0,https://www.basketball-reference.com/boxscores/201602220MIN.html,2015-16
Jonas Jerebko,2016-02-25,Boston Celtics,Milwaukee Bucks,1,21.31,1.0,5.0,0.2,0.0,3.0,0.0,3.0,4.0,0.75,2.0,6.0,8.0,2.0,0.0,1.0,1.0,3.0,5.0,-8.0,https://www.basketball-reference.com/boxscores/201602250BOS.html,2015-16
Jonas Jerebko,2016-02-27,Boston Celtics,Miami Heat,1,20.17,3.0,5.0,0.6,2.0,2.0,1.0,0.0,0.0,,0.0,4.0,4.0,2.0,0.0,0.0,2.0,2.0,8.0,5.0,https://www.basketball-reference.com/boxscores/201602270BOS.html,2015-16
Jonas Jerebko,2016-02-29,Boston Celtics,Utah Jazz,1,12.25,1.0,2.0,0.5,1.0,2.0,0.5,0.0,0.0,,0.0,2.0,2.0,0.0,0.0,2.0,1.0,4.0,3.0,-1.0,https://www.basketball-reference.com/boxscores/201602290BOS.html,2015-16
Jonas Jerebko,2016-03-02,Boston Celtics,Portland Trail Blazers,1,19.17,3.0,8.0,0.375,0.0,2.0,0.0,4.0,4.0,1.0,2.0,4.0,6.0,1.0,0.0,2.0,0.0,3.0,10.0,5.0,https://www.basketball-reference.com/boxscores/201603020BOS.html,2015-16
Jonas Jerebko,2016-03-04,Boston Celtics,New York Knicks,1,15.57,0.0,4.0,0.0,0.0,2.0,0.0,0.0,0.0,,2.0,6.0,8.0,1.0,0.0,1.0,1.0,1.0,0.0,-8.0,https://www.basketball-reference.com/boxscores/201603040BOS.html,2015-16
Jonas Jerebko,2016-03-05,Boston Celtics,Cleveland Cavaliers,0,15.1,2.0,3.0,0.667,1.0,2.0,0.5,0.0,0.0,,0.0,2.0,2.0,2.0,0.0,0.0,1.0,3.0,5.0,-14.0,https://www.basketball-reference.com/boxscores/201603050CLE.html,2015-16
Jonas Jerebko,2016-03-09,Boston Celtics,Memphis Grizzlies,1,23.18,3.0,4.0,0.75,3.0,4.0,0.75,2.0,2.0,1.0,1.0,4.0,5.0,0.0,1.0,1.0,1.0,4.0,11.0,22.0,https://www.basketball-reference.com/boxscores/201603090BOS.html,2015-16
Jonas Jerebko,2016-03-11,Boston Celtics,Houston Rockets,1,10.45,1.0,2.0,0.5,0.0,0.0,,0.0,0.0,,1.0,3.0,4.0,0.0,0.0,0.0,0.0,0.0,2.0,-10.0,https://www.basketball-reference.com/boxscores/201603110BOS.html,2015-16
Jonas Jerebko,2016-03-15,Boston Celtics,Indiana Pacers,0,26.17,7.0,12.0,0.583,2.0,5.0,0.4,1.0,2.0,0.5,1.0,2.0,3.0,2.0,0.0,0.0,1.0,2.0,17.0,-8.0,https://www.basketball-reference.com/boxscores/201603150IND.html,2015-16
Jonas Jerebko,2016-03-21,Boston Celtics,Orlando Magic,1,19.17,0.0,3.0,0.0,0.0,1.0,0.0,0.0,0.0,,1.0,4.0,5.0,1.0,1.0,1.0,1.0,1.0,0.0,-10.0,https://www.basketball-reference.com/boxscores/201603210BOS.html,2015-16
Jonas Jerebko,2016-03-23,Boston Celtics,Toronto Raptors,1,10.28,1.0,2.0,0.5,0.0,1.0,0.0,1.0,2.0,0.5,0.0,0.0,0.0,0.0,0.0,1.0,1.0,0.0,3.0,-3.0,https://www.basketball-reference.com/boxscores/201603230BOS.html,2015-16
Jonas Jerebko,2016-03-26,Boston Celtics,Phoenix Suns,0,25.16,3.0,5.0,0.6,3.0,5.0,0.6,0.0,0.0,,3.0,4.0,7.0,1.0,0.0,0.0,1.0,2.0,9.0,12.0,https://www.basketball-reference.com/boxscores/201603260PHO.html,2015-16
Jonas Jerebko,2016-03-28,Boston Celtics,Los Angeles Clippers,0,10.27,0.0,3.0,0.0,0.0,1.0,0.0,4.0,4.0,1.0,3.0,2.0,5.0,0.0,1.0,1.0,0.0,1.0,4.0,-14.0,https://www.basketball-reference.com/boxscores/201603280LAC.html,2015-16
Jonas Jerebko,2016-03-31,Boston Celtics,Portland Trail Blazers,0,12.16,1.0,4.0,0.25,0.0,2.0,0.0,2.0,2.0,1.0,1.0,2.0,3.0,0.0,0.0,0.0,0.0,0.0,4.0,4.0,https://www.basketball-reference.com/boxscores/201603310POR.html,2015-16
Jonas Jerebko,2009-12-02,Detroit Pistons,Chicago Bulls,0,27.3,3.0,4.0,0.75,0.0,1.0,0.0,1.0,2.0,0.5,1.0,1.0,2.0,0.0,2.0,0.0,1.0,5.0,7.0,-13.0,https://www.basketball-reference.com/boxscores/200912020CHI.html,2009-10
Jonas Jerebko,2009-12-04,Detroit Pistons,Milwaukee Bucks,1,27.26,5.0,9.0,0.556,0.0,1.0,0.0,6.0,7.0,0.857,2.0,5.0,7.0,3.0,0.0,1.0,1.0,2.0,16.0,5.0,https://www.basketball-reference.com/boxscores/200912040DET.html,2009-10
Jonas Jerebko,2009-12-06,Detroit Pistons,Washington Wizards,1,38.0,3.0,8.0,0.375,1.0,3.0,0.333,3.0,4.0,0.75,4.0,7.0,11.0,1.0,1.0,0.0,2.0,3.0,10.0,4.0,https://www.basketball-reference.com/boxscores/200912060DET.html,2009-10
Jonas Jerebko,2009-12-09,Detroit Pistons,Philadelphia 76ers,0,38.41,7.0,12.0,0.583,1.0,2.0,0.5,2.0,2.0,1.0,4.0,6.0,10.0,2.0,0.0,0.0,4.0,1.0,17.0,13.0,https://www.basketball-reference.com/boxscores/200912090PHI.html,2009-10
Jonas Jerebko,2009-12-10,Detroit Pistons,Denver Nuggets,1,34.08,4.0,12.0,0.333,1.0,4.0,0.25,3.0,5.0,0.6,4.0,4.0,8.0,0.0,1.0,0.0,2.0,5.0,12.0,-7.0,https://www.basketball-reference.com/boxscores/200912100DET.html,2009-10
Jonas Jerebko,2009-12-12,Detroit Pistons,Golden State Warriors,1,26.49,2.0,4.0,0.5,0.0,0.0,,2.0,2.0,1.0,0.0,5.0,5.0,2.0,0.0,0.0,2.0,3.0,6.0,-1.0,https://www.basketball-reference.com/boxscores/200912120DET.html,2009-10
Jonas Jerebko,2009-12-15,Detroit Pistons,Houston Rockets,0,39.49,6.0,12.0,0.5,0.0,3.0,0.0,3.0,3.0,1.0,3.0,3.0,6.0,2.0,2.0,0.0,3.0,3.0,15.0,-6.0,https://www.basketball-reference.com/boxscores/200912150HOU.html,2009-10
Jonas Jerebko,2009-12-16,Detroit Pistons,New Orleans Hornets,0,27.2,3.0,3.0,1.0,0.0,0.0,,0.0,0.0,,1.0,2.0,3.0,2.0,1.0,0.0,1.0,1.0,6.0,-16.0,https://www.basketball-reference.com/boxscores/200912160NOH.html,2009-10
Jonas Jerebko,2009-12-18,Detroit Pistons,Oklahoma City Thunder,0,32.36,5.0,10.0,0.5,0.0,1.0,0.0,2.0,2.0,1.0,4.0,2.0,6.0,0.0,2.0,0.0,0.0,3.0,12.0,-14.0,https://www.basketball-reference.com/boxscores/200912180OKC.html,2009-10
Jonas Jerebko,2009-12-20,Detroit Pistons,Los Angeles Lakers,1,31.47,7.0,12.0,0.583,0.0,3.0,0.0,1.0,2.0,0.5,3.0,3.0,6.0,0.0,2.0,0.0,4.0,2.0,15.0,-12.0,https://www.basketball-reference.com/boxscores/200912200DET.html,2009-10
Jonas Jerebko,2009-12-22,Detroit Pistons,Charlotte Bobcats,0,28.21,3.0,10.0,0.3,0.0,1.0,0.0,0.0,0.0,,2.0,3.0,5.0,0.0,0.0,1.0,1.0,3.0,6.0,-3.0,https://www.basketball-reference.com/boxscores/200912220CHA.html,2009-10
Jonas Jerebko,2009-12-23,Detroit Pistons,Toronto Raptors,1,37.27,2.0,9.0,0.222,1.0,4.0,0.25,5.0,6.0,0.833,5.0,4.0,9.0,0.0,1.0,0.0,1.0,1.0,10.0,-20.0,https://www.basketball-reference.com/boxscores/200912230DET.html,2009-10
Jonas Jerebko,2009-12-27,Detroit Pistons,Toronto Raptors,0,30.02,6.0,10.0,0.6,2.0,3.0,0.667,0.0,0.0,,6.0,1.0,7.0,0.0,2.0,1.0,1.0,6.0,14.0,4.0,https://www.basketball-reference.com/boxscores/200912270TOR.html,2009-10
Jonas Jerebko,2009-12-29,Detroit Pistons,New York Knicks,1,29.01,4.0,9.0,0.444,0.0,2.0,0.0,1.0,2.0,0.5,2.0,2.0,4.0,1.0,1.0,0.0,0.0,3.0,9.0,-6.0,https://www.basketball-reference.com/boxscores/200912290DET.html,2009-10
Jonas Jerebko,2009-12-31,Detroit Pistons,Chicago Bulls,1,19.06,4.0,5.0,0.8,0.0,0.0,,0.0,0.0,,4.0,1.0,5.0,0.0,0.0,0.0,1.0,3.0,8.0,-6.0,https://www.basketball-reference.com/boxscores/200912310DET.html,2009-10
Jonas Jerebko,2010-01-05,Detroit Pistons,Dallas Mavericks,0,14.02,1.0,5.0,0.2,0.0,1.0,0.0,0.0,0.0,,1.0,1.0,2.0,0.0,0.0,0.0,1.0,1.0,2.0,3.0,https://www.basketball-reference.com/boxscores/201001050DAL.html,2009-10
Jonas Jerebko,2010-01-06,Detroit Pistons,San Antonio Spurs,0,2.08,0.0,2.0,0.0,0.0,1.0,0.0,0.0,0.0,,0.0,0.0,0.0,0.0,0.0,0.0,0.0,0.0,0.0,-4.0,https://www.basketball-reference.com/boxscores/201001060SAS.html,2009-10
Jonas Jerebko,2010-01-09,Detroit Pistons,Philadelphia 76ers,1,12.15,2.0,6.0,0.333,0.0,0.0,,2.0,2.0,1.0,1.0,3.0,4.0,0.0,1.0,0.0,1.0,4.0,6.0,-1.0,https://www.basketball-reference.com/boxscores/201001090DET.html,2009-10
Jonas Jerebko,2010-01-11,Detroit Pistons,Chicago Bulls,0,29.22,6.0,14.0,0.429,0.0,3.0,0.0,3.0,4.0,0.75,5.0,4.0,9.0,1.0,1.0,0.0,0.0,1.0,15.0,-25.0,https://www.basketball-reference.com/boxscores/201001110CHI.html,2009-10
Jonas Jerebko,2010-01-12,Detroit Pistons,Washington Wizards,0,42.58,5.0,9.0,0.556,1.0,2.0,0.5,2.0,2.0,1.0,3.0,4.0,7.0,1.0,0.0,1.0,1.0,1.0,13.0,3.0,https://www.basketball-reference.com/boxscores/201001120WAS.html,2009-10
Jonas Jerebko,2010-01-16,Detroit Pistons,New York Knicks,1,28.42,2.0,3.0,0.667,1.0,2.0,0.5,3.0,6.0,0.5,3.0,2.0,5.0,0.0,1.0,0.0,0.0,4.0,8.0,-1.0,https://www.basketball-reference.com/boxscores/201001160DET.html,2009-10
Jonas Jerebko,2010-01-18,Detroit Pistons,New York Knicks,0,38.33,2.0,6.0,0.333,0.0,1.0,0.0,2.0,2.0,1.0,1.0,4.0,5.0,0.0,0.0,1.0,0.0,2.0,6.0,-8.0,https://www.basketball-reference.com/boxscores/201001180NYK.html,2009-10
Jonas Jerebko,2010-01-20,Detroit Pistons,Boston Celtics,1,22.17,2.0,4.0,0.5,0.0,0.0,,0.0,0.0,,1.0,3.0,4.0,0.0,1.0,0.0,0.0,5.0,4.0,-3.0,https://www.basketball-reference.com/boxscores/201001200DET.html,2009-10
Jonas Jerebko,2010-01-22,Detroit Pistons,Indiana Pacers,1,33.07,7.0,12.0,0.583,0.0,3.0,0.0,0.0,2.0,0.0,5.0,2.0,7.0,3.0,0.0,0.0,1.0,4.0,14.0,6.0,https://www.basketball-reference.com/boxscores/201001220DET.html,2009-10
Jonas Jerebko,2010-01-23,Detroit Pistons,Portland Trail Blazers,1,26.38,2.0,4.0,0.5,1.0,2.0,0.5,0.0,0.0,,1.0,5.0,6.0,1.0,1.0,0.0,1.0,1.0,5.0,-4.0,https://www.basketball-reference.com/boxscores/201001230DET.html,2009-10
Jonas Jerebko,2010-01-27,Detroit Pistons,Memphis Grizzlies,1,20.34,4.0,9.0,0.444,0.0,1.0,0.0,0.0,0.0,,2.0,5.0,7.0,1.0,0.0,0.0,2.0,2.0,8.0,-8.0,https://www.basketball-reference.com/boxscores/201001270DET.html,2009-10
Jonas Jerebko,2010-01-29,Detroit Pistons,Miami Heat,1,15.55,2.0,4.0,0.5,0.0,0.0,,0.0,0.0,,0.0,0.0,0.0,1.0,1.0,1.0,1.0,0.0,4.0,-2.0,https://www.basketball-reference.com/boxscores/201001290DET.html,2009-10
Jonas Jerebko,2010-01-31,Detroit Pistons,Orlando Magic,1,34.0,5.0,12.0,0.417,2.0,3.0,0.667,4.0,5.0,0.8,3.0,6.0,9.0,0.0,0.0,0.0,1.0,2.0,16.0,-3.0,https://www.basketball-reference.com/boxscores/201001310DET.html,2009-10
Jonas Jerebko,2010-02-02,Detroit Pistons,New Jersey Nets,0,15.21,2.0,6.0,0.333,0.0,1.0,0.0,2.0,2.0,1.0,2.0,2.0,4.0,2.0,0.0,0.0,0.0,4.0,6.0,-7.0,https://www.basketball-reference.com/boxscores/201002020NJN.html,2009-10
Jonas Jerebko,2010-02-05,Detroit Pistons,Indiana Pacers,0,28.17,2.0,10.0,0.2,0.0,0.0,,0.0,0.0,,6.0,4.0,10.0,0.0,0.0,2.0,1.0,3.0,4.0,-29.0,https://www.basketball-reference.com/boxscores/201002050IND.html,2009-10
Jonas Jerebko,2010-02-06,Detroit Pistons,New Jersey Nets,1,24.01,9.0,9.0,1.0,2.0,2.0,1.0,0.0,1.0,0.0,2.0,5.0,7.0,0.0,2.0,0.0,2.0,4.0,20.0,7.0,https://www.basketball-reference.com/boxscores/201002060DET.html,2009-10
Jonas Jerebko,2010-02-09,Detroit Pistons,Milwaukee Bucks,0,21.01,3.0,6.0,0.5,0.0,1.0,0.0,0.0,2.0,0.0,5.0,8.0,13.0,1.0,0.0,0.0,2.0,4.0,6.0,7.0,https://www.basketball-reference.com/boxscores/201002090MIL.html,2009-10
Jonas Jerebko,2010-02-10,Detroit Pistons,Sacramento Kings,1,26.3,3.0,6.0,0.5,0.0,0.0,,4.0,5.0,0.8,3.0,4.0,7.0,0.0,1.0,0.0,0.0,1.0,10.0,1.0,https://www.basketball-reference.com/boxscores/201002100DET.html,2009-10
Jonas Jerebko,2010-02-16,Detroit Pistons,Minnesota Timberwolves,1,21.01,9.0,13.0,0.6920000000000001,1.0,2.0,0.5,2.0,2.0,1.0,2.0,1.0,3.0,0.0,2.0,0.0,0.0,4.0,21.0,13.0,https://www.basketball-reference.com/boxscores/201002160DET.html,2009-10
Jonas Jerebko,2010-02-17,Detroit Pistons,Orlando Magic,0,34.52,5.0,12.0,0.417,0.0,0.0,,3.0,4.0,0.75,3.0,0.0,3.0,1.0,2.0,1.0,0.0,4.0,13.0,-24.0,https://www.basketball-reference.com/boxscores/201002170ORL.html,2009-10
Jonas Jerebko,2010-02-19,Detroit Pistons,Milwaukee Bucks,1,27.2,6.0,7.0,0.857,0.0,1.0,0.0,0.0,0.0,,0.0,4.0,4.0,1.0,2.0,1.0,2.0,1.0,12.0,2.0,https://www.basketball-reference.com/boxscores/201002190DET.html,2009-10
Jonas Jerebko,2010-02-23,Detroit Pistons,Sacramento Kings,0,21.43,3.0,7.0,0.429,0.0,0.0,,0.0,0.0,,3.0,3.0,6.0,0.0,1.0,0.0,0.0,1.0,6.0,18.0,https://www.basketball-reference.com/boxscores/201002230SAC.html,2009-10
Jonas Jerebko,2010-02-24,Detroit Pistons,Los Angeles Clippers,0,17.18,3.0,5.0,0.6,0.0,1.0,0.0,1.0,2.0,0.5,2.0,0.0,2.0,1.0,0.0,2.0,0.0,4.0,7.0,-5.0,https://www.basketball-reference.com/boxscores/201002240LAC.html,2009-10
Jonas Jerebko,2010-02-26,Detroit Pistons,Denver Nuggets,0,18.44,4.0,5.0,0.8,1.0,2.0,0.5,0.0,0.0,,1.0,1.0,2.0,1.0,1.0,0.0,0.0,5.0,9.0,6.0,https://www.basketball-reference.com/boxscores/201002260DEN.html,2009-10
Jonas Jerebko,2010-02-27,Detroit Pistons,Golden State Warriors,0,29.28,5.0,8.0,0.625,1.0,1.0,1.0,0.0,2.0,0.0,3.0,4.0,7.0,0.0,1.0,1.0,2.0,2.0,11.0,4.0,https://www.basketball-reference.com/boxscores/201002270GSW.html,2009-10
Jonas Jerebko,2010-03-02,Detroit Pistons,Boston Celtics,1,30.13,5.0,9.0,0.556,0.0,0.0,,6.0,6.0,1.0,3.0,7.0,10.0,1.0,1.0,0.0,0.0,3.0,16.0,4.0,https://www.basketball-reference.com/boxscores/201003020DET.html,2009-10
Jonas Jerebko,2010-03-03,Detroit Pistons,New York Knicks,0,33.33,4.0,9.0,0.444,2.0,2.0,1.0,5.0,7.0,0.7140000000000001,4.0,9.0,13.0,0.0,0.0,0.0,1.0,3.0,15.0,-15.0,https://www.basketball-reference.com/boxscores/201003030NYK.html,2009-10
Jonas Jerebko,2010-03-05,Detroit Pistons,Cleveland Cavaliers,0,35.07,0.0,5.0,0.0,0.0,3.0,0.0,0.0,0.0,,2.0,10.0,12.0,1.0,1.0,2.0,0.0,3.0,0.0,-6.0,https://www.basketball-reference.com/boxscores/201003050CLE.html,2009-10
Jonas Jerebko,2010-03-10,Detroit Pistons,Utah Jazz,1,29.32,4.0,9.0,0.444,0.0,1.0,0.0,5.0,6.0,0.833,5.0,0.0,5.0,0.0,3.0,0.0,1.0,3.0,13.0,16.0,https://www.basketball-reference.com/boxscores/201003100DET.html,2009-10
Jonas Jerebko,2010-03-12,Detroit Pistons,Washington Wizards,1,33.29,7.0,13.0,0.5379999999999999,0.0,2.0,0.0,4.0,5.0,0.8,4.0,4.0,8.0,0.0,3.0,0.0,0.0,2.0,18.0,20.0,https://www.basketball-reference.com/boxscores/201003120DET.html,2009-10
Jonas Jerebko,2010-03-13,Detroit Pistons,Atlanta Hawks,0,32.26,4.0,12.0,0.333,0.0,0.0,,1.0,2.0,0.5,7.0,2.0,9.0,0.0,0.0,0.0,0.0,2.0,9.0,-9.0,https://www.basketball-reference.com/boxscores/201003130ATL.html,2009-10
Jonas Jerebko,2010-03-15,Detroit Pistons,Boston Celtics,0,21.09,4.0,9.0,0.444,0.0,4.0,0.0,2.0,2.0,1.0,1.0,2.0,3.0,1.0,3.0,0.0,2.0,3.0,10.0,-1.0,https://www.basketball-reference.com/boxscores/201003150BOS.html,2009-10
Jonas Jerebko,2010-03-16,Detroit Pistons,Cleveland Cavaliers,1,27.0,4.0,6.0,0.667,0.0,0.0,,2.0,2.0,1.0,0.0,5.0,5.0,3.0,3.0,0.0,3.0,3.0,10.0,0.0,https://www.basketball-reference.com/boxscores/201003160DET.html,2009-10
Jonas Jerebko,2010-03-19,Detroit Pistons,Indiana Pacers,0,24.51,3.0,8.0,0.375,1.0,2.0,0.5,3.0,4.0,0.75,3.0,3.0,6.0,0.0,2.0,0.0,1.0,0.0,10.0,-17.0,https://www.basketball-reference.com/boxscores/201003190IND.html,2009-10
Jonas Jerebko,2010-03-21,Detroit Pistons,Cleveland Cavaliers,0,29.01,4.0,8.0,0.5,0.0,0.0,,1.0,2.0,0.5,2.0,3.0,5.0,1.0,1.0,1.0,0.0,3.0,9.0,-9.0,https://www.basketball-reference.com/boxscores/201003210CLE.html,2009-10
Jonas Jerebko,2010-03-23,Detroit Pistons,Indiana Pacers,1,23.2,2.0,9.0,0.222,1.0,3.0,0.333,2.0,2.0,1.0,3.0,3.0,6.0,0.0,1.0,1.0,2.0,3.0,7.0,-17.0,https://www.basketball-reference.com/boxscores/201003230DET.html,2009-10
Jonas Jerebko,2010-03-26,Detroit Pistons,New Jersey Nets,0,27.07,4.0,8.0,0.5,0.0,1.0,0.0,1.0,1.0,1.0,3.0,1.0,4.0,1.0,1.0,0.0,0.0,3.0,9.0,-1.0,https://www.basketball-reference.com/boxscores/201003260NJN.html,2009-10
Jonas Jerebko,2010-03-28,Detroit Pistons,Chicago Bulls,1,37.36,4.0,8.0,0.5,2.0,3.0,0.667,2.0,2.0,1.0,1.0,4.0,5.0,1.0,0.0,0.0,0.0,5.0,12.0,0.0,https://www.basketball-reference.com/boxscores/201003280DET.html,2009-10
Jonas Jerebko,2010-03-31,Detroit Pistons,Miami Heat,1,31.51,4.0,12.0,0.333,0.0,0.0,,1.0,4.0,0.25,4.0,2.0,6.0,0.0,1.0,0.0,3.0,3.0,9.0,-5.0,https://www.basketball-reference.com/boxscores/201003310DET.html,2009-10
Jonas Jerebko,2018-12-01,Golden State Warriors,Detroit Pistons,0,23.02,2.0,4.0,0.5,0.0,2.0,0.0,0.0,0.0,,0.0,4.0,4.0,0.0,1.0,0.0,0.0,3.0,4.0,5.0,https://www.basketball-reference.com/boxscores/201812010DET.html,2018-19
Jonas Jerebko,2018-12-03,Golden State Warriors,Atlanta Hawks,0,23.46,4.0,4.0,1.0,2.0,2.0,1.0,2.0,2.0,1.0,0.0,5.0,5.0,2.0,0.0,1.0,0.0,2.0,12.0,10.0,https://www.basketball-reference.com/boxscores/201812030ATL.html,2018-19
Jonas Jerebko,2018-12-05,Golden State Warriors,Cleveland Cavaliers,0,22.01,4.0,4.0,1.0,1.0,1.0,1.0,2.0,2.0,1.0,1.0,3.0,4.0,5.0,0.0,0.0,0.0,2.0,11.0,25.0,https://www.basketball-reference.com/boxscores/201812050CLE.html,2018-19
Jonas Jerebko,2018-12-07,Golden State Warriors,Milwaukee Bucks,0,24.39,4.0,10.0,0.4,4.0,9.0,0.444,0.0,0.0,,1.0,4.0,5.0,1.0,0.0,0.0,0.0,2.0,12.0,10.0,https://www.basketball-reference.com/boxscores/201812070MIL.html,2018-19
Jonas Jerebko,2018-12-10,Golden State Warriors,Minnesota Timberwolves,1,29.23,3.0,9.0,0.333,2.0,7.0,0.28600000000000003,2.0,4.0,0.5,1.0,7.0,8.0,5.0,0.0,0.0,1.0,3.0,10.0,-3.0,https://www.basketball-reference.com/boxscores/201812100GSW.html,2018-19
Jonas Jerebko,2018-12-12,Golden State Warriors,Toronto Raptors,1,23.35,1.0,2.0,0.5,1.0,2.0,0.5,0.0,0.0,,0.0,4.0,4.0,4.0,0.0,2.0,3.0,3.0,3.0,-21.0,https://www.basketball-reference.com/boxscores/201812120GSW.html,2018-19
Jonas Jerebko,2018-12-14,Golden State Warriors,Sacramento Kings,0,24.03,3.0,6.0,0.5,0.0,2.0,0.0,2.0,4.0,0.5,0.0,1.0,1.0,0.0,0.0,0.0,2.0,3.0,8.0,-12.0,https://www.basketball-reference.com/boxscores/201812140SAC.html,2018-19
Jonas Jerebko,2018-12-17,Golden State Warriors,Memphis Grizzlies,1,26.18,5.0,10.0,0.5,4.0,7.0,0.5710000000000001,2.0,2.0,1.0,1.0,2.0,3.0,1.0,1.0,0.0,1.0,4.0,16.0,16.0,https://www.basketball-reference.com/boxscores/201812170GSW.html,2018-19
Jonas Jerebko,2018-12-19,Golden State Warriors,Utah Jazz,0,20.39,2.0,7.0,0.28600000000000003,2.0,4.0,0.5,0.0,0.0,,1.0,4.0,5.0,2.0,0.0,1.0,0.0,1.0,6.0,-14.0,https://www.basketball-reference.com/boxscores/201812190UTA.html,2018-19
Jonas Jerebko,2018-12-22,Golden State Warriors,Dallas Mavericks,1,20.48,10.0,12.0,0.833,2.0,4.0,0.5,1.0,1.0,1.0,4.0,2.0,6.0,3.0,1.0,0.0,0.0,1.0,23.0,14.0,https://www.basketball-reference.com/boxscores/201812220GSW.html,2018-19
Jonas Jerebko,2018-12-23,Golden State Warriors,Los Angeles Clippers,1,21.07,3.0,7.0,0.429,1.0,5.0,0.2,0.0,0.0,,1.0,2.0,3.0,0.0,0.0,0.0,2.0,5.0,7.0,-4.0,https://www.basketball-reference.com/boxscores/201812230GSW.html,2018-19
Jonas Jerebko,2018-12-25,Golden State Warriors,Los Angeles Lakers,1,11.53,1.0,6.0,0.16699999999999998,0.0,4.0,0.0,0.0,0.0,,0.0,2.0,2.0,0.0,0.0,0.0,1.0,0.0,2.0,-16.0,https://www.basketball-reference.com/boxscores/201812250GSW.html,2018-19
Jonas Jerebko,2018-12-29,Golden State Warriors,Portland Trail Blazers,0,17.08,2.0,3.0,0.667,2.0,3.0,0.667,2.0,2.0,1.0,1.0,3.0,4.0,0.0,0.0,0.0,0.0,0.0,8.0,14.0,https://www.basketball-reference.com/boxscores/201812290POR.html,2018-19
Jonas Jerebko,2018-12-31,Golden State Warriors,Phoenix Suns,0,19.4,2.0,8.0,0.25,0.0,3.0,0.0,3.0,3.0,1.0,0.0,2.0,2.0,1.0,0.0,0.0,0.0,1.0,7.0,21.0,https://www.basketball-reference.com/boxscores/201812310PHO.html,2018-19
Jonas Jerebko,2019-01-05,Golden State Warriors,Sacramento Kings,0,13.11,1.0,5.0,0.2,0.0,2.0,0.0,0.0,0.0,,3.0,5.0,8.0,0.0,1.0,0.0,0.0,2.0,2.0,-7.0,https://www.basketball-reference.com/boxscores/201901050SAC.html,2018-19
Jonas Jerebko,2019-01-08,Golden State Warriors,New York Knicks,1,17.39,3.0,6.0,0.5,1.0,2.0,0.5,0.0,0.0,,1.0,4.0,5.0,1.0,0.0,0.0,0.0,1.0,7.0,-3.0,https://www.basketball-reference.com/boxscores/201901080GSW.html,2018-19
Jonas Jerebko,2019-01-11,Golden State Warriors,Chicago Bulls,1,20.48,2.0,4.0,0.5,1.0,3.0,0.333,3.0,4.0,0.75,0.0,4.0,4.0,3.0,0.0,0.0,1.0,2.0,8.0,-2.0,https://www.basketball-reference.com/boxscores/201901110GSW.html,2018-19
Jonas Jerebko,2019-01-13,Golden State Warriors,Dallas Mavericks,0,13.39,1.0,4.0,0.25,1.0,1.0,1.0,0.0,0.0,,4.0,4.0,8.0,0.0,0.0,0.0,2.0,1.0,3.0,-3.0,https://www.basketball-reference.com/boxscores/201901130DAL.html,2018-19
Jonas Jerebko,2019-01-15,Golden State Warriors,Denver Nuggets,0,18.18,3.0,5.0,0.6,1.0,2.0,0.5,0.0,1.0,0.0,0.0,3.0,3.0,2.0,0.0,0.0,0.0,0.0,7.0,6.0,https://www.basketball-reference.com/boxscores/201901150DEN.html,2018-19
Jonas Jerebko,2019-01-16,Golden State Warriors,New Orleans Pelicans,1,5.24,0.0,0.0,,0.0,0.0,,0.0,0.0,,1.0,1.0,2.0,1.0,0.0,0.0,0.0,1.0,0.0,-12.0,https://www.basketball-reference.com/boxscores/201901160GSW.html,2018-19
Jonas Jerebko,2019-01-18,Golden State Warriors,Los Angeles Clippers,0,3.58,0.0,1.0,0.0,0.0,1.0,0.0,0.0,0.0,,0.0,1.0,1.0,0.0,0.0,0.0,0.0,0.0,0.0,-4.0,https://www.basketball-reference.com/boxscores/201901180LAC.html,2018-19
Jonas Jerebko,2019-01-21,Golden State Warriors,Los Angeles Lakers,0,12.0,4.0,5.0,0.8,0.0,1.0,0.0,1.0,1.0,1.0,1.0,5.0,6.0,0.0,0.0,0.0,0.0,1.0,9.0,-11.0,https://www.basketball-reference.com/boxscores/201901210LAL.html,2018-19
Jonas Jerebko,2019-01-31,Golden State Warriors,Philadelphia 76ers,1,,,,,,,,,,,,,,,,,,,,,https://www.basketball-reference.com/boxscores/201901310GSW.html,2018-19
Jonas Jerebko,2019-02-02,Golden State Warriors,Los Angeles Lakers,1,2.08,0.0,1.0,0.0,0.0,1.0,0.0,0.0,0.0,,0.0,1.0,1.0,0.0,0.0,0.0,0.0,0.0,0.0,-4.0,https://www.basketball-reference.com/boxscores/201902020GSW.html,2018-19
Jonas Jerebko,2019-02-06,Golden State Warriors,San Antonio Spurs,1,14.04,3.0,5.0,0.6,2.0,3.0,0.667,0.0,0.0,,1.0,1.0,2.0,1.0,0.0,0.0,0.0,1.0,8.0,13.0,https://www.basketball-reference.com/boxscores/201902060GSW.html,2018-19
Jonas Jerebko,2019-02-08,Golden State Warriors,Phoenix Suns,0,17.35,3.0,6.0,0.5,0.0,2.0,0.0,1.0,1.0,1.0,2.0,3.0,5.0,2.0,0.0,0.0,0.0,2.0,7.0,22.0,https://www.basketball-reference.com/boxscores/201902080PHO.html,2018-19
Jonas Jerebko,2019-02-10,Golden State Warriors,Miami Heat,1,12.39,2.0,3.0,0.667,1.0,2.0,0.5,2.0,2.0,1.0,0.0,2.0,2.0,1.0,0.0,0.0,0.0,0.0,7.0,18.0,https://www.basketball-reference.com/boxscores/201902100GSW.html,2018-19
Jonas Jerebko,2019-02-12,Golden State Warriors,Utah Jazz,1,7.22,0.0,2.0,0.0,0.0,2.0,0.0,1.0,2.0,0.5,0.0,1.0,1.0,0.0,0.0,0.0,0.0,0.0,1.0,6.0,https://www.basketball-reference.com/boxscores/201902120GSW.html,2018-19
Jonas Jerebko,2019-02-13,Golden State Warriors,Portland Trail Blazers,0,23.36,3.0,5.0,0.6,0.0,1.0,0.0,0.0,0.0,,2.0,3.0,5.0,3.0,1.0,1.0,0.0,3.0,6.0,-5.0,https://www.basketball-reference.com/boxscores/201902130POR.html,2018-19
Jonas Jerebko,2019-02-21,Golden State Warriors,Sacramento Kings,1,7.31,0.0,3.0,0.0,0.0,2.0,0.0,0.0,0.0,,2.0,0.0,2.0,0.0,0.0,1.0,0.0,2.0,0.0,9.0,https://www.basketball-reference.com/boxscores/201902210GSW.html,2018-19
Jonas Jerebko,2019-02-23,Golden State Warriors,Houston Rockets,1,7.09,1.0,2.0,0.5,1.0,2.0,0.5,0.0,0.0,,0.0,3.0,3.0,0.0,0.0,0.0,1.0,0.0,3.0,-4.0,https://www.basketball-reference.com/boxscores/201902230GSW.html,2018-19
Jonas Jerebko,2019-02-25,Golden State Warriors,Charlotte Hornets,0,,,,,,,,,,,,,,,,,,,,,https://www.basketball-reference.com/boxscores/201902250CHO.html,2018-19
Jonas Jerebko,2019-02-27,Golden State Warriors,Miami Heat,0,16.45,2.0,6.0,0.333,1.0,2.0,0.5,1.0,2.0,0.5,1.0,2.0,3.0,1.0,0.0,0.0,0.0,1.0,6.0,-4.0,https://www.basketball-reference.com/boxscores/201902270MIA.html,2018-19
Jonas Jerebko,2019-02-28,Golden State Warriors,Orlando Magic,0,21.42,2.0,6.0,0.333,0.0,1.0,0.0,0.0,0.0,,2.0,2.0,4.0,0.0,0.0,1.0,0.0,2.0,4.0,-6.0,https://www.basketball-reference.com/boxscores/201902280ORL.html,2018-19
Jonas Jerebko,2019-03-02,Golden State Warriors,Philadelphia 76ers,0,3.49,0.0,1.0,0.0,0.0,0.0,,0.0,0.0,,0.0,0.0,0.0,0.0,0.0,0.0,0.0,0.0,0.0,-3.0,https://www.basketball-reference.com/boxscores/201903020PHI.html,2018-19
Jonas Jerebko,2019-03-05,Golden State Warriors,Boston Celtics,1,13.33,1.0,4.0,0.25,0.0,2.0,0.0,2.0,2.0,1.0,0.0,4.0,4.0,2.0,1.0,1.0,1.0,2.0,4.0,-3.0,https://www.basketball-reference.com/boxscores/201903050GSW.html,2018-19
Jonas Jerebko,2019-03-08,Golden State Warriors,Denver Nuggets,1,4.24,1.0,1.0,1.0,0.0,0.0,,0.0,0.0,,0.0,0.0,0.0,0.0,0.0,0.0,0.0,1.0,2.0,-9.0,https://www.basketball-reference.com/boxscores/201903080GSW.html,2018-19
Jonas Jerebko,2019-03-10,Golden State Warriors,Phoenix Suns,1,,,,,,,,,,,,,,,,,,,,,https://www.basketball-reference.com/boxscores/201903100GSW.html,2018-19
Jonas Jerebko,2019-03-13,Golden State Warriors,Houston Rockets,0,,,,,,,,,,,,,,,,,,,,,https://www.basketball-reference.com/boxscores/201903130HOU.html,2018-19
Jonas Jerebko,2019-03-16,Golden State Warriors,Oklahoma City Thunder,0,2.37,0.0,1.0,0.0,0.0,0.0,,2.0,2.0,1.0,0.0,1.0,1.0,0.0,0.0,0.0,0.0,0.0,2.0,4.0,https://www.basketball-reference.com/boxscores/201903160OKC.html,2018-19
Jonas Jerebko,2019-03-18,Golden State Warriors,San Antonio Spurs,0,,,,,,,,,,,,,,,,,,,,,https://www.basketball-reference.com/boxscores/201903180SAS.html,2018-19
Jonas Jerebko,2019-03-19,Golden State Warriors,Minnesota Timberwolves,0,18.29,6.0,10.0,0.6,3.0,4.0,0.75,3.0,3.0,1.0,0.0,4.0,4.0,0.0,0.0,0.0,0.0,2.0,18.0,-1.0,https://www.basketball-reference.com/boxscores/201903190MIN.html,2018-19
Jonas Jerebko,2019-03-21,Golden State Warriors,Indiana Pacers,1,10.58,2.0,3.0,0.667,2.0,3.0,0.667,0.0,2.0,0.0,0.0,1.0,1.0,1.0,0.0,1.0,1.0,1.0,6.0,-4.0,https://www.basketball-reference.com/boxscores/201903210GSW.html,2018-19
Jonas Jerebko,2019-03-23,Golden State Warriors,Dallas Mavericks,1,18.36,1.0,3.0,0.333,1.0,3.0,0.333,0.0,0.0,,0.0,1.0,1.0,2.0,2.0,1.0,0.0,2.0,3.0,-4.0,https://www.basketball-reference.com/boxscores/201903230GSW.html,2018-19
Jonas Jerebko,2019-03-24,Golden State Warriors,Detroit Pistons,1,13.07,0.0,1.0,0.0,0.0,1.0,0.0,2.0,2.0,1.0,0.0,1.0,1.0,1.0,0.0,0.0,0.0,0.0,2.0,-7.0,https://www.basketball-reference.com/boxscores/201903240GSW.html,2018-19
Jonas Jerebko,2019-03-27,Golden State Warriors,Memphis Grizzlies,0,1.0,0.0,0.0,,0.0,0.0,,0.0,0.0,,0.0,0.0,0.0,0.0,0.0,0.0,0.0,0.0,0.0,0.0,https://www.basketball-reference.com/boxscores/201903270MEM.html,2018-19
Jonas Jerebko,2019-03-29,Minnesota Timberwolves,Golden State Warriors,1,,,,,,,,,,,,,,,,,,,,,https://www.basketball-reference.com/boxscores/201903290MIN.html,2018-19
Jonas Jerebko,2019-03-31,Golden State Warriors,Charlotte Hornets,1,15.19,4.0,7.0,0.5710000000000001,1.0,3.0,0.333,3.0,3.0,1.0,2.0,4.0,6.0,1.0,3.0,1.0,1.0,3.0,12.0,13.0,https://www.basketball-reference.com/boxscores/201903310GSW.html,2018-19
Jonas Jerebko,2013-12-01,Detroit Pistons,Philadelphia 76ers,1,12.21,1.0,3.0,0.333,0.0,2.0,0.0,3.0,4.0,0.75,2.0,3.0,5.0,0.0,1.0,0.0,4.0,3.0,5.0,-11.0,https://www.basketball-reference.com/boxscores/201312010DET.html,2013-14
Jonas Jerebko,2013-12-03,Detroit Pistons,Miami Heat,0,9.56,3.0,5.0,0.6,1.0,1.0,1.0,0.0,0.0,,1.0,2.0,3.0,0.0,0.0,0.0,0.0,0.0,7.0,4.0,https://www.basketball-reference.com/boxscores/201312030MIA.html,2013-14
Jonas Jerebko,2013-12-04,Detroit Pistons,Milwaukee Bucks,0,7.21,0.0,1.0,0.0,0.0,0.0,,2.0,2.0,1.0,1.0,1.0,2.0,2.0,0.0,1.0,0.0,1.0,2.0,-3.0,https://www.basketball-reference.com/boxscores/201312040MIL.html,2013-14
Jonas Jerebko,2013-12-07,Detroit Pistons,Chicago Bulls,0,6.49,1.0,3.0,0.333,1.0,3.0,0.333,0.0,0.0,,0.0,0.0,0.0,0.0,0.0,0.0,1.0,2.0,3.0,-3.0,https://www.basketball-reference.com/boxscores/201312070CHI.html,2013-14
Jonas Jerebko,2013-12-08,Detroit Pistons,Miami Heat,1,20.41,5.0,9.0,0.556,2.0,2.0,1.0,0.0,0.0,,0.0,3.0,3.0,1.0,2.0,0.0,2.0,4.0,12.0,1.0,https://www.basketball-reference.com/boxscores/201312080DET.html,2013-14
Jonas Jerebko,2013-12-10,Detroit Pistons,Minnesota Timberwolves,1,21.1,2.0,3.0,0.667,0.0,0.0,,1.0,2.0,0.5,1.0,3.0,4.0,1.0,0.0,0.0,4.0,3.0,5.0,-9.0,https://www.basketball-reference.com/boxscores/201312100DET.html,2013-14
Jonas Jerebko,2013-12-11,New Orleans Pelicans,Detroit Pistons,1,3.05,0.0,0.0,,0.0,0.0,,0.0,0.0,,0.0,1.0,1.0,0.0,0.0,0.0,0.0,1.0,0.0,1.0,https://www.basketball-reference.com/boxscores/201312110NOP.html,2013-14
Jonas Jerebko,2013-12-13,Detroit Pistons,Brooklyn Nets,1,,,,,,,,,,,,,,,,,,,,,https://www.basketball-reference.com/boxscores/201312130DET.html,2013-14
Jonas Jerebko,2013-12-16,Detroit Pistons,Indiana Pacers,0,1.23,1.0,1.0,1.0,1.0,1.0,1.0,0.0,0.0,,0.0,0.0,0.0,0.0,0.0,0.0,0.0,0.0,3.0,7.0,https://www.basketball-reference.com/boxscores/201312160IND.html,2013-14
Jonas Jerebko,2013-12-18,Detroit Pistons,Boston Celtics,0,4.31,1.0,3.0,0.333,0.0,2.0,0.0,1.0,1.0,1.0,0.0,0.0,0.0,0.0,0.0,0.0,0.0,0.0,3.0,4.0,https://www.basketball-reference.com/boxscores/201312180BOS.html,2013-14
Jonas Jerebko,2013-12-20,Detroit Pistons,Charlotte Bobc,1,,,,,,,,,,,,,,,,,,,,,https://www.basketball-reference.com/boxscores/201312200DET.html,2013-14
Jonas Jerebko,2013-12-21,Detroit Pistons,Houston Rockets,1,2.33,0.0,0.0,,0.0,0.0,,0.0,0.0,,0.0,1.0,1.0,0.0,1.0,0.0,0.0,0.0,0.0,2.0,https://www.basketball-reference.com/boxscores/201312210DET.html,2013-14
Jonas Jerebko,2013-12-23,Detroit Pistons,Cleveland Cavaliers,0,,,,,,,,,,,,,,,,,,,,,https://www.basketball-reference.com/boxscores/201312230CLE.html,2013-14
Jonas Jerebko,2013-12-27,Detroit Pistons,Orlando Magic,0,13.14,3.0,5.0,0.6,1.0,1.0,1.0,1.0,2.0,0.5,2.0,3.0,5.0,1.0,1.0,0.0,2.0,0.0,8.0,4.0,https://www.basketball-reference.com/boxscores/201312270ORL.html,2013-14
Jonas Jerebko,2013-12-28,Detroit Pistons,Washington Wizards,0,15.29,3.0,4.0,0.75,1.0,1.0,1.0,1.0,2.0,0.5,0.0,5.0,5.0,1.0,0.0,0.0,1.0,1.0,8.0,2.0,https://www.basketball-reference.com/boxscores/201312280WAS.html,2013-14
Jonas Jerebko,2013-12-30,Detroit Pistons,Washington Wizards,1,,,,,,,,,,,,,,,,,,,,,https://www.basketball-reference.com/boxscores/201312300DET.html,2013-14
Jonas Jerebko,2014-01-05,Detroit Pistons,Memphis Grizzlies,1,12.0,1.0,2.0,0.5,0.0,0.0,,1.0,1.0,1.0,0.0,4.0,4.0,0.0,0.0,0.0,0.0,0.0,3.0,-13.0,https://www.basketball-reference.com/boxscores/201401050DET.html,2013-14
Jonas Jerebko,2014-01-07,Detroit Pistons,New York Knicks,0,,,,,,,,,,,,,,,,,,,,,https://www.basketball-reference.com/boxscores/201401070NYK.html,2013-14
Jonas Jerebko,2014-01-08,Detroit Pistons,Toronto Raptors,0,3.57,0.0,0.0,,0.0,0.0,,0.0,0.0,,0.0,0.0,0.0,0.0,0.0,0.0,0.0,0.0,0.0,-4.0,https://www.basketball-reference.com/boxscores/201401080TOR.html,2013-14
Jonas Jerebko,2014-01-10,Detroit Pistons,Philadelphia 76ers,0,0.26,0.0,0.0,,0.0,0.0,,0.0,0.0,,0.0,0.0,0.0,0.0,0.0,0.0,0.0,0.0,0.0,0.0,https://www.basketball-reference.com/boxscores/201401100PHI.html,2013-14
Jonas Jerebko,2014-01-11,Detroit Pistons,Phoenix Suns,1,,,,,,,,,,,,,,,,,,,,,https://www.basketball-reference.com/boxscores/201401110DET.html,2013-14
Jonas Jerebko,2014-01-17,Detroit Pistons,Utah Jazz,1,9.27,3.0,5.0,0.6,0.0,1.0,0.0,1.0,2.0,0.5,1.0,0.0,1.0,0.0,2.0,0.0,1.0,0.0,7.0,6.0,https://www.basketball-reference.com/boxscores/201401170DET.html,2013-14
Jonas Jerebko,2014-01-18,Detroit Pistons,Washington Wizards,0,,,,,,,,,,,,,,,,,,,,,https://www.basketball-reference.com/boxscores/201401180WAS.html,2013-14
Jonas Jerebko,2014-01-20,Detroit Pistons,Los Angeles Clippers,1,0.13,0.0,0.0,,0.0,0.0,,0.0,0.0,,0.0,0.0,0.0,0.0,0.0,0.0,0.0,1.0,0.0,-1.0,https://www.basketball-reference.com/boxscores/201401200DET.html,2013-14
Jonas Jerebko,2014-01-22,Detroit Pistons,Milwaukee Bucks,0,,,,,,,,,,,,,,,,,,,,,https://www.basketball-reference.com/boxscores/201401220MIL.html,2013-14
Jonas Jerebko,2014-01-24,Detroit Pistons,New Orleans Pelicans,1,,,,,,,,,,,,,,,,,,,,,https://www.basketball-reference.com/boxscores/201401240DET.html,2013-14
Jonas Jerebko,2014-01-26,Detroit Pistons,Dallas Mavericks,0,,,,,,,,,,,,,,,,,,,,,https://www.basketball-reference.com/boxscores/201401260DAL.html,2013-14
Jonas Jerebko,2014-01-28,Detroit Pistons,Orlando Magic,1,5.51,0.0,3.0,0.0,0.0,1.0,0.0,1.0,2.0,0.5,1.0,0.0,1.0,0.0,0.0,0.0,0.0,1.0,1.0,-8.0,https://www.basketball-reference.com/boxscores/201401280DET.html,2013-14
Jonas Jerebko,2014-02-01,Detroit Pistons,Philadelphia 76ers,1,7.04,0.0,1.0,0.0,0.0,0.0,,0.0,0.0,,1.0,1.0,2.0,1.0,0.0,0.0,1.0,2.0,0.0,-11.0,https://www.basketball-reference.com/boxscores/201402010DET.html,2013-14
Jonas Jerebko,2014-02-03,Detroit Pistons,Miami Heat,0,10.51,1.0,4.0,0.25,0.0,0.0,,0.0,0.0,,1.0,4.0,5.0,0.0,0.0,0.0,1.0,0.0,2.0,3.0,https://www.basketball-reference.com/boxscores/201402030MIA.html,2013-14
Jonas Jerebko,2014-02-05,Detroit Pistons,Orlando Magic,0,8.39,1.0,1.0,1.0,0.0,0.0,,2.0,2.0,1.0,0.0,2.0,2.0,0.0,0.0,0.0,1.0,2.0,4.0,3.0,https://www.basketball-reference.com/boxscores/201402050ORL.html,2013-14
Jonas Jerebko,2014-02-07,Detroit Pistons,Brooklyn Nets,1,10.29,1.0,1.0,1.0,0.0,0.0,,0.0,0.0,,0.0,0.0,0.0,1.0,0.0,1.0,1.0,1.0,2.0,1.0,https://www.basketball-reference.com/boxscores/201402070DET.html,2013-14
Jonas Jerebko,2014-02-08,Detroit Pistons,Denver Nuggets,1,1.37,0.0,0.0,,0.0,0.0,,0.0,0.0,,0.0,1.0,1.0,1.0,0.0,0.0,0.0,0.0,0.0,8.0,https://www.basketball-reference.com/boxscores/201402080DET.html,2013-14
Jonas Jerebko,2014-02-10,Detroit Pistons,San Antonio Spurs,1,9.49,0.0,1.0,0.0,0.0,0.0,,0.0,0.0,,1.0,1.0,2.0,0.0,0.0,0.0,0.0,2.0,0.0,0.0,https://www.basketball-reference.com/boxscores/201402100DET.html,2013-14
Jonas Jerebko,2014-02-12,Detroit Pistons,Cleveland Cavaliers,1,12.31,1.0,1.0,1.0,0.0,0.0,,0.0,0.0,,0.0,2.0,2.0,1.0,0.0,0.0,0.0,0.0,2.0,2.0,https://www.basketball-reference.com/boxscores/201402120DET.html,2013-14
Jonas Jerebko,2014-02-18,Detroit Pistons,Charlotte Bobc,1,6.21,1.0,2.0,0.5,0.0,0.0,,0.0,0.0,,1.0,1.0,2.0,0.0,0.0,0.0,0.0,1.0,2.0,-1.0,https://www.basketball-reference.com/boxscores/201402180DET.html,2013-14
Jonas Jerebko,2014-02-19,Detroit Pistons,Charlotte Bobcats,0,20.14,1.0,4.0,0.25,0.0,1.0,0.0,2.0,2.0,1.0,0.0,4.0,4.0,1.0,0.0,1.0,0.0,1.0,4.0,4.0,https://www.basketball-reference.com/boxscores/201402190CHA.html,2013-14
Jonas Jerebko,2014-02-21,Detroit Pistons,Atlanta Hawks,1,11.5,1.0,2.0,0.5,1.0,1.0,1.0,0.0,0.0,,0.0,0.0,0.0,0.0,0.0,0.0,1.0,3.0,3.0,-4.0,https://www.basketball-reference.com/boxscores/201402210DET.html,2013-14
Jonas Jerebko,2014-02-22,Detroit Pistons,Dallas Mavericks,1,9.55,1.0,2.0,0.5,0.0,1.0,0.0,3.0,3.0,1.0,1.0,1.0,2.0,0.0,0.0,0.0,0.0,0.0,5.0,-9.0,https://www.basketball-reference.com/boxscores/201402220DET.html,2013-14
Jonas Jerebko,2014-02-24,Detroit Pistons,Golden State Warriors,1,10.21,1.0,2.0,0.5,0.0,0.0,,0.0,0.0,,1.0,2.0,3.0,0.0,1.0,0.0,1.0,1.0,2.0,-4.0,https://www.basketball-reference.com/boxscores/201402240DET.html,2013-14
Jonas Jerebko,2014-02-26,Detroit Pistons,San Antonio Spurs,0,3.14,0.0,0.0,,0.0,0.0,,0.0,0.0,,0.0,0.0,0.0,0.0,0.0,0.0,0.0,1.0,0.0,-3.0,https://www.basketball-reference.com/boxscores/201402260SAS.html,2013-14
Jonas Jerebko,2014-03-01,Detroit Pistons,Houston Rockets,0,8.2,1.0,5.0,0.2,0.0,2.0,0.0,0.0,0.0,,2.0,1.0,3.0,1.0,1.0,0.0,1.0,0.0,2.0,-3.0,https://www.basketball-reference.com/boxscores/201403010HOU.html,2013-14
Jonas Jerebko,2014-03-03,Detroit Pistons,New York Knicks,1,10.04,2.0,3.0,0.667,0.0,0.0,,0.0,0.0,,2.0,1.0,3.0,0.0,0.0,0.0,0.0,0.0,4.0,3.0,https://www.basketball-reference.com/boxscores/201403030DET.html,2013-14
Jonas Jerebko,2014-03-05,Detroit Pistons,Chicago Bulls,1,,,,,,,,,,,,,,,,,,,,,https://www.basketball-reference.com/boxscores/201403050DET.html,2013-14
Jonas Jerebko,2014-03-07,Detroit Pistons,Minnesota Timberwolves,0,17.32,4.0,7.0,0.5710000000000001,0.0,0.0,,2.0,4.0,0.5,1.0,6.0,7.0,1.0,1.0,0.0,2.0,1.0,10.0,4.0,https://www.basketball-reference.com/boxscores/201403070MIN.html,2013-14
Jonas Jerebko,2014-03-09,Detroit Pistons,Boston Celtics,0,5.18,0.0,1.0,0.0,0.0,1.0,0.0,0.0,0.0,,0.0,0.0,0.0,0.0,0.0,1.0,1.0,3.0,0.0,-8.0,https://www.basketball-reference.com/boxscores/201403090BOS.html,2013-14
Jonas Jerebko,2014-03-11,Detroit Pistons,Sacramento Kings,1,15.29,2.0,4.0,0.5,1.0,1.0,1.0,0.0,0.0,,1.0,4.0,5.0,1.0,0.0,0.0,0.0,3.0,5.0,2.0,https://www.basketball-reference.com/boxscores/201403110DET.html,2013-14
Jonas Jerebko,2014-03-12,Detroit Pistons,Toronto Raptors,0,7.11,2.0,2.0,1.0,0.0,0.0,,0.0,0.0,,1.0,3.0,4.0,0.0,0.0,0.0,1.0,3.0,4.0,-4.0,https://www.basketball-reference.com/boxscores/201403120TOR.html,2013-14
Jonas Jerebko,2014-03-19,Detroit Pistons,Denver Nuggets,0,15.4,3.0,7.0,0.429,1.0,2.0,0.5,0.0,0.0,,1.0,2.0,3.0,0.0,0.0,0.0,0.0,4.0,7.0,-1.0,https://www.basketball-reference.com/boxscores/201403190DEN.html,2013-14
Jonas Jerebko,2014-03-21,Detroit Pistons,Phoenix Suns,0,9.09,1.0,3.0,0.333,0.0,2.0,0.0,2.0,3.0,0.667,0.0,0.0,0.0,0.0,2.0,0.0,0.0,2.0,4.0,-2.0,https://www.basketball-reference.com/boxscores/201403210PHO.html,2013-14
Jonas Jerebko,2014-03-22,Detroit Pistons,Los Angeles Clippers,0,27.0,8.0,12.0,0.667,5.0,7.0,0.7140000000000001,1.0,4.0,0.25,5.0,4.0,9.0,2.0,2.0,0.0,2.0,2.0,22.0,8.0,https://www.basketball-reference.com/boxscores/201403220LAC.html,2013-14
Jonas Jerebko,2014-03-24,Detroit Pistons,Utah Jazz,0,23.35,2.0,6.0,0.333,1.0,2.0,0.5,2.0,2.0,1.0,4.0,4.0,8.0,1.0,1.0,0.0,1.0,2.0,7.0,18.0,https://www.basketball-reference.com/boxscores/201403240UTA.html,2013-14
Jonas Jerebko,2014-03-26,Detroit Pistons,Cleveland Cavaliers,1,19.02,2.0,6.0,0.333,0.0,2.0,0.0,0.0,0.0,,2.0,6.0,8.0,0.0,0.0,0.0,0.0,2.0,4.0,-13.0,https://www.basketball-reference.com/boxscores/201403260DET.html,2013-14
Jonas Jerebko,2014-03-28,Detroit Pistons,Miami Heat,1,23.5,3.0,7.0,0.429,0.0,2.0,0.0,0.0,0.0,,0.0,6.0,6.0,2.0,0.0,0.0,0.0,3.0,6.0,-3.0,https://www.basketball-reference.com/boxscores/201403280DET.html,2013-14
Jonas Jerebko,2014-03-29,Detroit Pistons,Philadelphia 76ers,0,24.02,3.0,4.0,0.75,2.0,3.0,0.667,2.0,2.0,1.0,0.0,3.0,3.0,2.0,0.0,0.0,1.0,1.0,10.0,-15.0,https://www.basketball-reference.com/boxscores/201403290PHI.html,2013-14
Jonas Jerebko,2014-03-31,Detroit Pistons,Milwaukee Bucks,1,11.21,0.0,4.0,0.0,0.0,1.0,0.0,0.0,0.0,,3.0,4.0,7.0,1.0,0.0,0.0,0.0,3.0,0.0,-3.0,https://www.basketball-reference.com/boxscores/201403310DET.html,2013-14
