Unnamed: 0,season,Player,Date,Team,Against,Home,MP,FG,FGA,FG%,3P,3PA,3P%,FT,FTA,FT%,ORB,DRB,TRB,AST,STL,BLK,TOV,PF,PTS,+/-,GameLink,TS%,DD,DT,FPTS
,2019-20,Jordan McLaughlin,2019-12-23,Minnesota Timberwolves,Golden State Warriors,0.0,22.2,7.0,13.0,0.5379999999999999,3.0,6.0,0.5,2.0,2.0,1.0,0.0,2.0,2.0,4.0,3.0,0.0,0.0,1.0,19.0,8.0,https://www.basketball-reference.com/boxscores/201912230GSW.html,131.86,0.0,0.0,35.0
,2019-20,Jordan McLaughlin,2020-01-20,Minnesota Timberwolves,Denver Nuggets,1.0,11.14,0.0,3.0,0.0,0.0,1.0,0.0,0.0,2.0,0.0,0.0,1.0,1.0,4.0,2.0,0.0,0.0,0.0,0.0,-3.0,https://www.basketball-reference.com/boxscores/202001200MIN.html,0.0,0.0,0.0,11.25
,2019-20,Jordan McLaughlin,2020-01-22,Minnesota Timberwolves,Chicago Bulls,0.0,17.11,1.0,4.0,0.25,1.0,3.0,0.333,2.0,2.0,1.0,0.0,0.0,0.0,2.0,1.0,0.0,0.0,1.0,5.0,-7.0,https://www.basketball-reference.com/boxscores/202001220CHI.html,12.2,0.0,0.0,10.5
,2019-20,Jordan McLaughlin,2020-01-24,Minnesota Timberwolves,Houston Rockets,1.0,23.31,3.0,6.0,0.5,1.0,2.0,0.5,1.0,2.0,0.5,0.0,2.0,2.0,4.0,0.0,0.0,3.0,1.0,8.0,6.0,https://www.basketball-reference.com/boxscores/202001240MIN.html,27.52,0.0,0.0,15.5
,2019-20,Jordan McLaughlin,2020-02-03,Minnesota Timberwolves,Sacramento Kings,0.0,19.11,3.0,4.0,0.75,1.0,2.0,0.5,2.0,4.0,0.5,1.0,0.0,1.0,2.0,2.0,0.0,2.0,2.0,9.0,11.0,https://www.basketball-reference.com/boxscores/202002030SAC.html,25.92,0.0,0.0,16.75
,2019-20,Jordan McLaughlin,2020-02-10,Minnesota Timberwolves,Toronto Raptors,0.0,16.22,1.0,3.0,0.333,0.0,2.0,0.0,1.0,1.0,1.0,0.0,0.0,0.0,5.0,2.0,1.0,1.0,1.0,3.0,11.0,https://www.basketball-reference.com/boxscores/202002100TOR.html,5.16,0.0,0.0,16.0
,2019-20,Jordan McLaughlin,2020-02-21,Minnesota Timberwolves,Boston Celtics,1.0,13.53,3.0,7.0,0.429,3.0,3.0,1.0,2.0,2.0,1.0,0.0,2.0,2.0,3.0,1.0,2.0,0.0,3.0,11.0,4.0,https://www.basketball-reference.com/boxscores/202002210MIN.html,43.34,0.0,0.0,25.5
,2019-20,Jordan McLaughlin,2020-02-23,Minnesota Timberwolves,Denver Nuggets,0.0,33.47,5.0,9.0,0.556,2.0,4.0,0.5,3.0,3.0,1.0,1.0,3.0,4.0,10.0,1.0,0.0,3.0,0.0,15.0,-17.0,https://www.basketball-reference.com/boxscores/202002230DEN.html,77.4,1.0,0.0,37.5
,2019-20,Jordan McLaughlin,2020-02-26,Minnesota Timberwolves,Miami Heat,0.0,21.3,4.0,5.0,0.8,2.0,3.0,0.667,3.0,4.0,0.75,0.0,1.0,1.0,5.0,3.0,0.0,0.0,2.0,13.0,20.0,https://www.basketball-reference.com/boxscores/202002260MIA.html,43.94,0.0,0.0,28.75
,2019-20,Jordan McLaughlin,2020-02-28,Minnesota Timberwolves,Orlando Magic,0.0,18.23,1.0,4.0,0.25,1.0,3.0,0.333,3.0,5.0,0.6,0.0,1.0,1.0,3.0,1.0,0.0,2.0,0.0,6.0,-11.0,https://www.basketball-reference.com/boxscores/202002280ORL.html,18.6,0.0,0.0,13.25
,2019-20,Jordan McLaughlin,2020-03-01,Minnesota Timberwolves,Dallas Mavericks,1.0,17.12,1.0,4.0,0.25,0.0,2.0,0.0,2.0,4.0,0.5,0.0,2.0,2.0,3.0,4.0,0.0,1.0,0.0,4.0,-12.0,https://www.basketball-reference.com/boxscores/202003010MIN.html,11.52,0.0,0.0,18.5
,2019-20,Jordan McLaughlin,2020-03-04,Minnesota Timberwolves,Chicago Bulls,1.0,27.01,5.0,10.0,0.5,0.0,2.0,0.0,0.0,2.0,0.0,1.0,0.0,1.0,7.0,1.0,0.0,3.0,1.0,10.0,-11.0,https://www.basketball-reference.com/boxscores/202003040MIN.html,54.40000000000001,0.0,0.0,22.25
,2019-20,Jordan McLaughlin,2020-03-08,Minnesota Timberwolves,New Orleans Pelicans,1.0,16.36,2.0,4.0,0.5,0.0,1.0,0.0,2.0,2.0,1.0,0.0,0.0,0.0,2.0,1.0,0.0,3.0,2.0,6.0,-14.0,https://www.basketball-reference.com/boxscores/202003080MIN.html,14.64,0.0,0.0,9.5
,2019-20,Jordan McLaughlin,2020-03-10,Minnesota Timberwolves,Houston Rockets,0.0,19.1,2.0,4.0,0.5,0.0,1.0,0.0,1.0,2.0,0.5,1.0,1.0,2.0,3.0,0.0,0.0,0.0,0.0,5.0,-1.0,https://www.basketball-reference.com/boxscores/202003100HOU.html,12.2,0.0,0.0,12.0
,2020-21,Jordan McLaughlin,2021-01-20,Minnesota Timberwolves,Orlando Magic,1.0,20.31,2.0,5.0,0.4,1.0,2.0,0.5,1.0,1.0,1.0,1.0,4.0,5.0,7.0,0.0,0.0,1.0,0.0,6.0,4.0,https://www.basketball-reference.com/boxscores/202101200MIN.html,16.32,0.0,0.0,22.75
,2020-21,Jordan McLaughlin,2021-01-23,Minnesota Timberwolves,New Orleans Pelicans,1.0,19.42,4.0,7.0,0.5710000000000001,2.0,2.0,1.0,1.0,2.0,0.5,1.0,0.0,1.0,4.0,1.0,0.0,2.0,0.0,11.0,10.0,https://www.basketball-reference.com/boxscores/202101230MIN.html,43.34,0.0,0.0,20.25
,2020-21,Jordan McLaughlin,2021-02-06,Minnesota Timberwolves,Oklahoma City Thunder,0.0,23.4,1.0,6.0,0.16699999999999998,0.0,1.0,0.0,1.0,2.0,0.5,1.0,0.0,1.0,6.0,1.0,1.0,1.0,2.0,3.0,2.0,https://www.basketball-reference.com/boxscores/202102060OKC.html,10.32,0.0,0.0,16.75
,2020-21,Jordan McLaughlin,2021-02-19,Minnesota Timberwolves,Toronto Raptors,1.0,22.0,5.0,8.0,0.625,0.0,2.0,0.0,1.0,1.0,1.0,0.0,2.0,2.0,7.0,1.0,0.0,0.0,1.0,11.0,-3.0,https://www.basketball-reference.com/boxscores/202102190MIN.html,46.42,0.0,0.0,26.0
,2020-21,Jordan McLaughlin,2021-03-29,Minnesota Timberwolves,Brooklyn Nets,0.0,21.4,1.0,5.0,0.2,1.0,2.0,0.5,1.0,2.0,0.5,1.0,3.0,4.0,4.0,1.0,0.0,1.0,2.0,4.0,1.0,https://www.basketball-reference.com/boxscores/202103290BRK.html,11.76,0.0,0.0,17.0
