Player,Date,Team,Against,Home,MP,FG,FGA,FG%,3P,3PA,3P%,FT,FTA,FT%,ORB,DRB,TRB,AST,STL,BLK,TOV,PF,PTS,+/-,GameLink,season
Klay Thompson,2016-12-03,Golden State Warriors,Phoenix Suns,1,33.36,10.0,17.0,0.588,6.0,7.0,0.857,0.0,0.0,,1.0,4.0,5.0,3.0,2.0,1.0,2.0,1.0,26.0,24.0,https://www.basketball-reference.com/boxscores/201612030GSW.html,2016-17
Klay Thompson,2016-12-05,Golden State Warriors,Indiana Pacers,1,29.03,21.0,33.0,0.636,8.0,14.0,0.5710000000000001,10.0,11.0,0.909,0.0,2.0,2.0,1.0,0.0,0.0,0.0,0.0,60.0,37.0,https://www.basketball-reference.com/boxscores/201612050GSW.html,2016-17
Klay Thompson,2016-12-07,Golden State Warriors,Los Angeles Clippers,0,35.05,8.0,18.0,0.444,3.0,6.0,0.5,5.0,5.0,1.0,2.0,2.0,4.0,3.0,0.0,0.0,1.0,1.0,24.0,16.0,https://www.basketball-reference.com/boxscores/201612070LAC.html,2016-17
Klay Thompson,2016-12-08,Golden State Warriors,Utah Jazz,0,27.54,5.0,13.0,0.385,0.0,4.0,0.0,0.0,0.0,,2.0,4.0,6.0,2.0,0.0,0.0,3.0,4.0,10.0,17.0,https://www.basketball-reference.com/boxscores/201612080UTA.html,2016-17
Klay Thompson,2016-12-10,Golden State Warriors,Memphis Grizzlies,0,31.0,4.0,14.0,0.28600000000000003,0.0,3.0,0.0,0.0,0.0,,0.0,1.0,1.0,0.0,1.0,0.0,0.0,1.0,8.0,-23.0,https://www.basketball-reference.com/boxscores/201612100MEM.html,2016-17
Klay Thompson,2016-12-11,Golden State Warriors,Minnesota Timberwolves,0,38.57,11.0,21.0,0.524,4.0,12.0,0.333,4.0,4.0,1.0,2.0,4.0,6.0,2.0,1.0,1.0,2.0,2.0,30.0,13.0,https://www.basketball-reference.com/boxscores/201612110MIN.html,2016-17
Klay Thompson,2016-12-13,Golden State Warriors,New Orleans Pelicans,0,37.09,6.0,16.0,0.375,2.0,8.0,0.25,3.0,4.0,0.75,1.0,2.0,3.0,3.0,0.0,2.0,2.0,2.0,17.0,10.0,https://www.basketball-reference.com/boxscores/201612130NOP.html,2016-17
Klay Thompson,2016-12-15,Golden State Warriors,New York Knicks,1,32.15,10.0,17.0,0.588,4.0,10.0,0.4,1.0,1.0,1.0,2.0,3.0,5.0,4.0,1.0,0.0,2.0,2.0,25.0,17.0,https://www.basketball-reference.com/boxscores/201612150GSW.html,2016-17
Klay Thompson,2016-12-17,Golden State Warriors,Portland Trail Blazers,1,25.22,7.0,15.0,0.467,1.0,4.0,0.25,1.0,1.0,1.0,0.0,0.0,0.0,2.0,0.0,1.0,0.0,0.0,16.0,21.0,https://www.basketball-reference.com/boxscores/201612170GSW.html,2016-17
Klay Thompson,2016-12-20,Golden State Warriors,Utah Jazz,1,31.13,8.0,13.0,0.615,1.0,3.0,0.333,0.0,0.0,,0.0,5.0,5.0,1.0,1.0,0.0,1.0,0.0,17.0,32.0,https://www.basketball-reference.com/boxscores/201612200GSW.html,2016-17
Klay Thompson,2016-12-22,Golden State Warriors,Brooklyn Nets,0,35.1,9.0,24.0,0.375,5.0,10.0,0.5,0.0,0.0,,0.0,5.0,5.0,2.0,4.0,0.0,2.0,0.0,23.0,23.0,https://www.basketball-reference.com/boxscores/201612220BRK.html,2016-17
Klay Thompson,2016-12-23,Golden State Warriors,Detroit Pistons,0,37.02,6.0,14.0,0.429,3.0,8.0,0.375,2.0,2.0,1.0,0.0,3.0,3.0,2.0,1.0,0.0,3.0,0.0,17.0,15.0,https://www.basketball-reference.com/boxscores/201612230DET.html,2016-17
Klay Thompson,2016-12-25,Golden State Warriors,Cleveland Cavaliers,0,40.37,9.0,16.0,0.563,5.0,11.0,0.455,1.0,2.0,0.5,0.0,2.0,2.0,1.0,1.0,1.0,2.0,1.0,24.0,1.0,https://www.basketball-reference.com/boxscores/201612250CLE.html,2016-17
Klay Thompson,2016-12-28,Golden State Warriors,Toronto Raptors,1,34.4,8.0,18.0,0.444,5.0,7.0,0.7140000000000001,0.0,0.0,,1.0,5.0,6.0,2.0,1.0,2.0,2.0,3.0,21.0,18.0,https://www.basketball-reference.com/boxscores/201612280GSW.html,2016-17
Klay Thompson,2016-12-30,Golden State Warriors,Dallas Mavericks,1,35.42,11.0,19.0,0.579,5.0,11.0,0.455,2.0,2.0,1.0,0.0,4.0,4.0,2.0,1.0,1.0,2.0,0.0,29.0,4.0,https://www.basketball-reference.com/boxscores/201612300GSW.html,2016-17
Klay Thompson,2017-01-02,Golden State Warriors,Denver Nuggets,1,37.0,9.0,19.0,0.474,4.0,7.0,0.5710000000000001,3.0,3.0,1.0,0.0,5.0,5.0,1.0,0.0,1.0,0.0,1.0,25.0,7.0,https://www.basketball-reference.com/boxscores/201701020GSW.html,2016-17
Klay Thompson,2017-01-04,Golden State Warriors,Portland Trail Blazers,1,37.07,5.0,15.0,0.333,1.0,7.0,0.14300000000000002,3.0,3.0,1.0,0.0,3.0,3.0,1.0,3.0,2.0,2.0,3.0,14.0,3.0,https://www.basketball-reference.com/boxscores/201701040GSW.html,2016-17
Klay Thompson,2017-01-08,Golden State Warriors,Sacramento Kings,0,36.21,8.0,19.0,0.421,1.0,7.0,0.14300000000000002,1.0,2.0,0.5,1.0,5.0,6.0,2.0,0.0,0.0,5.0,3.0,18.0,18.0,https://www.basketball-reference.com/boxscores/201701080SAC.html,2016-17
Klay Thompson,2017-01-12,Golden State Warriors,Detroit Pistons,1,35.34,9.0,15.0,0.6,4.0,5.0,0.8,1.0,4.0,0.25,1.0,2.0,3.0,3.0,2.0,0.0,1.0,3.0,23.0,9.0,https://www.basketball-reference.com/boxscores/201701120GSW.html,2016-17
Klay Thompson,2017-01-16,Golden State Warriors,Cleveland Cavaliers,1,31.15,8.0,17.0,0.471,5.0,11.0,0.455,5.0,5.0,1.0,0.0,4.0,4.0,0.0,0.0,1.0,2.0,5.0,26.0,41.0,https://www.basketball-reference.com/boxscores/201701160GSW.html,2016-17
Klay Thompson,2017-01-18,Golden State Warriors,Oklahoma City Thunder,1,29.52,5.0,12.0,0.417,3.0,5.0,0.6,1.0,2.0,0.5,1.0,3.0,4.0,3.0,1.0,1.0,1.0,2.0,14.0,21.0,https://www.basketball-reference.com/boxscores/201701180GSW.html,2016-17
Klay Thompson,2017-01-20,Golden State Warriors,Houston Rockets,0,34.2,7.0,19.0,0.368,2.0,10.0,0.2,0.0,0.0,,0.0,1.0,1.0,1.0,1.0,0.0,2.0,1.0,16.0,9.0,https://www.basketball-reference.com/boxscores/201701200HOU.html,2016-17
Klay Thompson,2017-01-22,Golden State Warriors,Orlando Magic,0,33.53,7.0,14.0,0.5,7.0,9.0,0.778,0.0,0.0,,0.0,5.0,5.0,1.0,0.0,1.0,3.0,1.0,21.0,17.0,https://www.basketball-reference.com/boxscores/201701220ORL.html,2016-17
Klay Thompson,2017-01-23,Golden State Warriors,Miami Heat,0,37.09,8.0,18.0,0.444,3.0,8.0,0.375,3.0,4.0,0.75,0.0,5.0,5.0,1.0,2.0,1.0,2.0,4.0,22.0,1.0,https://www.basketball-reference.com/boxscores/201701230MIA.html,2016-17
Klay Thompson,2017-01-25,Golden State Warriors,Charlotte Hornets,0,32.18,5.0,14.0,0.35700000000000004,2.0,8.0,0.25,7.0,7.0,1.0,1.0,4.0,5.0,1.0,1.0,1.0,1.0,2.0,19.0,5.0,https://www.basketball-reference.com/boxscores/201701250CHO.html,2016-17
Klay Thompson,2017-01-28,Golden State Warriors,Los Angeles Clippers,1,26.35,7.0,11.0,0.636,2.0,3.0,0.667,0.0,1.0,0.0,0.0,1.0,1.0,1.0,1.0,0.0,2.0,1.0,16.0,22.0,https://www.basketball-reference.com/boxscores/201701280GSW.html,2016-17
Klay Thompson,2017-01-29,Golden State Warriors,Portland Trail Blazers,0,35.17,6.0,21.0,0.28600000000000003,2.0,6.0,0.333,13.0,15.0,0.867,1.0,5.0,6.0,2.0,1.0,1.0,0.0,0.0,27.0,-3.0,https://www.basketball-reference.com/boxscores/201701290POR.html,2016-17
Klay Thompson,2017-02-01,Golden State Warriors,Charlotte Hornets,1,33.2,10.0,19.0,0.526,6.0,10.0,0.6,3.0,3.0,1.0,1.0,4.0,5.0,8.0,1.0,2.0,1.0,1.0,29.0,30.0,https://www.basketball-reference.com/boxscores/201702010GSW.html,2016-17
Klay Thompson,2017-02-02,Golden State Warriors,Los Angeles Clippers,0,32.38,9.0,19.0,0.474,3.0,6.0,0.5,0.0,0.0,,3.0,4.0,7.0,2.0,0.0,0.0,2.0,2.0,21.0,15.0,https://www.basketball-reference.com/boxscores/201702020LAC.html,2016-17
Klay Thompson,2017-02-04,Sacramento Kings,Golden State Warriors,1,42.35,10.0,25.0,0.4,4.0,11.0,0.364,2.0,2.0,1.0,3.0,2.0,5.0,1.0,1.0,0.0,3.0,1.0,26.0,-11.0,https://www.basketball-reference.com/boxscores/201702040SAC.html,2016-17
Klay Thompson,2017-02-08,Golden State Warriors,Chicago Bulls,1,29.18,10.0,18.0,0.556,6.0,9.0,0.667,2.0,2.0,1.0,0.0,5.0,5.0,3.0,0.0,0.0,3.0,2.0,28.0,12.0,https://www.basketball-reference.com/boxscores/201702080GSW.html,2016-17
Klay Thompson,2017-02-10,Golden State Warriors,Memphis Grizzlies,0,38.01,13.0,23.0,0.565,8.0,15.0,0.5329999999999999,2.0,2.0,1.0,0.0,1.0,1.0,3.0,0.0,0.0,1.0,5.0,36.0,18.0,https://www.basketball-reference.com/boxscores/201702100MEM.html,2016-17
Klay Thompson,2017-02-11,Golden State Warriors,Oklahoma City Thunder,0,33.02,7.0,12.0,0.583,5.0,8.0,0.625,7.0,8.0,0.875,1.0,0.0,1.0,0.0,1.0,0.0,3.0,3.0,26.0,5.0,https://www.basketball-reference.com/boxscores/201702110OKC.html,2016-17
Klay Thompson,2017-02-13,Golden State Warriors,Denver Nuggets,0,,,,,,,,,,,,,,,,,,,,,https://www.basketball-reference.com/boxscores/201702130DEN.html,2016-17
Klay Thompson,2017-02-15,Golden State Warriors,Sacramento Kings,1,30.47,12.0,18.0,0.667,7.0,12.0,0.583,4.0,7.0,0.5710000000000001,2.0,3.0,5.0,4.0,2.0,0.0,0.0,1.0,35.0,35.0,https://www.basketball-reference.com/boxscores/201702150GSW.html,2016-17
Klay Thompson,2017-02-23,Golden State Warriors,Los Angeles Clippers,1,31.14,7.0,12.0,0.583,2.0,5.0,0.4,2.0,2.0,1.0,0.0,0.0,0.0,4.0,0.0,0.0,1.0,0.0,18.0,7.0,https://www.basketball-reference.com/boxscores/201702230GSW.html,2016-17
Klay Thompson,2017-02-25,Golden State Warriors,Brooklyn Nets,1,31.21,8.0,18.0,0.444,2.0,5.0,0.4,6.0,6.0,1.0,0.0,4.0,4.0,4.0,0.0,1.0,1.0,1.0,24.0,23.0,https://www.basketball-reference.com/boxscores/201702250GSW.html,2016-17
Klay Thompson,2017-02-27,Golden State Warriors,Philadelphia 76ers,0,36.17,7.0,17.0,0.412,3.0,9.0,0.333,4.0,4.0,1.0,1.0,2.0,3.0,2.0,2.0,0.0,2.0,1.0,21.0,6.0,https://www.basketball-reference.com/boxscores/201702270PHI.html,2016-17
Klay Thompson,2017-02-28,Golden State Warriors,Washington Wizards,0,38.22,5.0,20.0,0.25,3.0,13.0,0.231,3.0,4.0,0.75,0.0,3.0,3.0,2.0,2.0,0.0,1.0,3.0,16.0,-17.0,https://www.basketball-reference.com/boxscores/201702280WAS.html,2016-17
Klay Thompson,2017-03-02,Golden State Warriors,Chicago Bulls,0,36.55,5.0,22.0,0.227,1.0,11.0,0.091,2.0,2.0,1.0,0.0,1.0,1.0,1.0,0.0,0.0,2.0,1.0,13.0,-14.0,https://www.basketball-reference.com/boxscores/201703020CHI.html,2016-17
Klay Thompson,2017-03-05,Golden State Warriors,New York Knicks,0,37.19,8.0,21.0,0.381,4.0,9.0,0.444,9.0,9.0,1.0,2.0,2.0,4.0,1.0,1.0,0.0,1.0,1.0,29.0,-1.0,https://www.basketball-reference.com/boxscores/201703050NYK.html,2016-17
Klay Thompson,2017-03-06,Golden State Warriors,Atlanta Hawks,0,29.35,5.0,12.0,0.417,2.0,8.0,0.25,1.0,2.0,0.5,0.0,0.0,0.0,3.0,0.0,1.0,2.0,3.0,13.0,5.0,https://www.basketball-reference.com/boxscores/201703060ATL.html,2016-17
Klay Thompson,2017-03-08,Golden State Warriors,Boston Celtics,1,34.1,11.0,23.0,0.478,2.0,8.0,0.25,1.0,2.0,0.5,1.0,5.0,6.0,1.0,1.0,2.0,2.0,2.0,25.0,2.0,https://www.basketball-reference.com/boxscores/201703080GSW.html,2016-17
Klay Thompson,2017-03-10,Golden State Warriors,Minnesota Timberwolves,0,36.15,12.0,22.0,0.545,3.0,6.0,0.5,3.0,4.0,0.75,0.0,5.0,5.0,2.0,1.0,0.0,2.0,1.0,30.0,9.0,https://www.basketball-reference.com/boxscores/201703100MIN.html,2016-17
Klay Thompson,2017-03-11,Golden State Warriors,San Antonio Spurs,0,,,,,,,,,,,,,,,,,,,,,https://www.basketball-reference.com/boxscores/201703110SAS.html,2016-17
Klay Thompson,2017-03-14,Golden State Warriors,Philadelphia 76ers,1,37.3,10.0,22.0,0.455,5.0,9.0,0.556,3.0,3.0,1.0,1.0,1.0,2.0,1.0,0.0,0.0,1.0,1.0,28.0,-7.0,https://www.basketball-reference.com/boxscores/201703140GSW.html,2016-17
Klay Thompson,2017-03-16,Golden State Warriors,Orlando Magic,1,29.19,12.0,20.0,0.6,5.0,9.0,0.556,0.0,0.0,,0.0,4.0,4.0,5.0,0.0,1.0,3.0,1.0,29.0,19.0,https://www.basketball-reference.com/boxscores/201703160GSW.html,2016-17
Klay Thompson,2017-03-18,Golden State Warriors,Milwaukee Bucks,1,34.28,9.0,16.0,0.563,3.0,6.0,0.5,0.0,1.0,0.0,2.0,1.0,3.0,1.0,0.0,1.0,0.0,1.0,21.0,11.0,https://www.basketball-reference.com/boxscores/201703180GSW.html,2016-17
Klay Thompson,2017-03-20,Golden State Warriors,Oklahoma City Thunder,0,31.59,12.0,21.0,0.5710000000000001,7.0,15.0,0.467,3.0,3.0,1.0,1.0,5.0,6.0,2.0,2.0,0.0,1.0,2.0,34.0,15.0,https://www.basketball-reference.com/boxscores/201703200OKC.html,2016-17
Klay Thompson,2017-03-21,Golden State Warriors,Dallas Mavericks,0,32.09,9.0,15.0,0.6,5.0,8.0,0.625,0.0,0.0,,0.0,3.0,3.0,3.0,3.0,0.0,2.0,1.0,23.0,17.0,https://www.basketball-reference.com/boxscores/201703210DAL.html,2016-17
Klay Thompson,2017-03-24,Golden State Warriors,Sacramento Kings,1,29.49,3.0,14.0,0.214,2.0,7.0,0.28600000000000003,0.0,0.0,,0.0,4.0,4.0,0.0,0.0,1.0,1.0,2.0,8.0,-4.0,https://www.basketball-reference.com/boxscores/201703240GSW.html,2016-17
Klay Thompson,2017-03-26,Golden State Warriors,Memphis Grizzlies,1,34.46,12.0,18.0,0.667,7.0,11.0,0.636,0.0,0.0,,0.0,2.0,2.0,1.0,0.0,0.0,1.0,1.0,31.0,15.0,https://www.basketball-reference.com/boxscores/201703260GSW.html,2016-17
Klay Thompson,2017-03-28,Golden State Warriors,Houston Rockets,0,37.18,10.0,20.0,0.5,5.0,12.0,0.417,0.0,0.0,,0.0,5.0,5.0,1.0,2.0,2.0,2.0,3.0,25.0,4.0,https://www.basketball-reference.com/boxscores/201703280HOU.html,2016-17
Klay Thompson,2017-03-29,Golden State Warriors,San Antonio Spurs,0,35.08,9.0,16.0,0.563,4.0,9.0,0.444,1.0,1.0,1.0,0.0,2.0,2.0,0.0,0.0,1.0,0.0,2.0,23.0,1.0,https://www.basketball-reference.com/boxscores/201703290SAS.html,2016-17
Klay Thompson,2017-03-31,Golden State Warriors,Houston Rockets,1,36.12,8.0,20.0,0.4,4.0,9.0,0.444,0.0,0.0,,1.0,7.0,8.0,4.0,2.0,1.0,1.0,3.0,20.0,-1.0,https://www.basketball-reference.com/boxscores/201703310GSW.html,2016-17
Klay Thompson,2014-12-02,Golden State Warriors,Orlando Magic,1,35.04,8.0,16.0,0.5,4.0,8.0,0.5,0.0,0.0,,0.0,6.0,6.0,5.0,2.0,0.0,1.0,1.0,20.0,7.0,https://www.basketball-reference.com/boxscores/201412020GSW.html,2014-15
Klay Thompson,2014-12-04,Golden State Warriors,New Orleans Pelicans,1,33.01,8.0,16.0,0.5,5.0,8.0,0.625,2.0,4.0,0.5,1.0,3.0,4.0,5.0,2.0,1.0,2.0,0.0,23.0,19.0,https://www.basketball-reference.com/boxscores/201412040GSW.html,2014-15
Klay Thompson,2014-12-06,Golden State Warriors,Chicago Bulls,0,37.36,9.0,23.0,0.391,2.0,8.0,0.25,4.0,4.0,1.0,0.0,5.0,5.0,5.0,2.0,2.0,2.0,3.0,24.0,25.0,https://www.basketball-reference.com/boxscores/201412060CHI.html,2014-15
Klay Thompson,2014-12-08,Golden State Warriors,Minnesota Timberwolves,0,29.54,7.0,15.0,0.467,3.0,6.0,0.5,4.0,4.0,1.0,0.0,1.0,1.0,3.0,0.0,0.0,1.0,2.0,21.0,8.0,https://www.basketball-reference.com/boxscores/201412080MIN.html,2014-15
Klay Thompson,2014-12-10,Golden State Warriors,Houston Rockets,1,34.52,8.0,18.0,0.444,1.0,8.0,0.125,4.0,4.0,1.0,0.0,4.0,4.0,4.0,1.0,2.0,4.0,2.0,21.0,8.0,https://www.basketball-reference.com/boxscores/201412100GSW.html,2014-15
Klay Thompson,2014-12-13,Golden State Warriors,Dallas Mavericks,0,41.15,10.0,21.0,0.476,5.0,11.0,0.455,0.0,0.0,,0.0,5.0,5.0,3.0,1.0,1.0,2.0,3.0,25.0,-7.0,https://www.basketball-reference.com/boxscores/201412130DAL.html,2014-15
Klay Thompson,2014-12-14,New Orleans Pelicans,Golden State Warriors,1,41.39,10.0,22.0,0.455,2.0,7.0,0.28600000000000003,7.0,9.0,0.778,0.0,4.0,4.0,3.0,1.0,3.0,3.0,3.0,29.0,20.0,https://www.basketball-reference.com/boxscores/201412140NOP.html,2014-15
Klay Thompson,2014-12-16,Golden State Warriors,Memphis Grizzlies,0,40.2,8.0,16.0,0.5,4.0,5.0,0.8,2.0,2.0,1.0,0.0,2.0,2.0,0.0,1.0,1.0,2.0,1.0,22.0,-17.0,https://www.basketball-reference.com/boxscores/201412160MEM.html,2014-15
Klay Thompson,2014-12-18,Golden State Warriors,Oklahoma City Thunder,1,35.17,7.0,15.0,0.467,2.0,4.0,0.5,3.0,3.0,1.0,0.0,2.0,2.0,5.0,1.0,1.0,1.0,0.0,19.0,-5.0,https://www.basketball-reference.com/boxscores/201412180GSW.html,2014-15
Klay Thompson,2014-12-22,Golden State Warriors,Sacramento Kings,1,27.36,10.0,16.0,0.625,2.0,4.0,0.5,3.0,3.0,1.0,0.0,2.0,2.0,3.0,1.0,0.0,1.0,0.0,25.0,10.0,https://www.basketball-reference.com/boxscores/201412220GSW.html,2014-15
Klay Thompson,2014-12-23,Golden State Warriors,Los Angeles Lakers,0,30.06,6.0,15.0,0.4,4.0,8.0,0.5,2.0,2.0,1.0,1.0,2.0,3.0,1.0,1.0,1.0,1.0,1.0,18.0,-21.0,https://www.basketball-reference.com/boxscores/201412230LAL.html,2014-15
Klay Thompson,2014-12-25,Golden State Warriors,Los Angeles Clippers,0,36.35,6.0,18.0,0.333,2.0,10.0,0.2,1.0,2.0,0.5,0.0,3.0,3.0,3.0,2.0,1.0,3.0,2.0,15.0,-9.0,https://www.basketball-reference.com/boxscores/201412250LAC.html,2014-15
Klay Thompson,2014-12-27,Golden State Warriors,Minnesota Timberwolves,1,24.25,8.0,15.0,0.5329999999999999,4.0,9.0,0.444,1.0,2.0,0.5,0.0,5.0,5.0,4.0,1.0,0.0,2.0,2.0,21.0,15.0,https://www.basketball-reference.com/boxscores/201412270GSW.html,2014-15
Klay Thompson,2014-12-30,Golden State Warriors,Philadelphia 76ers,1,23.44,6.0,14.0,0.429,2.0,8.0,0.25,0.0,0.0,,0.0,3.0,3.0,3.0,1.0,0.0,4.0,2.0,14.0,14.0,https://www.basketball-reference.com/boxscores/201412300GSW.html,2014-15
Klay Thompson,2015-01-02,Golden State Warriors,Toronto Raptors,1,28.37,8.0,13.0,0.615,4.0,6.0,0.667,0.0,0.0,,0.0,2.0,2.0,1.0,2.0,3.0,3.0,4.0,20.0,19.0,https://www.basketball-reference.com/boxscores/201501020GSW.html,2014-15
Klay Thompson,2015-01-05,Golden State Warriors,Oklahoma City Thunder,1,18.49,6.0,12.0,0.5,3.0,5.0,0.6,4.0,5.0,0.8,0.0,3.0,3.0,0.0,1.0,1.0,3.0,4.0,19.0,10.0,https://www.basketball-reference.com/boxscores/201501050GSW.html,2014-15
Klay Thompson,2015-01-07,Golden State Warriors,Indiana Pacers,1,40.02,14.0,25.0,0.56,6.0,11.0,0.545,6.0,6.0,1.0,0.0,4.0,4.0,3.0,1.0,1.0,2.0,1.0,40.0,20.0,https://www.basketball-reference.com/boxscores/201501070GSW.html,2014-15
Klay Thompson,2015-01-09,Golden State Warriors,Cleveland Cavaliers,1,29.38,8.0,17.0,0.471,4.0,10.0,0.4,4.0,4.0,1.0,1.0,3.0,4.0,2.0,2.0,1.0,1.0,3.0,24.0,8.0,https://www.basketball-reference.com/boxscores/201501090GSW.html,2014-15
Klay Thompson,2015-01-13,Golden State Warriors,Utah Jazz,0,26.43,5.0,8.0,0.625,2.0,2.0,1.0,0.0,0.0,,0.0,4.0,4.0,3.0,0.0,0.0,1.0,1.0,12.0,12.0,https://www.basketball-reference.com/boxscores/201501130UTA.html,2014-15
Klay Thompson,2015-01-14,Golden State Warriors,Miami Heat,1,32.39,7.0,17.0,0.412,3.0,9.0,0.333,2.0,2.0,1.0,0.0,4.0,4.0,1.0,1.0,2.0,1.0,1.0,19.0,3.0,https://www.basketball-reference.com/boxscores/201501140GSW.html,2014-15
Klay Thompson,2015-01-16,Golden State Warriors,Oklahoma City Thunder,0,33.15,12.0,22.0,0.545,3.0,6.0,0.5,5.0,6.0,0.833,2.0,2.0,4.0,4.0,0.0,0.0,3.0,1.0,32.0,-14.0,https://www.basketball-reference.com/boxscores/201501160OKC.html,2014-15
Klay Thompson,2015-01-17,Golden State Warriors,Houston Rockets,0,30.48,9.0,15.0,0.6,3.0,5.0,0.6,6.0,9.0,0.667,0.0,5.0,5.0,2.0,1.0,5.0,1.0,0.0,27.0,18.0,https://www.basketball-reference.com/boxscores/201501170HOU.html,2014-15
Klay Thompson,2015-01-19,Golden State Warriors,Denver Nuggets,1,23.17,7.0,13.0,0.5379999999999999,4.0,8.0,0.5,4.0,4.0,1.0,0.0,3.0,3.0,3.0,1.0,0.0,0.0,0.0,22.0,20.0,https://www.basketball-reference.com/boxscores/201501190GSW.html,2014-15
Klay Thompson,2015-01-21,Golden State Warriors,Houston Rockets,1,31.16,10.0,21.0,0.476,3.0,8.0,0.375,4.0,4.0,1.0,3.0,0.0,3.0,5.0,4.0,0.0,0.0,2.0,27.0,29.0,https://www.basketball-reference.com/boxscores/201501210GSW.html,2014-15
Klay Thompson,2015-01-23,Golden State Warriors,Sacramento Kings,1,32.49,16.0,25.0,0.64,11.0,15.0,0.733,9.0,10.0,0.9,0.0,2.0,2.0,5.0,4.0,2.0,4.0,3.0,52.0,38.0,https://www.basketball-reference.com/boxscores/201501230GSW.html,2014-15
Klay Thompson,2015-01-25,Golden State Warriors,Boston Celtics,1,32.05,11.0,19.0,0.579,3.0,7.0,0.429,6.0,8.0,0.75,1.0,1.0,2.0,1.0,0.0,0.0,1.0,4.0,31.0,1.0,https://www.basketball-reference.com/boxscores/201501250GSW.html,2014-15
Klay Thompson,2015-01-30,Golden State Warriors,Utah Jazz,0,31.11,5.0,10.0,0.5,0.0,3.0,0.0,2.0,2.0,1.0,0.0,2.0,2.0,0.0,0.0,0.0,1.0,2.0,12.0,-14.0,https://www.basketball-reference.com/boxscores/201501300UTA.html,2014-15
Klay Thompson,2015-01-31,Golden State Warriors,Phoenix Suns,1,32.43,9.0,17.0,0.529,3.0,9.0,0.333,1.0,1.0,1.0,0.0,3.0,3.0,4.0,0.0,2.0,5.0,2.0,22.0,19.0,https://www.basketball-reference.com/boxscores/201501310GSW.html,2014-15
Klay Thompson,2015-02-03,Golden State Warriors,Sacramento Kings,0,23.46,6.0,12.0,0.5,2.0,5.0,0.4,0.0,0.0,,0.0,1.0,1.0,1.0,1.0,0.0,2.0,0.0,14.0,-2.0,https://www.basketball-reference.com/boxscores/201502030SAC.html,2014-15
Klay Thompson,2015-02-04,Golden State Warriors,Dallas Mavericks,1,33.58,7.0,17.0,0.412,4.0,10.0,0.4,0.0,0.0,,0.0,0.0,0.0,5.0,2.0,0.0,3.0,0.0,18.0,8.0,https://www.basketball-reference.com/boxscores/201502040GSW.html,2014-15
Klay Thompson,2015-02-06,Golden State Warriors,Atlanta Hawks,0,36.16,11.0,20.0,0.55,4.0,8.0,0.5,3.0,4.0,0.75,0.0,4.0,4.0,5.0,2.0,1.0,3.0,2.0,29.0,2.0,https://www.basketball-reference.com/boxscores/201502060ATL.html,2014-15
Klay Thompson,2015-02-07,Golden State Warriors,New York Knicks,0,38.25,5.0,22.0,0.227,2.0,6.0,0.333,4.0,4.0,1.0,1.0,3.0,4.0,2.0,0.0,0.0,2.0,0.0,16.0,13.0,https://www.basketball-reference.com/boxscores/201502070NYK.html,2014-15
Klay Thompson,2015-02-09,Golden State Warriors,Philadelphia 76ers,0,29.09,4.0,14.0,0.28600000000000003,1.0,6.0,0.16699999999999998,4.0,4.0,1.0,0.0,2.0,2.0,3.0,1.0,0.0,3.0,1.0,13.0,1.0,https://www.basketball-reference.com/boxscores/201502090PHI.html,2014-15
Klay Thompson,2015-02-11,Golden State Warriors,Minnesota Timberwolves,0,29.38,5.0,14.0,0.35700000000000004,3.0,7.0,0.429,1.0,2.0,0.5,0.0,2.0,2.0,0.0,0.0,2.0,3.0,0.0,14.0,-4.0,https://www.basketball-reference.com/boxscores/201502110MIN.html,2014-15
Klay Thompson,2015-02-20,Golden State Warriors,San Antonio Spurs,1,32.48,7.0,17.0,0.412,3.0,7.0,0.429,3.0,4.0,0.75,0.0,3.0,3.0,3.0,0.0,0.0,3.0,1.0,20.0,7.0,https://www.basketball-reference.com/boxscores/201502200GSW.html,2014-15
Klay Thompson,2015-02-22,Golden State Warriors,Indiana Pacers,0,37.27,12.0,28.0,0.429,5.0,13.0,0.385,10.0,10.0,1.0,0.0,3.0,3.0,0.0,0.0,0.0,2.0,1.0,39.0,4.0,https://www.basketball-reference.com/boxscores/201502220IND.html,2014-15
Klay Thompson,2015-02-24,Golden State Warriors,Washington Wizards,0,34.34,7.0,13.0,0.5379999999999999,1.0,2.0,0.5,2.0,2.0,1.0,0.0,1.0,1.0,4.0,5.0,0.0,3.0,2.0,17.0,1.0,https://www.basketball-reference.com/boxscores/201502240WAS.html,2014-15
Klay Thompson,2015-02-26,Golden State Warriors,Cleveland Cavaliers,0,33.38,5.0,13.0,0.385,3.0,5.0,0.6,0.0,0.0,,1.0,6.0,7.0,4.0,0.0,3.0,3.0,1.0,13.0,-4.0,https://www.basketball-reference.com/boxscores/201502260CLE.html,2014-15
Klay Thompson,2015-02-27,Golden State Warriors,Toronto Raptors,0,28.13,9.0,18.0,0.5,5.0,8.0,0.625,2.0,2.0,1.0,0.0,1.0,1.0,5.0,1.0,1.0,0.0,2.0,25.0,44.0,https://www.basketball-reference.com/boxscores/201502270TOR.html,2014-15
Klay Thompson,2015-03-01,Golden State Warriors,Boston Celtics,0,38.17,9.0,23.0,0.391,2.0,10.0,0.2,0.0,0.0,,0.0,5.0,5.0,2.0,1.0,1.0,0.0,2.0,20.0,17.0,https://www.basketball-reference.com/boxscores/201503010BOS.html,2014-15
Klay Thompson,2015-03-02,Golden State Warriors,Brooklyn Nets,0,31.23,3.0,17.0,0.17600000000000002,1.0,9.0,0.111,0.0,0.0,,0.0,4.0,4.0,5.0,1.0,0.0,1.0,0.0,7.0,-9.0,https://www.basketball-reference.com/boxscores/201503020BRK.html,2014-15
Klay Thompson,2015-03-04,Golden State Warriors,Milwaukee Bucks,1,36.08,5.0,16.0,0.313,3.0,8.0,0.375,4.0,4.0,1.0,0.0,0.0,0.0,5.0,3.0,0.0,1.0,3.0,17.0,5.0,https://www.basketball-reference.com/boxscores/201503040GSW.html,2014-15
Klay Thompson,2015-03-06,Golden State Warriors,Dallas Mavericks,1,30.58,5.0,14.0,0.35700000000000004,2.0,5.0,0.4,4.0,5.0,0.8,0.0,1.0,1.0,2.0,0.0,1.0,4.0,2.0,16.0,23.0,https://www.basketball-reference.com/boxscores/201503060GSW.html,2014-15
Klay Thompson,2015-03-08,Golden State Warriors,Los Angeles Clippers,1,29.38,9.0,13.0,0.6920000000000001,3.0,5.0,0.6,0.0,0.0,,0.0,1.0,1.0,2.0,0.0,1.0,2.0,1.0,21.0,21.0,https://www.basketball-reference.com/boxscores/201503080GSW.html,2014-15
Klay Thompson,2015-03-09,Golden State Warriors,Phoenix Suns,0,30.39,8.0,19.0,0.421,4.0,8.0,0.5,5.0,5.0,1.0,0.0,2.0,2.0,3.0,0.0,1.0,2.0,1.0,25.0,17.0,https://www.basketball-reference.com/boxscores/201503090PHO.html,2014-15
Klay Thompson,2015-03-11,Golden State Warriors,Detroit Pistons,1,34.52,11.0,19.0,0.579,3.0,6.0,0.5,2.0,2.0,1.0,0.0,2.0,2.0,3.0,1.0,1.0,2.0,1.0,27.0,11.0,https://www.basketball-reference.com/boxscores/201503110GSW.html,2014-15
Klay Thompson,2015-03-13,Golden State Warriors,Denver Nuggets,0,,,,,,,,,,,,,,,,,,,,,https://www.basketball-reference.com/boxscores/201503130DEN.html,2014-15
Klay Thompson,2015-03-14,Golden State Warriors,New York Knicks,1,25.34,9.0,17.0,0.529,6.0,10.0,0.6,3.0,3.0,1.0,0.0,2.0,2.0,2.0,0.0,0.0,0.0,1.0,27.0,30.0,https://www.basketball-reference.com/boxscores/201503140GSW.html,2014-15
Klay Thompson,2015-03-16,Golden State Warriors,Los Angeles Lakers,1,34.53,10.0,22.0,0.455,3.0,9.0,0.333,3.0,3.0,1.0,0.0,3.0,3.0,1.0,0.0,1.0,0.0,3.0,26.0,-1.0,https://www.basketball-reference.com/boxscores/201503160GSW.html,2014-15
Klay Thompson,2015-03-23,Golden State Warriors,Washington Wizards,1,17.45,3.0,9.0,0.333,0.0,5.0,0.0,2.0,2.0,1.0,0.0,1.0,1.0,3.0,1.0,0.0,1.0,0.0,8.0,3.0,https://www.basketball-reference.com/boxscores/201503230GSW.html,2014-15
Klay Thompson,2015-03-24,Golden State Warriors,Portland Trail Blazers,0,25.12,6.0,13.0,0.462,1.0,3.0,0.333,3.0,3.0,1.0,0.0,2.0,2.0,2.0,1.0,1.0,0.0,1.0,16.0,5.0,https://www.basketball-reference.com/boxscores/201503240POR.html,2014-15
Klay Thompson,2015-03-27,Golden State Warriors,Memphis Grizzlies,0,26.44,10.0,17.0,0.588,6.0,9.0,0.667,2.0,2.0,1.0,0.0,2.0,2.0,1.0,1.0,0.0,0.0,2.0,28.0,14.0,https://www.basketball-reference.com/boxscores/201503270MEM.html,2014-15
Klay Thompson,2015-03-28,Golden State Warriors,Milwaukee Bucks,0,34.04,8.0,17.0,0.471,3.0,8.0,0.375,2.0,2.0,1.0,1.0,4.0,5.0,4.0,2.0,1.0,2.0,3.0,21.0,30.0,https://www.basketball-reference.com/boxscores/201503280MIL.html,2014-15
Klay Thompson,2015-03-31,Golden State Warriors,Los Angeles Clippers,0,34.14,8.0,21.0,0.381,3.0,7.0,0.429,6.0,7.0,0.857,2.0,6.0,8.0,4.0,1.0,0.0,1.0,2.0,25.0,2.0,https://www.basketball-reference.com/boxscores/201503310LAC.html,2014-15
Klay Thompson,2012-12-01,Golden State Warriors,Indiana Pacers,1,43.16,8.0,23.0,0.348,4.0,10.0,0.4,2.0,2.0,1.0,2.0,5.0,7.0,0.0,0.0,1.0,3.0,1.0,22.0,4.0,https://www.basketball-reference.com/boxscores/201212010GSW.html,2012-13
Klay Thompson,2012-12-03,Golden State Warriors,Orlando Magic,1,30.26,3.0,12.0,0.25,2.0,6.0,0.333,0.0,0.0,,0.0,2.0,2.0,4.0,0.0,0.0,1.0,4.0,8.0,7.0,https://www.basketball-reference.com/boxscores/201212030GSW.html,2012-13
Klay Thompson,2012-12-05,Golden State Warriors,Detroit Pistons,0,38.15,9.0,13.0,0.6920000000000001,5.0,8.0,0.625,4.0,4.0,1.0,0.0,4.0,4.0,1.0,2.0,1.0,0.0,1.0,27.0,9.0,https://www.basketball-reference.com/boxscores/201212050DET.html,2012-13
Klay Thompson,2012-12-07,Golden State Warriors,Brooklyn Nets,0,36.19,5.0,11.0,0.455,3.0,7.0,0.429,0.0,0.0,,1.0,4.0,5.0,2.0,2.0,0.0,1.0,4.0,13.0,2.0,https://www.basketball-reference.com/boxscores/201212070BRK.html,2012-13
Klay Thompson,2012-12-08,Golden State Warriors,Washington Wizards,0,38.47,8.0,14.0,0.5710000000000001,5.0,9.0,0.556,2.0,2.0,1.0,1.0,5.0,6.0,5.0,0.0,2.0,3.0,2.0,23.0,5.0,https://www.basketball-reference.com/boxscores/201212080WAS.html,2012-13
Klay Thompson,2012-12-10,Golden State Warriors,Charlotte Bobcats,0,36.12,4.0,7.0,0.5710000000000001,2.0,5.0,0.4,0.0,0.0,,1.0,1.0,2.0,6.0,0.0,1.0,1.0,4.0,10.0,1.0,https://www.basketball-reference.com/boxscores/201212100CHA.html,2012-13
Klay Thompson,2012-12-12,Golden State Warriors,Miami Heat,0,43.58,11.0,22.0,0.5,5.0,14.0,0.35700000000000004,0.0,0.0,,0.0,7.0,7.0,4.0,2.0,1.0,3.0,1.0,27.0,0.0,https://www.basketball-reference.com/boxscores/201212120MIA.html,2012-13
Klay Thompson,2012-12-14,Golden State Warriors,Orlando Magic,0,32.57,3.0,13.0,0.231,3.0,8.0,0.375,0.0,0.0,,2.0,2.0,4.0,4.0,2.0,1.0,1.0,2.0,9.0,-7.0,https://www.basketball-reference.com/boxscores/201212140ORL.html,2012-13
Klay Thompson,2012-12-15,Golden State Warriors,Atlanta Hawks,0,22.41,3.0,9.0,0.333,1.0,3.0,0.333,0.0,0.0,,0.0,4.0,4.0,1.0,0.0,0.0,1.0,5.0,7.0,16.0,https://www.basketball-reference.com/boxscores/201212150ATL.html,2012-13
Klay Thompson,2012-12-18,Golden State Warriors,New Orleans Hornets,1,35.1,5.0,15.0,0.333,3.0,8.0,0.375,6.0,6.0,1.0,0.0,4.0,4.0,2.0,3.0,0.0,1.0,2.0,19.0,8.0,https://www.basketball-reference.com/boxscores/201212180GSW.html,2012-13
Klay Thompson,2012-12-19,Golden State Warriors,Sacramento Kings,0,36.27,3.0,9.0,0.333,3.0,6.0,0.5,2.0,2.0,1.0,0.0,5.0,5.0,5.0,2.0,1.0,0.0,3.0,11.0,0.0,https://www.basketball-reference.com/boxscores/201212190SAC.html,2012-13
Klay Thompson,2012-12-21,Golden State Warriors,Charlotte Bobc,1,29.03,7.0,15.0,0.467,4.0,8.0,0.5,2.0,2.0,1.0,0.0,3.0,3.0,1.0,1.0,0.0,1.0,5.0,20.0,10.0,https://www.basketball-reference.com/boxscores/201212210GSW.html,2012-13
Klay Thompson,2012-12-26,Golden State Warriors,Utah Jazz,0,31.34,5.0,13.0,0.385,2.0,3.0,0.667,3.0,3.0,1.0,0.0,1.0,1.0,2.0,3.0,0.0,0.0,2.0,15.0,18.0,https://www.basketball-reference.com/boxscores/201212260UTA.html,2012-13
Klay Thompson,2012-12-28,Golden State Warriors,Philadelphia 76ers,1,38.58,5.0,14.0,0.35700000000000004,4.0,7.0,0.5710000000000001,0.0,0.0,,0.0,1.0,1.0,3.0,2.0,1.0,2.0,2.0,14.0,5.0,https://www.basketball-reference.com/boxscores/201212280GSW.html,2012-13
Klay Thompson,2012-12-29,Golden State Warriors,Boston Celtics,1,26.12,4.0,9.0,0.444,3.0,6.0,0.5,2.0,2.0,1.0,0.0,6.0,6.0,1.0,1.0,2.0,0.0,3.0,13.0,4.0,https://www.basketball-reference.com/boxscores/201212290GSW.html,2012-13
Klay Thompson,2013-01-02,Golden State Warriors,Los Angeles Clippers,1,35.16,7.0,14.0,0.5,5.0,9.0,0.556,0.0,0.0,,1.0,2.0,3.0,3.0,1.0,0.0,4.0,4.0,19.0,22.0,https://www.basketball-reference.com/boxscores/201301020GSW.html,2012-13
Klay Thompson,2013-01-05,Golden State Warriors,Los Angeles Clippers,0,30.2,4.0,10.0,0.4,3.0,7.0,0.429,3.0,4.0,0.75,0.0,1.0,1.0,2.0,0.0,2.0,1.0,1.0,14.0,-28.0,https://www.basketball-reference.com/boxscores/201301050LAC.html,2012-13
Klay Thompson,2013-01-09,Golden State Warriors,Memphis Grizzlies,1,42.27,6.0,13.0,0.462,2.0,6.0,0.333,6.0,6.0,1.0,2.0,5.0,7.0,7.0,1.0,0.0,1.0,3.0,20.0,3.0,https://www.basketball-reference.com/boxscores/201301090GSW.html,2012-13
Klay Thompson,2013-01-11,Golden State Warriors,Portland Trail Blazers,1,36.5,6.0,14.0,0.429,2.0,5.0,0.4,2.0,2.0,1.0,0.0,4.0,4.0,2.0,1.0,0.0,5.0,5.0,16.0,14.0,https://www.basketball-reference.com/boxscores/201301110GSW.html,2012-13
Klay Thompson,2013-01-13,Golden State Warriors,Denver Nuggets,0,39.16,6.0,16.0,0.375,1.0,7.0,0.14300000000000002,0.0,0.0,,0.0,6.0,6.0,3.0,0.0,1.0,5.0,3.0,13.0,-7.0,https://www.basketball-reference.com/boxscores/201301130DEN.html,2012-13
Klay Thompson,2013-01-16,Golden State Warriors,Miami Heat,1,28.35,1.0,8.0,0.125,0.0,4.0,0.0,0.0,0.0,,0.0,2.0,2.0,3.0,0.0,0.0,4.0,3.0,2.0,-19.0,https://www.basketball-reference.com/boxscores/201301160GSW.html,2012-13
Klay Thompson,2013-01-18,Golden State Warriors,San Antonio Spurs,0,39.1,7.0,20.0,0.35,4.0,11.0,0.364,3.0,3.0,1.0,0.0,3.0,3.0,3.0,2.0,0.0,2.0,1.0,21.0,-6.0,https://www.basketball-reference.com/boxscores/201301180SAS.html,2012-13
Klay Thompson,2013-01-19,Golden State Warriors,New Orleans Hornets,0,38.25,11.0,16.0,0.688,5.0,7.0,0.7140000000000001,2.0,2.0,1.0,0.0,3.0,3.0,1.0,1.0,0.0,2.0,1.0,29.0,1.0,https://www.basketball-reference.com/boxscores/201301190NOH.html,2012-13
Klay Thompson,2013-01-21,Golden State Warriors,Los Angeles Clippers,1,38.43,6.0,13.0,0.462,3.0,8.0,0.375,3.0,3.0,1.0,0.0,2.0,2.0,1.0,1.0,0.0,2.0,0.0,18.0,8.0,https://www.basketball-reference.com/boxscores/201301210GSW.html,2012-13
Klay Thompson,2013-01-23,Golden State Warriors,Oklahoma City Thunder,1,29.56,6.0,11.0,0.545,3.0,6.0,0.5,4.0,4.0,1.0,0.0,1.0,1.0,2.0,0.0,0.0,1.0,6.0,19.0,13.0,https://www.basketball-reference.com/boxscores/201301230GSW.html,2012-13
Klay Thompson,2013-01-25,Golden State Warriors,Chicago Bulls,0,32.4,4.0,13.0,0.308,0.0,4.0,0.0,5.0,5.0,1.0,0.0,8.0,8.0,1.0,2.0,1.0,0.0,3.0,13.0,-7.0,https://www.basketball-reference.com/boxscores/201301250CHI.html,2012-13
Klay Thompson,2013-01-26,Golden State Warriors,Milwaukee Bucks,0,38.36,8.0,21.0,0.381,3.0,11.0,0.273,0.0,0.0,,0.0,3.0,3.0,1.0,2.0,0.0,1.0,3.0,19.0,-3.0,https://www.basketball-reference.com/boxscores/201301260MIL.html,2012-13
Klay Thompson,2013-01-28,Golden State Warriors,Toronto Raptors,0,35.13,7.0,16.0,0.438,3.0,7.0,0.429,2.0,2.0,1.0,1.0,6.0,7.0,1.0,2.0,0.0,3.0,2.0,19.0,12.0,https://www.basketball-reference.com/boxscores/201301280TOR.html,2012-13
Klay Thompson,2013-01-29,Golden State Warriors,Cleveland Cavaliers,0,43.05,13.0,24.0,0.542,6.0,8.0,0.75,0.0,0.0,,0.0,7.0,7.0,2.0,0.0,3.0,3.0,2.0,32.0,17.0,https://www.basketball-reference.com/boxscores/201301290CLE.html,2012-13
Klay Thompson,2013-01-31,Golden State Warriors,Dallas Mavericks,1,34.56,11.0,18.0,0.611,3.0,7.0,0.429,2.0,4.0,0.5,0.0,1.0,1.0,0.0,1.0,0.0,0.0,5.0,27.0,-6.0,https://www.basketball-reference.com/boxscores/201301310GSW.html,2012-13
Klay Thompson,2013-02-02,Golden State Warriors,Phoenix Suns,1,34.5,6.0,14.0,0.429,2.0,5.0,0.4,3.0,3.0,1.0,0.0,7.0,7.0,7.0,1.0,0.0,0.0,3.0,17.0,24.0,https://www.basketball-reference.com/boxscores/201302020GSW.html,2012-13
Klay Thompson,2013-02-05,Golden State Warriors,Houston Rockets,0,19.59,3.0,5.0,0.6,0.0,1.0,0.0,0.0,0.0,,0.0,1.0,1.0,1.0,1.0,0.0,2.0,4.0,6.0,-20.0,https://www.basketball-reference.com/boxscores/201302050HOU.html,2012-13
Klay Thompson,2013-02-06,Golden State Warriors,Oklahoma City Thunder,0,33.39,8.0,16.0,0.5,3.0,6.0,0.5,0.0,0.0,,0.0,3.0,3.0,2.0,1.0,0.0,2.0,3.0,19.0,-10.0,https://www.basketball-reference.com/boxscores/201302060OKC.html,2012-13
Klay Thompson,2013-02-08,Golden State Warriors,Memphis Grizzlies,0,35.48,4.0,13.0,0.308,1.0,4.0,0.25,0.0,0.0,,0.0,2.0,2.0,1.0,2.0,2.0,6.0,1.0,9.0,-5.0,https://www.basketball-reference.com/boxscores/201302080MEM.html,2012-13
Klay Thompson,2013-02-09,Golden State Warriors,Dallas Mavericks,0,34.33,4.0,14.0,0.28600000000000003,3.0,7.0,0.429,0.0,0.0,,1.0,2.0,3.0,0.0,1.0,0.0,2.0,3.0,11.0,-23.0,https://www.basketball-reference.com/boxscores/201302090DAL.html,2012-13
Klay Thompson,2013-02-12,Golden State Warriors,Houston Rockets,1,39.11,9.0,21.0,0.429,1.0,5.0,0.2,3.0,5.0,0.6,1.0,2.0,3.0,1.0,1.0,1.0,3.0,2.0,22.0,-14.0,https://www.basketball-reference.com/boxscores/201302120GSW.html,2012-13
Klay Thompson,2013-02-19,Golden State Warriors,Utah Jazz,0,34.26,6.0,11.0,0.545,0.0,2.0,0.0,3.0,4.0,0.75,2.0,5.0,7.0,0.0,0.0,0.0,1.0,0.0,15.0,-20.0,https://www.basketball-reference.com/boxscores/201302190UTA.html,2012-13
Klay Thompson,2013-02-20,Golden State Warriors,Phoenix Suns,1,43.5,10.0,18.0,0.556,4.0,8.0,0.5,4.0,4.0,1.0,0.0,8.0,8.0,4.0,0.0,1.0,2.0,2.0,28.0,8.0,https://www.basketball-reference.com/boxscores/201302200GSW.html,2012-13
Klay Thompson,2013-02-24,Golden State Warriors,Minnesota Timberwolves,0,33.44,4.0,13.0,0.308,1.0,3.0,0.333,1.0,2.0,0.5,1.0,2.0,3.0,0.0,2.0,0.0,2.0,6.0,10.0,-1.0,https://www.basketball-reference.com/boxscores/201302240MIN.html,2012-13
Klay Thompson,2013-02-26,Golden State Warriors,Indiana Pacers,0,35.19,5.0,14.0,0.35700000000000004,3.0,6.0,0.5,0.0,0.0,,2.0,2.0,4.0,2.0,2.0,0.0,0.0,0.0,13.0,-24.0,https://www.basketball-reference.com/boxscores/201302260IND.html,2012-13
Klay Thompson,2013-02-27,Golden State Warriors,New York Knicks,0,35.56,3.0,13.0,0.231,0.0,6.0,0.0,0.0,0.0,,1.0,3.0,4.0,0.0,1.0,1.0,0.0,5.0,6.0,-5.0,https://www.basketball-reference.com/boxscores/201302270NYK.html,2012-13
Klay Thompson,2013-03-01,Golden State Warriors,Boston Celtics,0,40.5,7.0,19.0,0.368,1.0,7.0,0.14300000000000002,0.0,0.0,,0.0,9.0,9.0,4.0,0.0,1.0,2.0,5.0,15.0,2.0,https://www.basketball-reference.com/boxscores/201303010BOS.html,2012-13
Klay Thompson,2013-03-02,Golden State Warriors,Philadelphia 76ers,0,37.46,11.0,18.0,0.611,7.0,12.0,0.583,0.0,0.0,,1.0,2.0,3.0,2.0,3.0,0.0,4.0,4.0,29.0,-6.0,https://www.basketball-reference.com/boxscores/201303020PHI.html,2012-13
Klay Thompson,2013-03-04,Golden State Warriors,Toronto Raptors,1,27.58,8.0,11.0,0.727,4.0,5.0,0.8,2.0,2.0,1.0,0.0,1.0,1.0,4.0,0.0,1.0,2.0,6.0,22.0,9.0,https://www.basketball-reference.com/boxscores/201303040GSW.html,2012-13
Klay Thompson,2013-03-06,Golden State Warriors,Sacramento Kings,1,37.16,6.0,17.0,0.353,4.0,10.0,0.4,4.0,4.0,1.0,0.0,5.0,5.0,2.0,0.0,0.0,2.0,1.0,20.0,9.0,https://www.basketball-reference.com/boxscores/201303060GSW.html,2012-13
Klay Thompson,2013-03-08,Golden State Warriors,Houston Rockets,1,43.0,9.0,20.0,0.45,4.0,6.0,0.667,0.0,0.0,,0.0,5.0,5.0,3.0,0.0,2.0,2.0,3.0,22.0,-11.0,https://www.basketball-reference.com/boxscores/201303080GSW.html,2012-13
Klay Thompson,2013-03-09,Golden State Warriors,Milwaukee Bucks,1,39.07,7.0,17.0,0.412,2.0,5.0,0.4,2.0,2.0,1.0,0.0,3.0,3.0,2.0,1.0,0.0,1.0,2.0,18.0,-10.0,https://www.basketball-reference.com/boxscores/201303090GSW.html,2012-13
Klay Thompson,2013-03-11,Golden State Warriors,New York Knicks,1,34.36,9.0,18.0,0.5,4.0,7.0,0.5710000000000001,1.0,2.0,0.5,1.0,4.0,5.0,1.0,3.0,1.0,0.0,4.0,23.0,26.0,https://www.basketball-reference.com/boxscores/201303110GSW.html,2012-13
Klay Thompson,2013-03-13,Golden State Warriors,Detroit Pistons,1,42.32,4.0,15.0,0.267,1.0,6.0,0.16699999999999998,1.0,2.0,0.5,0.0,3.0,3.0,1.0,1.0,1.0,1.0,2.0,10.0,20.0,https://www.basketball-reference.com/boxscores/201303130GSW.html,2012-13
Klay Thompson,2013-03-15,Golden State Warriors,Chicago Bulls,1,31.59,3.0,9.0,0.333,0.0,4.0,0.0,1.0,2.0,0.5,0.0,1.0,1.0,3.0,1.0,0.0,2.0,0.0,7.0,-34.0,https://www.basketball-reference.com/boxscores/201303150GSW.html,2012-13
Klay Thompson,2013-03-17,Golden State Warriors,Houston Rockets,0,42.09,10.0,18.0,0.556,6.0,9.0,0.667,0.0,0.0,,0.0,4.0,4.0,0.0,1.0,0.0,4.0,3.0,26.0,19.0,https://www.basketball-reference.com/boxscores/201303170HOU.html,2012-13
Klay Thompson,2013-03-18,Golden State Warriors,New Orleans Hornets,0,33.13,5.0,15.0,0.333,3.0,6.0,0.5,0.0,0.0,,0.0,5.0,5.0,1.0,1.0,0.0,4.0,3.0,13.0,16.0,https://www.basketball-reference.com/boxscores/201303180NOH.html,2012-13
Klay Thompson,2013-03-20,Golden State Warriors,San Antonio Spurs,0,34.02,3.0,8.0,0.375,1.0,1.0,1.0,2.0,2.0,1.0,1.0,2.0,3.0,0.0,1.0,1.0,2.0,2.0,9.0,-12.0,https://www.basketball-reference.com/boxscores/201303200SAS.html,2012-13
Klay Thompson,2013-03-23,Golden State Warriors,Washington Wizards,1,37.53,7.0,16.0,0.438,3.0,7.0,0.429,1.0,2.0,0.5,0.0,0.0,0.0,2.0,0.0,0.0,3.0,2.0,18.0,16.0,https://www.basketball-reference.com/boxscores/201303230GSW.html,2012-13
Klay Thompson,2013-03-25,Golden State Warriors,Los Angeles Lakers,1,41.2,8.0,18.0,0.444,6.0,11.0,0.545,0.0,0.0,,0.0,4.0,4.0,3.0,2.0,1.0,1.0,4.0,22.0,6.0,https://www.basketball-reference.com/boxscores/201303250GSW.html,2012-13
Klay Thompson,2013-03-27,Golden State Warriors,Sacramento Kings,1,34.13,1.0,13.0,0.077,1.0,8.0,0.125,1.0,1.0,1.0,0.0,3.0,3.0,4.0,0.0,0.0,2.0,5.0,4.0,-2.0,https://www.basketball-reference.com/boxscores/201303270GSW.html,2012-13
Klay Thompson,2013-03-30,Golden State Warriors,Portland Trail Blazers,1,26.18,1.0,6.0,0.16699999999999998,1.0,4.0,0.25,3.0,4.0,0.75,0.0,4.0,4.0,1.0,1.0,0.0,0.0,3.0,6.0,17.0,https://www.basketball-reference.com/boxscores/201303300GSW.html,2012-13
Klay Thompson,2017-12-01,Golden State Warriors,Orlando Magic,0,35.18,11.0,14.0,0.7859999999999999,3.0,4.0,0.75,2.0,2.0,1.0,0.0,3.0,3.0,5.0,0.0,0.0,0.0,1.0,27.0,18.0,https://www.basketball-reference.com/boxscores/201712010ORL.html,2017-18
Klay Thompson,2017-12-03,Golden State Warriors,Miami Heat,0,31.05,8.0,15.0,0.5329999999999999,2.0,7.0,0.28600000000000003,1.0,2.0,0.5,1.0,4.0,5.0,4.0,0.0,0.0,1.0,1.0,19.0,33.0,https://www.basketball-reference.com/boxscores/201712030MIA.html,2017-18
Klay Thompson,2017-12-04,Golden State Warriors,New Orleans Pelicans,0,37.01,8.0,13.0,0.615,4.0,5.0,0.8,2.0,3.0,0.667,0.0,3.0,3.0,1.0,1.0,0.0,0.0,0.0,22.0,11.0,https://www.basketball-reference.com/boxscores/201712040NOP.html,2017-18
Klay Thompson,2017-12-06,Golden State Warriors,Charlotte Hornets,0,36.17,9.0,14.0,0.643,4.0,7.0,0.5710000000000001,0.0,0.0,,0.0,4.0,4.0,3.0,0.0,0.0,3.0,0.0,22.0,18.0,https://www.basketball-reference.com/boxscores/201712060CHO.html,2017-18
Klay Thompson,2017-12-08,Golden State Warriors,Detroit Pistons,0,35.43,8.0,18.0,0.444,2.0,9.0,0.222,3.0,3.0,1.0,0.0,4.0,4.0,5.0,1.0,0.0,3.0,2.0,21.0,5.0,https://www.basketball-reference.com/boxscores/201712080DET.html,2017-18
Klay Thompson,2017-12-11,Golden State Warriors,Portland Trail Blazers,1,37.11,9.0,21.0,0.429,4.0,10.0,0.4,2.0,2.0,1.0,1.0,2.0,3.0,3.0,1.0,0.0,4.0,3.0,24.0,5.0,https://www.basketball-reference.com/boxscores/201712110GSW.html,2017-18
Klay Thompson,2017-12-14,Golden State Warriors,Dallas Mavericks,1,36.42,10.0,18.0,0.556,5.0,5.0,1.0,0.0,0.0,,0.0,5.0,5.0,0.0,0.0,0.0,4.0,1.0,25.0,20.0,https://www.basketball-reference.com/boxscores/201712140GSW.html,2017-18
Klay Thompson,2017-12-18,Los Angeles Lakers,Golden State Warriors,1,42.15,6.0,24.0,0.25,4.0,13.0,0.308,1.0,2.0,0.5,2.0,8.0,10.0,2.0,0.0,0.0,2.0,3.0,17.0,-10.0,https://www.basketball-reference.com/boxscores/201712180LAL.html,2017-18
Klay Thompson,2017-12-20,Golden State Warriors,Memphis Grizzlies,1,37.12,10.0,16.0,0.625,3.0,4.0,0.75,6.0,6.0,1.0,0.0,2.0,2.0,5.0,2.0,0.0,3.0,0.0,29.0,17.0,https://www.basketball-reference.com/boxscores/201712200GSW.html,2017-18
Klay Thompson,2017-12-22,Golden State Warriors,Los Angeles Lakers,1,34.21,7.0,18.0,0.389,2.0,9.0,0.222,0.0,0.0,,0.0,1.0,1.0,1.0,1.0,2.0,2.0,1.0,16.0,6.0,https://www.basketball-reference.com/boxscores/201712220GSW.html,2017-18
Klay Thompson,2017-12-23,Golden State Warriors,Denver Nuggets,1,34.08,6.0,21.0,0.28600000000000003,1.0,10.0,0.1,2.0,2.0,1.0,1.0,4.0,5.0,4.0,3.0,0.0,3.0,0.0,15.0,-7.0,https://www.basketball-reference.com/boxscores/201712230GSW.html,2017-18
Klay Thompson,2017-12-25,Golden State Warriors,Cleveland Cavaliers,1,35.43,8.0,15.0,0.5329999999999999,4.0,7.0,0.5710000000000001,4.0,4.0,1.0,0.0,6.0,6.0,2.0,0.0,0.0,0.0,1.0,24.0,2.0,https://www.basketball-reference.com/boxscores/201712250GSW.html,2017-18
Klay Thompson,2017-12-27,Golden State Warriors,Utah Jazz,1,30.16,5.0,12.0,0.417,3.0,5.0,0.6,2.0,2.0,1.0,0.0,0.0,0.0,1.0,0.0,1.0,2.0,1.0,15.0,14.0,https://www.basketball-reference.com/boxscores/201712270GSW.html,2017-18
Klay Thompson,2017-12-29,Golden State Warriors,Charlotte Hornets,1,36.11,10.0,20.0,0.5,3.0,7.0,0.429,1.0,2.0,0.5,0.0,3.0,3.0,2.0,0.0,0.0,2.0,3.0,24.0,-6.0,https://www.basketball-reference.com/boxscores/201712290GSW.html,2017-18
Klay Thompson,2017-12-30,Golden State Warriors,Memphis Grizzlies,1,34.23,8.0,19.0,0.421,5.0,11.0,0.455,0.0,0.0,,0.0,0.0,0.0,5.0,0.0,0.0,3.0,1.0,21.0,12.0,https://www.basketball-reference.com/boxscores/201712300GSW.html,2017-18
Klay Thompson,2018-01-03,Golden State Warriors,Dallas Mavericks,0,36.27,11.0,19.0,0.579,3.0,6.0,0.5,0.0,0.0,,1.0,4.0,5.0,4.0,2.0,1.0,1.0,1.0,25.0,1.0,https://www.basketball-reference.com/boxscores/201801030DAL.html,2017-18
Klay Thompson,2018-01-04,Golden State Warriors,Houston Rockets,0,37.34,11.0,20.0,0.55,6.0,9.0,0.667,0.0,0.0,,0.0,3.0,3.0,4.0,0.0,0.0,1.0,2.0,28.0,14.0,https://www.basketball-reference.com/boxscores/201801040HOU.html,2017-18
Klay Thompson,2018-01-06,Golden State Warriors,Los Angeles Clippers,0,25.34,4.0,16.0,0.25,2.0,8.0,0.25,0.0,0.0,,3.0,1.0,4.0,3.0,1.0,1.0,2.0,2.0,10.0,22.0,https://www.basketball-reference.com/boxscores/201801060LAC.html,2017-18
Klay Thompson,2018-01-08,Golden State Warriors,Denver Nuggets,1,35.26,8.0,17.0,0.471,3.0,6.0,0.5,0.0,0.0,,1.0,4.0,5.0,1.0,0.0,2.0,0.0,0.0,19.0,10.0,https://www.basketball-reference.com/boxscores/201801080GSW.html,2017-18
Klay Thompson,2018-01-12,Golden State Warriors,Milwaukee Bucks,0,35.23,4.0,10.0,0.4,0.0,2.0,0.0,4.0,4.0,1.0,0.0,5.0,5.0,2.0,0.0,0.0,3.0,3.0,12.0,20.0,https://www.basketball-reference.com/boxscores/201801120MIL.html,2017-18
Klay Thompson,2018-01-13,Golden State Warriors,Toronto Raptors,0,38.31,11.0,16.0,0.688,2.0,5.0,0.4,2.0,2.0,1.0,0.0,4.0,4.0,0.0,1.0,1.0,0.0,2.0,26.0,-11.0,https://www.basketball-reference.com/boxscores/201801130TOR.html,2017-18
Klay Thompson,2018-01-15,Golden State Warriors,Cleveland Cavaliers,0,34.41,7.0,12.0,0.583,3.0,6.0,0.5,0.0,0.0,,0.0,4.0,4.0,2.0,1.0,1.0,2.0,2.0,17.0,10.0,https://www.basketball-reference.com/boxscores/201801150CLE.html,2017-18
Klay Thompson,2018-01-17,Golden State Warriors,Chicago Bulls,0,37.1,12.0,22.0,0.545,7.0,13.0,0.5379999999999999,7.0,9.0,0.778,0.0,4.0,4.0,2.0,0.0,1.0,3.0,0.0,38.0,14.0,https://www.basketball-reference.com/boxscores/201801170CHI.html,2017-18
Klay Thompson,2018-01-20,Golden State Warriors,Houston Rockets,0,36.32,3.0,11.0,0.273,2.0,5.0,0.4,0.0,0.0,,0.0,1.0,1.0,1.0,2.0,0.0,1.0,3.0,8.0,0.0,https://www.basketball-reference.com/boxscores/201801200HOU.html,2017-18
Klay Thompson,2018-01-23,Golden State Warriors,New York Knicks,1,34.08,4.0,10.0,0.4,0.0,3.0,0.0,1.0,2.0,0.5,0.0,2.0,2.0,4.0,0.0,0.0,0.0,2.0,9.0,25.0,https://www.basketball-reference.com/boxscores/201801230GSW.html,2017-18
Klay Thompson,2018-01-25,Golden State Warriors,Minnesota Timberwolves,1,35.3,9.0,13.0,0.6920000000000001,7.0,9.0,0.778,0.0,0.0,,0.0,5.0,5.0,3.0,1.0,1.0,3.0,1.0,25.0,4.0,https://www.basketball-reference.com/boxscores/201801250GSW.html,2017-18
Klay Thompson,2018-01-27,Golden State Warriors,Boston Celtics,1,36.24,3.0,12.0,0.25,0.0,4.0,0.0,1.0,1.0,1.0,0.0,4.0,4.0,3.0,1.0,2.0,1.0,1.0,7.0,6.0,https://www.basketball-reference.com/boxscores/201801270GSW.html,2017-18
Klay Thompson,2018-01-30,Golden State Warriors,Utah Jazz,0,30.4,12.0,17.0,0.706,3.0,5.0,0.6,0.0,0.0,,1.0,5.0,6.0,3.0,2.0,0.0,3.0,3.0,27.0,-19.0,https://www.basketball-reference.com/boxscores/201801300UTA.html,2017-18
Klay Thompson,2018-02-02,Golden State Warriors,Sacramento Kings,0,35.19,8.0,12.0,0.667,4.0,8.0,0.5,0.0,1.0,0.0,0.0,6.0,6.0,3.0,0.0,0.0,1.0,2.0,20.0,15.0,https://www.basketball-reference.com/boxscores/201802020SAC.html,2017-18
Klay Thompson,2018-02-03,Golden State Warriors,Denver Nuggets,0,36.26,7.0,15.0,0.467,2.0,7.0,0.28600000000000003,0.0,0.0,,0.0,1.0,1.0,5.0,2.0,0.0,0.0,0.0,16.0,-7.0,https://www.basketball-reference.com/boxscores/201802030DEN.html,2017-18
Klay Thompson,2018-02-06,Golden State Warriors,Oklahoma City Thunder,1,31.12,5.0,13.0,0.385,2.0,6.0,0.333,0.0,0.0,,0.0,4.0,4.0,2.0,1.0,0.0,3.0,3.0,12.0,-17.0,https://www.basketball-reference.com/boxscores/201802060GSW.html,2017-18
Klay Thompson,2018-02-08,Golden State Warriors,Dallas Mavericks,1,34.14,8.0,15.0,0.5329999999999999,2.0,6.0,0.333,0.0,0.0,,1.0,4.0,5.0,4.0,0.0,0.0,3.0,1.0,18.0,18.0,https://www.basketball-reference.com/boxscores/201802080GSW.html,2017-18
Klay Thompson,2018-02-10,Golden State Warriors,San Antonio Spurs,1,34.13,10.0,14.0,0.7140000000000001,5.0,6.0,0.833,0.0,0.0,,0.0,3.0,3.0,0.0,0.0,0.0,3.0,1.0,25.0,16.0,https://www.basketball-reference.com/boxscores/201802100GSW.html,2017-18
Klay Thompson,2018-02-12,Golden State Warriors,Phoenix Suns,1,22.41,7.0,12.0,0.583,2.0,4.0,0.5,0.0,0.0,,0.0,0.0,0.0,1.0,0.0,1.0,2.0,1.0,16.0,12.0,https://www.basketball-reference.com/boxscores/201802120GSW.html,2017-18
Klay Thompson,2018-02-14,Golden State Warriors,Portland Trail Blazers,0,38.03,6.0,15.0,0.4,3.0,7.0,0.429,2.0,2.0,1.0,1.0,3.0,4.0,2.0,0.0,0.0,1.0,2.0,17.0,-2.0,https://www.basketball-reference.com/boxscores/201802140POR.html,2017-18
Klay Thompson,2018-02-22,Golden State Warriors,Los Angeles Clippers,1,36.08,8.0,16.0,0.5,2.0,5.0,0.4,1.0,2.0,0.5,0.0,2.0,2.0,1.0,0.0,1.0,2.0,4.0,19.0,14.0,https://www.basketball-reference.com/boxscores/201802220GSW.html,2017-18
Klay Thompson,2018-02-24,Golden State Warriors,Oklahoma City Thunder,1,30.33,5.0,16.0,0.313,1.0,11.0,0.091,0.0,2.0,0.0,1.0,3.0,4.0,2.0,1.0,0.0,0.0,0.0,11.0,10.0,https://www.basketball-reference.com/boxscores/201802240GSW.html,2017-18
Klay Thompson,2018-02-26,Golden State Warriors,New York Knicks,0,33.21,9.0,13.0,0.6920000000000001,4.0,6.0,0.667,4.0,4.0,1.0,0.0,4.0,4.0,5.0,1.0,0.0,1.0,1.0,26.0,22.0,https://www.basketball-reference.com/boxscores/201802260NYK.html,2017-18
Klay Thompson,2018-02-28,Golden State Warriors,Washington Wizards,0,36.44,5.0,11.0,0.455,3.0,6.0,0.5,0.0,0.0,,1.0,2.0,3.0,0.0,2.0,0.0,0.0,0.0,13.0,-10.0,https://www.basketball-reference.com/boxscores/201802280WAS.html,2017-18
Klay Thompson,2018-03-02,Golden State Warriors,Atlanta Hawks,0,35.54,6.0,9.0,0.667,2.0,4.0,0.5,1.0,2.0,0.5,0.0,4.0,4.0,3.0,1.0,1.0,2.0,5.0,15.0,-2.0,https://www.basketball-reference.com/boxscores/201803020ATL.html,2017-18
Klay Thompson,2018-03-06,Golden State Warriors,Brooklyn Nets,1,38.06,8.0,15.0,0.5329999999999999,2.0,5.0,0.4,0.0,0.0,,0.0,5.0,5.0,5.0,1.0,0.0,2.0,1.0,18.0,8.0,https://www.basketball-reference.com/boxscores/201803060GSW.html,2017-18
Klay Thompson,2018-03-08,Golden State Warriors,San Antonio Spurs,1,36.27,5.0,16.0,0.313,1.0,5.0,0.2,2.0,2.0,1.0,0.0,2.0,2.0,6.0,0.0,0.0,0.0,0.0,13.0,19.0,https://www.basketball-reference.com/boxscores/201803080GSW.html,2017-18
Klay Thompson,2018-03-09,Golden State Warriors,Portland Trail Blazers,0,35.5,9.0,19.0,0.474,4.0,7.0,0.5710000000000001,3.0,4.0,0.75,0.0,2.0,2.0,3.0,1.0,0.0,3.0,3.0,25.0,-15.0,https://www.basketball-reference.com/boxscores/201803090POR.html,2017-18
Klay Thompson,2018-03-11,Golden State Warriors,Minnesota Timberwolves,0,39.56,8.0,22.0,0.364,3.0,12.0,0.25,2.0,2.0,1.0,0.0,4.0,4.0,5.0,0.0,0.0,4.0,0.0,21.0,-11.0,https://www.basketball-reference.com/boxscores/201803110MIN.html,2017-18
Klay Thompson,2018-03-31,Golden State Warriors,Sacramento Kings,0,32.07,10.0,19.0,0.526,3.0,7.0,0.429,2.0,3.0,0.667,1.0,1.0,2.0,1.0,1.0,0.0,4.0,3.0,25.0,3.0,https://www.basketball-reference.com/boxscores/201803310SAC.html,2017-18
Klay Thompson,2015-12-02,Golden State Warriors,Charlotte Hornets,0,29.06,8.0,18.0,0.444,4.0,10.0,0.4,1.0,2.0,0.5,0.0,3.0,3.0,0.0,1.0,1.0,2.0,3.0,21.0,9.0,https://www.basketball-reference.com/boxscores/201512020CHO.html,2015-16
Klay Thompson,2015-12-05,Golden State Warriors,Toronto Raptors,0,35.26,7.0,15.0,0.467,6.0,9.0,0.667,6.0,6.0,1.0,0.0,4.0,4.0,1.0,0.0,0.0,2.0,4.0,26.0,12.0,https://www.basketball-reference.com/boxscores/201512050TOR.html,2015-16
Klay Thompson,2015-12-06,Golden State Warriors,Brooklyn Nets,0,32.11,8.0,18.0,0.444,3.0,10.0,0.3,2.0,2.0,1.0,0.0,3.0,3.0,3.0,1.0,2.0,1.0,1.0,21.0,6.0,https://www.basketball-reference.com/boxscores/201512060BRK.html,2015-16
Klay Thompson,2015-12-08,Golden State Warriors,Indiana Pacers,0,34.28,13.0,21.0,0.619,10.0,16.0,0.625,3.0,3.0,1.0,1.0,6.0,7.0,6.0,0.0,1.0,4.0,2.0,39.0,19.0,https://www.basketball-reference.com/boxscores/201512080IND.html,2015-16
Klay Thompson,2015-12-11,Boston Celtics,Golden State Warriors,1,,,,,,,,,,,,,,,,,,,,,https://www.basketball-reference.com/boxscores/201512110BOS.html,2015-16
Klay Thompson,2015-12-12,Golden State Warriors,Milwaukee Bucks,0,30.27,4.0,14.0,0.28600000000000003,2.0,7.0,0.28600000000000003,2.0,4.0,0.5,1.0,1.0,2.0,3.0,1.0,0.0,2.0,4.0,12.0,-5.0,https://www.basketball-reference.com/boxscores/201512120MIL.html,2015-16
Klay Thompson,2015-12-16,Golden State Warriors,Phoenix Suns,1,30.32,15.0,22.0,0.682,8.0,13.0,0.615,5.0,5.0,1.0,0.0,3.0,3.0,2.0,1.0,0.0,1.0,0.0,43.0,37.0,https://www.basketball-reference.com/boxscores/201512160GSW.html,2015-16
Klay Thompson,2015-12-18,Golden State Warriors,Milwaukee Bucks,1,36.47,8.0,16.0,0.5,2.0,9.0,0.222,9.0,10.0,0.9,0.0,3.0,3.0,2.0,1.0,3.0,1.0,2.0,27.0,22.0,https://www.basketball-reference.com/boxscores/201512180GSW.html,2015-16
Klay Thompson,2015-12-23,Golden State Warriors,Utah Jazz,1,34.26,6.0,16.0,0.375,3.0,7.0,0.429,5.0,5.0,1.0,0.0,2.0,2.0,1.0,0.0,0.0,1.0,0.0,20.0,15.0,https://www.basketball-reference.com/boxscores/201512230GSW.html,2015-16
Klay Thompson,2015-12-25,Golden State Warriors,Cleveland Cavaliers,1,35.59,6.0,16.0,0.375,1.0,4.0,0.25,5.0,6.0,0.833,2.0,4.0,6.0,1.0,0.0,1.0,1.0,1.0,18.0,2.0,https://www.basketball-reference.com/boxscores/201512250GSW.html,2015-16
Klay Thompson,2015-12-28,Golden State Warriors,Sacramento Kings,1,36.59,10.0,22.0,0.455,5.0,12.0,0.417,4.0,6.0,0.667,1.0,4.0,5.0,2.0,1.0,1.0,4.0,3.0,29.0,23.0,https://www.basketball-reference.com/boxscores/201512280GSW.html,2015-16
Klay Thompson,2015-12-30,Golden State Warriors,Dallas Mavericks,0,33.57,4.0,15.0,0.267,1.0,4.0,0.25,1.0,2.0,0.5,0.0,1.0,1.0,2.0,0.0,0.0,2.0,1.0,10.0,-11.0,https://www.basketball-reference.com/boxscores/201512300DAL.html,2015-16
Klay Thompson,2015-12-31,Golden State Warriors,Houston Rockets,0,40.0,16.0,27.0,0.593,6.0,11.0,0.545,0.0,3.0,0.0,2.0,5.0,7.0,0.0,0.0,1.0,4.0,5.0,38.0,10.0,https://www.basketball-reference.com/boxscores/201512310HOU.html,2015-16
Klay Thompson,2016-01-04,Golden State Warriors,Charlotte Hornets,1,37.21,11.0,23.0,0.478,6.0,11.0,0.545,2.0,2.0,1.0,0.0,5.0,5.0,3.0,0.0,1.0,2.0,2.0,30.0,14.0,https://www.basketball-reference.com/boxscores/201601040GSW.html,2015-16
Klay Thompson,2016-01-05,Golden State Warriors,Los Angeles Lakers,0,34.25,12.0,22.0,0.545,6.0,13.0,0.462,6.0,6.0,1.0,0.0,2.0,2.0,1.0,0.0,1.0,1.0,1.0,36.0,29.0,https://www.basketball-reference.com/boxscores/201601050LAL.html,2015-16
Klay Thompson,2016-01-08,Golden State Warriors,Portland Trail Blazers,0,32.21,13.0,22.0,0.591,7.0,10.0,0.7,3.0,4.0,0.75,0.0,6.0,6.0,5.0,0.0,0.0,0.0,1.0,36.0,27.0,https://www.basketball-reference.com/boxscores/201601080POR.html,2015-16
Klay Thompson,2016-01-09,Golden State Warriors,Sacramento Kings,0,34.37,7.0,17.0,0.412,1.0,7.0,0.14300000000000002,0.0,0.0,,0.0,4.0,4.0,6.0,0.0,1.0,2.0,1.0,15.0,17.0,https://www.basketball-reference.com/boxscores/201601090SAC.html,2015-16
Klay Thompson,2016-01-11,Golden State Warriors,Miami Heat,1,34.33,6.0,15.0,0.4,2.0,4.0,0.5,3.0,3.0,1.0,1.0,6.0,7.0,2.0,2.0,0.0,3.0,2.0,17.0,-3.0,https://www.basketball-reference.com/boxscores/201601110GSW.html,2015-16
Klay Thompson,2016-01-13,Golden State Warriors,Denver Nuggets,0,36.34,7.0,13.0,0.5379999999999999,2.0,5.0,0.4,1.0,2.0,0.5,1.0,3.0,4.0,3.0,0.0,0.0,2.0,2.0,17.0,4.0,https://www.basketball-reference.com/boxscores/201601130DEN.html,2015-16
Klay Thompson,2016-01-14,Golden State Warriors,Los Angeles Lakers,1,27.08,4.0,14.0,0.28600000000000003,2.0,5.0,0.4,2.0,2.0,1.0,1.0,2.0,3.0,1.0,0.0,1.0,1.0,2.0,12.0,10.0,https://www.basketball-reference.com/boxscores/201601140GSW.html,2015-16
Klay Thompson,2016-01-16,Golden State Warriors,Detroit Pistons,0,32.02,8.0,18.0,0.444,1.0,5.0,0.2,7.0,8.0,0.875,1.0,5.0,6.0,1.0,0.0,0.0,2.0,1.0,24.0,-4.0,https://www.basketball-reference.com/boxscores/201601160DET.html,2015-16
Klay Thompson,2016-01-18,Golden State Warriors,Cleveland Cavaliers,0,25.5,5.0,11.0,0.455,1.0,5.0,0.2,4.0,4.0,1.0,0.0,1.0,1.0,2.0,1.0,0.0,1.0,3.0,15.0,27.0,https://www.basketball-reference.com/boxscores/201601180CLE.html,2015-16
Klay Thompson,2016-01-20,Golden State Warriors,Chicago Bulls,0,32.07,7.0,18.0,0.389,3.0,8.0,0.375,3.0,4.0,0.75,0.0,5.0,5.0,1.0,0.0,3.0,0.0,2.0,20.0,12.0,https://www.basketball-reference.com/boxscores/201601200CHI.html,2015-16
Klay Thompson,2016-01-22,Golden State Warriors,Indiana Pacers,1,34.52,6.0,16.0,0.375,4.0,10.0,0.4,2.0,2.0,1.0,1.0,2.0,3.0,5.0,0.0,0.0,3.0,0.0,18.0,18.0,https://www.basketball-reference.com/boxscores/201601220GSW.html,2015-16
Klay Thompson,2016-01-25,Golden State Warriors,San Antonio Spurs,1,25.26,4.0,10.0,0.4,0.0,3.0,0.0,3.0,3.0,1.0,0.0,4.0,4.0,1.0,0.0,0.0,2.0,3.0,11.0,22.0,https://www.basketball-reference.com/boxscores/201601250GSW.html,2015-16
Klay Thompson,2016-01-27,Golden State Warriors,Dallas Mavericks,1,31.33,14.0,20.0,0.7,7.0,12.0,0.583,10.0,10.0,1.0,0.0,5.0,5.0,1.0,0.0,2.0,1.0,1.0,45.0,14.0,https://www.basketball-reference.com/boxscores/201601270GSW.html,2015-16
Klay Thompson,2016-01-30,Golden State Warriors,Philadelphia 76ers,0,32.53,14.0,26.0,0.5379999999999999,4.0,10.0,0.4,0.0,0.0,,0.0,2.0,2.0,3.0,0.0,0.0,5.0,1.0,32.0,13.0,https://www.basketball-reference.com/boxscores/201601300PHI.html,2015-16
Klay Thompson,2016-01-31,Golden State Warriors,New York Knicks,0,32.05,14.0,18.0,0.778,5.0,6.0,0.833,1.0,1.0,1.0,0.0,1.0,1.0,2.0,1.0,0.0,3.0,5.0,34.0,24.0,https://www.basketball-reference.com/boxscores/201601310NYK.html,2015-16
Klay Thompson,2016-02-03,Golden State Warriors,Washington Wizards,0,33.09,8.0,19.0,0.421,6.0,13.0,0.462,2.0,2.0,1.0,0.0,4.0,4.0,0.0,1.0,0.0,1.0,1.0,24.0,16.0,https://www.basketball-reference.com/boxscores/201602030WAS.html,2015-16
Klay Thompson,2016-02-06,Golden State Warriors,Oklahoma City Thunder,1,34.16,8.0,15.0,0.5329999999999999,1.0,6.0,0.16699999999999998,1.0,1.0,1.0,0.0,4.0,4.0,0.0,0.0,0.0,2.0,3.0,18.0,2.0,https://www.basketball-reference.com/boxscores/201602060GSW.html,2015-16
Klay Thompson,2016-02-09,Golden State Warriors,Houston Rockets,1,34.51,5.0,19.0,0.263,0.0,7.0,0.0,3.0,4.0,0.75,0.0,2.0,2.0,3.0,0.0,0.0,2.0,2.0,13.0,4.0,https://www.basketball-reference.com/boxscores/201602090GSW.html,2015-16
Klay Thompson,2016-02-10,Golden State Warriors,Phoenix Suns,0,33.16,8.0,20.0,0.4,5.0,13.0,0.385,3.0,3.0,1.0,0.0,3.0,3.0,1.0,5.0,0.0,2.0,2.0,24.0,15.0,https://www.basketball-reference.com/boxscores/201602100PHO.html,2015-16
Klay Thompson,2016-02-19,Golden State Warriors,Portland Trail Blazers,0,28.28,8.0,16.0,0.5,2.0,5.0,0.4,5.0,6.0,0.833,0.0,3.0,3.0,1.0,1.0,0.0,1.0,1.0,23.0,2.0,https://www.basketball-reference.com/boxscores/201602190POR.html,2015-16
Klay Thompson,2016-02-20,Golden State Warriors,Los Angeles Clippers,0,39.31,11.0,22.0,0.5,4.0,9.0,0.444,6.0,6.0,1.0,0.0,7.0,7.0,3.0,3.0,0.0,0.0,1.0,32.0,16.0,https://www.basketball-reference.com/boxscores/201602200LAC.html,2015-16
Klay Thompson,2016-02-22,Golden State Warriors,Atlanta Hawks,0,36.51,10.0,23.0,0.435,5.0,14.0,0.35700000000000004,2.0,2.0,1.0,0.0,2.0,2.0,3.0,3.0,0.0,1.0,3.0,27.0,16.0,https://www.basketball-reference.com/boxscores/201602220ATL.html,2015-16
Klay Thompson,2016-02-24,Golden State Warriors,Miami Heat,0,33.54,13.0,25.0,0.52,4.0,8.0,0.5,3.0,3.0,1.0,0.0,3.0,3.0,0.0,4.0,0.0,1.0,2.0,33.0,9.0,https://www.basketball-reference.com/boxscores/201602240MIA.html,2015-16
Klay Thompson,2016-02-25,Golden State Warriors,Orlando Magic,0,29.08,4.0,10.0,0.4,1.0,5.0,0.2,0.0,0.0,,0.0,2.0,2.0,1.0,0.0,1.0,1.0,1.0,9.0,5.0,https://www.basketball-reference.com/boxscores/201602250ORL.html,2015-16
Klay Thompson,2016-02-27,Oklahoma City Thunder,Golden State Warriors,1,39.26,12.0,23.0,0.522,2.0,9.0,0.222,6.0,7.0,0.857,0.0,3.0,3.0,1.0,2.0,1.0,1.0,3.0,32.0,-1.0,https://www.basketball-reference.com/boxscores/201602270OKC.html,2015-16
Klay Thompson,2016-03-03,Golden State Warriors,Oklahoma City Thunder,1,34.29,10.0,19.0,0.526,1.0,7.0,0.14300000000000002,0.0,0.0,,0.0,2.0,2.0,3.0,2.0,0.0,2.0,1.0,21.0,6.0,https://www.basketball-reference.com/boxscores/201603030GSW.html,2015-16
Klay Thompson,2016-03-06,Golden State Warriors,Los Angeles Lakers,0,29.35,7.0,20.0,0.35,0.0,8.0,0.0,1.0,1.0,1.0,1.0,3.0,4.0,2.0,2.0,0.0,1.0,0.0,15.0,-9.0,https://www.basketball-reference.com/boxscores/201603060LAL.html,2015-16
Klay Thompson,2016-03-07,Golden State Warriors,Orlando Magic,1,36.19,11.0,23.0,0.478,5.0,11.0,0.455,0.0,0.0,,1.0,5.0,6.0,0.0,1.0,0.0,2.0,4.0,27.0,-9.0,https://www.basketball-reference.com/boxscores/201603070GSW.html,2015-16
Klay Thompson,2016-03-09,Golden State Warriors,Utah Jazz,1,30.09,9.0,14.0,0.643,5.0,8.0,0.625,0.0,0.0,,0.0,1.0,1.0,1.0,1.0,0.0,1.0,0.0,23.0,14.0,https://www.basketball-reference.com/boxscores/201603090GSW.html,2015-16
Klay Thompson,2016-03-11,Golden State Warriors,Portland Trail Blazers,1,31.37,13.0,22.0,0.591,8.0,11.0,0.727,3.0,3.0,1.0,3.0,2.0,5.0,0.0,0.0,0.0,0.0,1.0,37.0,34.0,https://www.basketball-reference.com/boxscores/201603110GSW.html,2015-16
Klay Thompson,2016-03-12,Golden State Warriors,Phoenix Suns,1,37.17,6.0,17.0,0.353,3.0,8.0,0.375,5.0,5.0,1.0,1.0,5.0,6.0,3.0,1.0,0.0,0.0,4.0,20.0,-14.0,https://www.basketball-reference.com/boxscores/201603120GSW.html,2015-16
Klay Thompson,2016-03-14,Golden State Warriors,New Orleans Pelicans,1,26.07,7.0,11.0,0.636,2.0,4.0,0.5,2.0,2.0,1.0,0.0,2.0,2.0,0.0,0.0,1.0,4.0,0.0,18.0,16.0,https://www.basketball-reference.com/boxscores/201603140GSW.html,2015-16
Klay Thompson,2016-03-16,Golden State Warriors,New York Knicks,1,26.02,7.0,17.0,0.412,5.0,9.0,0.556,0.0,0.0,,3.0,4.0,7.0,0.0,0.0,1.0,1.0,0.0,19.0,11.0,https://www.basketball-reference.com/boxscores/201603160GSW.html,2015-16
Klay Thompson,2016-03-18,Golden State Warriors,Dallas Mavericks,0,33.5,14.0,22.0,0.636,10.0,15.0,0.667,1.0,1.0,1.0,0.0,6.0,6.0,2.0,2.0,1.0,3.0,3.0,39.0,2.0,https://www.basketball-reference.com/boxscores/201603180DAL.html,2015-16
Klay Thompson,2016-03-19,Golden State Warriors,San Antonio Spurs,0,38.12,7.0,20.0,0.35,1.0,7.0,0.14300000000000002,0.0,0.0,,0.0,5.0,5.0,1.0,1.0,1.0,2.0,2.0,15.0,-6.0,https://www.basketball-reference.com/boxscores/201603190SAS.html,2015-16
Klay Thompson,2016-03-21,Golden State Warriors,Minnesota Timberwolves,0,30.02,5.0,14.0,0.35700000000000004,5.0,5.0,1.0,2.0,2.0,1.0,0.0,5.0,5.0,2.0,1.0,0.0,2.0,2.0,17.0,3.0,https://www.basketball-reference.com/boxscores/201603210MIN.html,2015-16
Klay Thompson,2016-03-23,Golden State Warriors,Los Angeles Clippers,1,36.25,12.0,21.0,0.5710000000000001,7.0,10.0,0.7,1.0,1.0,1.0,0.0,4.0,4.0,3.0,1.0,0.0,3.0,2.0,32.0,23.0,https://www.basketball-reference.com/boxscores/201603230GSW.html,2015-16
Klay Thompson,2016-03-25,Golden State Warriors,Dallas Mavericks,1,35.0,13.0,25.0,0.52,9.0,16.0,0.563,5.0,6.0,0.833,1.0,4.0,5.0,1.0,1.0,1.0,1.0,1.0,40.0,12.0,https://www.basketball-reference.com/boxscores/201603250GSW.html,2015-16
Klay Thompson,2016-03-27,Golden State Warriors,Philadelphia 76ers,1,38.28,15.0,27.0,0.556,7.0,14.0,0.5,3.0,3.0,1.0,2.0,0.0,2.0,0.0,0.0,1.0,2.0,0.0,40.0,13.0,https://www.basketball-reference.com/boxscores/201603270GSW.html,2015-16
Klay Thompson,2016-03-29,Golden State Warriors,Washington Wizards,1,31.38,7.0,19.0,0.368,2.0,8.0,0.25,0.0,0.0,,0.0,4.0,4.0,1.0,1.0,1.0,2.0,3.0,16.0,5.0,https://www.basketball-reference.com/boxscores/201603290GSW.html,2015-16
Klay Thompson,2016-03-30,Utah Jazz,Golden State Warriors,1,38.5,6.0,15.0,0.4,3.0,8.0,0.375,3.0,4.0,0.75,0.0,4.0,4.0,1.0,0.0,0.0,0.0,1.0,18.0,10.0,https://www.basketball-reference.com/boxscores/201603300UTA.html,2015-16
Klay Thompson,2018-12-01,Golden State Warriors,Detroit Pistons,0,35.52,10.0,20.0,0.5,1.0,5.0,0.2,0.0,0.0,,0.0,8.0,8.0,1.0,2.0,0.0,1.0,1.0,21.0,3.0,https://www.basketball-reference.com/boxscores/201812010DET.html,2018-19
Klay Thompson,2018-12-03,Golden State Warriors,Atlanta Hawks,0,32.01,10.0,20.0,0.5,3.0,5.0,0.6,4.0,4.0,1.0,0.0,8.0,8.0,2.0,1.0,0.0,2.0,0.0,27.0,24.0,https://www.basketball-reference.com/boxscores/201812030ATL.html,2018-19
Klay Thompson,2018-12-05,Golden State Warriors,Cleveland Cavaliers,0,31.49,5.0,15.0,0.333,2.0,6.0,0.333,4.0,5.0,0.8,0.0,4.0,4.0,2.0,0.0,1.0,1.0,1.0,16.0,1.0,https://www.basketball-reference.com/boxscores/201812050CLE.html,2018-19
Klay Thompson,2018-12-07,Golden State Warriors,Milwaukee Bucks,0,34.44,8.0,16.0,0.5,4.0,9.0,0.444,0.0,0.0,,0.0,5.0,5.0,6.0,4.0,2.0,3.0,2.0,20.0,2.0,https://www.basketball-reference.com/boxscores/201812070MIL.html,2018-19
Klay Thompson,2018-12-10,Golden State Warriors,Minnesota Timberwolves,1,36.31,8.0,22.0,0.364,4.0,7.0,0.5710000000000001,6.0,6.0,1.0,0.0,2.0,2.0,1.0,1.0,1.0,4.0,0.0,26.0,7.0,https://www.basketball-reference.com/boxscores/201812100GSW.html,2018-19
Klay Thompson,2018-12-12,Golden State Warriors,Toronto Raptors,1,34.07,7.0,17.0,0.412,0.0,5.0,0.0,0.0,0.0,,0.0,3.0,3.0,2.0,1.0,0.0,0.0,1.0,14.0,-20.0,https://www.basketball-reference.com/boxscores/201812120GSW.html,2018-19
Klay Thompson,2018-12-14,Golden State Warriors,Sacramento Kings,0,37.44,10.0,27.0,0.37,4.0,12.0,0.333,3.0,4.0,0.75,1.0,8.0,9.0,3.0,1.0,0.0,0.0,2.0,27.0,8.0,https://www.basketball-reference.com/boxscores/201812140SAC.html,2018-19
Klay Thompson,2018-12-17,Golden State Warriors,Memphis Grizzlies,1,31.42,6.0,11.0,0.545,1.0,4.0,0.25,3.0,4.0,0.75,1.0,4.0,5.0,3.0,3.0,1.0,0.0,1.0,16.0,13.0,https://www.basketball-reference.com/boxscores/201812170GSW.html,2018-19
Klay Thompson,2018-12-19,Golden State Warriors,Utah Jazz,0,36.36,3.0,12.0,0.25,0.0,4.0,0.0,6.0,6.0,1.0,1.0,5.0,6.0,3.0,3.0,1.0,1.0,4.0,12.0,-6.0,https://www.basketball-reference.com/boxscores/201812190UTA.html,2018-19
Klay Thompson,2018-12-22,Golden State Warriors,Dallas Mavericks,1,33.0,6.0,15.0,0.4,0.0,5.0,0.0,2.0,2.0,1.0,0.0,5.0,5.0,4.0,2.0,1.0,2.0,2.0,14.0,-12.0,https://www.basketball-reference.com/boxscores/201812220GSW.html,2018-19
Klay Thompson,2018-12-23,Golden State Warriors,Los Angeles Clippers,1,36.28,4.0,15.0,0.267,2.0,6.0,0.333,2.0,2.0,1.0,0.0,0.0,0.0,2.0,0.0,2.0,0.0,4.0,12.0,4.0,https://www.basketball-reference.com/boxscores/201812230GSW.html,2018-19
Klay Thompson,2018-12-25,Golden State Warriors,Los Angeles Lakers,1,33.09,2.0,7.0,0.28600000000000003,1.0,3.0,0.333,0.0,0.0,,0.0,2.0,2.0,3.0,0.0,0.0,2.0,2.0,5.0,-13.0,https://www.basketball-reference.com/boxscores/201812250GSW.html,2018-19
Klay Thompson,2018-12-29,Golden State Warriors,Portland Trail Blazers,0,33.35,12.0,21.0,0.5710000000000001,4.0,5.0,0.8,4.0,4.0,1.0,0.0,4.0,4.0,1.0,1.0,0.0,0.0,1.0,32.0,1.0,https://www.basketball-reference.com/boxscores/201812290POR.html,2018-19
Klay Thompson,2018-12-31,Golden State Warriors,Phoenix Suns,0,24.43,5.0,13.0,0.385,2.0,4.0,0.5,3.0,4.0,0.75,3.0,2.0,5.0,1.0,1.0,0.0,1.0,5.0,15.0,-1.0,https://www.basketball-reference.com/boxscores/201812310PHO.html,2018-19
Klay Thompson,2019-01-05,Golden State Warriors,Sacramento Kings,0,39.3,8.0,15.0,0.5329999999999999,3.0,6.0,0.5,1.0,2.0,0.5,2.0,2.0,4.0,2.0,1.0,1.0,1.0,2.0,20.0,10.0,https://www.basketball-reference.com/boxscores/201901050SAC.html,2018-19
Klay Thompson,2019-01-08,Golden State Warriors,New York Knicks,1,33.46,18.0,29.0,0.621,7.0,16.0,0.438,0.0,0.0,,1.0,1.0,2.0,0.0,2.0,2.0,1.0,1.0,43.0,31.0,https://www.basketball-reference.com/boxscores/201901080GSW.html,2018-19
Klay Thompson,2019-01-11,Golden State Warriors,Chicago Bulls,1,25.16,10.0,18.0,0.556,7.0,11.0,0.636,3.0,4.0,0.75,0.0,2.0,2.0,1.0,2.0,0.0,0.0,2.0,30.0,30.0,https://www.basketball-reference.com/boxscores/201901110GSW.html,2018-19
Klay Thompson,2019-01-13,Golden State Warriors,Dallas Mavericks,0,33.53,7.0,20.0,0.35,2.0,11.0,0.182,0.0,0.0,,1.0,3.0,4.0,1.0,0.0,0.0,0.0,2.0,16.0,4.0,https://www.basketball-reference.com/boxscores/201901130DAL.html,2018-19
Klay Thompson,2019-01-15,Golden State Warriors,Denver Nuggets,0,24.51,13.0,19.0,0.684,5.0,8.0,0.625,0.0,0.0,,1.0,2.0,3.0,1.0,3.0,0.0,1.0,3.0,31.0,16.0,https://www.basketball-reference.com/boxscores/201901150DEN.html,2018-19
Klay Thompson,2019-01-16,Golden State Warriors,New Orleans Pelicans,1,35.42,7.0,17.0,0.412,4.0,8.0,0.5,1.0,1.0,1.0,0.0,7.0,7.0,3.0,1.0,0.0,3.0,5.0,19.0,-5.0,https://www.basketball-reference.com/boxscores/201901160GSW.html,2018-19
Klay Thompson,2019-01-18,Golden State Warriors,Los Angeles Clippers,0,34.03,5.0,12.0,0.417,0.0,4.0,0.0,2.0,2.0,1.0,0.0,4.0,4.0,2.0,2.0,1.0,1.0,2.0,12.0,21.0,https://www.basketball-reference.com/boxscores/201901180LAC.html,2018-19
Klay Thompson,2019-01-21,Golden State Warriors,Los Angeles Lakers,0,26.51,17.0,20.0,0.85,10.0,11.0,0.909,0.0,0.0,,0.0,3.0,3.0,2.0,0.0,1.0,2.0,2.0,44.0,29.0,https://www.basketball-reference.com/boxscores/201901210LAL.html,2018-19
Klay Thompson,2019-01-24,Golden State Warriors,Washington Wizards,0,35.42,4.0,13.0,0.308,1.0,4.0,0.25,0.0,0.0,,0.0,1.0,1.0,5.0,0.0,0.0,0.0,3.0,9.0,2.0,https://www.basketball-reference.com/boxscores/201901240WAS.html,2018-19
Klay Thompson,2019-01-26,Golden State Warriors,Boston Celtics,0,34.53,8.0,16.0,0.5,3.0,8.0,0.375,2.0,2.0,1.0,0.0,3.0,3.0,2.0,0.0,0.0,2.0,3.0,21.0,-12.0,https://www.basketball-reference.com/boxscores/201901260BOS.html,2018-19
Klay Thompson,2019-01-28,Golden State Warriors,Indiana Pacers,0,31.09,7.0,16.0,0.438,2.0,6.0,0.333,0.0,1.0,0.0,0.0,2.0,2.0,2.0,1.0,0.0,1.0,2.0,16.0,18.0,https://www.basketball-reference.com/boxscores/201901280IND.html,2018-19
Klay Thompson,2019-01-31,Golden State Warriors,Philadelphia 76ers,1,,,,,,,,,,,,,,,,,,,,,https://www.basketball-reference.com/boxscores/201901310GSW.html,2018-19
Klay Thompson,2019-02-02,Golden State Warriors,Los Angeles Lakers,1,35.3,10.0,15.0,0.667,4.0,7.0,0.5710000000000001,4.0,4.0,1.0,0.0,5.0,5.0,2.0,0.0,0.0,3.0,2.0,28.0,11.0,https://www.basketball-reference.com/boxscores/201902020GSW.html,2018-19
Klay Thompson,2019-02-06,Golden State Warriors,San Antonio Spurs,1,28.53,11.0,13.0,0.846,4.0,5.0,0.8,0.0,0.0,,1.0,0.0,1.0,6.0,3.0,1.0,1.0,1.0,26.0,27.0,https://www.basketball-reference.com/boxscores/201902060GSW.html,2018-19
Klay Thompson,2019-02-08,Golden State Warriors,Phoenix Suns,0,36.09,9.0,17.0,0.529,4.0,5.0,0.8,3.0,4.0,0.75,0.0,6.0,6.0,2.0,1.0,3.0,2.0,2.0,25.0,2.0,https://www.basketball-reference.com/boxscores/201902080PHO.html,2018-19
Klay Thompson,2019-02-10,Golden State Warriors,Miami Heat,1,37.49,11.0,21.0,0.524,6.0,13.0,0.462,1.0,1.0,1.0,1.0,2.0,3.0,2.0,0.0,0.0,0.0,1.0,29.0,-12.0,https://www.basketball-reference.com/boxscores/201902100GSW.html,2018-19
Klay Thompson,2019-02-12,Golden State Warriors,Utah Jazz,1,32.11,9.0,14.0,0.643,3.0,5.0,0.6,1.0,2.0,0.5,0.0,4.0,4.0,1.0,0.0,2.0,1.0,4.0,22.0,8.0,https://www.basketball-reference.com/boxscores/201902120GSW.html,2018-19
Klay Thompson,2019-02-13,Golden State Warriors,Portland Trail Blazers,0,32.13,2.0,16.0,0.125,2.0,7.0,0.28600000000000003,3.0,3.0,1.0,1.0,3.0,4.0,8.0,0.0,0.0,1.0,2.0,9.0,-12.0,https://www.basketball-reference.com/boxscores/201902130POR.html,2018-19
Klay Thompson,2019-02-21,Golden State Warriors,Sacramento Kings,1,36.49,6.0,16.0,0.375,3.0,9.0,0.333,3.0,3.0,1.0,1.0,4.0,5.0,4.0,1.0,0.0,2.0,2.0,18.0,-4.0,https://www.basketball-reference.com/boxscores/201902210GSW.html,2018-19
Klay Thompson,2019-02-23,Golden State Warriors,Houston Rockets,1,37.35,7.0,17.0,0.412,3.0,7.0,0.429,3.0,3.0,1.0,1.0,3.0,4.0,6.0,2.0,0.0,0.0,1.0,20.0,-7.0,https://www.basketball-reference.com/boxscores/201902230GSW.html,2018-19
Klay Thompson,2019-02-25,Golden State Warriors,Charlotte Hornets,0,37.14,11.0,19.0,0.579,3.0,5.0,0.6,1.0,2.0,0.5,2.0,0.0,2.0,5.0,0.0,0.0,2.0,3.0,26.0,19.0,https://www.basketball-reference.com/boxscores/201902250CHO.html,2018-19
Klay Thompson,2019-02-27,Golden State Warriors,Miami Heat,0,37.19,14.0,23.0,0.609,7.0,15.0,0.467,1.0,1.0,1.0,0.0,2.0,2.0,1.0,3.0,0.0,0.0,1.0,36.0,12.0,https://www.basketball-reference.com/boxscores/201902270MIA.html,2018-19
Klay Thompson,2019-02-28,Golden State Warriors,Orlando Magic,0,36.12,9.0,23.0,0.391,3.0,12.0,0.25,0.0,0.0,,1.0,2.0,3.0,0.0,0.0,0.0,0.0,1.0,21.0,-8.0,https://www.basketball-reference.com/boxscores/201902280ORL.html,2018-19
Klay Thompson,2019-03-02,Golden State Warriors,Philadelphia 76ers,0,,,,,,,,,,,,,,,,,,,,,https://www.basketball-reference.com/boxscores/201903020PHI.html,2018-19
Klay Thompson,2019-03-08,Golden State Warriors,Denver Nuggets,1,35.24,13.0,22.0,0.591,9.0,11.0,0.818,4.0,5.0,0.8,1.0,2.0,3.0,4.0,2.0,1.0,1.0,3.0,39.0,30.0,https://www.basketball-reference.com/boxscores/201903080GSW.html,2018-19
Klay Thompson,2019-03-10,Golden State Warriors,Phoenix Suns,1,35.53,10.0,22.0,0.455,4.0,15.0,0.267,4.0,4.0,1.0,2.0,3.0,5.0,5.0,3.0,1.0,7.0,3.0,28.0,-10.0,https://www.basketball-reference.com/boxscores/201903100GSW.html,2018-19
Klay Thompson,2019-03-13,Golden State Warriors,Houston Rockets,0,35.44,12.0,23.0,0.522,5.0,10.0,0.5,1.0,1.0,1.0,1.0,5.0,6.0,2.0,0.0,0.0,0.0,3.0,30.0,-3.0,https://www.basketball-reference.com/boxscores/201903130HOU.html,2018-19
Klay Thompson,2019-03-16,Golden State Warriors,Oklahoma City Thunder,0,34.04,9.0,21.0,0.429,3.0,8.0,0.375,2.0,2.0,1.0,2.0,6.0,8.0,4.0,3.0,1.0,1.0,1.0,23.0,22.0,https://www.basketball-reference.com/boxscores/201903160OKC.html,2018-19
Klay Thompson,2019-03-18,Golden State Warriors,San Antonio Spurs,0,37.47,5.0,18.0,0.278,4.0,9.0,0.444,0.0,0.0,,0.0,5.0,5.0,5.0,1.0,1.0,3.0,1.0,14.0,-10.0,https://www.basketball-reference.com/boxscores/201903180SAS.html,2018-19
Klay Thompson,2019-03-19,Golden State Warriors,Minnesota Timberwolves,0,37.56,11.0,21.0,0.524,4.0,10.0,0.4,2.0,4.0,0.5,0.0,3.0,3.0,4.0,1.0,1.0,3.0,2.0,28.0,-5.0,https://www.basketball-reference.com/boxscores/201903190MIN.html,2018-19
Klay Thompson,2019-03-21,Golden State Warriors,Indiana Pacers,1,28.46,7.0,18.0,0.389,1.0,6.0,0.16699999999999998,3.0,3.0,1.0,1.0,7.0,8.0,4.0,1.0,1.0,0.0,0.0,18.0,26.0,https://www.basketball-reference.com/boxscores/201903210GSW.html,2018-19
Klay Thompson,2019-03-23,Golden State Warriors,Dallas Mavericks,1,26.42,4.0,13.0,0.308,0.0,4.0,0.0,0.0,0.0,,0.0,2.0,2.0,0.0,1.0,0.0,0.0,3.0,8.0,-39.0,https://www.basketball-reference.com/boxscores/201903230GSW.html,2018-19
Klay Thompson,2019-03-24,Golden State Warriors,Detroit Pistons,1,37.05,10.0,17.0,0.588,4.0,6.0,0.667,0.0,0.0,,0.0,2.0,2.0,2.0,0.0,0.0,1.0,2.0,24.0,-4.0,https://www.basketball-reference.com/boxscores/201903240GSW.html,2018-19
Klay Thompson,2019-03-27,Golden State Warriors,Memphis Grizzlies,0,35.05,5.0,12.0,0.417,3.0,7.0,0.429,0.0,0.0,,1.0,0.0,1.0,2.0,0.0,0.0,0.0,4.0,13.0,28.0,https://www.basketball-reference.com/boxscores/201903270MEM.html,2018-19
Klay Thompson,2019-03-29,Minnesota Timberwolves,Golden State Warriors,1,41.04,8.0,18.0,0.444,3.0,6.0,0.5,1.0,2.0,0.5,0.0,2.0,2.0,5.0,0.0,0.0,3.0,4.0,20.0,7.0,https://www.basketball-reference.com/boxscores/201903290MIN.html,2018-19
Klay Thompson,2019-03-31,Golden State Warriors,Charlotte Hornets,1,27.15,9.0,16.0,0.563,6.0,9.0,0.667,0.0,0.0,,0.0,1.0,1.0,0.0,0.0,0.0,2.0,0.0,24.0,29.0,https://www.basketball-reference.com/boxscores/201903310GSW.html,2018-19
Klay Thompson,2013-12-01,Golden State Warriors,Sacramento Kings,0,40.52,10.0,19.0,0.526,8.0,11.0,0.727,0.0,0.0,,0.0,2.0,2.0,1.0,3.0,0.0,4.0,4.0,28.0,1.0,https://www.basketball-reference.com/boxscores/201312010SAC.html,2013-14
Klay Thompson,2013-12-03,Golden State Warriors,Toronto Raptors,1,41.08,8.0,20.0,0.4,6.0,12.0,0.5,0.0,0.0,,1.0,2.0,3.0,7.0,1.0,0.0,2.0,4.0,22.0,5.0,https://www.basketball-reference.com/boxscores/201312030GSW.html,2013-14
Klay Thompson,2013-12-06,Golden State Warriors,Houston Rockets,0,34.59,2.0,10.0,0.2,0.0,4.0,0.0,1.0,1.0,1.0,0.0,3.0,3.0,1.0,1.0,0.0,3.0,4.0,5.0,-16.0,https://www.basketball-reference.com/boxscores/201312060HOU.html,2013-14
Klay Thompson,2013-12-07,Golden State Warriors,Memphis Grizzlies,0,37.52,12.0,19.0,0.632,3.0,5.0,0.6,3.0,3.0,1.0,0.0,3.0,3.0,5.0,2.0,0.0,2.0,2.0,30.0,20.0,https://www.basketball-reference.com/boxscores/201312070MEM.html,2013-14
Klay Thompson,2013-12-09,Golden State Warriors,Charlotte Bobcats,0,46.02,9.0,19.0,0.474,4.0,12.0,0.333,0.0,0.0,,1.0,1.0,2.0,5.0,0.0,1.0,2.0,5.0,22.0,0.0,https://www.basketball-reference.com/boxscores/201312090CHA.html,2013-14
Klay Thompson,2013-12-11,Golden State Warriors,Dallas Mavericks,1,35.08,3.0,14.0,0.214,3.0,9.0,0.333,2.0,2.0,1.0,0.0,3.0,3.0,1.0,0.0,0.0,4.0,2.0,11.0,-2.0,https://www.basketball-reference.com/boxscores/201312110GSW.html,2013-14
Klay Thompson,2013-12-13,Golden State Warriors,Houston Rockets,1,45.02,6.0,17.0,0.353,1.0,7.0,0.14300000000000002,2.0,3.0,0.667,0.0,5.0,5.0,5.0,1.0,2.0,3.0,4.0,15.0,-7.0,https://www.basketball-reference.com/boxscores/201312130GSW.html,2013-14
Klay Thompson,2013-12-15,Golden State Warriors,Phoenix Suns,0,39.23,7.0,17.0,0.412,2.0,4.0,0.5,3.0,3.0,1.0,0.0,1.0,1.0,3.0,0.0,0.0,2.0,4.0,19.0,-10.0,https://www.basketball-reference.com/boxscores/201312150PHO.html,2013-14
Klay Thompson,2013-12-17,Golden State Warriors,New Orleans Pelicans,1,36.47,6.0,14.0,0.429,1.0,4.0,0.25,3.0,4.0,0.75,0.0,1.0,1.0,6.0,0.0,0.0,2.0,4.0,16.0,17.0,https://www.basketball-reference.com/boxscores/201312170GSW.html,2013-14
Klay Thompson,2013-12-19,Golden State Warriors,San Antonio Spurs,1,40.43,6.0,18.0,0.333,1.0,7.0,0.14300000000000002,0.0,0.0,,2.0,0.0,2.0,2.0,2.0,1.0,5.0,4.0,13.0,-5.0,https://www.basketball-reference.com/boxscores/201312190GSW.html,2013-14
Klay Thompson,2013-12-21,Golden State Warriors,Los Angeles Lakers,1,32.46,5.0,15.0,0.333,4.0,8.0,0.5,3.0,4.0,0.75,0.0,3.0,3.0,2.0,2.0,0.0,2.0,3.0,17.0,19.0,https://www.basketball-reference.com/boxscores/201312210GSW.html,2013-14
Klay Thompson,2013-12-23,Golden State Warriors,Denver Nuggets,0,38.0,6.0,16.0,0.375,1.0,4.0,0.25,0.0,0.0,,1.0,5.0,6.0,2.0,2.0,0.0,3.0,3.0,13.0,11.0,https://www.basketball-reference.com/boxscores/201312230DEN.html,2013-14
Klay Thompson,2013-12-25,Golden State Warriors,Los Angeles Clippers,1,41.49,10.0,22.0,0.455,3.0,10.0,0.3,0.0,2.0,0.0,0.0,5.0,5.0,4.0,2.0,2.0,1.0,4.0,23.0,8.0,https://www.basketball-reference.com/boxscores/201312250GSW.html,2013-14
Klay Thompson,2013-12-27,Golden State Warriors,Phoenix Suns,1,24.24,9.0,11.0,0.818,2.0,3.0,0.667,1.0,1.0,1.0,1.0,3.0,4.0,2.0,1.0,0.0,0.0,5.0,21.0,22.0,https://www.basketball-reference.com/boxscores/201312270GSW.html,2013-14
Klay Thompson,2013-12-29,Cleveland Cavaliers,Golden State Warriors,1,47.38,5.0,16.0,0.313,3.0,12.0,0.25,3.0,4.0,0.75,1.0,3.0,4.0,1.0,2.0,1.0,2.0,4.0,16.0,2.0,https://www.basketball-reference.com/boxscores/201312290CLE.html,2013-14
Klay Thompson,2013-12-31,Golden State Warriors,Orlando Magic,0,30.17,7.0,12.0,0.583,1.0,5.0,0.2,0.0,0.0,,0.0,2.0,2.0,2.0,1.0,2.0,4.0,3.0,15.0,16.0,https://www.basketball-reference.com/boxscores/201312310ORL.html,2013-14
Klay Thompson,2014-01-02,Golden State Warriors,Miami Heat,0,37.41,6.0,15.0,0.4,4.0,9.0,0.444,0.0,0.0,,0.0,2.0,2.0,4.0,1.0,0.0,4.0,2.0,16.0,12.0,https://www.basketball-reference.com/boxscores/201401020MIA.html,2013-14
Klay Thompson,2014-01-03,Golden State Warriors,Atlanta Hawks,0,39.37,8.0,17.0,0.471,3.0,7.0,0.429,2.0,2.0,1.0,1.0,4.0,5.0,6.0,0.0,1.0,3.0,1.0,21.0,12.0,https://www.basketball-reference.com/boxscores/201401030ATL.html,2013-14
Klay Thompson,2014-01-05,Golden State Warriors,Washington Wizards,0,35.44,9.0,14.0,0.643,6.0,9.0,0.667,2.0,2.0,1.0,0.0,3.0,3.0,0.0,2.0,1.0,2.0,0.0,26.0,33.0,https://www.basketball-reference.com/boxscores/201401050WAS.html,2013-14
Klay Thompson,2014-01-07,Golden State Warriors,Milwaukee Bucks,0,26.2,6.0,18.0,0.333,1.0,6.0,0.16699999999999998,2.0,4.0,0.5,1.0,1.0,2.0,0.0,0.0,0.0,1.0,4.0,15.0,17.0,https://www.basketball-reference.com/boxscores/201401070MIL.html,2013-14
Klay Thompson,2014-01-08,Golden State Warriors,Brooklyn Nets,0,43.29,5.0,15.0,0.333,4.0,10.0,0.4,0.0,0.0,,0.0,5.0,5.0,3.0,0.0,0.0,2.0,3.0,14.0,3.0,https://www.basketball-reference.com/boxscores/201401080BRK.html,2013-14
Klay Thompson,2014-01-10,Golden State Warriors,Boston Celtics,1,40.59,5.0,17.0,0.294,3.0,7.0,0.429,4.0,4.0,1.0,1.0,0.0,1.0,1.0,0.0,0.0,1.0,2.0,17.0,8.0,https://www.basketball-reference.com/boxscores/201401100GSW.html,2013-14
Klay Thompson,2014-01-15,Golden State Warriors,Denver Nuggets,1,37.49,9.0,19.0,0.474,1.0,5.0,0.2,2.0,2.0,1.0,1.0,0.0,1.0,3.0,1.0,0.0,2.0,3.0,21.0,-8.0,https://www.basketball-reference.com/boxscores/201401150GSW.html,2013-14
Klay Thompson,2014-01-17,Golden State Warriors,Oklahoma City Thunder,0,41.1,9.0,17.0,0.529,6.0,9.0,0.667,2.0,2.0,1.0,0.0,1.0,1.0,3.0,1.0,1.0,1.0,5.0,26.0,-6.0,https://www.basketball-reference.com/boxscores/201401170OKC.html,2013-14
Klay Thompson,2014-01-18,Golden State Warriors,New Orleans Pelicans,0,36.38,3.0,14.0,0.214,2.0,7.0,0.28600000000000003,0.0,0.0,,0.0,2.0,2.0,1.0,2.0,0.0,1.0,1.0,8.0,14.0,https://www.basketball-reference.com/boxscores/201401180NOP.html,2013-14
Klay Thompson,2014-01-20,Golden State Warriors,Indiana Pacers,1,39.26,6.0,13.0,0.462,5.0,10.0,0.5,0.0,0.0,,0.0,0.0,0.0,1.0,0.0,0.0,2.0,2.0,17.0,-8.0,https://www.basketball-reference.com/boxscores/201401200GSW.html,2013-14
Klay Thompson,2014-01-24,Golden State Warriors,Minnesota Timberwolves,1,36.4,8.0,14.0,0.5710000000000001,2.0,4.0,0.5,0.0,0.0,,1.0,0.0,1.0,2.0,0.0,0.0,0.0,2.0,18.0,-10.0,https://www.basketball-reference.com/boxscores/201401240GSW.html,2013-14
Klay Thompson,2014-01-26,Golden State Warriors,Portland Trail Blazers,1,38.29,6.0,21.0,0.28600000000000003,2.0,9.0,0.222,3.0,3.0,1.0,0.0,1.0,1.0,4.0,1.0,0.0,1.0,3.0,17.0,18.0,https://www.basketball-reference.com/boxscores/201401260GSW.html,2013-14
Klay Thompson,2014-01-28,Golden State Warriors,Washington Wizards,1,40.23,5.0,17.0,0.294,3.0,9.0,0.333,0.0,0.0,,0.0,6.0,6.0,4.0,2.0,1.0,3.0,3.0,13.0,2.0,https://www.basketball-reference.com/boxscores/201401280GSW.html,2013-14
Klay Thompson,2014-01-30,Golden State Warriors,Los Angeles Clippers,1,34.15,6.0,14.0,0.429,1.0,3.0,0.333,3.0,4.0,0.75,0.0,1.0,1.0,3.0,3.0,0.0,0.0,1.0,16.0,16.0,https://www.basketball-reference.com/boxscores/201401300GSW.html,2013-14
Klay Thompson,2014-01-31,Golden State Warriors,Utah Jazz,0,41.42,3.0,20.0,0.15,2.0,6.0,0.333,3.0,4.0,0.75,0.0,5.0,5.0,2.0,0.0,1.0,1.0,3.0,11.0,3.0,https://www.basketball-reference.com/boxscores/201401310UTA.html,2013-14
Klay Thompson,2014-02-04,Golden State Warriors,Charlotte Bobc,1,33.54,5.0,13.0,0.385,2.0,4.0,0.5,0.0,0.0,,0.0,1.0,1.0,0.0,1.0,1.0,2.0,3.0,12.0,-6.0,https://www.basketball-reference.com/boxscores/201402040GSW.html,2013-14
Klay Thompson,2014-02-06,Golden State Warriors,Chicago Bulls,1,40.02,8.0,16.0,0.5,3.0,6.0,0.5,3.0,3.0,1.0,0.0,1.0,1.0,1.0,0.0,1.0,1.0,3.0,22.0,10.0,https://www.basketball-reference.com/boxscores/201402060GSW.html,2013-14
Klay Thompson,2014-02-08,Golden State Warriors,Phoenix Suns,0,39.25,6.0,13.0,0.462,2.0,6.0,0.333,3.0,4.0,0.75,0.0,5.0,5.0,2.0,1.0,0.0,0.0,4.0,17.0,-10.0,https://www.basketball-reference.com/boxscores/201402080PHO.html,2013-14
Klay Thompson,2014-02-10,Golden State Warriors,Philadelphia 76ers,1,23.07,2.0,9.0,0.222,1.0,4.0,0.25,1.0,1.0,1.0,0.0,5.0,5.0,3.0,0.0,1.0,0.0,1.0,6.0,29.0,https://www.basketball-reference.com/boxscores/201402100GSW.html,2013-14
Klay Thompson,2014-02-12,Golden State Warriors,Miami Heat,1,35.28,7.0,15.0,0.467,2.0,4.0,0.5,1.0,2.0,0.5,0.0,3.0,3.0,1.0,2.0,1.0,1.0,2.0,17.0,2.0,https://www.basketball-reference.com/boxscores/201402120GSW.html,2013-14
Klay Thompson,2014-02-19,Golden State Warriors,Sacramento Kings,0,38.21,6.0,14.0,0.429,1.0,3.0,0.333,5.0,5.0,1.0,0.0,4.0,4.0,5.0,3.0,1.0,2.0,3.0,18.0,18.0,https://www.basketball-reference.com/boxscores/201402190SAC.html,2013-14
Klay Thompson,2014-02-22,Golden State Warriors,Brooklyn Nets,1,29.43,3.0,10.0,0.3,0.0,2.0,0.0,0.0,0.0,,0.0,6.0,6.0,3.0,2.0,1.0,1.0,5.0,6.0,19.0,https://www.basketball-reference.com/boxscores/201402220GSW.html,2013-14
Klay Thompson,2014-02-24,Golden State Warriors,Detroit Pistons,0,29.28,8.0,12.0,0.667,2.0,3.0,0.667,1.0,1.0,1.0,0.0,3.0,3.0,2.0,0.0,0.0,3.0,1.0,19.0,-7.0,https://www.basketball-reference.com/boxscores/201402240DET.html,2013-14
Klay Thompson,2014-02-26,Golden State Warriors,Chicago Bulls,0,23.32,3.0,8.0,0.375,2.0,4.0,0.5,0.0,0.0,,1.0,1.0,2.0,1.0,1.0,0.0,0.0,2.0,8.0,-18.0,https://www.basketball-reference.com/boxscores/201402260CHI.html,2013-14
Klay Thompson,2014-02-28,Golden State Warriors,New York Knicks,0,29.03,9.0,17.0,0.529,5.0,10.0,0.5,2.0,3.0,0.667,0.0,3.0,3.0,1.0,1.0,0.0,0.0,1.0,25.0,15.0,https://www.basketball-reference.com/boxscores/201402280NYK.html,2013-14
Klay Thompson,2014-03-02,Golden State Warriors,Toronto Raptors,0,26.31,4.0,15.0,0.267,2.0,7.0,0.28600000000000003,2.0,2.0,1.0,1.0,2.0,3.0,0.0,1.0,0.0,1.0,5.0,12.0,-1.0,https://www.basketball-reference.com/boxscores/201403020TOR.html,2013-14
Klay Thompson,2014-03-04,Golden State Warriors,Indiana Pacers,0,41.14,10.0,20.0,0.5,3.0,5.0,0.6,2.0,2.0,1.0,1.0,4.0,5.0,2.0,0.0,1.0,1.0,1.0,25.0,2.0,https://www.basketball-reference.com/boxscores/201403040IND.html,2013-14
Klay Thompson,2014-03-05,Golden State Warriors,Boston Celtics,0,27.46,7.0,15.0,0.467,1.0,8.0,0.125,3.0,3.0,1.0,0.0,1.0,1.0,4.0,3.0,0.0,0.0,1.0,18.0,26.0,https://www.basketball-reference.com/boxscores/201403050BOS.html,2013-14
Klay Thompson,2014-03-07,Golden State Warriors,Atlanta Hawks,1,6.09,2.0,5.0,0.4,0.0,0.0,,2.0,2.0,1.0,1.0,1.0,2.0,0.0,0.0,0.0,0.0,1.0,6.0,7.0,https://www.basketball-reference.com/boxscores/201403070GSW.html,2013-14
Klay Thompson,2014-03-09,Golden State Warriors,Phoenix Suns,1,35.07,9.0,15.0,0.6,4.0,6.0,0.667,0.0,2.0,0.0,0.0,4.0,4.0,2.0,0.0,1.0,1.0,4.0,22.0,18.0,https://www.basketball-reference.com/boxscores/201403090GSW.html,2013-14
Klay Thompson,2014-03-11,Golden State Warriors,Dallas Mavericks,1,23.5,6.0,10.0,0.6,2.0,2.0,1.0,0.0,0.0,,0.0,3.0,3.0,1.0,1.0,0.0,5.0,4.0,14.0,11.0,https://www.basketball-reference.com/boxscores/201403110GSW.html,2013-14
Klay Thompson,2014-03-12,Golden State Warriors,Los Angeles Clippers,0,34.08,10.0,19.0,0.526,4.0,6.0,0.667,2.0,4.0,0.5,0.0,1.0,1.0,1.0,1.0,0.0,3.0,2.0,26.0,-4.0,https://www.basketball-reference.com/boxscores/201403120LAC.html,2013-14
Klay Thompson,2014-03-14,Golden State Warriors,Cleveland Cavaliers,1,,,,,,,,,,,,,,,,,,,,,https://www.basketball-reference.com/boxscores/201403140GSW.html,2013-14
Klay Thompson,2014-03-16,Golden State Warriors,Portland Trail Blazers,0,38.5,10.0,19.0,0.526,3.0,7.0,0.429,4.0,6.0,0.667,1.0,3.0,4.0,0.0,1.0,2.0,2.0,4.0,27.0,-2.0,https://www.basketball-reference.com/boxscores/201403160POR.html,2013-14
Klay Thompson,2014-03-18,Golden State Warriors,Orlando Magic,1,32.42,7.0,14.0,0.5,4.0,5.0,0.8,2.0,2.0,1.0,0.0,3.0,3.0,2.0,0.0,0.0,1.0,4.0,20.0,20.0,https://www.basketball-reference.com/boxscores/201403180GSW.html,2013-14
Klay Thompson,2014-03-20,Golden State Warriors,Milwaukee Bucks,1,39.56,11.0,23.0,0.478,3.0,11.0,0.273,4.0,4.0,1.0,0.0,2.0,2.0,1.0,0.0,1.0,1.0,5.0,29.0,5.0,https://www.basketball-reference.com/boxscores/201403200GSW.html,2013-14
Klay Thompson,2014-03-22,Golden State Warriors,San Antonio Spurs,1,37.09,7.0,16.0,0.438,1.0,3.0,0.333,1.0,2.0,0.5,0.0,2.0,2.0,3.0,1.0,0.0,3.0,3.0,16.0,-3.0,https://www.basketball-reference.com/boxscores/201403220GSW.html,2013-14
Klay Thompson,2014-03-28,Golden State Warriors,Memphis Grizzlies,1,36.1,6.0,16.0,0.375,0.0,3.0,0.0,2.0,2.0,1.0,1.0,3.0,4.0,5.0,1.0,0.0,2.0,3.0,14.0,9.0,https://www.basketball-reference.com/boxscores/201403280GSW.html,2013-14
Klay Thompson,2014-03-30,Golden State Warriors,New York Knicks,1,36.4,6.0,18.0,0.333,3.0,11.0,0.273,0.0,0.0,,1.0,8.0,9.0,0.0,0.0,0.0,2.0,5.0,15.0,2.0,https://www.basketball-reference.com/boxscores/201403300GSW.html,2013-14
