Player,Date,Team,Against,Home,MP,FG,FGA,FG%,3P,3PA,3P%,FT,FTA,FT%,ORB,DRB,TRB,AST,STL,BLK,TOV,PF,PTS,+/-,GameLink,season
Kyle O'Quinn,2016-12-02,New York Knicks,Minnesota Timberwolves,1,31.04,9.0,11.0,0.818,0.0,0.0,,2.0,2.0,1.0,7.0,7.0,14.0,2.0,0.0,2.0,2.0,4.0,20.0,16.0,https://www.basketball-reference.com/boxscores/201612020NYK.html,2016-17
Kyle O'Quinn,2016-12-04,New York Knicks,Sacramento Kings,1,13.35,2.0,5.0,0.4,0.0,0.0,,0.0,0.0,,3.0,6.0,9.0,0.0,0.0,4.0,1.0,4.0,4.0,1.0,https://www.basketball-reference.com/boxscores/201612040NYK.html,2016-17
Kyle O'Quinn,2016-12-06,New York Knicks,Miami Heat,0,27.25,6.0,8.0,0.75,0.0,0.0,,0.0,1.0,0.0,5.0,2.0,7.0,3.0,1.0,2.0,1.0,4.0,12.0,5.0,https://www.basketball-reference.com/boxscores/201612060MIA.html,2016-17
Kyle O'Quinn,2016-12-07,New York Knicks,Cleveland Cavaliers,1,20.32,5.0,7.0,0.7140000000000001,0.0,0.0,,0.0,0.0,,3.0,4.0,7.0,3.0,0.0,0.0,1.0,1.0,10.0,4.0,https://www.basketball-reference.com/boxscores/201612070NYK.html,2016-17
Kyle O'Quinn,2016-12-09,New York Knicks,Sacramento Kings,0,19.55,4.0,7.0,0.5710000000000001,0.0,0.0,,0.0,0.0,,5.0,6.0,11.0,5.0,0.0,2.0,1.0,4.0,8.0,-6.0,https://www.basketball-reference.com/boxscores/201612090SAC.html,2016-17
Kyle O'Quinn,2016-12-13,Phoenix Suns,New York Knicks,1,27.44,9.0,16.0,0.563,0.0,1.0,0.0,4.0,6.0,0.667,5.0,9.0,14.0,2.0,1.0,0.0,1.0,5.0,22.0,2.0,https://www.basketball-reference.com/boxscores/201612130PHO.html,2016-17
Kyle O'Quinn,2016-12-15,New York Knicks,Golden State Warriors,0,14.33,2.0,4.0,0.5,0.0,0.0,,1.0,3.0,0.333,2.0,5.0,7.0,0.0,1.0,0.0,2.0,2.0,5.0,-6.0,https://www.basketball-reference.com/boxscores/201612150GSW.html,2016-17
Kyle O'Quinn,2016-12-17,New York Knicks,Denver Nuggets,0,6.37,0.0,1.0,0.0,0.0,1.0,0.0,0.0,0.0,,0.0,0.0,0.0,0.0,0.0,1.0,0.0,0.0,0.0,-6.0,https://www.basketball-reference.com/boxscores/201612170DEN.html,2016-17
Kyle O'Quinn,2016-12-20,New York Knicks,Indiana Pacers,1,16.44,3.0,6.0,0.5,0.0,0.0,,0.0,0.0,,1.0,5.0,6.0,1.0,2.0,1.0,1.0,3.0,6.0,9.0,https://www.basketball-reference.com/boxscores/201612200NYK.html,2016-17
Kyle O'Quinn,2016-12-22,New York Knicks,Orlando Magic,1,24.14,6.0,12.0,0.5,0.0,1.0,0.0,2.0,2.0,1.0,5.0,11.0,16.0,0.0,0.0,5.0,1.0,2.0,14.0,5.0,https://www.basketball-reference.com/boxscores/201612220NYK.html,2016-17
Kyle O'Quinn,2016-12-25,New York Knicks,Boston Celtics,1,13.27,3.0,4.0,0.75,0.0,0.0,,0.0,0.0,,1.0,3.0,4.0,0.0,0.0,0.0,4.0,3.0,6.0,2.0,https://www.basketball-reference.com/boxscores/201612250NYK.html,2016-17
Kyle O'Quinn,2016-12-28,Atlanta Hawks,New York Knicks,1,13.18,3.0,5.0,0.6,0.0,0.0,,0.0,0.0,,0.0,4.0,4.0,0.0,1.0,1.0,2.0,3.0,6.0,2.0,https://www.basketball-reference.com/boxscores/201612280ATL.html,2016-17
Kyle O'Quinn,2016-12-30,New York Knicks,New Orleans Pelicans,0,5.15,1.0,3.0,0.333,0.0,0.0,,0.0,0.0,,1.0,1.0,2.0,0.0,0.0,0.0,0.0,0.0,2.0,-2.0,https://www.basketball-reference.com/boxscores/201612300NOP.html,2016-17
Kyle O'Quinn,2017-01-02,New York Knicks,Orlando Magic,1,17.17,0.0,3.0,0.0,0.0,0.0,,0.0,0.0,,3.0,6.0,9.0,1.0,0.0,1.0,1.0,3.0,0.0,-5.0,https://www.basketball-reference.com/boxscores/201701020NYK.html,2016-17
Kyle O'Quinn,2017-01-04,New York Knicks,Milwaukee Bucks,1,14.35,4.0,8.0,0.5,0.0,0.0,,0.0,0.0,,2.0,0.0,2.0,1.0,0.0,0.0,0.0,1.0,8.0,-9.0,https://www.basketball-reference.com/boxscores/201701040NYK.html,2016-17
Kyle O'Quinn,2017-01-06,New York Knicks,Milwaukee Bucks,0,25.54,4.0,9.0,0.444,0.0,0.0,,1.0,2.0,0.5,4.0,4.0,8.0,1.0,2.0,2.0,0.0,3.0,9.0,13.0,https://www.basketball-reference.com/boxscores/201701060MIL.html,2016-17
Kyle O'Quinn,2017-01-07,New York Knicks,Indiana Pacers,0,11.08,2.0,2.0,1.0,0.0,0.0,,1.0,1.0,1.0,0.0,1.0,1.0,0.0,1.0,1.0,2.0,2.0,5.0,-4.0,https://www.basketball-reference.com/boxscores/201701070IND.html,2016-17
Kyle O'Quinn,2017-01-09,New York Knicks,New Orleans Pelicans,1,12.42,1.0,2.0,0.5,0.0,0.0,,0.0,0.0,,2.0,0.0,2.0,0.0,0.0,2.0,0.0,3.0,2.0,-10.0,https://www.basketball-reference.com/boxscores/201701090NYK.html,2016-17
Kyle O'Quinn,2017-01-11,New York Knicks,Philadelphia 76ers,0,24.11,5.0,6.0,0.833,0.0,1.0,0.0,0.0,0.0,,3.0,12.0,15.0,3.0,1.0,2.0,2.0,4.0,10.0,10.0,https://www.basketball-reference.com/boxscores/201701110PHI.html,2016-17
Kyle O'Quinn,2017-01-12,New York Knicks,Chicago Bulls,1,16.57,5.0,7.0,0.7140000000000001,0.0,0.0,,2.0,2.0,1.0,2.0,9.0,11.0,3.0,0.0,4.0,1.0,2.0,12.0,-3.0,https://www.basketball-reference.com/boxscores/201701120NYK.html,2016-17
Kyle O'Quinn,2017-01-15,New York Knicks,Toronto Raptors,0,10.4,2.0,7.0,0.28600000000000003,0.0,0.0,,0.0,0.0,,2.0,3.0,5.0,2.0,0.0,1.0,1.0,2.0,4.0,-15.0,https://www.basketball-reference.com/boxscores/201701150TOR.html,2016-17
Kyle O'Quinn,2017-01-16,New York Knicks,Atlanta Hawks,1,16.2,3.0,10.0,0.3,0.0,0.0,,0.0,0.0,,2.0,6.0,8.0,2.0,0.0,0.0,1.0,1.0,6.0,-1.0,https://www.basketball-reference.com/boxscores/201701160NYK.html,2016-17
Kyle O'Quinn,2017-01-18,New York Knicks,Boston Celtics,0,9.41,1.0,3.0,0.333,0.0,0.0,,0.0,0.0,,1.0,0.0,1.0,1.0,0.0,0.0,0.0,0.0,2.0,-5.0,https://www.basketball-reference.com/boxscores/201701180BOS.html,2016-17
Kyle O'Quinn,2017-01-19,New York Knicks,Washington Wizards,1,21.07,7.0,10.0,0.7,0.0,0.0,,0.0,0.0,,4.0,4.0,8.0,3.0,1.0,3.0,1.0,1.0,14.0,2.0,https://www.basketball-reference.com/boxscores/201701190NYK.html,2016-17
Kyle O'Quinn,2017-01-21,New York Knicks,Phoenix Suns,1,5.24,0.0,1.0,0.0,0.0,0.0,,0.0,0.0,,0.0,1.0,1.0,0.0,1.0,0.0,0.0,2.0,0.0,-4.0,https://www.basketball-reference.com/boxscores/201701210NYK.html,2016-17
Kyle O'Quinn,2017-01-23,New York Knicks,Indiana Pacers,0,8.13,1.0,1.0,1.0,0.0,0.0,,1.0,2.0,0.5,0.0,3.0,3.0,1.0,1.0,0.0,0.0,1.0,3.0,11.0,https://www.basketball-reference.com/boxscores/201701230IND.html,2016-17
Kyle O'Quinn,2017-01-25,New York Knicks,Dallas Mavericks,0,5.35,0.0,1.0,0.0,0.0,0.0,,0.0,0.0,,2.0,0.0,2.0,2.0,0.0,0.0,1.0,2.0,0.0,6.0,https://www.basketball-reference.com/boxscores/201701250DAL.html,2016-17
Kyle O'Quinn,2017-01-27,New York Knicks,Charlotte Hornets,1,16.28,4.0,7.0,0.5710000000000001,1.0,1.0,1.0,1.0,1.0,1.0,2.0,5.0,7.0,2.0,0.0,3.0,1.0,1.0,10.0,7.0,https://www.basketball-reference.com/boxscores/201701270NYK.html,2016-17
Kyle O'Quinn,2017-01-29,Atlanta Hawks,New York Knicks,1,25.47,1.0,9.0,0.111,0.0,0.0,,0.0,0.0,,2.0,10.0,12.0,1.0,1.0,3.0,1.0,6.0,2.0,-2.0,https://www.basketball-reference.com/boxscores/201701290ATL.html,2016-17
Kyle O'Quinn,2017-01-31,New York Knicks,Washington Wizards,0,17.05,6.0,10.0,0.6,0.0,0.0,,1.0,1.0,1.0,6.0,4.0,10.0,1.0,0.0,2.0,1.0,2.0,13.0,-1.0,https://www.basketball-reference.com/boxscores/201701310WAS.html,2016-17
Kyle O'Quinn,2017-02-01,New York Knicks,Brooklyn Nets,0,5.4,0.0,2.0,0.0,0.0,0.0,,0.0,0.0,,2.0,0.0,2.0,2.0,0.0,1.0,0.0,0.0,0.0,-6.0,https://www.basketball-reference.com/boxscores/201702010BRK.html,2016-17
Kyle O'Quinn,2017-02-04,New York Knicks,Cleveland Cavaliers,1,12.34,3.0,6.0,0.5,0.0,0.0,,1.0,2.0,0.5,2.0,2.0,4.0,1.0,0.0,0.0,0.0,0.0,7.0,-9.0,https://www.basketball-reference.com/boxscores/201702040NYK.html,2016-17
Kyle O'Quinn,2017-02-06,New York Knicks,Los Angeles Lakers,1,16.27,2.0,5.0,0.4,0.0,0.0,,6.0,6.0,1.0,1.0,1.0,2.0,1.0,0.0,0.0,1.0,3.0,10.0,-21.0,https://www.basketball-reference.com/boxscores/201702060NYK.html,2016-17
Kyle O'Quinn,2017-02-08,New York Knicks,Los Angeles Clippers,1,25.25,8.0,13.0,0.615,0.0,0.0,,2.0,2.0,1.0,2.0,4.0,6.0,2.0,3.0,2.0,1.0,3.0,18.0,-2.0,https://www.basketball-reference.com/boxscores/201702080NYK.html,2016-17
Kyle O'Quinn,2017-02-10,New York Knicks,Denver Nuggets,1,22.13,8.0,9.0,0.889,0.0,1.0,0.0,0.0,0.0,,2.0,4.0,6.0,3.0,0.0,4.0,2.0,2.0,16.0,6.0,https://www.basketball-reference.com/boxscores/201702100NYK.html,2016-17
Kyle O'Quinn,2017-02-12,New York Knicks,San Antonio Spurs,1,21.23,1.0,3.0,0.333,0.0,0.0,,2.0,2.0,1.0,0.0,7.0,7.0,2.0,0.0,3.0,2.0,4.0,4.0,0.0,https://www.basketball-reference.com/boxscores/201702120NYK.html,2016-17
Kyle O'Quinn,2017-02-15,New York Knicks,Oklahoma City Thunder,0,11.17,1.0,3.0,0.333,0.0,0.0,,0.0,0.0,,1.0,3.0,4.0,0.0,1.0,4.0,2.0,1.0,2.0,2.0,https://www.basketball-reference.com/boxscores/201702150OKC.html,2016-17
Kyle O'Quinn,2017-02-23,New York Knicks,Cleveland Cavaliers,0,18.5,2.0,6.0,0.333,0.0,0.0,,0.0,1.0,0.0,6.0,4.0,10.0,0.0,1.0,0.0,1.0,2.0,4.0,-11.0,https://www.basketball-reference.com/boxscores/201702230CLE.html,2016-17
Kyle O'Quinn,2017-02-25,New York Knicks,Philadelphia 76ers,1,24.45,3.0,6.0,0.5,0.0,0.0,,3.0,4.0,0.75,3.0,2.0,5.0,5.0,5.0,2.0,1.0,3.0,9.0,-4.0,https://www.basketball-reference.com/boxscores/201702250NYK.html,2016-17
Kyle O'Quinn,2017-02-27,New York Knicks,Toronto Raptors,1,14.3,2.0,3.0,0.667,0.0,1.0,0.0,0.0,0.0,,2.0,4.0,6.0,4.0,1.0,3.0,2.0,3.0,4.0,-2.0,https://www.basketball-reference.com/boxscores/201702270NYK.html,2016-17
Kyle O'Quinn,2017-03-01,New York Knicks,Orlando Magic,0,19.08,2.0,6.0,0.333,0.0,2.0,0.0,0.0,0.0,,3.0,4.0,7.0,4.0,0.0,1.0,0.0,2.0,4.0,4.0,https://www.basketball-reference.com/boxscores/201703010ORL.html,2016-17
Kyle O'Quinn,2017-03-03,New York Knicks,Philadelphia 76ers,0,16.55,2.0,4.0,0.5,0.0,0.0,,3.0,4.0,0.75,2.0,2.0,4.0,0.0,0.0,1.0,1.0,4.0,7.0,-11.0,https://www.basketball-reference.com/boxscores/201703030PHI.html,2016-17
Kyle O'Quinn,2017-03-05,New York Knicks,Golden State Warriors,1,10.47,1.0,1.0,1.0,0.0,0.0,,0.0,0.0,,1.0,3.0,4.0,5.0,0.0,0.0,2.0,3.0,2.0,8.0,https://www.basketball-reference.com/boxscores/201703050NYK.html,2016-17
Kyle O'Quinn,2017-03-06,New York Knicks,Orlando Magic,0,12.2,5.0,6.0,0.833,0.0,0.0,,1.0,2.0,0.5,4.0,4.0,8.0,1.0,0.0,0.0,1.0,2.0,11.0,12.0,https://www.basketball-reference.com/boxscores/201703060ORL.html,2016-17
Kyle O'Quinn,2017-03-08,New York Knicks,Milwaukee Bucks,0,11.25,2.0,5.0,0.4,0.0,0.0,,0.0,0.0,,1.0,3.0,4.0,1.0,0.0,2.0,1.0,2.0,4.0,-5.0,https://www.basketball-reference.com/boxscores/201703080MIL.html,2016-17
Kyle O'Quinn,2017-03-11,New York Knicks,Detroit Pistons,0,18.37,1.0,3.0,0.333,0.0,0.0,,0.0,0.0,,2.0,6.0,8.0,3.0,1.0,0.0,0.0,1.0,2.0,1.0,https://www.basketball-reference.com/boxscores/201703110DET.html,2016-17
Kyle O'Quinn,2017-03-12,New York Knicks,Brooklyn Nets,0,6.04,1.0,1.0,1.0,0.0,0.0,,0.0,0.0,,0.0,0.0,0.0,2.0,1.0,0.0,0.0,2.0,2.0,-3.0,https://www.basketball-reference.com/boxscores/201703120BRK.html,2016-17
Kyle O'Quinn,2017-03-14,New York Knicks,Indiana Pacers,1,,,,,,,,,,,,,,,,,,,,,https://www.basketball-reference.com/boxscores/201703140NYK.html,2016-17
Kyle O'Quinn,2017-03-16,New York Knicks,Brooklyn Nets,1,25.47,10.0,15.0,0.667,0.0,2.0,0.0,3.0,3.0,1.0,3.0,5.0,8.0,3.0,1.0,0.0,1.0,4.0,23.0,10.0,https://www.basketball-reference.com/boxscores/201703160NYK.html,2016-17
Kyle O'Quinn,2017-03-20,New York Knicks,Los Angeles Clippers,0,2.58,0.0,0.0,,0.0,0.0,,0.0,0.0,,0.0,1.0,1.0,0.0,0.0,0.0,0.0,0.0,0.0,-5.0,https://www.basketball-reference.com/boxscores/201703200LAC.html,2016-17
Kyle O'Quinn,2017-03-22,New York Knicks,Utah Jazz,0,8.4,2.0,3.0,0.667,0.0,0.0,,0.0,0.0,,0.0,3.0,3.0,1.0,0.0,0.0,1.0,3.0,4.0,-7.0,https://www.basketball-reference.com/boxscores/201703220UTA.html,2016-17
Kyle O'Quinn,2017-03-23,New York Knicks,Portland Trail Blazers,0,22.27,2.0,7.0,0.28600000000000003,0.0,0.0,,0.0,0.0,,0.0,7.0,7.0,3.0,0.0,2.0,1.0,4.0,4.0,-6.0,https://www.basketball-reference.com/boxscores/201703230POR.html,2016-17
Kyle O'Quinn,2017-03-25,New York Knicks,San Antonio Spurs,0,13.01,3.0,6.0,0.5,0.0,0.0,,0.0,0.0,,2.0,4.0,6.0,2.0,1.0,2.0,2.0,1.0,6.0,-12.0,https://www.basketball-reference.com/boxscores/201703250SAS.html,2016-17
Kyle O'Quinn,2017-03-27,New York Knicks,Detroit Pistons,1,20.27,0.0,4.0,0.0,0.0,0.0,,0.0,0.0,,2.0,4.0,6.0,0.0,0.0,1.0,2.0,2.0,0.0,-3.0,https://www.basketball-reference.com/boxscores/201703270NYK.html,2016-17
Kyle O'Quinn,2017-03-29,New York Knicks,Miami Heat,1,12.1,2.0,6.0,0.333,0.0,1.0,0.0,0.0,0.0,,2.0,3.0,5.0,2.0,0.0,1.0,0.0,0.0,4.0,-1.0,https://www.basketball-reference.com/boxscores/201703290NYK.html,2016-17
Kyle O'Quinn,2017-03-31,New York Knicks,Miami Heat,0,18.31,2.0,3.0,0.667,0.0,0.0,,3.0,3.0,1.0,1.0,3.0,4.0,3.0,0.0,2.0,1.0,2.0,7.0,-2.0,https://www.basketball-reference.com/boxscores/201703310MIA.html,2016-17
Kyle O'Quinn,2014-12-02,Orlando Magic,Golden State Warriors,0,27.17,9.0,16.0,0.563,0.0,0.0,,3.0,3.0,1.0,5.0,6.0,11.0,1.0,2.0,1.0,3.0,4.0,21.0,-7.0,https://www.basketball-reference.com/boxscores/201412020GSW.html,2014-15
Kyle O'Quinn,2014-12-03,Orlando Magic,Los Angeles Clippers,0,6.37,3.0,3.0,1.0,0.0,0.0,,0.0,0.0,,0.0,1.0,1.0,0.0,1.0,0.0,0.0,1.0,6.0,-7.0,https://www.basketball-reference.com/boxscores/201412030LAC.html,2014-15
Kyle O'Quinn,2014-12-05,Orlando Magic,Utah Jazz,0,17.58,5.0,7.0,0.7140000000000001,0.0,0.0,,3.0,3.0,1.0,2.0,2.0,4.0,1.0,0.0,2.0,2.0,4.0,13.0,14.0,https://www.basketball-reference.com/boxscores/201412050UTA.html,2014-15
Kyle O'Quinn,2014-12-06,Orlando Magic,Sacramento Kings,0,18.07,5.0,5.0,1.0,1.0,1.0,1.0,2.0,2.0,1.0,2.0,0.0,2.0,4.0,1.0,1.0,1.0,4.0,13.0,12.0,https://www.basketball-reference.com/boxscores/201412060SAC.html,2014-15
Kyle O'Quinn,2014-12-10,Orlando Magic,Washington Wizards,1,30.01,4.0,15.0,0.267,1.0,2.0,0.5,1.0,2.0,0.5,2.0,4.0,6.0,4.0,1.0,2.0,0.0,2.0,10.0,11.0,https://www.basketball-reference.com/boxscores/201412100ORL.html,2014-15
Kyle O'Quinn,2014-12-12,Orlando Magic,Atlanta Hawks,0,32.55,5.0,10.0,0.5,0.0,1.0,0.0,4.0,5.0,0.8,2.0,8.0,10.0,2.0,0.0,0.0,3.0,3.0,14.0,4.0,https://www.basketball-reference.com/boxscores/201412120ATL.html,2014-15
Kyle O'Quinn,2014-12-13,Orlando Magic,Atlanta Hawks,1,11.44,0.0,2.0,0.0,0.0,1.0,0.0,0.0,0.0,,0.0,1.0,1.0,0.0,1.0,1.0,0.0,1.0,0.0,-9.0,https://www.basketball-reference.com/boxscores/201412130ORL.html,2014-15
Kyle O'Quinn,2014-12-15,Orlando Magic,Toronto Raptors,0,18.58,1.0,1.0,1.0,0.0,0.0,,0.0,0.0,,0.0,6.0,6.0,0.0,0.0,1.0,2.0,1.0,2.0,6.0,https://www.basketball-reference.com/boxscores/201412150TOR.html,2014-15
Kyle O'Quinn,2014-12-17,Orlando Magic,Boston Celtics,0,22.5,4.0,6.0,0.667,0.0,1.0,0.0,3.0,3.0,1.0,0.0,5.0,5.0,0.0,0.0,1.0,2.0,5.0,11.0,-13.0,https://www.basketball-reference.com/boxscores/201412170BOS.html,2014-15
Kyle O'Quinn,2014-12-19,Orlando Magic,Utah Jazz,1,22.49,2.0,4.0,0.5,1.0,2.0,0.5,2.0,2.0,1.0,1.0,5.0,6.0,1.0,3.0,1.0,1.0,3.0,7.0,-4.0,https://www.basketball-reference.com/boxscores/201412190ORL.html,2014-15
Kyle O'Quinn,2014-12-21,Orlando Magic,Philadelphia 76ers,1,26.21,3.0,7.0,0.429,1.0,2.0,0.5,1.0,2.0,0.5,3.0,3.0,6.0,2.0,1.0,4.0,2.0,1.0,8.0,-6.0,https://www.basketball-reference.com/boxscores/201412210ORL.html,2014-15
Kyle O'Quinn,2014-12-23,Orlando Magic,Boston Celtics,1,34.18,6.0,12.0,0.5,2.0,4.0,0.5,4.0,4.0,1.0,1.0,12.0,13.0,0.0,2.0,1.0,0.0,4.0,18.0,2.0,https://www.basketball-reference.com/boxscores/201412230ORL.html,2014-15
Kyle O'Quinn,2014-12-26,Orlando Magic,Cleveland Cavaliers,1,16.24,0.0,3.0,0.0,0.0,1.0,0.0,0.0,0.0,,0.0,0.0,0.0,1.0,0.0,1.0,0.0,4.0,0.0,-10.0,https://www.basketball-reference.com/boxscores/201412260ORL.html,2014-15
Kyle O'Quinn,2014-12-27,Orlando Magic,Charlotte Hornets,0,14.27,1.0,3.0,0.333,1.0,2.0,0.5,0.0,0.0,,0.0,1.0,1.0,3.0,0.0,0.0,0.0,2.0,3.0,10.0,https://www.basketball-reference.com/boxscores/201412270CHO.html,2014-15
Kyle O'Quinn,2014-12-29,Orlando Magic,Miami Heat,0,17.11,2.0,2.0,1.0,1.0,1.0,1.0,0.0,0.0,,0.0,2.0,2.0,1.0,0.0,1.0,1.0,2.0,5.0,-3.0,https://www.basketball-reference.com/boxscores/201412290MIA.html,2014-15
Kyle O'Quinn,2014-12-30,Orlando Magic,Detroit Pistons,1,20.21,3.0,6.0,0.5,0.0,2.0,0.0,0.0,0.0,,0.0,3.0,3.0,0.0,1.0,1.0,0.0,4.0,6.0,-8.0,https://www.basketball-reference.com/boxscores/201412300ORL.html,2014-15
Kyle O'Quinn,2015-01-02,Orlando Magic,Brooklyn Nets,1,16.56,2.0,7.0,0.28600000000000003,0.0,1.0,0.0,0.0,0.0,,1.0,3.0,4.0,1.0,0.0,0.0,2.0,1.0,4.0,-2.0,https://www.basketball-reference.com/boxscores/201501020ORL.html,2014-15
Kyle O'Quinn,2015-01-03,Orlando Magic,Charlotte Hornets,1,20.2,1.0,6.0,0.16699999999999998,1.0,1.0,1.0,0.0,0.0,,0.0,2.0,2.0,0.0,0.0,0.0,1.0,3.0,3.0,-20.0,https://www.basketball-reference.com/boxscores/201501030ORL.html,2014-15
Kyle O'Quinn,2015-01-07,Orlando Magic,Denver Nuggets,0,15.06,2.0,5.0,0.4,0.0,1.0,0.0,1.0,1.0,1.0,0.0,3.0,3.0,1.0,1.0,0.0,2.0,2.0,5.0,-2.0,https://www.basketball-reference.com/boxscores/201501070DEN.html,2014-15
Kyle O'Quinn,2015-01-09,Orlando Magic,Los Angeles Lakers,0,27.45,0.0,4.0,0.0,0.0,1.0,0.0,0.0,0.0,,0.0,7.0,7.0,3.0,1.0,2.0,1.0,3.0,0.0,-9.0,https://www.basketball-reference.com/boxscores/201501090LAL.html,2014-15
Kyle O'Quinn,2015-01-10,Orlando Magic,Portland Trail Blazers,0,11.2,2.0,3.0,0.667,0.0,0.0,,0.0,0.0,,0.0,2.0,2.0,1.0,1.0,0.0,3.0,5.0,4.0,-6.0,https://www.basketball-reference.com/boxscores/201501100POR.html,2014-15
Kyle O'Quinn,2015-01-12,Orlando Magic,Chicago Bulls,0,11.57,3.0,4.0,0.75,0.0,1.0,0.0,2.0,2.0,1.0,0.0,2.0,2.0,1.0,1.0,1.0,1.0,1.0,8.0,1.0,https://www.basketball-reference.com/boxscores/201501120CHI.html,2014-15
Kyle O'Quinn,2015-01-14,Orlando Magic,Houston Rockets,1,10.42,2.0,3.0,0.667,1.0,1.0,1.0,0.0,0.0,,0.0,0.0,0.0,1.0,0.0,0.0,0.0,4.0,5.0,-7.0,https://www.basketball-reference.com/boxscores/201501140ORL.html,2014-15
Kyle O'Quinn,2015-01-16,Orlando Magic,Memphis Grizzlies,1,12.54,2.0,4.0,0.5,0.0,1.0,0.0,2.0,2.0,1.0,0.0,8.0,8.0,1.0,0.0,0.0,1.0,4.0,6.0,-12.0,https://www.basketball-reference.com/boxscores/201501160ORL.html,2014-15
Kyle O'Quinn,2015-01-18,Orlando Magic,Oklahoma City Thunder,1,16.22,1.0,2.0,0.5,0.0,0.0,,2.0,4.0,0.5,1.0,3.0,4.0,0.0,0.0,1.0,1.0,0.0,4.0,-11.0,https://www.basketball-reference.com/boxscores/201501180ORL.html,2014-15
Kyle O'Quinn,2015-01-21,Orlando Magic,Detroit Pistons,0,14.06,6.0,9.0,0.667,0.0,1.0,0.0,0.0,0.0,,0.0,1.0,1.0,1.0,0.0,3.0,1.0,0.0,12.0,12.0,https://www.basketball-reference.com/boxscores/201501210DET.html,2014-15
Kyle O'Quinn,2015-01-23,Orlando Magic,New York Knicks,0,10.14,3.0,4.0,0.75,0.0,0.0,,0.0,0.0,,0.0,2.0,2.0,0.0,0.0,0.0,0.0,0.0,6.0,-6.0,https://www.basketball-reference.com/boxscores/201501230NYK.html,2014-15
Kyle O'Quinn,2015-01-25,Orlando Magic,Indiana Pacers,1,13.31,2.0,2.0,1.0,0.0,0.0,,0.0,0.0,,0.0,2.0,2.0,2.0,0.0,2.0,0.0,0.0,4.0,7.0,https://www.basketball-reference.com/boxscores/201501250ORL.html,2014-15
Kyle O'Quinn,2015-01-26,Orlando Magic,Memphis Grizzlies,0,12.36,2.0,3.0,0.667,0.0,1.0,0.0,0.0,0.0,,0.0,1.0,1.0,3.0,0.0,1.0,1.0,2.0,4.0,-13.0,https://www.basketball-reference.com/boxscores/201501260MEM.html,2014-15
Kyle O'Quinn,2015-01-29,Orlando Magic,Milwaukee Bucks,1,27.06,2.0,2.0,1.0,1.0,1.0,1.0,2.0,4.0,0.5,1.0,8.0,9.0,2.0,1.0,1.0,3.0,2.0,7.0,7.0,https://www.basketball-reference.com/boxscores/201501290ORL.html,2014-15
Kyle O'Quinn,2015-01-31,Orlando Magic,Dallas Mavericks,1,,,,,,,,,,,,,,,,,,,,,https://www.basketball-reference.com/boxscores/201501310ORL.html,2014-15
Kyle O'Quinn,2015-02-02,Orlando Magic,Oklahoma City Thunder,0,22.52,5.0,10.0,0.5,0.0,2.0,0.0,1.0,3.0,0.333,3.0,5.0,8.0,2.0,3.0,1.0,0.0,3.0,11.0,8.0,https://www.basketball-reference.com/boxscores/201502020OKC.html,2014-15
Kyle O'Quinn,2015-02-04,Orlando Magic,San Antonio Spurs,0,5.52,1.0,1.0,1.0,0.0,0.0,,0.0,0.0,,0.0,0.0,0.0,0.0,1.0,0.0,0.0,0.0,2.0,-2.0,https://www.basketball-reference.com/boxscores/201502040SAS.html,2014-15
Kyle O'Quinn,2015-02-08,Orlando Magic,Chicago Bulls,1,22.35,1.0,7.0,0.14300000000000002,0.0,4.0,0.0,1.0,2.0,0.5,1.0,4.0,5.0,3.0,0.0,1.0,2.0,3.0,3.0,-1.0,https://www.basketball-reference.com/boxscores/201502080ORL.html,2014-15
Kyle O'Quinn,2015-02-09,Orlando Magic,Washington Wizards,0,14.26,2.0,4.0,0.5,0.0,1.0,0.0,0.0,0.0,,0.0,4.0,4.0,2.0,2.0,0.0,2.0,2.0,4.0,-11.0,https://www.basketball-reference.com/boxscores/201502090WAS.html,2014-15
Kyle O'Quinn,2015-02-11,Orlando Magic,New York Knicks,1,16.47,0.0,3.0,0.0,0.0,1.0,0.0,1.0,2.0,0.5,0.0,7.0,7.0,1.0,1.0,1.0,3.0,3.0,1.0,1.0,https://www.basketball-reference.com/boxscores/201502110ORL.html,2014-15
Kyle O'Quinn,2015-02-20,Orlando Magic,New Orleans Pelicans,1,0.37,0.0,0.0,,0.0,0.0,,0.0,0.0,,0.0,1.0,1.0,0.0,0.0,0.0,0.0,0.0,0.0,-3.0,https://www.basketball-reference.com/boxscores/201502200ORL.html,2014-15
Kyle O'Quinn,2015-02-22,Orlando Magic,Philadelphia 76ers,1,,,,,,,,,,,,,,,,,,,,,https://www.basketball-reference.com/boxscores/201502220ORL.html,2014-15
Kyle O'Quinn,2015-02-27,Orlando Magic,Atlanta Hawks,0,5.1,0.0,0.0,,0.0,0.0,,0.0,0.0,,0.0,1.0,1.0,0.0,0.0,0.0,0.0,0.0,0.0,-2.0,https://www.basketball-reference.com/boxscores/201502270ATL.html,2014-15
Kyle O'Quinn,2015-03-01,Orlando Magic,Charlotte Hornets,1,,,,,,,,,,,,,,,,,,,,,https://www.basketball-reference.com/boxscores/201503010ORL.html,2014-15
Kyle O'Quinn,2015-03-04,Orlando Magic,Phoenix Suns,1,,,,,,,,,,,,,,,,,,,,,https://www.basketball-reference.com/boxscores/201503040ORL.html,2014-15
Kyle O'Quinn,2015-03-06,Orlando Magic,Sacramento Kings,1,10.43,1.0,1.0,1.0,0.0,0.0,,0.0,0.0,,0.0,1.0,1.0,0.0,1.0,0.0,0.0,5.0,2.0,-10.0,https://www.basketball-reference.com/boxscores/201503060ORL.html,2014-15
Kyle O'Quinn,2015-03-08,Orlando Magic,Boston Celtics,1,4.39,0.0,0.0,,0.0,0.0,,0.0,0.0,,2.0,1.0,3.0,0.0,0.0,0.0,1.0,1.0,0.0,-6.0,https://www.basketball-reference.com/boxscores/201503080ORL.html,2014-15
Kyle O'Quinn,2015-03-10,Orlando Magic,Indiana Pacers,0,6.43,3.0,5.0,0.6,0.0,0.0,,0.0,0.0,,3.0,1.0,4.0,0.0,0.0,0.0,1.0,0.0,6.0,-8.0,https://www.basketball-reference.com/boxscores/201503100IND.html,2014-15
Kyle O'Quinn,2015-03-11,Orlando Magic,Milwaukee Bucks,0,,,,,,,,,,,,,,,,,,,,,https://www.basketball-reference.com/boxscores/201503110MIL.html,2014-15
Kyle O'Quinn,2015-03-13,Orlando Magic,Boston Celtics,0,,,,,,,,,,,,,,,,,,,,,https://www.basketball-reference.com/boxscores/201503130BOS.html,2014-15
Kyle O'Quinn,2015-03-15,Orlando Magic,Cleveland Cavaliers,1,,,,,,,,,,,,,,,,,,,,,https://www.basketball-reference.com/boxscores/201503150ORL.html,2014-15
Kyle O'Quinn,2015-03-17,Orlando Magic,Houston Rockets,0,4.45,0.0,1.0,0.0,0.0,0.0,,0.0,0.0,,0.0,0.0,0.0,0.0,1.0,0.0,0.0,0.0,0.0,-2.0,https://www.basketball-reference.com/boxscores/201503170HOU.html,2014-15
Kyle O'Quinn,2015-03-18,Orlando Magic,Dallas Mavericks,0,20.36,3.0,5.0,0.6,1.0,1.0,1.0,0.0,0.0,,2.0,0.0,2.0,2.0,0.0,0.0,2.0,4.0,7.0,7.0,https://www.basketball-reference.com/boxscores/201503180DAL.html,2014-15
Kyle O'Quinn,2015-03-20,Orlando Magic,Portland Trail Blazers,1,13.44,2.0,4.0,0.5,0.0,1.0,0.0,0.0,0.0,,0.0,3.0,3.0,1.0,0.0,0.0,0.0,3.0,4.0,3.0,https://www.basketball-reference.com/boxscores/201503200ORL.html,2014-15
Kyle O'Quinn,2015-03-22,Orlando Magic,Denver Nuggets,1,17.58,3.0,10.0,0.3,0.0,1.0,0.0,4.0,4.0,1.0,5.0,2.0,7.0,0.0,1.0,0.0,1.0,1.0,10.0,-6.0,https://www.basketball-reference.com/boxscores/201503220ORL.html,2014-15
Kyle O'Quinn,2015-03-25,Orlando Magic,Atlanta Hawks,1,,,,,,,,,,,,,,,,,,,,,https://www.basketball-reference.com/boxscores/201503250ORL.html,2014-15
Kyle O'Quinn,2015-03-27,Orlando Magic,Detroit Pistons,1,,,,,,,,,,,,,,,,,,,,,https://www.basketball-reference.com/boxscores/201503270ORL.html,2014-15
Kyle O'Quinn,2012-12-02,Orlando Magic,Los Angeles Lakers,0,7.33,2.0,2.0,1.0,0.0,0.0,,2.0,2.0,1.0,1.0,1.0,2.0,0.0,0.0,2.0,0.0,3.0,6.0,-5.0,https://www.basketball-reference.com/boxscores/201212020LAL.html,2012-13
Kyle O'Quinn,2012-12-03,Orlando Magic,Golden State Warriors,0,,,,,,,,,,,,,,,,,,,,,https://www.basketball-reference.com/boxscores/201212030GSW.html,2012-13
Kyle O'Quinn,2012-12-05,Orlando Magic,Utah Jazz,0,,,,,,,,,,,,,,,,,,,,,https://www.basketball-reference.com/boxscores/201212050UTA.html,2012-13
Kyle O'Quinn,2012-12-07,Orlando Magic,Sacramento Kings,0,3.13,0.0,0.0,,0.0,0.0,,0.0,0.0,,0.0,2.0,2.0,0.0,0.0,0.0,0.0,1.0,0.0,-5.0,https://www.basketball-reference.com/boxscores/201212070SAC.html,2012-13
Kyle O'Quinn,2012-12-09,Orlando Magic,Phoenix Suns,0,,,,,,,,,,,,,,,,,,,,,https://www.basketball-reference.com/boxscores/201212090PHO.html,2012-13
Kyle O'Quinn,2012-12-12,Orlando Magic,Atlanta Hawks,1,,,,,,,,,,,,,,,,,,,,,https://www.basketball-reference.com/boxscores/201212120ORL.html,2012-13
Kyle O'Quinn,2012-12-14,Orlando Magic,Golden State Warriors,1,1.04,0.0,0.0,,0.0,0.0,,0.0,0.0,,0.0,0.0,0.0,0.0,0.0,0.0,1.0,0.0,0.0,0.0,https://www.basketball-reference.com/boxscores/201212140ORL.html,2012-13
Kyle O'Quinn,2012-12-15,Orlando Magic,Charlotte Bobcats,0,,,,,,,,,,,,,,,,,,,,,https://www.basketball-reference.com/boxscores/201212150CHA.html,2012-13
Kyle O'Quinn,2012-12-17,Orlando Magic,Minnesota Timberwolves,1,2.07,1.0,1.0,1.0,0.0,0.0,,0.0,0.0,,0.0,0.0,0.0,0.0,0.0,0.0,0.0,2.0,2.0,-6.0,https://www.basketball-reference.com/boxscores/201212170ORL.html,2012-13
Kyle O'Quinn,2012-12-19,Orlando Magic,Washington Wizards,1,,,,,,,,,,,,,,,,,,,,,https://www.basketball-reference.com/boxscores/201212190ORL.html,2012-13
Kyle O'Quinn,2012-12-21,Orlando Magic,Toronto Raptors,0,,,,,,,,,,,,,,,,,,,,,https://www.basketball-reference.com/boxscores/201212210TOR.html,2012-13
Kyle O'Quinn,2012-12-23,Orlando Magic,Utah Jazz,1,7.49,1.0,1.0,1.0,0.0,0.0,,0.0,0.0,,1.0,1.0,2.0,1.0,0.0,1.0,0.0,1.0,2.0,-3.0,https://www.basketball-reference.com/boxscores/201212230ORL.html,2012-13
Kyle O'Quinn,2012-12-26,Orlando Magic,New Orleans Hornets,1,,,,,,,,,,,,,,,,,,,,,https://www.basketball-reference.com/boxscores/201212260ORL.html,2012-13
Kyle O'Quinn,2012-12-28,Orlando Magic,Washington Wizards,0,3.08,1.0,3.0,0.333,0.0,0.0,,0.0,0.0,,0.0,0.0,0.0,1.0,0.0,1.0,0.0,2.0,2.0,-5.0,https://www.basketball-reference.com/boxscores/201212280WAS.html,2012-13
Kyle O'Quinn,2012-12-29,Orlando Magic,Toronto Raptors,1,8.19,1.0,2.0,0.5,0.0,0.0,,0.0,0.0,,0.0,0.0,0.0,0.0,0.0,0.0,0.0,1.0,2.0,-11.0,https://www.basketball-reference.com/boxscores/201212290ORL.html,2012-13
Kyle O'Quinn,2013-01-02,Orlando Magic,Chicago Bulls,1,2.54,0.0,0.0,,0.0,0.0,,0.0,0.0,,0.0,0.0,0.0,0.0,0.0,0.0,0.0,1.0,0.0,-2.0,https://www.basketball-reference.com/boxscores/201301020ORL.html,2012-13
Kyle O'Quinn,2013-01-05,Orlando Magic,New York Knicks,1,,,,,,,,,,,,,,,,,,,,,https://www.basketball-reference.com/boxscores/201301050ORL.html,2012-13
Kyle O'Quinn,2013-01-07,Portland Trail Blazers,Orlando Magic,1,,,,,,,,,,,,,,,,,,,,,https://www.basketball-reference.com/boxscores/201301070POR.html,2012-13
Kyle O'Quinn,2013-01-09,Orlando Magic,Denver Nuggets,0,10.56,2.0,2.0,1.0,0.0,0.0,,0.0,0.0,,0.0,1.0,1.0,1.0,0.0,2.0,0.0,4.0,4.0,0.0,https://www.basketball-reference.com/boxscores/201301090DEN.html,2012-13
Kyle O'Quinn,2013-01-12,Orlando Magic,Los Angeles Clippers,0,3.46,0.0,0.0,,0.0,0.0,,0.0,0.0,,0.0,1.0,1.0,1.0,1.0,0.0,0.0,0.0,0.0,3.0,https://www.basketball-reference.com/boxscores/201301120LAC.html,2012-13
Kyle O'Quinn,2013-01-14,Orlando Magic,Washington Wizards,0,7.48,2.0,3.0,0.667,0.0,0.0,,0.0,0.0,,1.0,3.0,4.0,0.0,0.0,0.0,0.0,1.0,4.0,-11.0,https://www.basketball-reference.com/boxscores/201301140WAS.html,2012-13
Kyle O'Quinn,2013-01-16,Orlando Magic,Indiana Pacers,1,2.46,0.0,0.0,,0.0,0.0,,0.0,0.0,,0.0,0.0,0.0,0.0,0.0,0.0,0.0,1.0,0.0,-8.0,https://www.basketball-reference.com/boxscores/201301160ORL.html,2012-13
Kyle O'Quinn,2013-01-18,Orlando Magic,Charlotte Bobc,1,2.55,1.0,1.0,1.0,0.0,0.0,,0.0,1.0,0.0,0.0,0.0,0.0,0.0,0.0,0.0,0.0,1.0,2.0,2.0,https://www.basketball-reference.com/boxscores/201301180ORL.html,2012-13
Kyle O'Quinn,2013-01-20,Orlando Magic,Dallas Mavericks,1,,,,,,,,,,,,,,,,,,,,,https://www.basketball-reference.com/boxscores/201301200ORL.html,2012-13
Kyle O'Quinn,2013-01-22,Orlando Magic,Detroit Pistons,0,4.06,1.0,3.0,0.333,0.0,0.0,,0.0,0.0,,0.0,1.0,1.0,0.0,0.0,0.0,0.0,0.0,2.0,3.0,https://www.basketball-reference.com/boxscores/201301220DET.html,2012-13
Kyle O'Quinn,2013-01-24,Orlando Magic,Toronto Raptors,1,,,,,,,,,,,,,,,,,,,,,https://www.basketball-reference.com/boxscores/201301240ORL.html,2012-13
Kyle O'Quinn,2013-01-27,Orlando Magic,Detroit Pistons,1,,,,,,,,,,,,,,,,,,,,,https://www.basketball-reference.com/boxscores/201301270ORL.html,2012-13
Kyle O'Quinn,2013-01-28,Orlando Magic,Brooklyn Nets,0,4.2,2.0,3.0,0.667,0.0,0.0,,0.0,0.0,,2.0,0.0,2.0,0.0,0.0,1.0,0.0,0.0,4.0,4.0,https://www.basketball-reference.com/boxscores/201301280BRK.html,2012-13
Kyle O'Quinn,2013-01-30,Orlando Magic,New York Knicks,0,8.32,2.0,3.0,0.667,0.0,0.0,,0.0,0.0,,1.0,2.0,3.0,0.0,0.0,0.0,2.0,1.0,4.0,-2.0,https://www.basketball-reference.com/boxscores/201301300NYK.html,2012-13
Kyle O'Quinn,2013-02-01,Orlando Magic,Boston Celtics,0,7.05,5.0,6.0,0.833,0.0,0.0,,1.0,1.0,1.0,3.0,0.0,3.0,1.0,0.0,0.0,0.0,1.0,11.0,10.0,https://www.basketball-reference.com/boxscores/201302010BOS.html,2012-13
Kyle O'Quinn,2013-02-02,Orlando Magic,Milwaukee Bucks,0,11.41,4.0,7.0,0.5710000000000001,0.0,0.0,,1.0,2.0,0.5,2.0,1.0,3.0,0.0,0.0,0.0,1.0,0.0,9.0,-2.0,https://www.basketball-reference.com/boxscores/201302020MIL.html,2012-13
Kyle O'Quinn,2013-02-04,Orlando Magic,Philadelphia 76ers,0,17.15,1.0,3.0,0.333,0.0,0.0,,0.0,0.0,,0.0,4.0,4.0,1.0,0.0,1.0,1.0,2.0,2.0,1.0,https://www.basketball-reference.com/boxscores/201302040PHI.html,2012-13
Kyle O'Quinn,2013-02-06,Orlando Magic,Los Angeles Clippers,1,19.27,4.0,6.0,0.667,0.0,0.0,,2.0,2.0,1.0,5.0,4.0,9.0,3.0,1.0,1.0,0.0,3.0,10.0,10.0,https://www.basketball-reference.com/boxscores/201302060ORL.html,2012-13
Kyle O'Quinn,2013-02-08,Orlando Magic,Cleveland Cavaliers,0,9.32,2.0,5.0,0.4,0.0,0.0,,1.0,2.0,0.5,1.0,1.0,2.0,1.0,0.0,0.0,2.0,2.0,5.0,-2.0,https://www.basketball-reference.com/boxscores/201302080CLE.html,2012-13
Kyle O'Quinn,2013-02-10,Orlando Magic,Portland Trail Blazers,1,11.07,3.0,5.0,0.6,0.0,0.0,,1.0,3.0,0.333,2.0,0.0,2.0,0.0,1.0,1.0,0.0,1.0,7.0,-13.0,https://www.basketball-reference.com/boxscores/201302100ORL.html,2012-13
Kyle O'Quinn,2013-02-13,Orlando Magic,Atlanta Hawks,1,22.08,3.0,7.0,0.429,0.0,0.0,,0.0,0.0,,2.0,6.0,8.0,1.0,2.0,1.0,1.0,4.0,6.0,-9.0,https://www.basketball-reference.com/boxscores/201302130ORL.html,2012-13
Kyle O'Quinn,2013-02-19,Orlando Magic,Charlotte Bobc,1,12.14,2.0,5.0,0.4,0.0,0.0,,0.0,0.0,,1.0,2.0,3.0,2.0,1.0,0.0,1.0,2.0,4.0,7.0,https://www.basketball-reference.com/boxscores/201302190ORL.html,2012-13
Kyle O'Quinn,2013-02-20,Orlando Magic,Dallas Mavericks,0,3.59,0.0,0.0,,0.0,0.0,,0.0,0.0,,0.0,1.0,1.0,0.0,0.0,0.0,0.0,1.0,0.0,-4.0,https://www.basketball-reference.com/boxscores/201302200DAL.html,2012-13
Kyle O'Quinn,2013-02-22,Orlando Magic,Memphis Grizzlies,0,22.49,3.0,5.0,0.6,0.0,0.0,,0.0,0.0,,1.0,6.0,7.0,1.0,0.0,0.0,1.0,4.0,6.0,2.0,https://www.basketball-reference.com/boxscores/201302220MEM.html,2012-13
Kyle O'Quinn,2013-02-23,Orlando Magic,Cleveland Cavaliers,1,13.35,2.0,3.0,0.667,0.0,0.0,,2.0,3.0,0.667,1.0,6.0,7.0,2.0,0.0,1.0,0.0,5.0,6.0,9.0,https://www.basketball-reference.com/boxscores/201302230ORL.html,2012-13
Kyle O'Quinn,2013-02-26,Orlando Magic,Philadelphia 76ers,0,,,,,,,,,,,,,,,,,,,,,https://www.basketball-reference.com/boxscores/201302260PHI.html,2012-13
Kyle O'Quinn,2013-02-27,Orlando Magic,Sacramento Kings,1,14.0,3.0,4.0,0.75,0.0,0.0,,0.0,0.0,,1.0,5.0,6.0,1.0,0.0,0.0,1.0,5.0,6.0,1.0,https://www.basketball-reference.com/boxscores/201302270ORL.html,2012-13
Kyle O'Quinn,2013-03-01,Orlando Magic,Houston Rockets,1,,,,,,,,,,,,,,,,,,,,,https://www.basketball-reference.com/boxscores/201303010ORL.html,2012-13
Kyle O'Quinn,2013-03-03,Orlando Magic,Memphis Grizzlies,1,12.0,0.0,4.0,0.0,0.0,1.0,0.0,2.0,4.0,0.5,1.0,4.0,5.0,1.0,0.0,1.0,1.0,1.0,2.0,-1.0,https://www.basketball-reference.com/boxscores/201303030ORL.html,2012-13
Kyle O'Quinn,2013-03-04,Orlando Magic,New Orleans Hornets,0,,,,,,,,,,,,,,,,,,,,,https://www.basketball-reference.com/boxscores/201303040NOH.html,2012-13
Kyle O'Quinn,2013-03-06,Orlando Magic,Miami Heat,0,,,,,,,,,,,,,,,,,,,,,https://www.basketball-reference.com/boxscores/201303060MIA.html,2012-13
Kyle O'Quinn,2013-03-08,Orlando Magic,Indiana Pacers,1,16.17,1.0,4.0,0.25,0.0,0.0,,0.0,0.0,,1.0,2.0,3.0,1.0,0.0,0.0,0.0,4.0,2.0,-5.0,https://www.basketball-reference.com/boxscores/201303080ORL.html,2012-13
Kyle O'Quinn,2013-03-10,Orlando Magic,Philadelphia 76ers,1,,,,,,,,,,,,,,,,,,,,,https://www.basketball-reference.com/boxscores/201303100ORL.html,2012-13
Kyle O'Quinn,2013-03-12,Orlando Magic,Los Angeles Lakers,1,5.26,2.0,3.0,0.667,0.0,0.0,,0.0,0.0,,0.0,0.0,0.0,2.0,0.0,0.0,0.0,3.0,4.0,0.0,https://www.basketball-reference.com/boxscores/201303120ORL.html,2012-13
Kyle O'Quinn,2013-03-15,Orlando Magic,Oklahoma City Thunder,0,4.07,0.0,0.0,,0.0,0.0,,0.0,0.0,,0.0,2.0,2.0,0.0,0.0,0.0,0.0,0.0,0.0,6.0,https://www.basketball-reference.com/boxscores/201303150OKC.html,2012-13
Kyle O'Quinn,2013-03-17,Orlando Magic,Milwaukee Bucks,0,5.15,0.0,1.0,0.0,0.0,0.0,,0.0,0.0,,0.0,4.0,4.0,0.0,0.0,0.0,1.0,3.0,0.0,5.0,https://www.basketball-reference.com/boxscores/201303170MIL.html,2012-13
Kyle O'Quinn,2013-03-19,Orlando Magic,Indiana Pacers,0,17.29,0.0,2.0,0.0,0.0,0.0,,2.0,2.0,1.0,1.0,4.0,5.0,0.0,1.0,1.0,0.0,3.0,2.0,-11.0,https://www.basketball-reference.com/boxscores/201303190IND.html,2012-13
Kyle O'Quinn,2013-03-20,Orlando Magic,New York Knicks,0,25.04,5.0,10.0,0.5,0.0,0.0,,2.0,4.0,0.5,5.0,9.0,14.0,4.0,0.0,0.0,3.0,2.0,12.0,15.0,https://www.basketball-reference.com/boxscores/201303200NYK.html,2012-13
Kyle O'Quinn,2013-03-22,Orlando Magic,Oklahoma City Thunder,1,26.47,5.0,11.0,0.455,0.0,0.0,,1.0,2.0,0.5,3.0,6.0,9.0,0.0,1.0,0.0,3.0,3.0,11.0,8.0,https://www.basketball-reference.com/boxscores/201303220ORL.html,2012-13
Kyle O'Quinn,2013-03-25,Orlando Magic,Miami Heat,1,23.23,6.0,7.0,0.857,0.0,0.0,,0.0,0.0,,2.0,4.0,6.0,0.0,0.0,1.0,2.0,3.0,12.0,2.0,https://www.basketball-reference.com/boxscores/201303250ORL.html,2012-13
Kyle O'Quinn,2013-03-27,Orlando Magic,Charlotte Bobcats,0,42.15,11.0,14.0,0.7859999999999999,0.0,0.0,,1.0,2.0,0.5,3.0,8.0,11.0,6.0,1.0,0.0,0.0,5.0,23.0,-8.0,https://www.basketball-reference.com/boxscores/201303270CHA.html,2012-13
Kyle O'Quinn,2013-03-29,Orlando Magic,Washington Wizards,1,22.0,2.0,4.0,0.5,0.0,0.0,,0.0,0.0,,3.0,1.0,4.0,4.0,0.0,2.0,1.0,3.0,4.0,-6.0,https://www.basketball-reference.com/boxscores/201303290ORL.html,2012-13
Kyle O'Quinn,2013-03-30,Orlando Magic,Atlanta Hawks,0,22.34,1.0,4.0,0.25,0.0,0.0,,0.0,0.0,,1.0,6.0,7.0,0.0,0.0,1.0,2.0,6.0,2.0,-2.0,https://www.basketball-reference.com/boxscores/201303300ATL.html,2012-13
Kyle O'Quinn,2019-12-02,Philadelphia 76ers,Utah Jazz,1,,,,,,,,,,,,,,,,,,,,,https://www.basketball-reference.com/boxscores/201912020PHI.html,2019-20
Kyle O'Quinn,2019-12-05,Philadelphia 76ers,Washington Wizards,0,,,,,,,,,,,,,,,,,,,,,https://www.basketball-reference.com/boxscores/201912050WAS.html,2019-20
Kyle O'Quinn,2019-12-07,Philadelphia 76ers,Cleveland Cavaliers,1,27.14,5.0,10.0,0.5,0.0,1.0,0.0,0.0,0.0,,3.0,8.0,11.0,3.0,0.0,4.0,3.0,4.0,10.0,22.0,https://www.basketball-reference.com/boxscores/201912070PHI.html,2019-20
Kyle O'Quinn,2019-12-08,Philadelphia 76ers,Toronto Raptors,1,,,,,,,,,,,,,,,,,,,,,https://www.basketball-reference.com/boxscores/201912080PHI.html,2019-20
Kyle O'Quinn,2019-12-10,Philadelphia 76ers,Denver Nuggets,1,,,,,,,,,,,,,,,,,,,,,https://www.basketball-reference.com/boxscores/201912100PHI.html,2019-20
Kyle O'Quinn,2019-12-12,Philadelphia 76ers,Boston Celtics,0,11.55,1.0,4.0,0.25,1.0,3.0,0.333,0.0,0.0,,3.0,1.0,4.0,3.0,0.0,0.0,1.0,2.0,3.0,-15.0,https://www.basketball-reference.com/boxscores/201912120BOS.html,2019-20
Kyle O'Quinn,2019-12-13,Philadelphia 76ers,New Orleans Pelicans,1,5.01,0.0,0.0,,0.0,0.0,,0.0,0.0,,0.0,3.0,3.0,0.0,0.0,1.0,0.0,0.0,0.0,-2.0,https://www.basketball-reference.com/boxscores/201912130PHI.html,2019-20
Kyle O'Quinn,2019-12-15,Philadelphia 76ers,Brooklyn Nets,0,4.53,0.0,1.0,0.0,0.0,0.0,,1.0,2.0,0.5,0.0,0.0,0.0,0.0,0.0,1.0,0.0,0.0,1.0,1.0,https://www.basketball-reference.com/boxscores/201912150BRK.html,2019-20
Kyle O'Quinn,2019-12-18,Philadelphia 76ers,Miami Heat,1,,,,,,,,,,,,,,,,,,,,,https://www.basketball-reference.com/boxscores/201912180PHI.html,2019-20
Kyle O'Quinn,2019-12-20,Philadelphia 76ers,Dallas Mavericks,1,1.11,0.0,0.0,,0.0,0.0,,0.0,0.0,,0.0,0.0,0.0,0.0,0.0,0.0,0.0,0.0,0.0,-2.0,https://www.basketball-reference.com/boxscores/201912200PHI.html,2019-20
Kyle O'Quinn,2019-12-21,Philadelphia 76ers,Washington Wizards,1,,,,,,,,,,,,,,,,,,,,,https://www.basketball-reference.com/boxscores/201912210PHI.html,2019-20
Kyle O'Quinn,2019-12-23,Philadelphia 76ers,Detroit Pistons,0,,,,,,,,,,,,,,,,,,,,,https://www.basketball-reference.com/boxscores/201912230DET.html,2019-20
Kyle O'Quinn,2019-12-25,Philadelphia 76ers,Milwaukee Bucks,1,,,,,,,,,,,,,,,,,,,,,https://www.basketball-reference.com/boxscores/201912250PHI.html,2019-20
Kyle O'Quinn,2019-12-27,Philadelphia 76ers,Orlando Magic,0,,,,,,,,,,,,,,,,,,,,,https://www.basketball-reference.com/boxscores/201912270ORL.html,2019-20
Kyle O'Quinn,2019-12-28,Miami Heat,Philadelphia 76ers,1,,,,,,,,,,,,,,,,,,,,,https://www.basketball-reference.com/boxscores/201912280MIA.html,2019-20
Kyle O'Quinn,2019-12-31,Philadelphia 76ers,Indiana Pacers,0,25.34,2.0,5.0,0.4,0.0,2.0,0.0,0.0,0.0,,3.0,7.0,10.0,5.0,0.0,2.0,1.0,1.0,4.0,18.0,https://www.basketball-reference.com/boxscores/201912310IND.html,2019-20
Kyle O'Quinn,2020-01-03,Philadelphia 76ers,Houston Rockets,0,,,,,,,,,,,,,,,,,,,,,https://www.basketball-reference.com/boxscores/202001030HOU.html,2019-20
Kyle O'Quinn,2020-01-06,Philadelphia 76ers,Oklahoma City Thunder,1,,,,,,,,,,,,,,,,,,,,,https://www.basketball-reference.com/boxscores/202001060PHI.html,2019-20
Kyle O'Quinn,2020-01-09,Philadelphia 76ers,Boston Celtics,1,,,,,,,,,,,,,,,,,,,,,https://www.basketball-reference.com/boxscores/202001090PHI.html,2019-20
Kyle O'Quinn,2020-01-11,Philadelphia 76ers,Dallas Mavericks,0,,,,,,,,,,,,,,,,,,,,,https://www.basketball-reference.com/boxscores/202001110DAL.html,2019-20
Kyle O'Quinn,2020-01-13,Philadelphia 76ers,Indiana Pacers,0,,,,,,,,,,,,,,,,,,,,,https://www.basketball-reference.com/boxscores/202001130IND.html,2019-20
Kyle O'Quinn,2020-01-15,Philadelphia 76ers,Brooklyn Nets,1,,,,,,,,,,,,,,,,,,,,,https://www.basketball-reference.com/boxscores/202001150PHI.html,2019-20
Kyle O'Quinn,2020-01-17,Philadelphia 76ers,Chicago Bulls,1,15.4,3.0,5.0,0.6,0.0,1.0,0.0,0.0,0.0,,1.0,4.0,5.0,2.0,2.0,2.0,1.0,2.0,6.0,-1.0,https://www.basketball-reference.com/boxscores/202001170PHI.html,2019-20
Kyle O'Quinn,2020-01-18,Philadelphia 76ers,New York Knicks,0,,,,,,,,,,,,,,,,,,,,,https://www.basketball-reference.com/boxscores/202001180NYK.html,2019-20
Kyle O'Quinn,2020-01-20,Philadelphia 76ers,Brooklyn Nets,0,5.59,1.0,3.0,0.333,1.0,2.0,0.5,0.0,0.0,,0.0,1.0,1.0,1.0,0.0,0.0,0.0,2.0,3.0,-4.0,https://www.basketball-reference.com/boxscores/202001200BRK.html,2019-20
Kyle O'Quinn,2020-01-22,Philadelphia 76ers,Toronto Raptors,0,,,,,,,,,,,,,,,,,,,,,https://www.basketball-reference.com/boxscores/202001220TOR.html,2019-20
Kyle O'Quinn,2020-01-25,Philadelphia 76ers,Los Angeles Lakers,1,,,,,,,,,,,,,,,,,,,,,https://www.basketball-reference.com/boxscores/202001250PHI.html,2019-20
Kyle O'Quinn,2020-01-28,Philadelphia 76ers,Golden State Warriors,1,,,,,,,,,,,,,,,,,,,,,https://www.basketball-reference.com/boxscores/202001280PHI.html,2019-20
Kyle O'Quinn,2020-01-30,Philadelphia 76ers,Atlanta Hawks,0,,,,,,,,,,,,,,,,,,,,,https://www.basketball-reference.com/boxscores/202001300ATL.html,2019-20
Kyle O'Quinn,2020-02-01,Philadelphia 76ers,Boston Celtics,0,,,,,,,,,,,,,,,,,,,,,https://www.basketball-reference.com/boxscores/202002010BOS.html,2019-20
Kyle O'Quinn,2020-02-03,Philadelphia 76ers,Miami Heat,0,4.26,2.0,3.0,0.667,0.0,0.0,,2.0,3.0,0.667,4.0,0.0,4.0,1.0,0.0,0.0,0.0,0.0,6.0,2.0,https://www.basketball-reference.com/boxscores/202002030MIA.html,2019-20
Kyle O'Quinn,2020-02-24,Philadelphia 76ers,Atlanta Hawks,1,,,,,,,,,,,,,,,,,,,,,https://www.basketball-reference.com/boxscores/202002240PHI.html,2019-20
Kyle O'Quinn,2020-02-26,Philadelphia 76ers,Cleveland Cavaliers,0,11.54,2.0,5.0,0.4,0.0,1.0,0.0,2.0,2.0,1.0,0.0,2.0,2.0,1.0,0.0,4.0,0.0,0.0,6.0,4.0,https://www.basketball-reference.com/boxscores/202002260CLE.html,2019-20
Kyle O'Quinn,2020-02-27,Philadelphia 76ers,New York Knicks,1,14.21,1.0,2.0,0.5,0.0,0.0,,1.0,2.0,0.5,3.0,7.0,10.0,1.0,0.0,1.0,0.0,4.0,3.0,-3.0,https://www.basketball-reference.com/boxscores/202002270PHI.html,2019-20
Kyle O'Quinn,2020-03-01,Philadelphia 76ers,Los Angeles Clippers,0,7.16,0.0,1.0,0.0,0.0,1.0,0.0,2.0,4.0,0.5,2.0,1.0,3.0,1.0,1.0,0.0,0.0,1.0,2.0,-12.0,https://www.basketball-reference.com/boxscores/202003010LAC.html,2019-20
Kyle O'Quinn,2020-03-03,Philadelphia 76ers,Los Angeles Lakers,0,,,,,,,,,,,,,,,,,,,,,https://www.basketball-reference.com/boxscores/202003030LAL.html,2019-20
Kyle O'Quinn,2020-03-05,Philadelphia 76ers,Sacramento Kings,0,,,,,,,,,,,,,,,,,,,,,https://www.basketball-reference.com/boxscores/202003050SAC.html,2019-20
Kyle O'Quinn,2020-03-07,Philadelphia 76ers,Golden State Warriors,0,,,,,,,,,,,,,,,,,,,,,https://www.basketball-reference.com/boxscores/202003070GSW.html,2019-20
Kyle O'Quinn,2020-03-11,Philadelphia 76ers,Detroit Pistons,1,3.0,0.0,0.0,,0.0,0.0,,0.0,0.0,,0.0,2.0,2.0,0.0,0.0,0.0,0.0,1.0,0.0,1.0,https://www.basketball-reference.com/boxscores/202003110PHI.html,2019-20
Kyle O'Quinn,2017-12-03,New York Knicks,Orlando Magic,1,17.1,3.0,6.0,0.5,0.0,0.0,,1.0,1.0,1.0,1.0,3.0,4.0,0.0,0.0,3.0,1.0,3.0,7.0,-2.0,https://www.basketball-reference.com/boxscores/201712030NYK.html,2017-18
Kyle O'Quinn,2017-12-04,New York Knicks,Indiana Pacers,0,7.34,2.0,6.0,0.333,0.0,1.0,0.0,0.0,0.0,,3.0,3.0,6.0,1.0,0.0,0.0,0.0,0.0,4.0,0.0,https://www.basketball-reference.com/boxscores/201712040IND.html,2017-18
Kyle O'Quinn,2017-12-06,New York Knicks,Memphis Grizzlies,1,16.35,0.0,0.0,,0.0,0.0,,0.0,2.0,0.0,1.0,2.0,3.0,2.0,1.0,0.0,3.0,4.0,0.0,0.0,https://www.basketball-reference.com/boxscores/201712060NYK.html,2017-18
Kyle O'Quinn,2017-12-09,New York Knicks,Chicago Bulls,0,14.32,4.0,5.0,0.8,0.0,0.0,,2.0,2.0,1.0,1.0,2.0,3.0,1.0,0.0,1.0,0.0,3.0,10.0,3.0,https://www.basketball-reference.com/boxscores/201712090CHI.html,2017-18
Kyle O'Quinn,2017-12-10,New York Knicks,Atlanta Hawks,1,15.1,2.0,2.0,1.0,0.0,0.0,,0.0,0.0,,1.0,4.0,5.0,4.0,0.0,1.0,0.0,3.0,4.0,14.0,https://www.basketball-reference.com/boxscores/201712100NYK.html,2017-18
Kyle O'Quinn,2017-12-14,New York Knicks,Brooklyn Nets,0,20.27,2.0,5.0,0.4,0.0,0.0,,5.0,6.0,0.833,6.0,4.0,10.0,2.0,1.0,2.0,1.0,3.0,9.0,9.0,https://www.basketball-reference.com/boxscores/201712140BRK.html,2017-18
Kyle O'Quinn,2017-12-16,New York Knicks,Oklahoma City Thunder,1,24.32,4.0,7.0,0.5710000000000001,0.0,1.0,0.0,1.0,2.0,0.5,1.0,6.0,7.0,2.0,0.0,1.0,3.0,4.0,9.0,16.0,https://www.basketball-reference.com/boxscores/201712160NYK.html,2017-18
Kyle O'Quinn,2017-12-18,New York Knicks,Charlotte Hornets,0,15.41,5.0,6.0,0.833,0.0,0.0,,0.0,0.0,,0.0,3.0,3.0,2.0,1.0,1.0,2.0,4.0,10.0,-11.0,https://www.basketball-reference.com/boxscores/201712180CHO.html,2017-18
Kyle O'Quinn,2017-12-21,New York Knicks,Boston Celtics,1,24.23,2.0,4.0,0.5,0.0,0.0,,4.0,6.0,0.667,1.0,6.0,7.0,2.0,1.0,1.0,0.0,2.0,8.0,10.0,https://www.basketball-reference.com/boxscores/201712210NYK.html,2017-18
Kyle O'Quinn,2017-12-22,New York Knicks,Detroit Pistons,0,11.4,2.0,3.0,0.667,0.0,0.0,,0.0,0.0,,0.0,2.0,2.0,3.0,0.0,3.0,0.0,2.0,4.0,-18.0,https://www.basketball-reference.com/boxscores/201712220DET.html,2017-18
Kyle O'Quinn,2017-12-25,New York Knicks,Philadelphia 76ers,1,11.23,2.0,4.0,0.5,0.0,0.0,,0.0,2.0,0.0,0.0,3.0,3.0,1.0,1.0,0.0,0.0,1.0,4.0,-10.0,https://www.basketball-reference.com/boxscores/201712250NYK.html,2017-18
Kyle O'Quinn,2017-12-27,New York Knicks,Chicago Bulls,0,16.49,4.0,5.0,0.8,0.0,0.0,,1.0,2.0,0.5,2.0,6.0,8.0,1.0,0.0,0.0,0.0,2.0,9.0,9.0,https://www.basketball-reference.com/boxscores/201712270CHI.html,2017-18
Kyle O'Quinn,2017-12-28,New York Knicks,San Antonio Spurs,0,16.3,4.0,6.0,0.667,0.0,0.0,,0.0,0.0,,1.0,3.0,4.0,3.0,0.0,0.0,0.0,4.0,8.0,-8.0,https://www.basketball-reference.com/boxscores/201712280SAS.html,2017-18
Kyle O'Quinn,2017-12-30,New York Knicks,New Orleans Pelicans,0,15.26,3.0,3.0,1.0,0.0,0.0,,2.0,2.0,1.0,1.0,3.0,4.0,2.0,0.0,2.0,3.0,5.0,8.0,3.0,https://www.basketball-reference.com/boxscores/201712300NOP.html,2017-18
Kyle O'Quinn,2018-01-02,New York Knicks,San Antonio Spurs,1,14.25,1.0,4.0,0.25,0.0,0.0,,0.0,0.0,,2.0,4.0,6.0,2.0,2.0,2.0,0.0,2.0,2.0,7.0,https://www.basketball-reference.com/boxscores/201801020NYK.html,2017-18
Kyle O'Quinn,2018-01-03,New York Knicks,Washington Wizards,0,24.15,6.0,10.0,0.6,0.0,0.0,,1.0,1.0,1.0,2.0,8.0,10.0,2.0,1.0,1.0,0.0,4.0,13.0,-1.0,https://www.basketball-reference.com/boxscores/201801030WAS.html,2017-18
Kyle O'Quinn,2018-01-05,Miami Heat,New York Knicks,1,16.47,4.0,9.0,0.444,0.0,0.0,,2.0,2.0,1.0,0.0,3.0,3.0,1.0,0.0,0.0,1.0,3.0,10.0,6.0,https://www.basketball-reference.com/boxscores/201801050MIA.html,2017-18
Kyle O'Quinn,2018-01-07,New York Knicks,Dallas Mavericks,0,22.38,6.0,7.0,0.857,0.0,0.0,,3.0,4.0,0.75,2.0,9.0,11.0,3.0,1.0,1.0,1.0,4.0,15.0,-4.0,https://www.basketball-reference.com/boxscores/201801070DAL.html,2017-18
Kyle O'Quinn,2018-01-12,New York Knicks,Minnesota Timberwolves,0,21.01,5.0,7.0,0.7140000000000001,0.0,1.0,0.0,2.0,3.0,0.667,0.0,6.0,6.0,1.0,0.0,0.0,0.0,2.0,12.0,0.0,https://www.basketball-reference.com/boxscores/201801120MIN.html,2017-18
Kyle O'Quinn,2018-01-15,New York Knicks,Brooklyn Nets,0,22.3,4.0,4.0,1.0,0.0,0.0,,3.0,6.0,0.5,0.0,7.0,7.0,3.0,0.0,2.0,1.0,2.0,11.0,5.0,https://www.basketball-reference.com/boxscores/201801150BRK.html,2017-18
Kyle O'Quinn,2018-01-17,New York Knicks,Memphis Grizzlies,0,11.33,1.0,3.0,0.333,0.0,0.0,,0.0,0.0,,2.0,4.0,6.0,1.0,0.0,0.0,1.0,2.0,2.0,3.0,https://www.basketball-reference.com/boxscores/201801170MEM.html,2017-18
Kyle O'Quinn,2018-01-19,New York Knicks,Utah Jazz,0,15.26,1.0,1.0,1.0,0.0,0.0,,2.0,2.0,1.0,1.0,1.0,2.0,3.0,0.0,1.0,2.0,4.0,4.0,-9.0,https://www.basketball-reference.com/boxscores/201801190UTA.html,2017-18
Kyle O'Quinn,2018-01-21,New York Knicks,Los Angeles Lakers,0,13.54,2.0,3.0,0.667,0.0,0.0,,2.0,2.0,1.0,0.0,2.0,2.0,2.0,1.0,2.0,4.0,0.0,6.0,-13.0,https://www.basketball-reference.com/boxscores/201801210LAL.html,2017-18
Kyle O'Quinn,2018-01-25,New York Knicks,Denver Nuggets,0,,,,,,,,,,,,,,,,,,,,,https://www.basketball-reference.com/boxscores/201801250DEN.html,2017-18
Kyle O'Quinn,2018-01-26,New York Knicks,Phoenix Suns,0,17.05,1.0,4.0,0.25,0.0,0.0,,2.0,2.0,1.0,3.0,2.0,5.0,1.0,1.0,3.0,2.0,2.0,4.0,3.0,https://www.basketball-reference.com/boxscores/201801260PHO.html,2017-18
Kyle O'Quinn,2018-01-30,New York Knicks,Brooklyn Nets,1,11.28,1.0,2.0,0.5,0.0,0.0,,2.0,2.0,1.0,1.0,4.0,5.0,0.0,0.0,0.0,0.0,1.0,4.0,2.0,https://www.basketball-reference.com/boxscores/201801300NYK.html,2017-18
Kyle O'Quinn,2018-01-31,New York Knicks,Boston Celtics,0,8.33,0.0,1.0,0.0,0.0,0.0,,0.0,0.0,,0.0,0.0,0.0,1.0,0.0,0.0,2.0,1.0,0.0,3.0,https://www.basketball-reference.com/boxscores/201801310BOS.html,2017-18
Kyle O'Quinn,2018-02-02,New York Knicks,Milwaukee Bucks,0,12.31,2.0,2.0,1.0,0.0,0.0,,0.0,0.0,,0.0,4.0,4.0,2.0,1.0,0.0,1.0,2.0,4.0,-12.0,https://www.basketball-reference.com/boxscores/201802020MIL.html,2017-18
Kyle O'Quinn,2018-02-04,New York Knicks,Atlanta Hawks,1,21.56,4.0,6.0,0.667,0.0,0.0,,3.0,4.0,0.75,3.0,3.0,6.0,3.0,2.0,1.0,2.0,1.0,11.0,-5.0,https://www.basketball-reference.com/boxscores/201802040NYK.html,2017-18
Kyle O'Quinn,2018-02-06,New York Knicks,Milwaukee Bucks,1,12.54,1.0,1.0,1.0,0.0,0.0,,0.0,0.0,,1.0,2.0,3.0,2.0,0.0,1.0,1.0,2.0,2.0,13.0,https://www.basketball-reference.com/boxscores/201802060NYK.html,2017-18
Kyle O'Quinn,2018-02-08,New York Knicks,Toronto Raptors,0,25.42,4.0,10.0,0.4,0.0,1.0,0.0,1.0,2.0,0.5,2.0,6.0,8.0,1.0,0.0,2.0,0.0,2.0,9.0,-15.0,https://www.basketball-reference.com/boxscores/201802080TOR.html,2017-18
Kyle O'Quinn,2018-02-11,New York Knicks,Indiana Pacers,0,20.4,5.0,6.0,0.833,1.0,2.0,0.5,3.0,5.0,0.6,3.0,6.0,9.0,2.0,0.0,3.0,0.0,2.0,14.0,-4.0,https://www.basketball-reference.com/boxscores/201802110IND.html,2017-18
Kyle O'Quinn,2018-02-12,New York Knicks,Philadelphia 76ers,0,11.56,2.0,5.0,0.4,0.0,0.0,,0.0,0.0,,0.0,2.0,2.0,1.0,1.0,1.0,3.0,3.0,4.0,-8.0,https://www.basketball-reference.com/boxscores/201802120PHI.html,2017-18
Kyle O'Quinn,2018-02-14,New York Knicks,Washington Wizards,1,13.44,1.0,2.0,0.5,0.0,0.0,,0.0,0.0,,1.0,1.0,2.0,0.0,0.0,0.0,0.0,2.0,2.0,-6.0,https://www.basketball-reference.com/boxscores/201802140NYK.html,2017-18
Kyle O'Quinn,2018-02-22,New York Knicks,Orlando Magic,0,18.56,6.0,8.0,0.75,0.0,0.0,,2.0,3.0,0.667,4.0,4.0,8.0,1.0,0.0,3.0,1.0,1.0,14.0,9.0,https://www.basketball-reference.com/boxscores/201802220ORL.html,2017-18
Kyle O'Quinn,2018-02-24,New York Knicks,Boston Celtics,1,19.57,2.0,2.0,1.0,0.0,0.0,,0.0,0.0,,2.0,5.0,7.0,0.0,0.0,2.0,1.0,3.0,4.0,2.0,https://www.basketball-reference.com/boxscores/201802240NYK.html,2017-18
Kyle O'Quinn,2018-02-26,New York Knicks,Golden State Warriors,1,21.15,7.0,10.0,0.7,0.0,0.0,,0.0,0.0,,2.0,4.0,6.0,2.0,0.0,0.0,2.0,3.0,14.0,-5.0,https://www.basketball-reference.com/boxscores/201802260NYK.html,2017-18
Kyle O'Quinn,2018-03-02,New York Knicks,Los Angeles Clippers,0,16.15,0.0,3.0,0.0,0.0,0.0,,0.0,0.0,,0.0,4.0,4.0,2.0,0.0,0.0,1.0,3.0,0.0,-4.0,https://www.basketball-reference.com/boxscores/201803020LAC.html,2017-18
Kyle O'Quinn,2018-03-04,New York Knicks,Sacramento Kings,0,25.53,4.0,6.0,0.667,0.0,0.0,,6.0,6.0,1.0,2.0,6.0,8.0,4.0,2.0,3.0,2.0,3.0,14.0,6.0,https://www.basketball-reference.com/boxscores/201803040SAC.html,2017-18
Kyle O'Quinn,2018-03-06,New York Knicks,Portland Trail Blazers,0,17.37,1.0,3.0,0.333,0.0,0.0,,0.0,0.0,,0.0,6.0,6.0,0.0,0.0,3.0,0.0,2.0,2.0,-12.0,https://www.basketball-reference.com/boxscores/201803060POR.html,2017-18
Kyle O'Quinn,2018-03-09,New York Knicks,Milwaukee Bucks,0,17.14,6.0,8.0,0.75,0.0,1.0,0.0,2.0,2.0,1.0,0.0,2.0,2.0,6.0,1.0,3.0,0.0,2.0,14.0,-6.0,https://www.basketball-reference.com/boxscores/201803090MIL.html,2017-18
Kyle O'Quinn,2018-03-11,New York Knicks,Toronto Raptors,1,21.46,3.0,9.0,0.333,0.0,1.0,0.0,2.0,2.0,1.0,0.0,7.0,7.0,5.0,0.0,3.0,2.0,1.0,8.0,-22.0,https://www.basketball-reference.com/boxscores/201803110NYK.html,2017-18
Kyle O'Quinn,2018-03-13,New York Knicks,Dallas Mavericks,1,21.06,3.0,5.0,0.6,0.0,0.0,,2.0,2.0,1.0,1.0,5.0,6.0,4.0,2.0,1.0,1.0,3.0,8.0,-5.0,https://www.basketball-reference.com/boxscores/201803130NYK.html,2017-18
Kyle O'Quinn,2018-03-15,New York Knicks,Philadelphia 76ers,1,24.14,7.0,9.0,0.778,0.0,0.0,,1.0,3.0,0.333,1.0,9.0,10.0,1.0,3.0,1.0,3.0,3.0,15.0,5.0,https://www.basketball-reference.com/boxscores/201803150NYK.html,2017-18
Kyle O'Quinn,2018-03-17,New York Knicks,Charlotte Hornets,1,17.19,2.0,4.0,0.5,0.0,0.0,,0.0,0.0,,0.0,9.0,9.0,3.0,0.0,2.0,1.0,1.0,4.0,32.0,https://www.basketball-reference.com/boxscores/201803170NYK.html,2017-18
Kyle O'Quinn,2018-03-19,New York Knicks,Chicago Bulls,1,22.15,1.0,2.0,0.5,0.0,0.0,,0.0,0.0,,1.0,8.0,9.0,4.0,1.0,2.0,1.0,2.0,2.0,5.0,https://www.basketball-reference.com/boxscores/201803190NYK.html,2017-18
Kyle O'Quinn,2018-03-21,New York Knicks,Miami Heat,0,14.3,3.0,4.0,0.75,0.0,0.0,,0.0,0.0,,0.0,1.0,1.0,2.0,0.0,0.0,1.0,1.0,6.0,-20.0,https://www.basketball-reference.com/boxscores/201803210MIA.html,2017-18
Kyle O'Quinn,2018-03-23,New York Knicks,Minnesota Timberwolves,1,15.01,2.0,6.0,0.333,0.0,0.0,,1.0,1.0,1.0,2.0,1.0,3.0,2.0,0.0,0.0,1.0,5.0,5.0,-22.0,https://www.basketball-reference.com/boxscores/201803230NYK.html,2017-18
Kyle O'Quinn,2018-03-31,New York Knicks,Detroit Pistons,1,32.09,3.0,5.0,0.6,0.0,1.0,0.0,2.0,2.0,1.0,4.0,11.0,15.0,3.0,0.0,1.0,2.0,2.0,8.0,8.0,https://www.basketball-reference.com/boxscores/201803310NYK.html,2017-18
Kyle O'Quinn,2015-12-02,New York Knicks,Philadelphia 76ers,1,2.56,0.0,1.0,0.0,0.0,0.0,,0.0,0.0,,1.0,1.0,2.0,0.0,0.0,0.0,0.0,2.0,0.0,-5.0,https://www.basketball-reference.com/boxscores/201512020NYK.html,2015-16
Kyle O'Quinn,2015-12-04,New York Knicks,Brooklyn Nets,1,,,,,,,,,,,,,,,,,,,,,https://www.basketball-reference.com/boxscores/201512040NYK.html,2015-16
Kyle O'Quinn,2015-12-05,New York Knicks,Milwaukee Bucks,0,,,,,,,,,,,,,,,,,,,,,https://www.basketball-reference.com/boxscores/201512050MIL.html,2015-16
Kyle O'Quinn,2015-12-07,New York Knicks,Dallas Mavericks,1,,,,,,,,,,,,,,,,,,,,,https://www.basketball-reference.com/boxscores/201512070NYK.html,2015-16
Kyle O'Quinn,2015-12-09,New York Knicks,Utah Jazz,0,16.11,2.0,4.0,0.5,0.0,1.0,0.0,5.0,6.0,0.833,2.0,4.0,6.0,2.0,2.0,1.0,0.0,4.0,9.0,7.0,https://www.basketball-reference.com/boxscores/201512090UTA.html,2015-16
Kyle O'Quinn,2015-12-10,New York Knicks,Sacramento Kings,0,12.3,2.0,3.0,0.667,0.0,0.0,,2.0,2.0,1.0,1.0,5.0,6.0,3.0,0.0,1.0,0.0,0.0,6.0,5.0,https://www.basketball-reference.com/boxscores/201512100SAC.html,2015-16
Kyle O'Quinn,2015-12-12,New York Knicks,Portland Trail Blazers,0,18.53,7.0,8.0,0.875,0.0,1.0,0.0,0.0,1.0,0.0,1.0,6.0,7.0,2.0,0.0,1.0,1.0,2.0,14.0,10.0,https://www.basketball-reference.com/boxscores/201512120POR.html,2015-16
Kyle O'Quinn,2015-12-16,New York Knicks,Minnesota Timberwolves,1,17.19,2.0,2.0,1.0,0.0,0.0,,0.0,0.0,,2.0,2.0,4.0,1.0,0.0,0.0,0.0,5.0,4.0,0.0,https://www.basketball-reference.com/boxscores/201512160NYK.html,2015-16
Kyle O'Quinn,2015-12-18,New York Knicks,Philadelphia 76ers,0,21.0,3.0,5.0,0.6,0.0,0.0,,4.0,5.0,0.8,2.0,5.0,7.0,5.0,1.0,0.0,3.0,3.0,10.0,4.0,https://www.basketball-reference.com/boxscores/201512180PHI.html,2015-16
Kyle O'Quinn,2015-12-19,New York Knicks,Chicago Bulls,1,20.25,2.0,4.0,0.5,0.0,0.0,,0.0,0.0,,3.0,7.0,10.0,0.0,1.0,1.0,3.0,3.0,4.0,2.0,https://www.basketball-reference.com/boxscores/201512190NYK.html,2015-16
Kyle O'Quinn,2015-12-26,New York Knicks,Atlanta Hawks,0,22.01,3.0,7.0,0.429,0.0,0.0,,1.0,1.0,1.0,2.0,2.0,4.0,4.0,1.0,0.0,5.0,3.0,7.0,-18.0,https://www.basketball-reference.com/boxscores/201512260ATL.html,2015-16
Kyle O'Quinn,2015-12-27,New York Knicks,Boston Celtics,0,10.45,2.0,6.0,0.333,0.0,2.0,0.0,0.0,0.0,,1.0,2.0,3.0,2.0,0.0,0.0,3.0,1.0,4.0,-7.0,https://www.basketball-reference.com/boxscores/201512270BOS.html,2015-16
Kyle O'Quinn,2015-12-29,New York Knicks,Detroit Pistons,1,11.13,6.0,8.0,0.75,0.0,0.0,,0.0,0.0,,1.0,1.0,2.0,1.0,1.0,0.0,0.0,1.0,12.0,8.0,https://www.basketball-reference.com/boxscores/201512290NYK.html,2015-16
Kyle O'Quinn,2016-01-01,New York Knicks,Chicago Bulls,0,11.41,1.0,3.0,0.333,0.0,0.0,,0.0,0.0,,0.0,5.0,5.0,1.0,0.0,2.0,1.0,3.0,2.0,-1.0,https://www.basketball-reference.com/boxscores/201601010CHI.html,2015-16
Kyle O'Quinn,2016-01-03,New York Knicks,Atlanta Hawks,1,2.54,0.0,1.0,0.0,0.0,0.0,,0.0,0.0,,0.0,1.0,1.0,2.0,1.0,0.0,2.0,1.0,0.0,-2.0,https://www.basketball-reference.com/boxscores/201601030NYK.html,2015-16
Kyle O'Quinn,2016-01-05,New York Knicks,Atlanta Hawks,0,,,,,,,,,,,,,,,,,,,,,https://www.basketball-reference.com/boxscores/201601050ATL.html,2015-16
Kyle O'Quinn,2016-01-06,New York Knicks,Miami Heat,0,4.41,1.0,3.0,0.333,0.0,0.0,,0.0,0.0,,0.0,0.0,0.0,0.0,0.0,0.0,1.0,1.0,2.0,-6.0,https://www.basketball-reference.com/boxscores/201601060MIA.html,2015-16
Kyle O'Quinn,2016-01-08,New York Knicks,San Antonio Spurs,0,0.54,0.0,0.0,,0.0,0.0,,0.0,0.0,,0.0,0.0,0.0,0.0,0.0,0.0,0.0,0.0,0.0,2.0,https://www.basketball-reference.com/boxscores/201601080SAS.html,2015-16
Kyle O'Quinn,2016-01-10,New York Knicks,Milwaukee Bucks,1,2.05,0.0,1.0,0.0,0.0,0.0,,0.0,0.0,,0.0,1.0,1.0,0.0,0.0,0.0,0.0,0.0,0.0,-5.0,https://www.basketball-reference.com/boxscores/201601100NYK.html,2015-16
Kyle O'Quinn,2016-01-12,New York Knicks,Boston Celtics,1,2.01,0.0,0.0,,0.0,0.0,,0.0,0.0,,0.0,1.0,1.0,1.0,0.0,0.0,0.0,0.0,0.0,3.0,https://www.basketball-reference.com/boxscores/201601120NYK.html,2015-16
Kyle O'Quinn,2016-01-13,New York Knicks,Brooklyn Nets,0,,,,,,,,,,,,,,,,,,,,,https://www.basketball-reference.com/boxscores/201601130BRK.html,2015-16
Kyle O'Quinn,2016-01-16,New York Knicks,Memphis Grizzlies,0,20.44,5.0,6.0,0.833,0.0,0.0,,5.0,6.0,0.833,0.0,5.0,5.0,0.0,0.0,0.0,2.0,3.0,15.0,7.0,https://www.basketball-reference.com/boxscores/201601160MEM.html,2015-16
Kyle O'Quinn,2016-01-22,New York Knicks,Los Angeles Clippers,1,5.08,2.0,3.0,0.667,0.0,0.0,,0.0,0.0,,1.0,2.0,3.0,0.0,0.0,0.0,2.0,0.0,4.0,-3.0,https://www.basketball-reference.com/boxscores/201601220NYK.html,2015-16
Kyle O'Quinn,2016-01-23,New York Knicks,Charlotte Hornets,0,,,,,,,,,,,,,,,,,,,,,https://www.basketball-reference.com/boxscores/201601230CHO.html,2015-16
Kyle O'Quinn,2016-01-28,New York Knicks,Toronto Raptors,0,19.1,4.0,13.0,0.308,0.0,1.0,0.0,0.0,0.0,,2.0,4.0,6.0,3.0,1.0,2.0,1.0,3.0,8.0,10.0,https://www.basketball-reference.com/boxscores/201601280TOR.html,2015-16
Kyle O'Quinn,2016-01-29,New York Knicks,Phoenix Suns,1,15.15,2.0,5.0,0.4,0.0,1.0,0.0,0.0,0.0,,0.0,3.0,3.0,2.0,0.0,4.0,2.0,0.0,4.0,0.0,https://www.basketball-reference.com/boxscores/201601290NYK.html,2015-16
Kyle O'Quinn,2016-01-31,New York Knicks,Golden State Warriors,1,7.37,2.0,3.0,0.667,0.0,0.0,,0.0,0.0,,1.0,2.0,3.0,0.0,0.0,0.0,1.0,1.0,4.0,-3.0,https://www.basketball-reference.com/boxscores/201601310NYK.html,2015-16
Kyle O'Quinn,2016-02-02,New York Knicks,Boston Celtics,1,,,,,,,,,,,,,,,,,,,,,https://www.basketball-reference.com/boxscores/201602020NYK.html,2015-16
Kyle O'Quinn,2016-02-04,New York Knicks,Detroit Pistons,0,2.06,0.0,1.0,0.0,0.0,0.0,,0.0,0.0,,0.0,0.0,0.0,0.0,0.0,0.0,0.0,0.0,0.0,-8.0,https://www.basketball-reference.com/boxscores/201602040DET.html,2015-16
Kyle O'Quinn,2016-02-05,New York Knicks,Memphis Grizzlies,1,9.48,2.0,6.0,0.333,0.0,1.0,0.0,0.0,0.0,,1.0,2.0,3.0,0.0,0.0,0.0,0.0,2.0,4.0,2.0,https://www.basketball-reference.com/boxscores/201602050NYK.html,2015-16
Kyle O'Quinn,2016-02-07,New York Knicks,Denver Nuggets,1,4.05,1.0,3.0,0.333,0.0,0.0,,0.0,0.0,,1.0,1.0,2.0,0.0,0.0,1.0,1.0,0.0,2.0,-1.0,https://www.basketball-reference.com/boxscores/201602070NYK.html,2015-16
Kyle O'Quinn,2016-02-09,New York Knicks,Washington Wizards,1,,,,,,,,,,,,,,,,,,,,,https://www.basketball-reference.com/boxscores/201602090NYK.html,2015-16
Kyle O'Quinn,2016-02-19,New York Knicks,Brooklyn Nets,0,7.1,1.0,1.0,1.0,0.0,0.0,,1.0,2.0,0.5,0.0,1.0,1.0,0.0,0.0,1.0,1.0,1.0,3.0,-10.0,https://www.basketball-reference.com/boxscores/201602190BRK.html,2015-16
Kyle O'Quinn,2016-02-20,New York Knicks,Minnesota Timberwolves,0,9.15,0.0,1.0,0.0,0.0,0.0,,0.0,0.0,,0.0,1.0,1.0,2.0,1.0,3.0,1.0,3.0,0.0,-3.0,https://www.basketball-reference.com/boxscores/201602200MIN.html,2015-16
Kyle O'Quinn,2016-02-22,New York Knicks,Toronto Raptors,1,9.03,0.0,3.0,0.0,0.0,0.0,,0.0,2.0,0.0,1.0,2.0,3.0,1.0,0.0,1.0,0.0,2.0,0.0,-10.0,https://www.basketball-reference.com/boxscores/201602220NYK.html,2015-16
Kyle O'Quinn,2016-02-24,New York Knicks,Indiana Pacers,0,16.1,7.0,10.0,0.7,2.0,2.0,1.0,3.0,3.0,1.0,3.0,3.0,6.0,0.0,0.0,1.0,0.0,0.0,19.0,10.0,https://www.basketball-reference.com/boxscores/201602240IND.html,2015-16
Kyle O'Quinn,2016-02-26,New York Knicks,Orlando Magic,1,4.54,0.0,0.0,,0.0,0.0,,0.0,0.0,,1.0,0.0,1.0,0.0,0.0,0.0,0.0,1.0,0.0,5.0,https://www.basketball-reference.com/boxscores/201602260NYK.html,2015-16
Kyle O'Quinn,2016-02-28,New York Knicks,Miami Heat,1,,,,,,,,,,,,,,,,,,,,,https://www.basketball-reference.com/boxscores/201602280NYK.html,2015-16
Kyle O'Quinn,2016-03-01,New York Knicks,Portland Trail Blazers,1,25.22,3.0,10.0,0.3,2.0,3.0,0.667,3.0,4.0,0.75,1.0,8.0,9.0,1.0,0.0,0.0,2.0,2.0,11.0,-14.0,https://www.basketball-reference.com/boxscores/201603010NYK.html,2015-16
Kyle O'Quinn,2016-03-04,New York Knicks,Boston Celtics,0,7.57,3.0,4.0,0.75,0.0,0.0,,0.0,0.0,,0.0,4.0,4.0,3.0,1.0,1.0,0.0,2.0,6.0,8.0,https://www.basketball-reference.com/boxscores/201603040BOS.html,2015-16
Kyle O'Quinn,2016-03-05,New York Knicks,Detroit Pistons,1,15.49,5.0,8.0,0.625,0.0,0.0,,0.0,0.0,,2.0,2.0,4.0,0.0,0.0,3.0,2.0,2.0,10.0,1.0,https://www.basketball-reference.com/boxscores/201603050NYK.html,2015-16
Kyle O'Quinn,2016-03-08,New York Knicks,Denver Nuggets,0,18.04,5.0,8.0,0.625,0.0,1.0,0.0,0.0,0.0,,2.0,3.0,5.0,1.0,0.0,1.0,1.0,2.0,10.0,-2.0,https://www.basketball-reference.com/boxscores/201603080DEN.html,2015-16
Kyle O'Quinn,2016-03-09,New York Knicks,Phoenix Suns,0,11.07,1.0,2.0,0.5,0.0,0.0,,2.0,2.0,1.0,0.0,4.0,4.0,4.0,1.0,0.0,1.0,2.0,4.0,16.0,https://www.basketball-reference.com/boxscores/201603090PHO.html,2015-16
Kyle O'Quinn,2016-03-11,New York Knicks,Los Angeles Clippers,0,6.29,0.0,1.0,0.0,0.0,0.0,,0.0,0.0,,0.0,1.0,1.0,1.0,0.0,0.0,1.0,0.0,0.0,-2.0,https://www.basketball-reference.com/boxscores/201603110LAC.html,2015-16
Kyle O'Quinn,2016-03-13,New York Knicks,Los Angeles Lakers,0,12.2,1.0,3.0,0.333,0.0,0.0,,0.0,0.0,,0.0,3.0,3.0,0.0,0.0,1.0,1.0,2.0,2.0,-6.0,https://www.basketball-reference.com/boxscores/201603130LAL.html,2015-16
Kyle O'Quinn,2016-03-16,New York Knicks,Golden State Warriors,0,6.27,0.0,1.0,0.0,0.0,0.0,,0.0,0.0,,0.0,0.0,0.0,2.0,0.0,0.0,0.0,1.0,0.0,-12.0,https://www.basketball-reference.com/boxscores/201603160GSW.html,2015-16
Kyle O'Quinn,2016-03-19,New York Knicks,Washington Wizards,0,,,,,,,,,,,,,,,,,,,,,https://www.basketball-reference.com/boxscores/201603190WAS.html,2015-16
Kyle O'Quinn,2016-03-20,New York Knicks,Sacramento Kings,1,10.23,1.0,3.0,0.333,0.0,0.0,,2.0,2.0,1.0,2.0,2.0,4.0,0.0,0.0,0.0,0.0,1.0,4.0,-7.0,https://www.basketball-reference.com/boxscores/201603200NYK.html,2015-16
Kyle O'Quinn,2016-03-23,New York Knicks,Chicago Bulls,0,,,,,,,,,,,,,,,,,,,,,https://www.basketball-reference.com/boxscores/201603230CHI.html,2015-16
Kyle O'Quinn,2016-03-24,New York Knicks,Chicago Bulls,1,,,,,,,,,,,,,,,,,,,,,https://www.basketball-reference.com/boxscores/201603240NYK.html,2015-16
Kyle O'Quinn,2016-03-26,New York Knicks,Cleveland Cavaliers,1,,,,,,,,,,,,,,,,,,,,,https://www.basketball-reference.com/boxscores/201603260NYK.html,2015-16
Kyle O'Quinn,2016-03-28,New York Knicks,New Orleans Pelicans,0,5.07,0.0,1.0,0.0,0.0,0.0,,0.0,0.0,,1.0,2.0,3.0,0.0,0.0,1.0,0.0,0.0,0.0,0.0,https://www.basketball-reference.com/boxscores/201603280NOP.html,2015-16
Kyle O'Quinn,2016-03-30,New York Knicks,Dallas Mavericks,0,16.56,4.0,8.0,0.5,0.0,0.0,,0.0,0.0,,1.0,3.0,4.0,1.0,1.0,0.0,1.0,2.0,8.0,-11.0,https://www.basketball-reference.com/boxscores/201603300DAL.html,2015-16
Kyle O'Quinn,2018-12-01,Indiana Pacers,Sacramento Kings,0,,,,,,,,,,,,,,,,,,,,,https://www.basketball-reference.com/boxscores/201812010SAC.html,2018-19
Kyle O'Quinn,2018-12-04,Indiana Pacers,Chicago Bulls,1,,,,,,,,,,,,,,,,,,,,,https://www.basketball-reference.com/boxscores/201812040IND.html,2018-19
Kyle O'Quinn,2018-12-07,Indiana Pacers,Orlando Magic,0,27.25,6.0,11.0,0.545,0.0,1.0,0.0,0.0,0.0,,2.0,8.0,10.0,2.0,2.0,2.0,0.0,2.0,12.0,8.0,https://www.basketball-reference.com/boxscores/201812070ORL.html,2018-19
Kyle O'Quinn,2018-12-08,Indiana Pacers,Sacramento Kings,1,,,,,,,,,,,,,,,,,,,,,https://www.basketball-reference.com/boxscores/201812080IND.html,2018-19
Kyle O'Quinn,2018-12-10,Indiana Pacers,Washington Wizards,1,,,,,,,,,,,,,,,,,,,,,https://www.basketball-reference.com/boxscores/201812100IND.html,2018-19
Kyle O'Quinn,2018-12-12,Indiana Pacers,Milwaukee Bucks,1,,,,,,,,,,,,,,,,,,,,,https://www.basketball-reference.com/boxscores/201812120IND.html,2018-19
Kyle O'Quinn,2018-12-14,Indiana Pacers,Philadelphia 76ers,0,1.36,0.0,0.0,,0.0,0.0,,0.0,0.0,,0.0,0.0,0.0,0.0,0.0,0.0,0.0,1.0,0.0,0.0,https://www.basketball-reference.com/boxscores/201812140PHI.html,2018-19
Kyle O'Quinn,2018-12-16,Indiana Pacers,New York Knicks,1,,,,,,,,,,,,,,,,,,,,,https://www.basketball-reference.com/boxscores/201812160IND.html,2018-19
Kyle O'Quinn,2018-12-18,Indiana Pacers,Cleveland Cavaliers,1,,,,,,,,,,,,,,,,,,,,,https://www.basketball-reference.com/boxscores/201812180IND.html,2018-19
Kyle O'Quinn,2018-12-19,Indiana Pacers,Toronto Raptors,0,,,,,,,,,,,,,,,,,,,,,https://www.basketball-reference.com/boxscores/201812190TOR.html,2018-19
Kyle O'Quinn,2018-12-21,Indiana Pacers,Brooklyn Nets,0,,,,,,,,,,,,,,,,,,,,,https://www.basketball-reference.com/boxscores/201812210BRK.html,2018-19
Kyle O'Quinn,2018-12-23,Indiana Pacers,Washington Wizards,1,2.06,1.0,1.0,1.0,0.0,0.0,,0.0,0.0,,0.0,0.0,0.0,0.0,0.0,0.0,0.0,0.0,2.0,0.0,https://www.basketball-reference.com/boxscores/201812230IND.html,2018-19
Kyle O'Quinn,2018-12-28,Indiana Pacers,Detroit Pistons,1,5.21,2.0,4.0,0.5,0.0,1.0,0.0,0.0,0.0,,0.0,2.0,2.0,1.0,0.0,1.0,0.0,1.0,4.0,4.0,https://www.basketball-reference.com/boxscores/201812280IND.html,2018-19
Kyle O'Quinn,2018-12-31,Indiana Pacers,Atlanta Hawks,1,,,,,,,,,,,,,,,,,,,,,https://www.basketball-reference.com/boxscores/201812310IND.html,2018-19
Kyle O'Quinn,2019-01-04,Chicago Bulls,Indiana Pacers,1,,,,,,,,,,,,,,,,,,,,,https://www.basketball-reference.com/boxscores/201901040CHI.html,2018-19
Kyle O'Quinn,2019-01-06,Indiana Pacers,Toronto Raptors,0,17.22,3.0,8.0,0.375,0.0,1.0,0.0,3.0,4.0,0.75,2.0,5.0,7.0,3.0,0.0,4.0,1.0,2.0,9.0,-6.0,https://www.basketball-reference.com/boxscores/201901060TOR.html,2018-19
Kyle O'Quinn,2019-01-08,Indiana Pacers,Cleveland Cavaliers,0,13.53,1.0,5.0,0.2,0.0,2.0,0.0,0.0,0.0,,1.0,1.0,2.0,2.0,0.0,0.0,2.0,4.0,2.0,-3.0,https://www.basketball-reference.com/boxscores/201901080CLE.html,2018-19
Kyle O'Quinn,2019-01-09,Indiana Pacers,Boston Celtics,0,20.49,5.0,7.0,0.7140000000000001,1.0,1.0,1.0,0.0,0.0,,2.0,3.0,5.0,3.0,0.0,0.0,2.0,3.0,11.0,-5.0,https://www.basketball-reference.com/boxscores/201901090BOS.html,2018-19
Kyle O'Quinn,2019-01-11,Indiana Pacers,New York Knicks,0,14.01,3.0,4.0,0.75,0.0,0.0,,0.0,0.0,,0.0,4.0,4.0,1.0,0.0,0.0,2.0,4.0,6.0,4.0,https://www.basketball-reference.com/boxscores/201901110NYK.html,2018-19
Kyle O'Quinn,2019-01-15,Indiana Pacers,Phoenix Suns,1,4.49,0.0,3.0,0.0,0.0,1.0,0.0,0.0,0.0,,0.0,1.0,1.0,2.0,0.0,1.0,0.0,0.0,0.0,4.0,https://www.basketball-reference.com/boxscores/201901150IND.html,2018-19
Kyle O'Quinn,2019-01-17,Indiana Pacers,Philadelphia 76ers,1,,,,,,,,,,,,,,,,,,,,,https://www.basketball-reference.com/boxscores/201901170IND.html,2018-19
Kyle O'Quinn,2019-01-19,Indiana Pacers,Dallas Mavericks,1,2.41,1.0,1.0,1.0,0.0,0.0,,0.0,0.0,,0.0,0.0,0.0,0.0,0.0,0.0,1.0,1.0,2.0,-3.0,https://www.basketball-reference.com/boxscores/201901190IND.html,2018-19
Kyle O'Quinn,2019-01-20,Indiana Pacers,Charlotte Hornets,1,2.14,0.0,0.0,,0.0,0.0,,0.0,0.0,,0.0,1.0,1.0,0.0,0.0,0.0,0.0,0.0,0.0,3.0,https://www.basketball-reference.com/boxscores/201901200IND.html,2018-19
Kyle O'Quinn,2019-01-23,Indiana Pacers,Toronto Raptors,1,1.55,0.0,0.0,,0.0,0.0,,0.0,0.0,,0.0,0.0,0.0,0.0,0.0,0.0,0.0,1.0,0.0,3.0,https://www.basketball-reference.com/boxscores/201901230IND.html,2018-19
Kyle O'Quinn,2019-01-26,Indiana Pacers,Memphis Grizzlies,0,0.27,0.0,0.0,,0.0,0.0,,0.0,0.0,,0.0,0.0,0.0,0.0,0.0,0.0,0.0,0.0,0.0,0.0,https://www.basketball-reference.com/boxscores/201901260MEM.html,2018-19
Kyle O'Quinn,2019-01-28,Indiana Pacers,Golden State Warriors,1,4.5,1.0,1.0,1.0,0.0,0.0,,0.0,0.0,,0.0,3.0,3.0,0.0,0.0,1.0,1.0,0.0,2.0,-8.0,https://www.basketball-reference.com/boxscores/201901280IND.html,2018-19
Kyle O'Quinn,2019-01-30,Indiana Pacers,Washington Wizards,0,4.39,0.0,1.0,0.0,0.0,0.0,,0.0,0.0,,0.0,2.0,2.0,0.0,0.0,0.0,0.0,2.0,0.0,0.0,https://www.basketball-reference.com/boxscores/201901300WAS.html,2018-19
Kyle O'Quinn,2019-01-31,Indiana Pacers,Orlando Magic,0,,,,,,,,,,,,,,,,,,,,,https://www.basketball-reference.com/boxscores/201901310ORL.html,2018-19
Kyle O'Quinn,2019-02-02,Indiana Pacers,Miami Heat,0,,,,,,,,,,,,,,,,,,,,,https://www.basketball-reference.com/boxscores/201902020MIA.html,2018-19
Kyle O'Quinn,2019-02-04,Indiana Pacers,New Orleans Pelicans,0,,,,,,,,,,,,,,,,,,,,,https://www.basketball-reference.com/boxscores/201902040NOP.html,2018-19
Kyle O'Quinn,2019-02-05,Indiana Pacers,Los Angeles Lakers,1,7.07,0.0,2.0,0.0,0.0,1.0,0.0,0.0,0.0,,0.0,2.0,2.0,1.0,0.0,0.0,0.0,1.0,0.0,6.0,https://www.basketball-reference.com/boxscores/201902050IND.html,2018-19
Kyle O'Quinn,2019-02-07,Indiana Pacers,Los Angeles Clippers,1,12.0,1.0,4.0,0.25,0.0,0.0,,0.0,0.0,,0.0,3.0,3.0,0.0,0.0,3.0,4.0,4.0,2.0,-1.0,https://www.basketball-reference.com/boxscores/201902070IND.html,2018-19
Kyle O'Quinn,2019-02-09,Indiana Pacers,Cleveland Cavaliers,1,2.2,0.0,0.0,,0.0,0.0,,0.0,0.0,,0.0,0.0,0.0,0.0,0.0,0.0,0.0,0.0,0.0,-2.0,https://www.basketball-reference.com/boxscores/201902090IND.html,2018-19
Kyle O'Quinn,2019-02-11,Indiana Pacers,Charlotte Hornets,1,2.23,0.0,1.0,0.0,0.0,0.0,,0.0,0.0,,0.0,0.0,0.0,0.0,0.0,0.0,0.0,0.0,0.0,1.0,https://www.basketball-reference.com/boxscores/201902110IND.html,2018-19
Kyle O'Quinn,2019-02-13,Indiana Pacers,Milwaukee Bucks,1,,,,,,,,,,,,,,,,,,,,,https://www.basketball-reference.com/boxscores/201902130IND.html,2018-19
Kyle O'Quinn,2019-02-22,Indiana Pacers,New Orleans Pelicans,1,20.03,3.0,6.0,0.5,0.0,0.0,,2.0,2.0,1.0,3.0,7.0,10.0,3.0,2.0,0.0,1.0,2.0,8.0,0.0,https://www.basketball-reference.com/boxscores/201902220IND.html,2018-19
Kyle O'Quinn,2019-02-23,Indiana Pacers,Washington Wizards,0,21.27,4.0,6.0,0.667,0.0,0.0,,0.0,0.0,,2.0,4.0,6.0,5.0,1.0,0.0,2.0,2.0,8.0,-4.0,https://www.basketball-reference.com/boxscores/201902230WAS.html,2018-19
Kyle O'Quinn,2019-02-25,Indiana Pacers,Detroit Pistons,0,,,,,,,,,,,,,,,,,,,,,https://www.basketball-reference.com/boxscores/201902250DET.html,2018-19
Kyle O'Quinn,2019-02-27,Indiana Pacers,Dallas Mavericks,0,10.49,1.0,1.0,1.0,0.0,0.0,,0.0,0.0,,0.0,3.0,3.0,1.0,0.0,0.0,0.0,3.0,2.0,-1.0,https://www.basketball-reference.com/boxscores/201902270DAL.html,2018-19
Kyle O'Quinn,2019-02-28,Indiana Pacers,Minnesota Timberwolves,1,14.53,4.0,6.0,0.667,0.0,0.0,,2.0,3.0,0.667,0.0,2.0,2.0,0.0,0.0,1.0,1.0,4.0,10.0,0.0,https://www.basketball-reference.com/boxscores/201902280IND.html,2018-19
Kyle O'Quinn,2019-03-02,Indiana Pacers,Orlando Magic,1,17.23,3.0,4.0,0.75,0.0,0.0,,0.0,0.0,,1.0,3.0,4.0,4.0,0.0,1.0,1.0,2.0,6.0,-9.0,https://www.basketball-reference.com/boxscores/201903020IND.html,2018-19
Kyle O'Quinn,2019-03-05,Indiana Pacers,Chicago Bulls,1,10.56,1.0,3.0,0.333,0.0,0.0,,1.0,2.0,0.5,1.0,4.0,5.0,1.0,0.0,1.0,1.0,3.0,3.0,-1.0,https://www.basketball-reference.com/boxscores/201903050IND.html,2018-19
Kyle O'Quinn,2019-03-07,Indiana Pacers,Milwaukee Bucks,0,13.01,5.0,7.0,0.7140000000000001,0.0,0.0,,1.0,2.0,0.5,1.0,4.0,5.0,1.0,1.0,0.0,1.0,2.0,11.0,-8.0,https://www.basketball-reference.com/boxscores/201903070MIL.html,2018-19
Kyle O'Quinn,2019-03-10,Indiana Pacers,Philadelphia 76ers,0,7.34,3.0,5.0,0.6,0.0,0.0,,0.0,0.0,,2.0,1.0,3.0,0.0,1.0,0.0,0.0,3.0,6.0,0.0,https://www.basketball-reference.com/boxscores/201903100PHI.html,2018-19
Kyle O'Quinn,2019-03-12,Indiana Pacers,New York Knicks,1,,,,,,,,,,,,,,,,,,,,,https://www.basketball-reference.com/boxscores/201903120IND.html,2018-19
Kyle O'Quinn,2019-03-14,Indiana Pacers,Oklahoma City Thunder,1,,,,,,,,,,,,,,,,,,,,,https://www.basketball-reference.com/boxscores/201903140IND.html,2018-19
Kyle O'Quinn,2019-03-16,Indiana Pacers,Denver Nuggets,0,,,,,,,,,,,,,,,,,,,,,https://www.basketball-reference.com/boxscores/201903160DEN.html,2018-19
Kyle O'Quinn,2019-03-18,Indiana Pacers,Portland Trail Blazers,0,,,,,,,,,,,,,,,,,,,,,https://www.basketball-reference.com/boxscores/201903180POR.html,2018-19
Kyle O'Quinn,2019-03-19,Indiana Pacers,Los Angeles Clippers,0,,,,,,,,,,,,,,,,,,,,,https://www.basketball-reference.com/boxscores/201903190LAC.html,2018-19
Kyle O'Quinn,2019-03-21,Indiana Pacers,Golden State Warriors,0,7.17,1.0,1.0,1.0,0.0,0.0,,0.0,0.0,,0.0,3.0,3.0,4.0,1.0,1.0,1.0,0.0,2.0,10.0,https://www.basketball-reference.com/boxscores/201903210GSW.html,2018-19
Kyle O'Quinn,2019-03-24,Indiana Pacers,Denver Nuggets,1,4.06,2.0,2.0,1.0,0.0,0.0,,0.0,0.0,,0.0,1.0,1.0,2.0,0.0,1.0,1.0,2.0,4.0,1.0,https://www.basketball-reference.com/boxscores/201903240IND.html,2018-19
Kyle O'Quinn,2019-03-27,Indiana Pacers,Oklahoma City Thunder,0,,,,,,,,,,,,,,,,,,,,,https://www.basketball-reference.com/boxscores/201903270OKC.html,2018-19
Kyle O'Quinn,2019-03-29,Indiana Pacers,Boston Celtics,0,,,,,,,,,,,,,,,,,,,,,https://www.basketball-reference.com/boxscores/201903290BOS.html,2018-19
Kyle O'Quinn,2019-03-30,Indiana Pacers,Orlando Magic,1,,,,,,,,,,,,,,,,,,,,,https://www.basketball-reference.com/boxscores/201903300IND.html,2018-19
Kyle O'Quinn,2013-12-02,Orlando Magic,Washington Wizards,0,8.13,0.0,0.0,,0.0,0.0,,0.0,0.0,,1.0,2.0,3.0,2.0,0.0,1.0,1.0,2.0,0.0,3.0,https://www.basketball-reference.com/boxscores/201312020WAS.html,2013-14
Kyle O'Quinn,2013-12-03,Philadelphia 76ers,Orlando Magic,1,,,,,,,,,,,,,,,,,,,,,https://www.basketball-reference.com/boxscores/201312030PHI.html,2013-14
Kyle O'Quinn,2013-12-06,Orlando Magic,New York Knicks,0,8.56,1.0,4.0,0.25,0.0,0.0,,0.0,0.0,,1.0,2.0,3.0,0.0,0.0,0.0,1.0,1.0,2.0,-12.0,https://www.basketball-reference.com/boxscores/201312060NYK.html,2013-14
Kyle O'Quinn,2013-12-08,Orlando Magic,Houston Rockets,0,1.13,0.0,0.0,,0.0,0.0,,0.0,0.0,,0.0,0.0,0.0,0.0,0.0,0.0,1.0,1.0,0.0,3.0,https://www.basketball-reference.com/boxscores/201312080HOU.html,2013-14
Kyle O'Quinn,2013-12-09,Orlando Magic,Memphis Grizzlies,0,,,,,,,,,,,,,,,,,,,,,https://www.basketball-reference.com/boxscores/201312090MEM.html,2013-14
Kyle O'Quinn,2013-12-11,Orlando Magic,Charlotte Bobcats,0,,,,,,,,,,,,,,,,,,,,,https://www.basketball-reference.com/boxscores/201312110CHA.html,2013-14
Kyle O'Quinn,2013-12-13,Orlando Magic,Cleveland Cavaliers,1,,,,,,,,,,,,,,,,,,,,,https://www.basketball-reference.com/boxscores/201312130ORL.html,2013-14
Kyle O'Quinn,2013-12-15,Orlando Magic,Oklahoma City Thunder,0,2.58,1.0,1.0,1.0,0.0,0.0,,0.0,0.0,,0.0,0.0,0.0,0.0,0.0,0.0,0.0,1.0,2.0,-2.0,https://www.basketball-reference.com/boxscores/201312150OKC.html,2013-14
Kyle O'Quinn,2013-12-16,Orlando Magic,Chicago Bulls,0,4.24,0.0,1.0,0.0,0.0,0.0,,0.0,0.0,,0.0,1.0,1.0,1.0,0.0,0.0,1.0,3.0,0.0,1.0,https://www.basketball-reference.com/boxscores/201312160CHI.html,2013-14
Kyle O'Quinn,2013-12-18,Orlando Magic,Utah Jazz,1,16.02,1.0,1.0,1.0,0.0,0.0,,2.0,2.0,1.0,0.0,3.0,3.0,0.0,0.0,0.0,1.0,1.0,4.0,-4.0,https://www.basketball-reference.com/boxscores/201312180ORL.html,2013-14
Kyle O'Quinn,2013-12-21,Orlando Magic,Sacramento Kings,1,15.22,0.0,4.0,0.0,0.0,0.0,,0.0,0.0,,4.0,5.0,9.0,2.0,0.0,1.0,0.0,3.0,0.0,-3.0,https://www.basketball-reference.com/boxscores/201312210ORL.html,2013-14
Kyle O'Quinn,2013-12-23,Orlando Magic,New York Knicks,1,,,,,,,,,,,,,,,,,,,,,https://www.basketball-reference.com/boxscores/201312230ORL.html,2013-14
Kyle O'Quinn,2013-12-27,Orlando Magic,Detroit Pistons,1,2.54,0.0,0.0,,0.0,0.0,,1.0,2.0,0.5,1.0,1.0,2.0,1.0,0.0,0.0,0.0,0.0,1.0,-2.0,https://www.basketball-reference.com/boxscores/201312270ORL.html,2013-14
Kyle O'Quinn,2013-12-29,Orlando Magic,Atlanta Hawks,1,,,,,,,,,,,,,,,,,,,,,https://www.basketball-reference.com/boxscores/201312290ORL.html,2013-14
Kyle O'Quinn,2013-12-31,Orlando Magic,Golden State Warriors,1,12.16,2.0,4.0,0.5,0.0,0.0,,0.0,0.0,,1.0,5.0,6.0,1.0,0.0,0.0,1.0,1.0,4.0,11.0,https://www.basketball-reference.com/boxscores/201312310ORL.html,2013-14
Kyle O'Quinn,2014-01-02,Cleveland Cavaliers,Orlando Magic,1,,,,,,,,,,,,,,,,,,,,,https://www.basketball-reference.com/boxscores/201401020CLE.html,2013-14
Kyle O'Quinn,2014-01-04,Orlando Magic,Miami Heat,1,8.05,0.0,0.0,,0.0,0.0,,0.0,0.0,,0.0,0.0,0.0,0.0,0.0,0.0,0.0,4.0,0.0,-2.0,https://www.basketball-reference.com/boxscores/201401040ORL.html,2013-14
Kyle O'Quinn,2014-01-06,Orlando Magic,Los Angeles Clippers,0,,,,,,,,,,,,,,,,,,,,,https://www.basketball-reference.com/boxscores/201401060LAC.html,2013-14
Kyle O'Quinn,2014-01-08,Orlando Magic,Portland Trail Blazers,0,1.13,0.0,1.0,0.0,0.0,0.0,,0.0,0.0,,0.0,1.0,1.0,0.0,0.0,0.0,0.0,0.0,0.0,1.0,https://www.basketball-reference.com/boxscores/201401080POR.html,2013-14
Kyle O'Quinn,2014-01-10,Orlando Magic,Sacramento Kings,0,5.1,1.0,2.0,0.5,0.0,0.0,,2.0,2.0,1.0,0.0,1.0,1.0,0.0,1.0,0.0,1.0,0.0,4.0,-2.0,https://www.basketball-reference.com/boxscores/201401100SAC.html,2013-14
Kyle O'Quinn,2014-01-11,Orlando Magic,Denver Nuggets,0,21.25,1.0,2.0,0.5,0.0,0.0,,2.0,2.0,1.0,1.0,4.0,5.0,1.0,0.0,1.0,1.0,2.0,4.0,-5.0,https://www.basketball-reference.com/boxscores/201401110DEN.html,2013-14
Kyle O'Quinn,2014-01-13,Orlando Magic,Dallas Mavericks,0,3.31,0.0,1.0,0.0,0.0,0.0,,0.0,0.0,,0.0,2.0,2.0,1.0,0.0,0.0,1.0,1.0,0.0,-2.0,https://www.basketball-reference.com/boxscores/201401130DAL.html,2013-14
Kyle O'Quinn,2014-01-17,Orlando Magic,Charlotte Bobc,1,16.52,4.0,8.0,0.5,0.0,0.0,,0.0,0.0,,2.0,5.0,7.0,0.0,0.0,3.0,2.0,2.0,8.0,1.0,https://www.basketball-reference.com/boxscores/201401170ORL.html,2013-14
Kyle O'Quinn,2014-01-19,Orlando Magic,Boston Celtics,1,23.54,4.0,6.0,0.667,0.0,0.0,,2.0,3.0,0.667,3.0,6.0,9.0,1.0,1.0,1.0,2.0,5.0,10.0,2.0,https://www.basketball-reference.com/boxscores/201401190ORL.html,2013-14
Kyle O'Quinn,2014-01-21,Orlando Magic,Brooklyn Nets,0,23.57,6.0,10.0,0.6,0.0,1.0,0.0,3.0,6.0,0.5,4.0,4.0,8.0,1.0,0.0,2.0,1.0,1.0,15.0,3.0,https://www.basketball-reference.com/boxscores/201401210BRK.html,2013-14
Kyle O'Quinn,2014-01-22,Orlando Magic,Atlanta Hawks,1,21.19,2.0,7.0,0.28600000000000003,0.0,0.0,,1.0,2.0,0.5,1.0,2.0,3.0,1.0,0.0,0.0,1.0,2.0,5.0,14.0,https://www.basketball-reference.com/boxscores/201401220ORL.html,2013-14
Kyle O'Quinn,2014-01-24,Orlando Magic,Los Angeles Lakers,1,26.03,3.0,8.0,0.375,0.0,0.0,,1.0,2.0,0.5,1.0,5.0,6.0,1.0,0.0,2.0,2.0,4.0,7.0,9.0,https://www.basketball-reference.com/boxscores/201401240ORL.html,2013-14
Kyle O'Quinn,2014-01-26,Orlando Magic,New Orleans Pelicans,0,17.36,0.0,4.0,0.0,0.0,0.0,,0.0,0.0,,0.0,4.0,4.0,1.0,0.0,1.0,1.0,4.0,0.0,-10.0,https://www.basketball-reference.com/boxscores/201401260NOP.html,2013-14
Kyle O'Quinn,2014-01-28,Orlando Magic,Detroit Pistons,0,26.57,2.0,7.0,0.28600000000000003,0.0,0.0,,0.0,0.0,,3.0,8.0,11.0,1.0,4.0,0.0,1.0,5.0,4.0,-4.0,https://www.basketball-reference.com/boxscores/201401280DET.html,2013-14
Kyle O'Quinn,2014-01-29,Orlando Magic,Toronto Raptors,0,13.38,2.0,5.0,0.4,0.0,0.0,,2.0,2.0,1.0,1.0,4.0,5.0,0.0,1.0,4.0,0.0,0.0,6.0,-4.0,https://www.basketball-reference.com/boxscores/201401290TOR.html,2013-14
Kyle O'Quinn,2014-01-31,Orlando Magic,Milwaukee Bucks,1,17.23,3.0,6.0,0.5,0.0,1.0,0.0,2.0,2.0,1.0,0.0,7.0,7.0,2.0,1.0,0.0,3.0,3.0,8.0,4.0,https://www.basketball-reference.com/boxscores/201401310ORL.html,2013-14
Kyle O'Quinn,2014-02-02,Orlando Magic,Boston Celtics,0,21.57,1.0,3.0,0.333,0.0,0.0,,2.0,2.0,1.0,0.0,2.0,2.0,3.0,2.0,0.0,1.0,2.0,4.0,-5.0,https://www.basketball-reference.com/boxscores/201402020BOS.html,2013-14
Kyle O'Quinn,2014-02-03,Orlando Magic,Indiana Pacers,0,13.27,2.0,4.0,0.5,0.0,0.0,,0.0,1.0,0.0,0.0,2.0,2.0,1.0,0.0,0.0,0.0,1.0,4.0,-17.0,https://www.basketball-reference.com/boxscores/201402030IND.html,2013-14
Kyle O'Quinn,2014-02-05,Orlando Magic,Detroit Pistons,1,20.1,4.0,8.0,0.5,0.0,0.0,,0.0,0.0,,0.0,5.0,5.0,1.0,2.0,6.0,2.0,1.0,8.0,-3.0,https://www.basketball-reference.com/boxscores/201402050ORL.html,2013-14
Kyle O'Quinn,2014-02-07,Orlando Magic,Oklahoma City Thunder,1,18.22,4.0,7.0,0.5710000000000001,0.0,0.0,,1.0,2.0,0.5,1.0,2.0,3.0,1.0,2.0,0.0,0.0,2.0,9.0,-2.0,https://www.basketball-reference.com/boxscores/201402070ORL.html,2013-14
Kyle O'Quinn,2014-02-09,Orlando Magic,Indiana Pacers,1,10.47,1.0,1.0,1.0,0.0,0.0,,0.0,0.0,,0.0,6.0,6.0,1.0,1.0,0.0,0.0,2.0,2.0,6.0,https://www.basketball-reference.com/boxscores/201402090ORL.html,2013-14
Kyle O'Quinn,2014-02-12,Orlando Magic,Memphis Grizzlies,1,14.37,2.0,5.0,0.4,0.0,0.0,,0.0,0.0,,2.0,4.0,6.0,1.0,0.0,3.0,2.0,2.0,4.0,1.0,https://www.basketball-reference.com/boxscores/201402120ORL.html,2013-14
Kyle O'Quinn,2014-02-18,Orlando Magic,Milwaukee Bucks,0,21.0,0.0,2.0,0.0,0.0,0.0,,0.0,2.0,0.0,2.0,7.0,9.0,7.0,0.0,2.0,1.0,2.0,0.0,-7.0,https://www.basketball-reference.com/boxscores/201402180MIL.html,2013-14
Kyle O'Quinn,2014-02-19,Orlando Magic,Cleveland Cavaliers,0,27.58,5.0,8.0,0.625,0.0,0.0,,0.0,0.0,,2.0,6.0,8.0,0.0,1.0,0.0,2.0,6.0,10.0,7.0,https://www.basketball-reference.com/boxscores/201402190CLE.html,2013-14
Kyle O'Quinn,2014-02-23,Orlando Magic,Toronto Raptors,0,23.48,5.0,11.0,0.455,0.0,0.0,,0.0,0.0,,2.0,3.0,5.0,4.0,1.0,0.0,0.0,3.0,10.0,-4.0,https://www.basketball-reference.com/boxscores/201402230TOR.html,2013-14
Kyle O'Quinn,2014-02-25,Orlando Magic,Washington Wizards,0,21.16,4.0,6.0,0.667,0.0,0.0,,2.0,2.0,1.0,4.0,5.0,9.0,1.0,0.0,1.0,0.0,5.0,10.0,-8.0,https://www.basketball-reference.com/boxscores/201402250WAS.html,2013-14
Kyle O'Quinn,2014-02-26,Orlando Magic,Philadelphia 76ers,0,14.23,1.0,3.0,0.333,0.0,0.0,,0.0,0.0,,0.0,4.0,4.0,1.0,1.0,4.0,1.0,5.0,2.0,6.0,https://www.basketball-reference.com/boxscores/201402260PHI.html,2013-14
Kyle O'Quinn,2014-03-01,Orlando Magic,Miami Heat,0,22.19,6.0,10.0,0.6,0.0,0.0,,2.0,2.0,1.0,6.0,9.0,15.0,2.0,2.0,1.0,2.0,4.0,14.0,-2.0,https://www.basketball-reference.com/boxscores/201403010MIA.html,2013-14
Kyle O'Quinn,2014-03-02,Orlando Magic,Philadelphia 76ers,1,19.11,4.0,6.0,0.667,0.0,0.0,,0.0,0.0,,3.0,5.0,8.0,2.0,2.0,1.0,4.0,2.0,8.0,4.0,https://www.basketball-reference.com/boxscores/201403020ORL.html,2013-14
Kyle O'Quinn,2014-03-05,Orlando Magic,Houston Rockets,1,16.08,4.0,13.0,0.308,0.0,0.0,,0.0,0.0,,2.0,6.0,8.0,1.0,1.0,3.0,1.0,4.0,8.0,-5.0,https://www.basketball-reference.com/boxscores/201403050ORL.html,2013-14
Kyle O'Quinn,2014-03-08,Orlando Magic,San Antonio Spurs,0,17.42,4.0,8.0,0.5,0.0,0.0,,1.0,2.0,0.5,2.0,3.0,5.0,1.0,1.0,1.0,0.0,1.0,9.0,-9.0,https://www.basketball-reference.com/boxscores/201403080SAS.html,2013-14
Kyle O'Quinn,2014-03-10,Orlando Magic,Milwaukee Bucks,0,20.16,5.0,8.0,0.625,0.0,0.0,,0.0,0.0,,2.0,5.0,7.0,1.0,0.0,2.0,1.0,3.0,10.0,8.0,https://www.basketball-reference.com/boxscores/201403100MIL.html,2013-14
Kyle O'Quinn,2014-03-12,Orlando Magic,Denver Nuggets,1,27.27,5.0,8.0,0.625,0.0,0.0,,0.0,0.0,,2.0,6.0,8.0,1.0,0.0,2.0,2.0,0.0,10.0,1.0,https://www.basketball-reference.com/boxscores/201403120ORL.html,2013-14
Kyle O'Quinn,2014-03-18,Orlando Magic,Golden State Warriors,0,21.03,4.0,7.0,0.5710000000000001,0.0,0.0,,2.0,4.0,0.5,0.0,5.0,5.0,3.0,0.0,2.0,3.0,2.0,10.0,-17.0,https://www.basketball-reference.com/boxscores/201403180GSW.html,2013-14
Kyle O'Quinn,2014-03-19,Orlando Magic,Phoenix Suns,0,31.37,2.0,9.0,0.222,0.0,0.0,,2.0,3.0,0.667,4.0,7.0,11.0,4.0,2.0,1.0,4.0,1.0,6.0,-10.0,https://www.basketball-reference.com/boxscores/201403190PHO.html,2013-14
Kyle O'Quinn,2014-03-22,Orlando Magic,Utah Jazz,0,25.13,2.0,5.0,0.4,0.0,0.0,,2.0,2.0,1.0,1.0,6.0,7.0,1.0,1.0,2.0,2.0,4.0,6.0,0.0,https://www.basketball-reference.com/boxscores/201403220UTA.html,2013-14
Kyle O'Quinn,2014-03-23,Orlando Magic,Los Angeles Lakers,0,20.26,7.0,10.0,0.7,0.0,0.0,,0.0,0.0,,5.0,2.0,7.0,0.0,0.0,1.0,0.0,4.0,14.0,-13.0,https://www.basketball-reference.com/boxscores/201403230LAL.html,2013-14
Kyle O'Quinn,2014-03-25,Orlando Magic,Portland Trail Blazers,1,22.41,3.0,8.0,0.375,0.0,0.0,,0.0,0.0,,3.0,3.0,6.0,0.0,1.0,1.0,0.0,2.0,6.0,12.0,https://www.basketball-reference.com/boxscores/201403250ORL.html,2013-14
Kyle O'Quinn,2014-03-30,Orlando Magic,Toronto Raptors,1,15.03,0.0,2.0,0.0,0.0,0.0,,0.0,0.0,,0.0,3.0,3.0,2.0,1.0,0.0,0.0,3.0,0.0,-4.0,https://www.basketball-reference.com/boxscores/201403300ORL.html,2013-14
