Unnamed: 0,season,Player,Date,Team,Against,Home,MP,FG,FGA,FG%,3P,3PA,3P%,FT,FTA,FT%,ORB,DRB,TRB,AST,STL,BLK,TOV,PF,PTS,+/-,GameLink,TS%,DD,DT,FPTS
,2019-20,Kyle Kuzma,2019-12-01,Los Angeles Lakers,Dallas Mavericks,1.0,21.24,1.0,8.0,0.125,0.0,5.0,0.0,2.0,3.0,0.667,0.0,1.0,1.0,1.0,0.0,0.0,1.0,2.0,4.0,-15.0,https://www.basketball-reference.com/boxscores/201912010LAL.html,18.64,0.0,0.0,6.25
,2019-20,Kyle Kuzma,2019-12-04,Los Angeles Lakers,Utah Jazz,0.0,30.59,4.0,11.0,0.364,3.0,5.0,0.6,2.0,7.0,0.28600000000000003,0.0,1.0,1.0,0.0,4.0,3.0,2.0,0.0,13.0,25.0,https://www.basketball-reference.com/boxscores/201912040UTA.html,91.52,0.0,0.0,28.75
,2019-20,Kyle Kuzma,2019-12-22,Los Angeles Lakers,Denver Nuggets,1.0,21.48,7.0,15.0,0.467,1.0,4.0,0.25,1.0,2.0,0.5,2.0,2.0,4.0,0.0,1.0,2.0,2.0,1.0,16.0,-16.0,https://www.basketball-reference.com/boxscores/201912220LAL.html,127.04,0.0,0.0,26.5
,2019-20,Kyle Kuzma,2019-12-25,Los Angeles Lakers,Los Angeles Clippers,1.0,27.28,8.0,17.0,0.471,4.0,9.0,0.444,5.0,6.0,0.833,1.0,3.0,4.0,0.0,1.0,0.0,0.0,1.0,25.0,10.0,https://www.basketball-reference.com/boxscores/201912250LAL.html,245.5,0.0,0.0,34.0
,2019-20,Kyle Kuzma,2019-12-28,Los Angeles Lakers,Portland Trail Blazers,0.0,29.37,9.0,17.0,0.529,3.0,9.0,0.333,3.0,3.0,1.0,1.0,3.0,4.0,1.0,0.0,0.0,0.0,1.0,24.0,14.0,https://www.basketball-reference.com/boxscores/201912280POR.html,219.84,0.0,0.0,32.0
,2019-20,Kyle Kuzma,2020-01-01,Los Angeles Lakers,Phoenix Suns,1.0,27.11,5.0,15.0,0.333,3.0,10.0,0.3,6.0,6.0,1.0,2.0,2.0,4.0,1.0,1.0,0.0,0.0,2.0,19.0,-2.0,https://www.basketball-reference.com/boxscores/202001010LAL.html,167.58,0.0,0.0,29.0
,2019-20,Kyle Kuzma,2020-01-05,Los Angeles Lakers,Detroit Pistons,1.0,20.58,2.0,8.0,0.25,0.0,3.0,0.0,0.0,1.0,0.0,0.0,4.0,4.0,2.0,0.0,0.0,2.0,1.0,4.0,-2.0,https://www.basketball-reference.com/boxscores/202001050LAL.html,16.88,0.0,0.0,11.0
,2019-20,Kyle Kuzma,2020-01-07,Los Angeles Lakers,New York Knicks,1.0,20.39,6.0,11.0,0.545,2.0,6.0,0.333,2.0,2.0,1.0,0.0,6.0,6.0,1.0,0.0,0.0,2.0,4.0,16.0,14.0,https://www.basketball-reference.com/boxscores/202001070LAL.html,95.04,0.0,0.0,25.0
,2019-20,Kyle Kuzma,2020-01-10,Los Angeles Lakers,Dallas Mavericks,0.0,33.55,9.0,22.0,0.409,2.0,8.0,0.25,6.0,6.0,1.0,4.0,2.0,6.0,2.0,0.0,0.0,0.0,2.0,26.0,8.0,https://www.basketball-reference.com/boxscores/202001100DAL.html,320.32,0.0,0.0,37.5
,2019-20,Kyle Kuzma,2020-01-11,Los Angeles Lakers,Oklahoma City Thunder,0.0,39.44,15.0,24.0,0.625,4.0,6.0,0.667,2.0,4.0,0.5,2.0,5.0,7.0,0.0,0.0,0.0,1.0,0.0,36.0,20.0,https://www.basketball-reference.com/boxscores/202001110OKC.html,463.68,0.0,0.0,46.25
,2019-20,Kyle Kuzma,2020-01-13,Los Angeles Lakers,Cleveland Cavaliers,1.0,25.42,5.0,13.0,0.385,0.0,3.0,0.0,1.0,2.0,0.5,1.0,2.0,3.0,2.0,0.0,1.0,2.0,4.0,11.0,10.0,https://www.basketball-reference.com/boxscores/202001130LAL.html,76.34,0.0,0.0,18.75
,2019-20,Kyle Kuzma,2020-01-18,Los Angeles Lakers,Houston Rockets,0.0,37.27,8.0,16.0,0.5,3.0,8.0,0.375,4.0,6.0,0.667,2.0,6.0,8.0,1.0,0.0,0.0,2.0,2.0,23.0,4.0,https://www.basketball-reference.com/boxscores/202001180HOU.html,214.36,0.0,0.0,35.0
,2019-20,Kyle Kuzma,2020-01-20,Los Angeles Lakers,Boston Celtics,0.0,23.25,4.0,12.0,0.333,0.0,2.0,0.0,5.0,7.0,0.7140000000000001,1.0,2.0,3.0,0.0,1.0,0.0,2.0,2.0,13.0,-13.0,https://www.basketball-reference.com/boxscores/202001200BOS.html,98.02,0.0,0.0,17.75
,2019-20,Kyle Kuzma,2020-01-22,Los Angeles Lakers,New York Knicks,0.0,27.53,4.0,10.0,0.4,0.0,2.0,0.0,2.0,3.0,0.667,2.0,5.0,7.0,1.0,0.0,2.0,1.0,2.0,10.0,8.0,https://www.basketball-reference.com/boxscores/202001220NYK.html,56.6,0.0,0.0,23.75
,2019-20,Kyle Kuzma,2020-01-23,Los Angeles Lakers,Brooklyn Nets,0.0,28.21,5.0,9.0,0.556,3.0,5.0,0.6,3.0,3.0,1.0,0.0,2.0,2.0,1.0,0.0,0.0,2.0,2.0,16.0,11.0,https://www.basketball-reference.com/boxscores/202001230BRK.html,82.56,0.0,0.0,20.5
,2019-20,Kyle Kuzma,2020-01-31,Los Angeles Lakers,Portland Trail Blazers,1.0,25.04,6.0,12.0,0.5,0.0,3.0,0.0,5.0,7.0,0.7140000000000001,5.0,10.0,15.0,0.0,0.0,0.0,4.0,2.0,17.0,-16.0,https://www.basketball-reference.com/boxscores/202001310LAL.html,128.18,1.0,0.0,34.75
,2019-20,Kyle Kuzma,2020-02-01,Los Angeles Lakers,Sacramento Kings,0.0,20.11,4.0,10.0,0.4,1.0,2.0,0.5,3.0,4.0,0.75,1.0,1.0,2.0,1.0,0.0,1.0,1.0,3.0,12.0,5.0,https://www.basketball-reference.com/boxscores/202002010SAC.html,70.56,0.0,0.0,18.0
,2019-20,Kyle Kuzma,2020-02-04,Los Angeles Lakers,San Antonio Spurs,1.0,30.17,7.0,11.0,0.636,2.0,4.0,0.5,2.0,2.0,1.0,4.0,8.0,12.0,4.0,0.0,0.0,2.0,2.0,18.0,15.0,https://www.basketball-reference.com/boxscores/202002040LAL.html,106.92,1.0,0.0,40.0
,2019-20,Kyle Kuzma,2020-02-06,Los Angeles Lakers,Houston Rockets,1.0,19.47,2.0,8.0,0.25,0.0,4.0,0.0,0.0,1.0,0.0,0.0,6.0,6.0,1.0,1.0,0.0,0.0,2.0,4.0,-14.0,https://www.basketball-reference.com/boxscores/202002060LAL.html,16.88,0.0,0.0,15.0
,2019-20,Kyle Kuzma,2020-02-10,Los Angeles Lakers,Phoenix Suns,1.0,20.21,4.0,5.0,0.8,1.0,2.0,0.5,0.0,1.0,0.0,1.0,7.0,8.0,4.0,1.0,2.0,2.0,1.0,9.0,14.0,https://www.basketball-reference.com/boxscores/202002100LAL.html,24.48,0.0,0.0,30.5
,2019-20,Kyle Kuzma,2020-02-21,Los Angeles Lakers,Memphis Grizzlies,1.0,23.23,4.0,13.0,0.308,0.0,4.0,0.0,0.0,2.0,0.0,0.0,4.0,4.0,3.0,0.0,0.0,0.0,5.0,8.0,9.0,https://www.basketball-reference.com/boxscores/202002210LAL.html,55.52,0.0,0.0,17.5
,2019-20,Kyle Kuzma,2020-02-23,Los Angeles Lakers,Boston Celtics,1.0,27.14,6.0,13.0,0.462,1.0,5.0,0.2,3.0,4.0,0.75,1.0,3.0,4.0,0.0,0.0,1.0,2.0,1.0,16.0,17.0,https://www.basketball-reference.com/boxscores/202002230LAL.html,118.08,0.0,0.0,22.5
,2019-20,Kyle Kuzma,2020-02-25,Los Angeles Lakers,New Orleans Pelicans,1.0,12.17,4.0,10.0,0.4,0.0,3.0,0.0,1.0,1.0,1.0,0.0,1.0,1.0,0.0,1.0,0.0,0.0,1.0,9.0,-19.0,https://www.basketball-reference.com/boxscores/202002250LAL.html,46.98,0.0,0.0,12.25
,2019-20,Kyle Kuzma,2020-02-27,Los Angeles Lakers,Golden State Warriors,0.0,28.34,8.0,17.0,0.471,1.0,4.0,0.25,1.0,2.0,0.5,0.0,3.0,3.0,3.0,1.0,0.0,4.0,4.0,18.0,23.0,https://www.basketball-reference.com/boxscores/202002270GSW.html,160.92,0.0,0.0,26.75
,2019-20,Kyle Kuzma,2020-02-29,Los Angeles Lakers,Memphis Grizzlies,0.0,26.19,5.0,12.0,0.417,0.0,2.0,0.0,0.0,1.0,0.0,0.0,5.0,5.0,2.0,0.0,0.0,3.0,1.0,10.0,-9.0,https://www.basketball-reference.com/boxscores/202002290MEM.html,62.2,0.0,0.0,17.75
,2019-20,Kyle Kuzma,2020-03-01,Los Angeles Lakers,New Orleans Pelicans,0.0,35.02,8.0,18.0,0.444,2.0,8.0,0.25,2.0,3.0,0.667,1.0,3.0,4.0,1.0,1.0,0.0,0.0,4.0,20.0,11.0,https://www.basketball-reference.com/boxscores/202003010NOP.html,193.2,0.0,0.0,29.5
,2019-20,Kyle Kuzma,2020-03-06,Los Angeles Lakers,Milwaukee Bucks,1.0,23.55,3.0,11.0,0.273,1.0,6.0,0.16699999999999998,4.0,4.0,1.0,1.0,7.0,8.0,1.0,0.0,0.0,1.0,1.0,11.0,10.0,https://www.basketball-reference.com/boxscores/202003060LAL.html,70.17999999999999,0.0,0.0,22.5
,2019-20,Kyle Kuzma,2020-03-08,Los Angeles Lakers,Los Angeles Clippers,0.0,22.25,3.0,8.0,0.375,0.0,4.0,0.0,2.0,2.0,1.0,3.0,7.0,10.0,0.0,1.0,2.0,0.0,2.0,8.0,-1.0,https://www.basketball-reference.com/boxscores/202003080LAC.html,35.52,0.0,0.0,26.5
,2019-20,Kyle Kuzma,2020-03-10,Los Angeles Lakers,Brooklyn Nets,1.0,22.26,6.0,9.0,0.667,0.0,2.0,0.0,2.0,2.0,1.0,0.0,5.0,5.0,1.0,1.0,0.0,3.0,4.0,14.0,-1.0,https://www.basketball-reference.com/boxscores/202003100LAL.html,69.16000000000001,0.0,0.0,22.25
,2018-19,Kyle Kuzma,2018-12-02,Los Angeles Lakers,Phoenix Suns,1.0,28.57,8.0,14.0,0.5710000000000001,3.0,8.0,0.375,4.0,4.0,1.0,2.0,6.0,8.0,3.0,1.0,1.0,1.0,0.0,23.0,10.0,https://www.basketball-reference.com/boxscores/201812020LAL.html,181.24,0.0,0.0,42.5
,2018-19,Kyle Kuzma,2018-12-05,Los Angeles Lakers,San Antonio Spurs,1.0,38.37,7.0,19.0,0.368,3.0,9.0,0.333,5.0,7.0,0.7140000000000001,1.0,8.0,9.0,5.0,0.0,0.0,1.0,2.0,22.0,10.0,https://www.basketball-reference.com/boxscores/201812050LAL.html,242.88,0.0,0.0,41.75
,2018-19,Kyle Kuzma,2018-12-07,Los Angeles Lakers,San Antonio Spurs,0.0,38.42,12.0,22.0,0.545,2.0,7.0,0.28600000000000003,1.0,2.0,0.5,0.0,8.0,8.0,2.0,2.0,0.0,2.0,3.0,27.0,-6.0,https://www.basketball-reference.com/boxscores/201812070SAS.html,308.88,0.0,0.0,44.0
,2018-19,Kyle Kuzma,2018-12-10,Los Angeles Lakers,Miami Heat,1.0,39.44,14.0,22.0,0.636,3.0,7.0,0.429,2.0,2.0,1.0,1.0,6.0,7.0,1.0,0.0,0.0,3.0,0.0,33.0,16.0,https://www.basketball-reference.com/boxscores/201812100LAL.html,377.52,0.0,0.0,43.25
,2018-19,Kyle Kuzma,2018-12-13,Los Angeles Lakers,Houston Rockets,0.0,37.03,8.0,17.0,0.471,1.0,5.0,0.2,7.0,7.0,1.0,1.0,2.0,3.0,5.0,2.0,1.0,2.0,4.0,24.0,-9.0,https://www.basketball-reference.com/boxscores/201812130HOU.html,240.96,0.0,0.0,40.75
,2018-19,Kyle Kuzma,2018-12-15,Los Angeles Lakers,Charlotte Hornets,0.0,27.41,4.0,9.0,0.444,2.0,5.0,0.4,4.0,4.0,1.0,1.0,2.0,3.0,3.0,0.0,1.0,4.0,4.0,14.0,29.0,https://www.basketball-reference.com/boxscores/201812150CHO.html,75.32,0.0,0.0,23.25
,2018-19,Kyle Kuzma,2018-12-16,Los Angeles Lakers,Washington Wizards,0.0,28.37,9.0,15.0,0.6,0.0,4.0,0.0,2.0,2.0,1.0,2.0,4.0,6.0,3.0,1.0,1.0,6.0,4.0,20.0,-22.0,https://www.basketball-reference.com/boxscores/201812160WAS.html,158.8,0.0,0.0,33.0
,2018-19,Kyle Kuzma,2018-12-18,Los Angeles Lakers,Brooklyn Nets,0.0,42.36,9.0,21.0,0.429,2.0,8.0,0.25,2.0,2.0,1.0,0.0,11.0,11.0,3.0,1.0,0.0,3.0,0.0,22.0,-1.0,https://www.basketball-reference.com/boxscores/201812180BRK.html,240.68,1.0,0.0,42.75
,2018-19,Kyle Kuzma,2018-12-21,Los Angeles Lakers,New Orleans Pelicans,1.0,37.23,8.0,15.0,0.5329999999999999,3.0,8.0,0.375,4.0,5.0,0.8,0.0,3.0,3.0,1.0,1.0,0.0,0.0,2.0,23.0,14.0,https://www.basketball-reference.com/boxscores/201812210LAL.html,197.8,0.0,0.0,31.75
,2018-19,Kyle Kuzma,2018-12-23,Los Angeles Lakers,Memphis Grizzlies,1.0,37.11,3.0,8.0,0.375,2.0,6.0,0.333,3.0,6.0,0.5,0.0,6.0,6.0,6.0,0.0,0.0,3.0,3.0,11.0,-8.0,https://www.basketball-reference.com/boxscores/201812230LAL.html,58.52,0.0,0.0,27.0
,2018-19,Kyle Kuzma,2018-12-25,Los Angeles Lakers,Golden State Warriors,0.0,31.24,6.0,14.0,0.429,2.0,6.0,0.333,5.0,7.0,0.7140000000000001,0.0,6.0,6.0,1.0,0.0,0.0,1.0,3.0,19.0,5.0,https://www.basketball-reference.com/boxscores/201812250GSW.html,162.26,0.0,0.0,28.5
,2018-19,Kyle Kuzma,2018-12-27,Los Angeles Lakers,Sacramento Kings,0.0,40.02,12.0,24.0,0.5,2.0,8.0,0.25,7.0,9.0,0.778,0.0,9.0,9.0,4.0,0.0,0.0,6.0,2.0,33.0,-13.0,https://www.basketball-reference.com/boxscores/201812270SAC.html,461.34,0.0,0.0,48.25
,2018-19,Kyle Kuzma,2018-12-28,Los Angeles Lakers,Los Angeles Clippers,1.0,41.59,9.0,21.0,0.429,0.0,7.0,0.0,6.0,7.0,0.857,0.0,9.0,9.0,5.0,1.0,0.0,4.0,3.0,24.0,1.0,https://www.basketball-reference.com/boxscores/201812280LAL.html,288.96,0.0,0.0,42.75
,2018-19,Kyle Kuzma,2018-12-30,Los Angeles Lakers,Sacramento Kings,1.0,40.14,5.0,17.0,0.294,4.0,10.0,0.4,4.0,4.0,1.0,1.0,8.0,9.0,6.0,0.0,0.0,2.0,3.0,18.0,2.0,https://www.basketball-reference.com/boxscores/201812300LAL.html,168.84,0.0,0.0,39.25
,2018-19,Kyle Kuzma,2019-01-02,Los Angeles Lakers,Oklahoma City Thunder,1.0,16.02,1.0,4.0,0.25,0.0,2.0,0.0,2.0,2.0,1.0,0.0,1.0,1.0,1.0,3.0,0.0,3.0,2.0,4.0,-1.0,https://www.basketball-reference.com/boxscores/201901020LAL.html,9.76,0.0,0.0,11.25
,2018-19,Kyle Kuzma,2019-01-07,Los Angeles Lakers,Dallas Mavericks,0.0,37.25,4.0,20.0,0.2,2.0,10.0,0.2,3.0,5.0,0.6,1.0,4.0,5.0,3.0,0.0,0.0,2.0,2.0,13.0,8.0,https://www.basketball-reference.com/boxscores/201901070DAL.html,144.29999999999995,0.0,0.0,23.75
,2018-19,Kyle Kuzma,2019-01-09,Los Angeles Lakers,Detroit Pistons,1.0,29.14,16.0,24.0,0.667,5.0,10.0,0.5,4.0,6.0,0.667,1.0,1.0,2.0,0.0,0.0,0.0,2.0,2.0,41.0,14.0,https://www.basketball-reference.com/boxscores/201901090LAL.html,546.12,0.0,0.0,45.0
,2018-19,Kyle Kuzma,2019-01-11,Los Angeles Lakers,Utah Jazz,0.0,36.17,4.0,18.0,0.222,0.0,5.0,0.0,3.0,4.0,0.75,2.0,6.0,8.0,1.0,1.0,0.0,1.0,0.0,11.0,-16.0,https://www.basketball-reference.com/boxscores/201901110UTA.html,108.68,0.0,0.0,24.0
,2018-19,Kyle Kuzma,2019-01-13,Los Angeles Lakers,Cleveland Cavaliers,1.0,36.15,11.0,23.0,0.478,2.0,7.0,0.28600000000000003,5.0,9.0,0.556,3.0,5.0,8.0,4.0,0.0,0.0,4.0,5.0,29.0,-14.0,https://www.basketball-reference.com/boxscores/201901130LAL.html,390.92,0.0,0.0,44.0
,2018-19,Kyle Kuzma,2019-01-15,Los Angeles Lakers,Chicago Bulls,1.0,30.41,6.0,15.0,0.4,1.0,6.0,0.16699999999999998,3.0,4.0,0.75,2.0,10.0,12.0,2.0,0.0,0.0,5.0,2.0,16.0,10.0,https://www.basketball-reference.com/boxscores/201901150LAL.html,134.08,1.0,0.0,33.0
,2018-19,Kyle Kuzma,2019-01-17,Oklahoma City Thunder,Los Angeles Lakers,1.0,36.17,11.0,20.0,0.55,7.0,12.0,0.583,3.0,3.0,1.0,1.0,7.0,8.0,4.0,3.0,0.0,4.0,4.0,32.0,-4.0,https://www.basketball-reference.com/boxscores/201901170OKC.html,341.12,0.0,0.0,55.5
,2018-19,Kyle Kuzma,2019-01-19,Houston Rockets,Los Angeles Lakers,1.0,43.42,12.0,19.0,0.632,4.0,9.0,0.444,4.0,5.0,0.8,2.0,6.0,8.0,3.0,2.0,0.0,3.0,5.0,32.0,-8.0,https://www.basketball-reference.com/boxscores/201901190HOU.html,339.2,0.0,0.0,51.0
,2018-19,Kyle Kuzma,2019-01-21,Los Angeles Lakers,Golden State Warriors,1.0,33.14,7.0,18.0,0.389,0.0,5.0,0.0,2.0,2.0,1.0,1.0,1.0,2.0,2.0,0.0,0.0,3.0,1.0,16.0,-32.0,https://www.basketball-reference.com/boxscores/201901210LAL.html,151.04,0.0,0.0,20.0
,2018-19,Kyle Kuzma,2019-01-24,Los Angeles Lakers,Minnesota Timberwolves,1.0,28.06,4.0,12.0,0.333,0.0,4.0,0.0,2.0,3.0,0.667,1.0,3.0,4.0,4.0,0.0,0.0,1.0,0.0,10.0,0.0,https://www.basketball-reference.com/boxscores/201901240LAL.html,66.6,0.0,0.0,20.5
,2018-19,Kyle Kuzma,2019-02-02,Los Angeles Lakers,Golden State Warriors,0.0,31.37,4.0,12.0,0.333,1.0,4.0,0.25,4.0,4.0,1.0,3.0,1.0,4.0,2.0,0.0,0.0,2.0,1.0,13.0,-18.0,https://www.basketball-reference.com/boxscores/201902020GSW.html,89.44,0.0,0.0,20.5
,2018-19,Kyle Kuzma,2019-02-05,Los Angeles Lakers,Indiana Pacers,0.0,24.53,5.0,13.0,0.385,0.0,4.0,0.0,2.0,4.0,0.5,0.0,1.0,1.0,0.0,0.0,0.0,1.0,2.0,12.0,-19.0,https://www.basketball-reference.com/boxscores/201902050IND.html,88.56,0.0,0.0,12.75
,2018-19,Kyle Kuzma,2019-02-10,Los Angeles Lakers,Philadelphia 76ers,0.0,31.54,14.0,21.0,0.667,5.0,8.0,0.625,6.0,7.0,0.857,1.0,2.0,3.0,1.0,0.0,0.0,1.0,1.0,39.0,-6.0,https://www.basketball-reference.com/boxscores/201902100PHI.html,469.56,0.0,0.0,46.25
,2018-19,Kyle Kuzma,2019-02-21,Los Angeles Lakers,Houston Rockets,1.0,37.54,6.0,13.0,0.462,2.0,5.0,0.4,4.0,4.0,1.0,1.0,5.0,6.0,5.0,1.0,1.0,3.0,2.0,18.0,10.0,https://www.basketball-reference.com/boxscores/201902210LAL.html,132.84,0.0,0.0,36.5
,2018-19,Kyle Kuzma,2019-02-23,Los Angeles Lakers,New Orleans Pelicans,0.0,31.18,7.0,14.0,0.5,1.0,5.0,0.2,1.0,2.0,0.5,2.0,6.0,8.0,7.0,0.0,0.0,1.0,2.0,16.0,-4.0,https://www.basketball-reference.com/boxscores/201902230NOP.html,119.04,0.0,0.0,36.5
,2018-19,Kyle Kuzma,2019-02-25,Los Angeles Lakers,Memphis Grizzlies,0.0,34.14,9.0,15.0,0.6,2.0,5.0,0.4,2.0,4.0,0.5,0.0,4.0,4.0,2.0,0.0,0.0,1.0,5.0,22.0,7.0,https://www.basketball-reference.com/boxscores/201902250MEM.html,184.36,0.0,0.0,30.5
,2018-19,Kyle Kuzma,2019-02-27,Los Angeles Lakers,New Orleans Pelicans,1.0,34.26,9.0,15.0,0.6,0.0,3.0,0.0,4.0,6.0,0.667,1.0,4.0,5.0,2.0,0.0,1.0,1.0,3.0,22.0,5.0,https://www.basketball-reference.com/boxscores/201902270LAL.html,194.04,0.0,0.0,32.75
,2018-19,Kyle Kuzma,2019-03-01,Los Angeles Lakers,Milwaukee Bucks,1.0,34.23,5.0,18.0,0.278,1.0,6.0,0.16699999999999998,1.0,1.0,1.0,1.0,5.0,6.0,3.0,0.0,0.0,1.0,2.0,12.0,-9.0,https://www.basketball-reference.com/boxscores/201903010LAL.html,110.64,0.0,0.0,24.0
,2018-19,Kyle Kuzma,2019-03-02,Los Angeles Lakers,Phoenix Suns,0.0,34.52,4.0,9.0,0.444,0.0,1.0,0.0,5.0,7.0,0.7140000000000001,4.0,2.0,6.0,3.0,0.0,1.0,1.0,4.0,13.0,-3.0,https://www.basketball-reference.com/boxscores/201903020PHO.html,78.52,0.0,0.0,26.5
,2018-19,Kyle Kuzma,2019-03-04,Los Angeles Lakers,Los Angeles Clippers,1.0,36.12,5.0,15.0,0.333,1.0,5.0,0.2,2.0,2.0,1.0,2.0,4.0,6.0,1.0,0.0,0.0,3.0,4.0,13.0,3.0,https://www.basketball-reference.com/boxscores/201903040LAL.html,103.22,0.0,0.0,21.0
,2018-19,Kyle Kuzma,2019-03-12,Los Angeles Lakers,Chicago Bulls,0.0,33.43,9.0,17.0,0.529,2.0,5.0,0.4,1.0,3.0,0.333,0.0,5.0,5.0,4.0,1.0,0.0,0.0,2.0,21.0,19.0,https://www.basketball-reference.com/boxscores/201903120CHI.html,192.36,0.0,0.0,36.25
,2018-19,Kyle Kuzma,2019-03-14,Los Angeles Lakers,Toronto Raptors,0.0,30.32,3.0,11.0,0.273,0.0,3.0,0.0,1.0,4.0,0.25,1.0,7.0,8.0,3.0,1.0,0.0,1.0,4.0,7.0,1.0,https://www.basketball-reference.com/boxscores/201903140TOR.html,44.66,0.0,0.0,23.0
,2018-19,Kyle Kuzma,2019-03-15,Los Angeles Lakers,Detroit Pistons,0.0,38.19,5.0,14.0,0.35700000000000004,0.0,4.0,0.0,2.0,4.0,0.5,0.0,6.0,6.0,10.0,1.0,0.0,2.0,2.0,12.0,-10.0,https://www.basketball-reference.com/boxscores/201903150DET.html,94.56,1.0,0.0,36.5
,2018-19,Kyle Kuzma,2019-03-17,Los Angeles Lakers,New York Knicks,0.0,33.25,8.0,14.0,0.5710000000000001,0.0,2.0,0.0,2.0,2.0,1.0,0.0,0.0,0.0,8.0,1.0,0.0,3.0,3.0,18.0,-17.0,https://www.basketball-reference.com/boxscores/201903170NYK.html,133.92000000000002,0.0,0.0,30.5
,2018-19,Kyle Kuzma,2019-03-19,Los Angeles Lakers,Milwaukee Bucks,0.0,34.57,4.0,17.0,0.235,2.0,8.0,0.25,7.0,10.0,0.7,1.0,4.0,5.0,3.0,1.0,0.0,3.0,2.0,17.0,-27.0,https://www.basketball-reference.com/boxscores/201903190MIL.html,181.9,0.0,0.0,29.25
,2018-19,Kyle Kuzma,2019-03-22,Los Angeles Lakers,Brooklyn Nets,1.0,34.59,5.0,19.0,0.263,3.0,11.0,0.273,5.0,5.0,1.0,1.0,4.0,5.0,0.0,0.0,1.0,2.0,5.0,18.0,-6.0,https://www.basketball-reference.com/boxscores/201903220LAL.html,190.8,0.0,0.0,26.75
,2018-19,Kyle Kuzma,2019-03-24,Los Angeles Lakers,Sacramento Kings,1.0,40.09,10.0,22.0,0.455,5.0,14.0,0.35700000000000004,4.0,5.0,0.8,1.0,5.0,6.0,2.0,0.0,1.0,3.0,4.0,29.0,6.0,https://www.basketball-reference.com/boxscores/201903240LAL.html,350.9,0.0,0.0,42.5
,2018-19,Kyle Kuzma,2019-03-26,Los Angeles Lakers,Washington Wizards,1.0,29.36,5.0,15.0,0.333,1.0,4.0,0.25,4.0,4.0,1.0,0.0,4.0,4.0,0.0,1.0,0.0,1.0,2.0,15.0,12.0,https://www.basketball-reference.com/boxscores/201903260LAL.html,125.70000000000002,0.0,0.0,22.0
,2018-19,Kyle Kuzma,2019-03-27,Los Angeles Lakers,Utah Jazz,0.0,30.5,8.0,18.0,0.444,2.0,7.0,0.28600000000000003,3.0,4.0,0.75,0.0,2.0,2.0,0.0,0.0,2.0,0.0,1.0,21.0,-17.0,https://www.basketball-reference.com/boxscores/201903270UTA.html,207.48,0.0,0.0,28.5
,2020-21,Kyle Kuzma,2020-12-22,Los Angeles Lakers,Los Angeles Clippers,1.0,26.38,6.0,11.0,0.545,1.0,3.0,0.333,2.0,2.0,1.0,0.0,1.0,1.0,0.0,0.0,0.0,2.0,2.0,15.0,1.0,https://www.basketball-reference.com/boxscores/202012220LAL.html,89.10000000000002,0.0,0.0,15.75
,2020-21,Kyle Kuzma,2020-12-30,Los Angeles Lakers,San Antonio Spurs,0.0,24.09,2.0,7.0,0.28600000000000003,1.0,4.0,0.25,1.0,2.0,0.5,0.0,6.0,6.0,4.0,1.0,0.0,2.0,2.0,6.0,10.0,https://www.basketball-reference.com/boxscores/202012300SAS.html,23.64,0.0,0.0,21.0
,2020-21,Kyle Kuzma,2021-01-05,Los Angeles Lakers,Memphis Grizzlies,0.0,30.15,2.0,5.0,0.4,0.0,2.0,0.0,1.0,2.0,0.5,1.0,5.0,6.0,0.0,0.0,0.0,1.0,2.0,5.0,21.0,https://www.basketball-reference.com/boxscores/202101050MEM.html,14.7,0.0,0.0,12.0
,2020-21,Kyle Kuzma,2021-01-12,Los Angeles Lakers,Houston Rockets,0.0,27.25,4.0,6.0,0.667,1.0,2.0,0.5,2.0,3.0,0.667,0.0,11.0,11.0,1.0,0.0,0.0,2.0,3.0,11.0,-2.0,https://www.basketball-reference.com/boxscores/202101120HOU.html,40.26000000000001,1.0,0.0,26.75
,2020-21,Kyle Kuzma,2021-01-15,Los Angeles Lakers,New Orleans Pelicans,1.0,22.23,3.0,10.0,0.3,3.0,4.0,0.75,2.0,3.0,0.667,3.0,10.0,13.0,1.0,1.0,0.0,1.0,1.0,11.0,-3.0,https://www.basketball-reference.com/boxscores/202101150LAL.html,62.26000000000001,1.0,0.0,32.75
,2020-21,Kyle Kuzma,2021-01-27,Los Angeles Lakers,Philadelphia 76ers,0.0,15.4,1.0,4.0,0.25,0.0,1.0,0.0,1.0,2.0,0.5,2.0,4.0,6.0,1.0,0.0,0.0,1.0,1.0,3.0,-5.0,https://www.basketball-reference.com/boxscores/202101270PHI.html,7.32,0.0,0.0,11.5
,2020-21,Kyle Kuzma,2021-01-28,Los Angeles Lakers,Detroit Pistons,0.0,29.56,9.0,17.0,0.529,3.0,7.0,0.429,1.0,1.0,1.0,3.0,7.0,10.0,0.0,0.0,1.0,1.0,2.0,22.0,-16.0,https://www.basketball-reference.com/boxscores/202101280DET.html,191.84,1.0,0.0,38.5
,2020-21,Kyle Kuzma,2021-02-04,Los Angeles Lakers,Denver Nuggets,1.0,24.32,4.0,9.0,0.444,2.0,5.0,0.4,1.0,3.0,0.333,2.0,1.0,3.0,3.0,2.0,2.0,1.0,0.0,11.0,12.0,https://www.basketball-reference.com/boxscores/202102040LAL.html,56.76000000000001,0.0,0.0,27.75
,2020-21,Kyle Kuzma,2021-02-12,Los Angeles Lakers,Memphis Grizzlies,1.0,32.23,8.0,14.0,0.5710000000000001,2.0,8.0,0.25,2.0,2.0,1.0,5.0,4.0,9.0,2.0,1.0,0.0,0.0,1.0,20.0,21.0,https://www.basketball-reference.com/boxscores/202102120LAL.html,148.8,0.0,0.0,37.25
,2020-21,Kyle Kuzma,2021-02-14,Los Angeles Lakers,Denver Nuggets,0.0,26.27,8.0,12.0,0.667,1.0,4.0,0.25,2.0,4.0,0.5,1.0,7.0,8.0,1.0,0.0,0.0,2.0,0.0,19.0,0.0,https://www.basketball-reference.com/boxscores/202102140DEN.html,130.72,0.0,0.0,30.0
,2020-21,Kyle Kuzma,2021-02-20,Los Angeles Lakers,Miami Heat,1.0,34.14,8.0,21.0,0.381,4.0,11.0,0.364,3.0,5.0,0.6,1.0,3.0,4.0,0.0,0.0,0.0,0.0,3.0,23.0,-6.0,https://www.basketball-reference.com/boxscores/202102200LAL.html,266.8,0.0,0.0,30.0
,2020-21,Kyle Kuzma,2021-02-26,Los Angeles Lakers,Portland Trail Blazers,1.0,23.29,1.0,5.0,0.2,0.0,1.0,0.0,2.0,2.0,1.0,5.0,6.0,11.0,2.0,0.0,0.0,2.0,3.0,4.0,5.0,https://www.basketball-reference.com/boxscores/202102260LAL.html,11.76,0.0,0.0,19.75
,2020-21,Kyle Kuzma,2021-02-28,Los Angeles Lakers,Golden State Warriors,1.0,20.0,4.0,7.0,0.5710000000000001,2.0,4.0,0.5,2.0,2.0,1.0,3.0,8.0,11.0,0.0,1.0,0.0,3.0,2.0,12.0,15.0,https://www.basketball-reference.com/boxscores/202102280LAL.html,47.28,1.0,0.0,28.25
,2020-21,Kyle Kuzma,2021-03-03,Los Angeles Lakers,Sacramento Kings,0.0,34.07,10.0,20.0,0.5,4.0,10.0,0.4,1.0,3.0,0.333,5.0,8.0,13.0,3.0,1.0,0.0,3.0,5.0,25.0,8.0,https://www.basketball-reference.com/boxscores/202103030SAC.html,266.5,1.0,0.0,49.25
,2020-21,Kyle Kuzma,2021-03-12,Los Angeles Lakers,Indiana Pacers,1.0,30.28,8.0,18.0,0.444,3.0,6.0,0.5,5.0,6.0,0.833,3.0,10.0,13.0,1.0,1.0,0.0,2.0,1.0,24.0,3.0,https://www.basketball-reference.com/boxscores/202103120LAL.html,247.68,1.0,0.0,45.25
,2020-21,Kyle Kuzma,2021-03-15,Los Angeles Lakers,Golden State Warriors,0.0,28.1,7.0,11.0,0.636,3.0,5.0,0.6,0.0,1.0,0.0,1.0,4.0,5.0,4.0,2.0,0.0,1.0,2.0,17.0,26.0,https://www.basketball-reference.com/boxscores/202103150GSW.html,97.24,0.0,0.0,34.25
,2020-21,Kyle Kuzma,2021-03-16,Los Angeles Lakers,Minnesota Timberwolves,1.0,25.37,7.0,12.0,0.583,2.0,4.0,0.5,0.0,1.0,0.0,1.0,2.0,3.0,1.0,0.0,0.0,0.0,0.0,16.0,10.0,https://www.basketball-reference.com/boxscores/202103160LAL.html,99.52,0.0,0.0,22.25
,2020-21,Kyle Kuzma,2021-03-20,Los Angeles Lakers,Atlanta Hawks,1.0,36.32,3.0,8.0,0.375,1.0,5.0,0.2,1.0,2.0,0.5,0.0,5.0,5.0,1.0,1.0,0.0,2.0,2.0,8.0,-2.0,https://www.basketball-reference.com/boxscores/202103200LAL.html,35.52,0.0,0.0,17.25
,2020-21,Kyle Kuzma,2021-03-21,Los Angeles Lakers,Phoenix Suns,0.0,36.12,5.0,16.0,0.313,2.0,8.0,0.25,1.0,2.0,0.5,0.0,6.0,6.0,6.0,1.0,0.0,1.0,1.0,13.0,-15.0,https://www.basketball-reference.com/boxscores/202103210PHO.html,109.72,0.0,0.0,32.0
,2020-21,Kyle Kuzma,2021-03-25,Los Angeles Lakers,Philadelphia 76ers,1.0,41.45,9.0,21.0,0.429,3.0,9.0,0.333,4.0,5.0,0.8,3.0,6.0,9.0,0.0,1.0,0.0,4.0,3.0,25.0,-8.0,https://www.basketball-reference.com/boxscores/202103250LAL.html,290.0,0.0,0.0,37.75
,2020-21,Kyle Kuzma,2021-03-31,Los Angeles Lakers,Milwaukee Bucks,1.0,34.18,7.0,17.0,0.412,1.0,9.0,0.111,1.0,1.0,1.0,1.0,6.0,7.0,3.0,1.0,0.0,2.0,1.0,16.0,-17.0,https://www.basketball-reference.com/boxscores/202103310LAL.html,139.52,0.0,0.0,30.75
