Unnamed: 0,season,Player,Date,Team,Against,Home,MP,FG,FGA,FG%,3P,3PA,3P%,FT,FTA,FT%,ORB,DRB,TRB,AST,STL,BLK,TOV,PF,PTS,+/-,GameLink,TS%,DD,DT,FPTS
,2019-20,Malik Monk,2019-12-02,Charlotte Hornets,Phoenix Suns,1.0,21.46,2.0,6.0,0.333,0.0,2.0,0.0,2.0,2.0,1.0,0.0,3.0,3.0,3.0,1.0,1.0,1.0,1.0,6.0,5.0,https://www.basketball-reference.com/boxscores/201912020CHO.html,20.64,0.0,0.0,17.75
,2019-20,Malik Monk,2019-12-04,Charlotte Hornets,Golden State Warriors,1.0,15.55,3.0,8.0,0.375,1.0,5.0,0.2,1.0,1.0,1.0,1.0,4.0,5.0,4.0,1.0,0.0,2.0,1.0,8.0,11.0,https://www.basketball-reference.com/boxscores/201912040CHO.html,33.76,0.0,0.0,21.75
,2019-20,Malik Monk,2019-12-08,Charlotte Hornets,Atlanta Hawks,1.0,16.48,3.0,7.0,0.429,1.0,4.0,0.25,2.0,3.0,0.667,0.0,2.0,2.0,0.0,0.0,0.0,1.0,4.0,9.0,-6.0,https://www.basketball-reference.com/boxscores/201912080CHO.html,37.44,0.0,0.0,11.5
,2019-20,Malik Monk,2019-12-15,Charlotte Hornets,Indiana Pacers,0.0,25.0,5.0,13.0,0.385,0.0,4.0,0.0,4.0,4.0,1.0,1.0,4.0,5.0,3.0,0.0,0.0,1.0,1.0,14.0,-20.0,https://www.basketball-reference.com/boxscores/201912150IND.html,103.32,0.0,0.0,24.25
,2019-20,Malik Monk,2019-12-17,Charlotte Hornets,Sacramento Kings,1.0,26.41,9.0,12.0,0.75,2.0,4.0,0.5,3.0,4.0,0.75,2.0,8.0,10.0,4.0,1.0,0.0,2.0,1.0,23.0,11.0,https://www.basketball-reference.com/boxscores/201912170CHO.html,158.24,1.0,0.0,44.5
,2019-20,Malik Monk,2019-12-21,Charlotte Hornets,Utah Jazz,1.0,17.46,4.0,9.0,0.444,2.0,5.0,0.4,0.0,1.0,0.0,1.0,1.0,2.0,3.0,2.0,0.0,2.0,0.0,10.0,9.0,https://www.basketball-reference.com/boxscores/201912210CHO.html,47.2,0.0,0.0,21.0
,2019-20,Malik Monk,2019-12-22,Charlotte Hornets,Boston Celtics,0.0,20.08,1.0,5.0,0.2,0.0,2.0,0.0,1.0,1.0,1.0,0.0,2.0,2.0,1.0,0.0,0.0,0.0,1.0,3.0,-14.0,https://www.basketball-reference.com/boxscores/201912220BOS.html,8.16,0.0,0.0,7.0
,2019-20,Malik Monk,2019-12-29,Charlotte Hornets,Memphis Grizzlies,0.0,25.59,8.0,18.0,0.444,1.0,4.0,0.25,1.0,2.0,0.5,2.0,3.0,5.0,0.0,1.0,1.0,1.0,1.0,18.0,-3.0,https://www.basketball-reference.com/boxscores/201912290MEM.html,169.92,0.0,0.0,28.25
,2019-20,Malik Monk,2019-12-31,Charlotte Hornets,Boston Celtics,1.0,15.02,1.0,7.0,0.14300000000000002,0.0,4.0,0.0,2.0,2.0,1.0,0.0,2.0,2.0,1.0,0.0,1.0,0.0,1.0,4.0,-11.0,https://www.basketball-reference.com/boxscores/201912310CHO.html,15.76,0.0,0.0,10.0
,2019-20,Malik Monk,2020-01-20,Charlotte Hornets,Orlando Magic,1.0,21.35,8.0,13.0,0.615,0.0,3.0,0.0,4.0,6.0,0.667,0.0,1.0,1.0,2.0,0.0,1.0,1.0,1.0,20.0,-22.0,https://www.basketball-reference.com/boxscores/202001200CHO.html,156.4,0.0,0.0,25.75
,2019-20,Malik Monk,2020-01-24,Charlotte Hornets,Milwaukee Bucks,1.0,33.35,10.0,17.0,0.588,3.0,7.0,0.429,8.0,9.0,0.889,0.0,5.0,5.0,5.0,1.0,1.0,3.0,1.0,31.0,-12.0,https://www.basketball-reference.com/boxscores/202001240CHO.html,324.88,0.0,0.0,48.75
,2019-20,Malik Monk,2020-01-28,Charlotte Hornets,New York Knicks,1.0,23.14,4.0,12.0,0.333,0.0,2.0,0.0,5.0,5.0,1.0,1.0,1.0,2.0,2.0,0.0,0.0,1.0,3.0,13.0,5.0,https://www.basketball-reference.com/boxscores/202001280CHO.html,92.3,0.0,0.0,18.0
,2019-20,Malik Monk,2020-02-01,Charlotte Hornets,San Antonio Spurs,0.0,31.56,4.0,12.0,0.333,1.0,3.0,0.333,2.0,2.0,1.0,1.0,3.0,4.0,2.0,0.0,2.0,2.0,2.0,11.0,-15.0,https://www.basketball-reference.com/boxscores/202002010SAS.html,70.84,0.0,0.0,22.5
,2019-20,Malik Monk,2020-02-03,Charlotte Hornets,Orlando Magic,1.0,22.26,4.0,12.0,0.333,1.0,3.0,0.333,2.0,2.0,1.0,2.0,3.0,5.0,4.0,1.0,0.0,1.0,0.0,11.0,-7.0,https://www.basketball-reference.com/boxscores/202002030CHO.html,70.84,0.0,0.0,25.25
,2019-20,Malik Monk,2020-02-04,Charlotte Hornets,Houston Rockets,0.0,30.39,8.0,13.0,0.615,2.0,3.0,0.667,1.0,2.0,0.5,0.0,6.0,6.0,0.0,0.0,1.0,3.0,1.0,19.0,-21.0,https://www.basketball-reference.com/boxscores/202002040HOU.html,131.86,0.0,0.0,28.0
,2019-20,Malik Monk,2020-02-10,Charlotte Hornets,Detroit Pistons,0.0,28.32,5.0,10.0,0.5,2.0,4.0,0.5,5.0,6.0,0.833,0.0,3.0,3.0,1.0,3.0,0.0,3.0,0.0,17.0,0.0,https://www.basketball-reference.com/boxscores/202002100DET.html,107.44,0.0,0.0,27.75
,2019-20,Malik Monk,2020-02-12,Charlotte Hornets,Minnesota Timberwolves,0.0,31.47,10.0,20.0,0.5,3.0,7.0,0.429,2.0,2.0,1.0,0.0,4.0,4.0,3.0,1.0,2.0,3.0,1.0,25.0,10.0,https://www.basketball-reference.com/boxscores/202002120MIN.html,261.0,0.0,0.0,40.5
,2019-20,Malik Monk,2020-02-20,Charlotte Hornets,Chicago Bulls,0.0,29.32,7.0,13.0,0.5379999999999999,2.0,5.0,0.4,9.0,9.0,1.0,1.0,5.0,6.0,3.0,0.0,0.0,3.0,2.0,25.0,15.0,https://www.basketball-reference.com/boxscores/202002200CHI.html,212.0,0.0,0.0,36.5
,2019-20,Malik Monk,2020-02-22,Charlotte Hornets,Brooklyn Nets,1.0,26.55,5.0,15.0,0.333,3.0,9.0,0.333,2.0,4.0,0.5,1.0,3.0,4.0,2.0,0.0,0.0,2.0,2.0,15.0,-21.0,https://www.basketball-reference.com/boxscores/202002220CHO.html,125.70000000000002,0.0,0.0,23.5
,2018-19,Malik Monk,2018-12-02,Charlotte Hornets,New Orleans Pelicans,1.0,9.3,1.0,5.0,0.2,0.0,3.0,0.0,2.0,2.0,1.0,0.0,1.0,1.0,3.0,2.0,0.0,1.0,1.0,4.0,2.0,https://www.basketball-reference.com/boxscores/201812020CHO.html,11.76,0.0,0.0,13.25
,2018-19,Malik Monk,2018-12-05,Charlotte Hornets,Minnesota Timberwolves,0.0,17.47,3.0,6.0,0.5,0.0,3.0,0.0,4.0,4.0,1.0,0.0,1.0,1.0,0.0,1.0,1.0,2.0,0.0,10.0,1.0,https://www.basketball-reference.com/boxscores/201812050MIN.html,38.8,0.0,0.0,14.25
,2018-19,Malik Monk,2018-12-07,Charlotte Hornets,Denver Nuggets,1.0,22.01,5.0,12.0,0.417,3.0,8.0,0.375,3.0,3.0,1.0,0.0,0.0,0.0,1.0,0.0,1.0,0.0,2.0,16.0,21.0,https://www.basketball-reference.com/boxscores/201812070CHO.html,106.56,0.0,0.0,21.0
,2018-19,Malik Monk,2018-12-09,Charlotte Hornets,New York Knicks,0.0,20.14,3.0,8.0,0.375,2.0,4.0,0.5,1.0,2.0,0.5,0.0,4.0,4.0,1.0,1.0,0.0,1.0,0.0,9.0,2.0,https://www.basketball-reference.com/boxscores/201812090NYK.html,39.96,0.0,0.0,18.0
,2018-19,Malik Monk,2018-12-12,Charlotte Hornets,Detroit Pistons,1.0,10.41,3.0,9.0,0.333,1.0,3.0,0.333,0.0,1.0,0.0,0.0,1.0,1.0,0.0,0.0,1.0,3.0,0.0,7.0,-8.0,https://www.basketball-reference.com/boxscores/201812120CHO.html,33.04,0.0,0.0,9.25
,2018-19,Malik Monk,2018-12-15,Charlotte Hornets,Los Angeles Lakers,1.0,27.26,7.0,14.0,0.5,2.0,5.0,0.4,3.0,3.0,1.0,2.0,3.0,5.0,1.0,0.0,0.0,2.0,3.0,19.0,-5.0,https://www.basketball-reference.com/boxscores/201812150CHO.html,145.54,0.0,0.0,26.75
,2018-19,Malik Monk,2018-12-23,Charlotte Hornets,Boston Celtics,0.0,15.02,4.0,8.0,0.5,2.0,6.0,0.333,3.0,3.0,1.0,1.0,0.0,1.0,1.0,1.0,0.0,1.0,1.0,13.0,15.0,https://www.basketball-reference.com/boxscores/201812230BOS.html,60.58,0.0,0.0,18.25
,2018-19,Malik Monk,2018-12-26,Brooklyn Nets,Charlotte Hornets,1.0,22.41,3.0,7.0,0.429,1.0,3.0,0.333,1.0,1.0,1.0,0.0,2.0,2.0,3.0,2.0,0.0,2.0,1.0,8.0,4.0,https://www.basketball-reference.com/boxscores/201812260BRK.html,29.76,0.0,0.0,18.5
,2018-19,Malik Monk,2018-12-29,Charlotte Hornets,Washington Wizards,0.0,16.59,3.0,5.0,0.6,1.0,3.0,0.333,2.0,2.0,1.0,0.0,0.0,0.0,1.0,2.0,0.0,1.0,1.0,9.0,-8.0,https://www.basketball-reference.com/boxscores/201812290WAS.html,26.46,0.0,0.0,14.5
,2018-19,Malik Monk,2018-12-31,Charlotte Hornets,Orlando Magic,1.0,24.22,7.0,14.0,0.5,3.0,6.0,0.5,4.0,4.0,1.0,0.0,3.0,3.0,4.0,1.0,1.0,1.0,0.0,21.0,25.0,https://www.basketball-reference.com/boxscores/201812310CHO.html,165.48,0.0,0.0,35.75
,2018-19,Malik Monk,2019-01-05,Charlotte Hornets,Denver Nuggets,0.0,22.15,6.0,11.0,0.545,2.0,5.0,0.4,2.0,2.0,1.0,0.0,3.0,3.0,2.0,0.0,0.0,3.0,1.0,16.0,-6.0,https://www.basketball-reference.com/boxscores/201901050DEN.html,95.04,0.0,0.0,22.25
,2018-19,Malik Monk,2019-01-08,Charlotte Hornets,Los Angeles Clippers,0.0,20.49,7.0,14.0,0.5,4.0,7.0,0.5710000000000001,6.0,6.0,1.0,0.0,1.0,1.0,0.0,0.0,0.0,1.0,1.0,24.0,-9.0,https://www.basketball-reference.com/boxscores/201901080LAC.html,199.68,0.0,0.0,26.75
,2018-19,Malik Monk,2019-01-11,Charlotte Hornets,Portland Trail Blazers,0.0,23.11,2.0,7.0,0.28600000000000003,1.0,4.0,0.25,2.0,2.0,1.0,0.0,1.0,1.0,4.0,0.0,0.0,0.0,0.0,7.0,-9.0,https://www.basketball-reference.com/boxscores/201901110POR.html,27.58,0.0,0.0,14.75
,2018-19,Malik Monk,2019-01-19,Charlotte Hornets,Phoenix Suns,1.0,18.38,3.0,6.0,0.5,1.0,4.0,0.25,0.0,1.0,0.0,0.0,1.0,1.0,4.0,1.0,0.0,1.0,2.0,7.0,-6.0,https://www.basketball-reference.com/boxscores/201901190CHO.html,22.540000000000006,0.0,0.0,16.25
,2018-19,Malik Monk,2019-01-20,Charlotte Hornets,Indiana Pacers,0.0,15.47,4.0,9.0,0.444,2.0,3.0,0.667,1.0,2.0,0.5,1.0,2.0,3.0,2.0,2.0,0.0,3.0,2.0,11.0,-10.0,https://www.basketball-reference.com/boxscores/201901200IND.html,54.34,0.0,0.0,21.25
,2018-19,Malik Monk,2019-01-30,Charlotte Hornets,Boston Celtics,0.0,25.52,6.0,14.0,0.429,3.0,10.0,0.3,1.0,1.0,1.0,0.0,2.0,2.0,1.0,1.0,1.0,0.0,3.0,16.0,-17.0,https://www.basketball-reference.com/boxscores/201901300BOS.html,115.52,0.0,0.0,25.5
,2018-19,Malik Monk,2019-02-01,Charlotte Hornets,Memphis Grizzlies,1.0,25.38,6.0,15.0,0.4,4.0,8.0,0.5,4.0,4.0,1.0,0.0,3.0,3.0,0.0,0.0,1.0,0.0,0.0,20.0,17.0,https://www.basketball-reference.com/boxscores/201902010CHO.html,167.60000000000005,0.0,0.0,27.75
,2018-19,Malik Monk,2019-02-02,Charlotte Hornets,Chicago Bulls,1.0,20.01,6.0,9.0,0.667,1.0,3.0,0.333,5.0,5.0,1.0,0.0,3.0,3.0,5.0,0.0,1.0,4.0,2.0,18.0,-2.0,https://www.basketball-reference.com/boxscores/201902020CHO.html,100.8,0.0,0.0,29.75
,2018-19,Malik Monk,2019-02-05,Charlotte Hornets,Los Angeles Clippers,1.0,14.29,4.0,11.0,0.364,3.0,8.0,0.375,1.0,2.0,0.5,0.0,0.0,0.0,0.0,0.0,0.0,0.0,2.0,12.0,-5.0,https://www.basketball-reference.com/boxscores/201902050CHO.html,71.28,0.0,0.0,13.5
,2018-19,Malik Monk,2019-02-09,Charlotte Hornets,Atlanta Hawks,0.0,10.17,1.0,4.0,0.25,0.0,2.0,0.0,2.0,2.0,1.0,0.0,2.0,2.0,2.0,1.0,0.0,3.0,0.0,4.0,-6.0,https://www.basketball-reference.com/boxscores/201902090ATL.html,9.76,0.0,0.0,10.0
,2018-19,Malik Monk,2019-02-22,Charlotte Hornets,Washington Wizards,1.0,11.31,1.0,6.0,0.16699999999999998,1.0,5.0,0.2,2.0,2.0,1.0,1.0,0.0,1.0,1.0,0.0,1.0,2.0,0.0,5.0,7.0,https://www.basketball-reference.com/boxscores/201902220CHO.html,17.2,0.0,0.0,9.25
,2018-19,Malik Monk,2019-03-11,Charlotte Hornets,Houston Rockets,0.0,26.09,3.0,12.0,0.25,2.0,9.0,0.222,2.0,2.0,1.0,1.0,4.0,5.0,1.0,1.0,0.0,2.0,4.0,10.0,1.0,https://www.basketball-reference.com/boxscores/201903110HOU.html,64.4,0.0,0.0,19.75
,2018-19,Malik Monk,2019-03-23,Charlotte Hornets,Boston Celtics,1.0,16.47,3.0,6.0,0.5,3.0,4.0,0.75,4.0,4.0,1.0,0.0,1.0,1.0,1.0,1.0,0.0,2.0,4.0,13.0,-9.0,https://www.basketball-reference.com/boxscores/201903230CHO.html,50.44,0.0,0.0,18.25
,2018-19,Malik Monk,2019-03-31,Charlotte Hornets,Golden State Warriors,0.0,8.52,3.0,6.0,0.5,2.0,4.0,0.5,1.0,2.0,0.5,0.0,0.0,0.0,1.0,0.0,0.0,0.0,0.0,9.0,-10.0,https://www.basketball-reference.com/boxscores/201903310GSW.html,30.96,0.0,0.0,11.5
,2020-21,Malik Monk,2021-01-04,Charlotte Hornets,Philadelphia 76ers,0.0,9.43,0.0,1.0,0.0,0.0,1.0,0.0,1.0,2.0,0.5,0.0,0.0,0.0,3.0,0.0,0.0,1.0,0.0,1.0,-6.0,https://www.basketball-reference.com/boxscores/202101040PHI.html,0.94,0.0,0.0,5.0
,2020-21,Malik Monk,2021-01-14,Charlotte Hornets,Toronto Raptors,0.0,22.59,3.0,6.0,0.5,3.0,5.0,0.6,1.0,2.0,0.5,1.0,2.0,3.0,3.0,0.0,0.0,0.0,3.0,10.0,-11.0,https://www.basketball-reference.com/boxscores/202101140TOR.html,34.4,0.0,0.0,19.75
,2020-21,Malik Monk,2021-01-30,Charlotte Hornets,Milwaukee Bucks,1.0,22.44,7.0,16.0,0.438,3.0,7.0,0.429,1.0,1.0,1.0,0.0,2.0,2.0,2.0,0.0,0.0,0.0,0.0,18.0,3.0,https://www.basketball-reference.com/boxscores/202101300CHO.html,147.96,0.0,0.0,25.0
,2020-21,Malik Monk,2021-02-01,Miami Heat,Charlotte Hornets,1.0,39.51,11.0,18.0,0.611,9.0,13.0,0.6920000000000001,5.0,5.0,1.0,1.0,4.0,5.0,2.0,0.0,0.0,2.0,3.0,36.0,20.0,https://www.basketball-reference.com/boxscores/202102010MIA.html,363.6,0.0,0.0,48.75
,2020-21,Malik Monk,2021-02-03,Charlotte Hornets,Philadelphia 76ers,1.0,27.38,4.0,10.0,0.4,3.0,7.0,0.429,2.0,2.0,1.0,0.0,2.0,2.0,1.0,0.0,0.0,2.0,1.0,13.0,-13.0,https://www.basketball-reference.com/boxscores/202102030CHO.html,70.72,0.0,0.0,17.5
,2020-21,Malik Monk,2021-02-07,Charlotte Hornets,Washington Wizards,1.0,31.41,4.0,11.0,0.364,2.0,5.0,0.4,1.0,1.0,1.0,1.0,6.0,7.0,1.0,0.0,0.0,0.0,3.0,11.0,13.0,https://www.basketball-reference.com/boxscores/202102070CHO.html,62.92,0.0,0.0,22.25
,2020-21,Malik Monk,2021-02-14,Charlotte Hornets,San Antonio Spurs,1.0,31.19,7.0,13.0,0.5379999999999999,5.0,6.0,0.833,4.0,5.0,0.8,0.0,4.0,4.0,2.0,0.0,0.0,2.0,3.0,23.0,-3.0,https://www.basketball-reference.com/boxscores/202102140CHO.html,174.79999999999995,0.0,0.0,32.5
,2020-21,Malik Monk,2021-02-22,Charlotte Hornets,Utah Jazz,0.0,23.48,7.0,12.0,0.583,4.0,8.0,0.5,2.0,4.0,0.5,0.0,6.0,6.0,0.0,0.0,0.0,0.0,0.0,20.0,-16.0,https://www.basketball-reference.com/boxscores/202102220UTA.html,137.6,0.0,0.0,29.5
,2020-21,Malik Monk,2021-02-24,Charlotte Hornets,Phoenix Suns,0.0,28.1,10.0,21.0,0.476,5.0,10.0,0.5,4.0,4.0,1.0,0.0,2.0,2.0,3.0,1.0,0.0,0.0,0.0,29.0,15.0,https://www.basketball-reference.com/boxscores/202102240PHO.html,330.0200000000001,0.0,0.0,40.5
,2020-21,Malik Monk,2021-02-26,Charlotte Hornets,Golden State Warriors,0.0,25.32,9.0,16.0,0.563,5.0,11.0,0.455,2.0,4.0,0.5,2.0,3.0,5.0,1.0,0.0,0.0,4.0,1.0,25.0,-1.0,https://www.basketball-reference.com/boxscores/202102260GSW.html,222.00000000000003,0.0,0.0,33.25
,2020-21,Malik Monk,2021-02-28,Charlotte Hornets,Sacramento Kings,0.0,31.14,8.0,17.0,0.471,0.0,7.0,0.0,5.0,5.0,1.0,0.0,5.0,5.0,4.0,0.0,0.0,2.0,3.0,21.0,20.0,https://www.basketball-reference.com/boxscores/202102280SAC.html,201.6,0.0,0.0,32.25
,2020-21,Malik Monk,2021-03-01,Charlotte Hornets,Portland Trail Blazers,0.0,26.56,7.0,13.0,0.5379999999999999,3.0,7.0,0.429,2.0,4.0,0.5,0.0,2.0,2.0,2.0,0.0,0.0,2.0,4.0,19.0,0.0,https://www.basketball-reference.com/boxscores/202103010POR.html,140.22,0.0,0.0,25.0
,2020-21,Malik Monk,2021-03-03,Charlotte Hornets,Minnesota Timberwolves,0.0,25.33,5.0,13.0,0.385,3.0,7.0,0.429,5.0,6.0,0.833,1.0,1.0,2.0,2.0,0.0,0.0,5.0,4.0,18.0,13.0,https://www.basketball-reference.com/boxscores/202103030MIN.html,140.76,0.0,0.0,22.5
,2020-21,Malik Monk,2021-03-13,Charlotte Hornets,Toronto Raptors,1.0,19.0,6.0,10.0,0.6,2.0,6.0,0.333,2.0,2.0,1.0,1.0,1.0,2.0,1.0,1.0,1.0,3.0,1.0,16.0,4.0,https://www.basketball-reference.com/boxscores/202103130CHO.html,87.04,0.0,0.0,23.5
,2020-21,Malik Monk,2021-03-15,Charlotte Hornets,Sacramento Kings,1.0,14.17,2.0,8.0,0.25,0.0,2.0,0.0,1.0,1.0,1.0,1.0,2.0,3.0,4.0,2.0,0.0,1.0,0.0,5.0,8.0,https://www.basketball-reference.com/boxscores/202103150CHO.html,21.1,0.0,0.0,18.25
,2020-21,Malik Monk,2021-03-17,Charlotte Hornets,Denver Nuggets,0.0,17.53,4.0,9.0,0.444,1.0,3.0,0.333,7.0,9.0,0.778,0.0,3.0,3.0,2.0,2.0,0.0,2.0,0.0,16.0,-5.0,https://www.basketball-reference.com/boxscores/202103170DEN.html,103.68,0.0,0.0,26.25
,2020-21,Malik Monk,2021-03-24,Charlotte Hornets,Houston Rockets,0.0,23.4,7.0,10.0,0.7,2.0,4.0,0.5,3.0,3.0,1.0,0.0,3.0,3.0,4.0,2.0,0.0,2.0,1.0,19.0,14.0,https://www.basketball-reference.com/boxscores/202103240HOU.html,107.54,0.0,0.0,32.75
,2020-21,Malik Monk,2021-03-26,Charlotte Hornets,Miami Heat,1.0,25.46,12.0,17.0,0.706,5.0,9.0,0.556,3.0,3.0,1.0,0.0,2.0,2.0,0.0,1.0,1.0,1.0,1.0,32.0,12.0,https://www.basketball-reference.com/boxscores/202103260CHO.html,293.12,0.0,0.0,40.5
