Player,Date,Team,Against,Home,MP,FG,FGA,FG%,3P,3PA,3P%,FT,FTA,FT%,ORB,DRB,TRB,AST,STL,BLK,TOV,PF,PTS,+/-,GameLink,season
Mario West,2007-12-03,Atlanta Hawks,Philadelphia 76ers,0,1.39,0.0,0.0,,0.0,0.0,,0.0,0.0,,0.0,0.0,0.0,0.0,0.0,0.0,0.0,0.0,0.0,-5.0,https://www.basketball-reference.com/boxscores/200712030PHI.html,2007-08
Mario West,2007-12-04,Atlanta Hawks,Detroit Pistons,1,9.1,1.0,5.0,0.2,0.0,0.0,,1.0,2.0,0.5,0.0,0.0,0.0,1.0,0.0,0.0,0.0,1.0,3.0,14.0,https://www.basketball-reference.com/boxscores/200712040ATL.html,2007-08
Mario West,2007-12-06,Atlanta Hawks,Minnesota Timberwolves,1,0.09,0.0,0.0,,0.0,0.0,,0.0,0.0,,0.0,0.0,0.0,0.0,0.0,0.0,0.0,0.0,0.0,0.0,https://www.basketball-reference.com/boxscores/200712060ATL.html,2007-08
Mario West,2007-12-08,Atlanta Hawks,Memphis Grizzlies,1,3.1,0.0,0.0,,0.0,0.0,,0.0,0.0,,0.0,0.0,0.0,0.0,0.0,0.0,0.0,0.0,0.0,-9.0,https://www.basketball-reference.com/boxscores/200712080ATL.html,2007-08
Mario West,2007-12-10,Atlanta Hawks,Orlando Magic,0,4.18,0.0,0.0,,0.0,0.0,,0.0,0.0,,0.0,1.0,1.0,0.0,0.0,0.0,0.0,0.0,0.0,4.0,https://www.basketball-reference.com/boxscores/200712100ORL.html,2007-08
Mario West,2007-12-11,Atlanta Hawks,Toronto Raptors,1,0.02,0.0,0.0,,0.0,0.0,,0.0,0.0,,0.0,0.0,0.0,0.0,0.0,0.0,0.0,0.0,0.0,0.0,https://www.basketball-reference.com/boxscores/200712110ATL.html,2007-08
Mario West,2007-12-14,Atlanta Hawks,Detroit Pistons,0,9.03,0.0,2.0,0.0,0.0,0.0,,1.0,2.0,0.5,1.0,0.0,1.0,1.0,1.0,0.0,0.0,1.0,1.0,-8.0,https://www.basketball-reference.com/boxscores/200712140DET.html,2007-08
Mario West,2007-12-15,Atlanta Hawks,Charlotte Bobc,1,19.02,0.0,2.0,0.0,0.0,0.0,,1.0,2.0,0.5,2.0,2.0,4.0,0.0,1.0,0.0,0.0,4.0,1.0,12.0,https://www.basketball-reference.com/boxscores/200712150ATL.html,2007-08
Mario West,2007-12-17,Atlanta Hawks,Utah Jazz,1,14.3,3.0,4.0,0.75,0.0,0.0,,1.0,1.0,1.0,2.0,0.0,2.0,0.0,1.0,0.0,1.0,4.0,7.0,-6.0,https://www.basketball-reference.com/boxscores/200712170ATL.html,2007-08
Mario West,2007-12-21,Atlanta Hawks,Washington Wizards,0,4.22,0.0,0.0,,0.0,0.0,,2.0,2.0,1.0,0.0,2.0,2.0,0.0,0.0,0.0,0.0,1.0,2.0,-6.0,https://www.basketball-reference.com/boxscores/200712210WAS.html,2007-08
Mario West,2007-12-26,Atlanta Hawks,Indiana Pacers,1,0.01,0.0,0.0,,0.0,0.0,,0.0,0.0,,0.0,0.0,0.0,0.0,0.0,0.0,0.0,0.0,0.0,0.0,https://www.basketball-reference.com/boxscores/200712260ATL.html,2007-08
Mario West,2007-12-29,Atlanta Hawks,Dallas Mavericks,0,3.53,1.0,2.0,0.5,0.0,1.0,0.0,0.0,0.0,,0.0,0.0,0.0,0.0,0.0,0.0,0.0,0.0,2.0,-4.0,https://www.basketball-reference.com/boxscores/200712290DAL.html,2007-08
Mario West,2008-01-02,Atlanta Hawks,Cleveland Cavaliers,0,,,,,,,,,,,,,,,,,,,,,https://www.basketball-reference.com/boxscores/200801020CLE.html,2007-08
Mario West,2008-01-04,Atlanta Hawks,Indiana Pacers,0,12.0,1.0,2.0,0.5,0.0,0.0,,0.0,0.0,,0.0,2.0,2.0,3.0,2.0,0.0,0.0,3.0,2.0,4.0,https://www.basketball-reference.com/boxscores/200801040IND.html,2007-08
Mario West,2008-01-05,Atlanta Hawks,New Jersey Nets,1,12.24,1.0,2.0,0.5,0.0,0.0,,0.0,0.0,,1.0,0.0,1.0,3.0,1.0,0.0,0.0,5.0,2.0,3.0,https://www.basketball-reference.com/boxscores/200801050ATL.html,2007-08
Mario West,2008-01-09,Atlanta Hawks,Cleveland Cavaliers,1,0.16,0.0,0.0,,0.0,0.0,,0.0,0.0,,0.0,0.0,0.0,0.0,0.0,0.0,0.0,0.0,0.0,0.0,https://www.basketball-reference.com/boxscores/200801090ATL.html,2007-08
Mario West,2008-01-13,Atlanta Hawks,Chicago Bulls,1,4.3,1.0,2.0,0.5,0.0,0.0,,0.0,0.0,,2.0,0.0,2.0,0.0,0.0,1.0,1.0,1.0,2.0,3.0,https://www.basketball-reference.com/boxscores/200801130ATL.html,2007-08
Mario West,2008-01-15,Atlanta Hawks,Denver Nuggets,1,2.1,1.0,1.0,1.0,0.0,0.0,,0.0,0.0,,0.0,0.0,0.0,0.0,0.0,0.0,0.0,1.0,2.0,-1.0,https://www.basketball-reference.com/boxscores/200801150ATL.html,2007-08
Mario West,2008-01-16,Atlanta Hawks,Milwaukee Bucks,0,,,,,,,,,,,,,,,,,,,,,https://www.basketball-reference.com/boxscores/200801160MIL.html,2007-08
Mario West,2008-01-18,Atlanta Hawks,Toronto Raptors,0,0.14,0.0,0.0,,0.0,0.0,,0.0,0.0,,0.0,0.0,0.0,0.0,0.0,0.0,0.0,0.0,0.0,0.0,https://www.basketball-reference.com/boxscores/200801180TOR.html,2007-08
Mario West,2008-01-23,Atlanta Hawks,Denver Nuggets,0,0.06,0.0,0.0,,0.0,0.0,,0.0,0.0,,0.0,0.0,0.0,0.0,0.0,0.0,0.0,0.0,0.0,0.0,https://www.basketball-reference.com/boxscores/200801230DEN.html,2007-08
Mario West,2008-01-25,Atlanta Hawks,Seattle SuperSonics,0,0.03,0.0,0.0,,0.0,0.0,,0.0,0.0,,0.0,0.0,0.0,0.0,0.0,0.0,0.0,0.0,0.0,0.0,https://www.basketball-reference.com/boxscores/200801250SEA.html,2007-08
Mario West,2008-01-27,Atlanta Hawks,Portland Trail Blazers,0,0.18,0.0,0.0,,0.0,0.0,,0.0,0.0,,0.0,0.0,0.0,0.0,0.0,0.0,0.0,1.0,0.0,-3.0,https://www.basketball-reference.com/boxscores/200801270POR.html,2007-08
Mario West,2008-02-02,Atlanta Hawks,New Jersey Nets,1,,,,,,,,,,,,,,,,,,,,,https://www.basketball-reference.com/boxscores/200802020ATL.html,2007-08
Mario West,2008-02-04,Atlanta Hawks,Philadelphia 76ers,1,,,,,,,,,,,,,,,,,,,,,https://www.basketball-reference.com/boxscores/200802040ATL.html,2007-08
Mario West,2008-02-06,Atlanta Hawks,Los Angeles Lakers,1,1.34,0.0,0.0,,0.0,0.0,,0.0,0.0,,0.0,0.0,0.0,0.0,0.0,0.0,0.0,0.0,0.0,-2.0,https://www.basketball-reference.com/boxscores/200802060ATL.html,2007-08
Mario West,2008-02-08,Atlanta Hawks,Cleveland Cavaliers,1,0.08,0.0,0.0,,0.0,0.0,,0.0,0.0,,0.0,0.0,0.0,0.0,0.0,0.0,0.0,0.0,0.0,0.0,https://www.basketball-reference.com/boxscores/200802080ATL.html,2007-08
Mario West,2008-02-09,Atlanta Hawks,Houston Rockets,0,13.11,1.0,2.0,0.5,0.0,0.0,,2.0,3.0,0.667,1.0,1.0,2.0,0.0,1.0,2.0,0.0,1.0,4.0,9.0,https://www.basketball-reference.com/boxscores/200802090HOU.html,2007-08
Mario West,2008-02-12,Atlanta Hawks,Detroit Pistons,1,0.17,0.0,0.0,,0.0,0.0,,0.0,0.0,,0.0,0.0,0.0,0.0,0.0,0.0,0.0,0.0,0.0,0.0,https://www.basketball-reference.com/boxscores/200802120ATL.html,2007-08
Mario West,2008-02-13,Charlotte Bobcats,Atlanta Hawks,1,2.32,0.0,1.0,0.0,0.0,1.0,0.0,0.0,0.0,,0.0,1.0,1.0,0.0,0.0,0.0,0.0,0.0,0.0,-2.0,https://www.basketball-reference.com/boxscores/200802130CHA.html,2007-08
Mario West,2008-02-19,Atlanta Hawks,Los Angeles Lakers,0,,,,,,,,,,,,,,,,,,,,,https://www.basketball-reference.com/boxscores/200802190LAL.html,2007-08
Mario West,2008-02-20,Atlanta Hawks,Sacramento Kings,0,3.14,1.0,1.0,1.0,0.0,0.0,,0.0,0.0,,0.0,0.0,0.0,0.0,0.0,0.0,0.0,1.0,2.0,0.0,https://www.basketball-reference.com/boxscores/200802200SAC.html,2007-08
Mario West,2008-02-22,Atlanta Hawks,Golden State Warriors,0,,,,,,,,,,,,,,,,,,,,,https://www.basketball-reference.com/boxscores/200802220GSW.html,2007-08
Mario West,2008-02-23,Atlanta Hawks,Utah Jazz,0,,,,,,,,,,,,,,,,,,,,,https://www.basketball-reference.com/boxscores/200802230UTA.html,2007-08
Mario West,2008-02-25,Atlanta Hawks,San Antonio Spurs,0,1.15,0.0,0.0,,0.0,0.0,,0.0,0.0,,0.0,0.0,0.0,0.0,0.0,0.0,0.0,0.0,0.0,-1.0,https://www.basketball-reference.com/boxscores/200802250SAS.html,2007-08
Mario West,2008-02-27,Atlanta Hawks,Sacramento Kings,1,16.06,3.0,7.0,0.429,0.0,0.0,,1.0,1.0,1.0,4.0,1.0,5.0,0.0,1.0,0.0,2.0,3.0,7.0,6.0,https://www.basketball-reference.com/boxscores/200802270ATL.html,2007-08
Mario West,2008-02-29,Atlanta Hawks,New York Knicks,1,0.32,0.0,1.0,0.0,0.0,0.0,,0.0,0.0,,1.0,0.0,1.0,0.0,0.0,0.0,0.0,0.0,0.0,-2.0,https://www.basketball-reference.com/boxscores/200802290ATL.html,2007-08
Mario West,2008-03-02,Atlanta Hawks,Boston Celtics,0,1.08,0.0,0.0,,0.0,0.0,,0.0,0.0,,0.0,0.0,0.0,0.0,0.0,0.0,1.0,0.0,0.0,-2.0,https://www.basketball-reference.com/boxscores/200803020BOS.html,2007-08
Mario West,2008-03-04,Atlanta Hawks,Golden State Warriors,1,7.24,0.0,0.0,,0.0,0.0,,1.0,2.0,0.5,0.0,2.0,2.0,1.0,0.0,0.0,0.0,2.0,1.0,-2.0,https://www.basketball-reference.com/boxscores/200803040ATL.html,2007-08
Mario West,2008-03-05,Atlanta Hawks,New Orleans Hornets,0,2.38,0.0,0.0,,0.0,0.0,,2.0,2.0,1.0,0.0,0.0,0.0,0.0,0.0,0.0,0.0,2.0,2.0,-1.0,https://www.basketball-reference.com/boxscores/200803050NOH.html,2007-08
Mario West,2008-03-07,Atlanta Hawks,Charlotte Bobcats,0,5.21,0.0,1.0,0.0,0.0,0.0,,2.0,2.0,1.0,0.0,0.0,0.0,0.0,1.0,0.0,0.0,1.0,2.0,3.0,https://www.basketball-reference.com/boxscores/200803070CHA.html,2007-08
Mario West,2008-03-08,Atlanta Hawks,Miami Heat,1,0.05,0.0,0.0,,0.0,0.0,,0.0,0.0,,0.0,0.0,0.0,0.0,0.0,0.0,0.0,0.0,0.0,0.0,https://www.basketball-reference.com/boxscores/200803080ATL.html,2007-08
Mario West,2008-03-10,Atlanta Hawks,Orlando Magic,0,2.08,1.0,1.0,1.0,0.0,0.0,,0.0,1.0,0.0,0.0,1.0,1.0,0.0,0.0,0.0,0.0,0.0,2.0,8.0,https://www.basketball-reference.com/boxscores/200803100ORL.html,2007-08
Mario West,2008-03-12,Atlanta Hawks,Houston Rockets,1,7.38,0.0,1.0,0.0,0.0,1.0,0.0,0.0,0.0,,1.0,1.0,2.0,0.0,0.0,1.0,0.0,2.0,0.0,-4.0,https://www.basketball-reference.com/boxscores/200803120ATL.html,2007-08
Mario West,2008-03-14,Atlanta Hawks,Los Angeles Clippers,1,11.48,0.0,1.0,0.0,0.0,0.0,,0.0,0.0,,0.0,3.0,3.0,1.0,0.0,0.0,1.0,4.0,0.0,-16.0,https://www.basketball-reference.com/boxscores/200803140ATL.html,2007-08
Mario West,2008-03-16,Atlanta Hawks,New York Knicks,0,1.3,0.0,0.0,,0.0,0.0,,0.0,0.0,,0.0,0.0,0.0,0.0,0.0,0.0,0.0,1.0,0.0,-1.0,https://www.basketball-reference.com/boxscores/200803160NYK.html,2007-08
Mario West,2008-03-17,Atlanta Hawks,Washington Wizards,0,1.29,0.0,0.0,,0.0,0.0,,1.0,2.0,0.5,0.0,0.0,0.0,0.0,0.0,0.0,0.0,0.0,1.0,4.0,https://www.basketball-reference.com/boxscores/200803170WAS.html,2007-08
Mario West,2008-03-19,Atlanta Hawks,New Jersey Nets,0,0.03,0.0,0.0,,0.0,0.0,,0.0,0.0,,0.0,0.0,0.0,0.0,0.0,0.0,0.0,0.0,0.0,-2.0,https://www.basketball-reference.com/boxscores/200803190NJN.html,2007-08
Mario West,2008-03-22,Atlanta Hawks,Orlando Magic,1,0.2,0.0,0.0,,0.0,0.0,,0.0,0.0,,0.0,0.0,0.0,0.0,0.0,0.0,0.0,0.0,0.0,0.0,https://www.basketball-reference.com/boxscores/200803220ATL.html,2007-08
Mario West,2008-03-25,Atlanta Hawks,Chicago Bulls,0,1.16,0.0,0.0,,0.0,0.0,,0.0,0.0,,0.0,0.0,0.0,0.0,0.0,0.0,0.0,0.0,0.0,1.0,https://www.basketball-reference.com/boxscores/200803250CHI.html,2007-08
Mario West,2008-03-26,Atlanta Hawks,Milwaukee Bucks,1,3.35,0.0,0.0,,0.0,0.0,,0.0,0.0,,0.0,0.0,0.0,0.0,0.0,0.0,0.0,1.0,0.0,-2.0,https://www.basketball-reference.com/boxscores/200803260ATL.html,2007-08
Mario West,2008-03-28,Atlanta Hawks,Chicago Bulls,1,0.53,0.0,0.0,,0.0,0.0,,0.0,0.0,,0.0,0.0,0.0,0.0,0.0,0.0,0.0,0.0,0.0,-2.0,https://www.basketball-reference.com/boxscores/200803280ATL.html,2007-08
Mario West,2008-03-30,Atlanta Hawks,New York Knicks,1,1.34,0.0,0.0,,0.0,0.0,,1.0,2.0,0.5,0.0,0.0,0.0,0.0,0.0,0.0,0.0,2.0,1.0,-8.0,https://www.basketball-reference.com/boxscores/200803300ATL.html,2007-08
Mario West,2008-03-31,Atlanta Hawks,Memphis Grizzlies,0,1.55,0.0,0.0,,0.0,0.0,,0.0,0.0,,0.0,0.0,0.0,0.0,0.0,0.0,0.0,0.0,0.0,-2.0,https://www.basketball-reference.com/boxscores/200803310MEM.html,2007-08
Mario West,2010-01-13,Atlanta Hawks,Washington Wizards,1,12.05,2.0,3.0,0.667,0.0,0.0,,1.0,1.0,1.0,4.0,1.0,5.0,0.0,0.0,0.0,2.0,2.0,5.0,2.0,https://www.basketball-reference.com/boxscores/201001130ATL.html,2009-10
Mario West,2010-01-15,Atlanta Hawks,Phoenix Suns,1,2.53,0.0,0.0,,0.0,0.0,,0.0,0.0,,0.0,0.0,0.0,0.0,0.0,0.0,0.0,0.0,0.0,-2.0,https://www.basketball-reference.com/boxscores/201001150ATL.html,2009-10
Mario West,2010-01-18,Atlanta Hawks,Oklahoma City Thunder,1,7.03,0.0,0.0,,0.0,0.0,,0.0,0.0,,0.0,2.0,2.0,1.0,0.0,0.0,0.0,1.0,0.0,0.0,https://www.basketball-reference.com/boxscores/201001180ATL.html,2009-10
Mario West,2010-01-20,Atlanta Hawks,Sacramento Kings,1,9.15,0.0,0.0,,0.0,0.0,,0.0,0.0,,1.0,1.0,2.0,0.0,0.0,0.0,1.0,3.0,0.0,1.0,https://www.basketball-reference.com/boxscores/201001200ATL.html,2009-10
Mario West,2010-01-25,Atlanta Hawks,Houston Rockets,0,1.06,0.0,0.0,,0.0,0.0,,0.0,0.0,,0.0,0.0,0.0,0.0,0.0,0.0,0.0,0.0,0.0,-4.0,https://www.basketball-reference.com/boxscores/201001250HOU.html,2009-10
Mario West,2010-01-27,Atlanta Hawks,San Antonio Spurs,0,2.14,0.0,1.0,0.0,0.0,1.0,0.0,0.0,2.0,0.0,0.0,1.0,1.0,0.0,0.0,0.0,0.0,0.0,0.0,0.0,https://www.basketball-reference.com/boxscores/201001270SAS.html,2009-10
Mario West,2010-01-29,Atlanta Hawks,Boston Celtics,1,0.26,0.0,0.0,,0.0,0.0,,0.0,0.0,,0.0,0.0,0.0,0.0,0.0,0.0,0.0,0.0,0.0,1.0,https://www.basketball-reference.com/boxscores/201001290ATL.html,2009-10
Mario West,2010-01-30,Atlanta Hawks,Orlando Magic,0,13.03,0.0,0.0,,0.0,0.0,,2.0,2.0,1.0,1.0,2.0,3.0,0.0,2.0,0.0,0.0,1.0,2.0,2.0,https://www.basketball-reference.com/boxscores/201001300ORL.html,2009-10
Mario West,2010-02-02,Atlanta Hawks,Oklahoma City Thunder,0,3.17,1.0,3.0,0.333,0.0,0.0,,0.0,0.0,,1.0,0.0,1.0,0.0,0.0,0.0,0.0,1.0,2.0,0.0,https://www.basketball-reference.com/boxscores/201002020OKC.html,2009-10
Mario West,2010-02-03,Atlanta Hawks,Los Angeles Clippers,1,,,,,,,,,,,,,,,,,,,,,https://www.basketball-reference.com/boxscores/201002030ATL.html,2009-10
Mario West,2010-02-05,Atlanta Hawks,Chicago Bulls,1,0.48,0.0,0.0,,0.0,0.0,,0.0,0.0,,0.0,0.0,0.0,0.0,0.0,0.0,0.0,0.0,0.0,-1.0,https://www.basketball-reference.com/boxscores/201002050ATL.html,2009-10
Mario West,2010-02-09,Atlanta Hawks,Memphis Grizzlies,0,3.54,1.0,1.0,1.0,0.0,0.0,,0.0,0.0,,0.0,1.0,1.0,0.0,0.0,0.0,0.0,0.0,2.0,-6.0,https://www.basketball-reference.com/boxscores/201002090MEM.html,2009-10
Mario West,2010-02-10,Atlanta Hawks,Miami Heat,1,0.55,0.0,0.0,,0.0,0.0,,0.0,0.0,,0.0,0.0,0.0,0.0,0.0,0.0,0.0,1.0,0.0,-2.0,https://www.basketball-reference.com/boxscores/201002100ATL.html,2009-10
Mario West,2010-02-17,Atlanta Hawks,Los Angeles Clippers,0,,,,,,,,,,,,,,,,,,,,,https://www.basketball-reference.com/boxscores/201002170LAC.html,2009-10
Mario West,2010-02-19,Atlanta Hawks,Phoenix Suns,0,0.02,0.0,0.0,,0.0,0.0,,0.0,0.0,,0.0,0.0,0.0,0.0,0.0,0.0,0.0,0.0,0.0,0.0,https://www.basketball-reference.com/boxscores/201002190PHO.html,2009-10
Mario West,2010-02-21,Atlanta Hawks,Golden State Warriors,0,4.1,0.0,0.0,,0.0,0.0,,0.0,0.0,,1.0,0.0,1.0,0.0,0.0,0.0,0.0,0.0,0.0,-6.0,https://www.basketball-reference.com/boxscores/201002210GSW.html,2009-10
Mario West,2010-02-22,Atlanta Hawks,Utah Jazz,0,1.39,0.0,0.0,,0.0,0.0,,0.0,0.0,,0.0,0.0,0.0,0.0,0.0,0.0,0.0,0.0,0.0,1.0,https://www.basketball-reference.com/boxscores/201002220UTA.html,2009-10
Mario West,2010-02-24,Atlanta Hawks,Minnesota Timberwolves,1,0.21,0.0,0.0,,0.0,0.0,,0.0,0.0,,0.0,0.0,0.0,0.0,0.0,0.0,0.0,1.0,0.0,-1.0,https://www.basketball-reference.com/boxscores/201002240ATL.html,2009-10
Mario West,2010-03-01,Atlanta Hawks,Chicago Bulls,0,3.1,1.0,1.0,1.0,0.0,0.0,,0.0,0.0,,0.0,0.0,0.0,1.0,1.0,0.0,0.0,0.0,2.0,5.0,https://www.basketball-reference.com/boxscores/201003010CHI.html,2009-10
Mario West,2010-03-03,Atlanta Hawks,Philadelphia 76ers,1,3.29,1.0,1.0,1.0,0.0,0.0,,0.0,0.0,,0.0,1.0,1.0,1.0,0.0,0.0,0.0,1.0,2.0,-1.0,https://www.basketball-reference.com/boxscores/201003030ATL.html,2009-10
Mario West,2010-03-05,Atlanta Hawks,Golden State Warriors,1,2.51,0.0,0.0,,0.0,0.0,,0.0,0.0,,0.0,0.0,0.0,0.0,0.0,0.0,0.0,2.0,0.0,1.0,https://www.basketball-reference.com/boxscores/201003050ATL.html,2009-10
Mario West,2010-03-06,Atlanta Hawks,Miami Heat,0,0.04,0.0,0.0,,0.0,0.0,,0.0,0.0,,0.0,0.0,0.0,0.0,0.0,0.0,0.0,0.0,0.0,-3.0,https://www.basketball-reference.com/boxscores/201003060MIA.html,2009-10
Mario West,2010-03-08,Atlanta Hawks,New York Knicks,0,,,,,,,,,,,,,,,,,,,,,https://www.basketball-reference.com/boxscores/201003080NYK.html,2009-10
Mario West,2010-03-11,Atlanta Hawks,Washington Wizards,0,1.28,0.0,0.0,,0.0,0.0,,0.0,0.0,,0.0,0.0,0.0,0.0,0.0,0.0,0.0,0.0,0.0,4.0,https://www.basketball-reference.com/boxscores/201003110WAS.html,2009-10
Mario West,2010-03-13,Atlanta Hawks,Detroit Pistons,1,2.29,0.0,0.0,,0.0,0.0,,0.0,0.0,,0.0,0.0,0.0,1.0,1.0,0.0,2.0,1.0,0.0,-2.0,https://www.basketball-reference.com/boxscores/201003130ATL.html,2009-10
Mario West,2010-03-16,Atlanta Hawks,New Jersey Nets,0,11.01,1.0,2.0,0.5,0.0,0.0,,0.0,0.0,,0.0,3.0,3.0,1.0,0.0,0.0,0.0,1.0,2.0,-3.0,https://www.basketball-reference.com/boxscores/201003160NJN.html,2009-10
Mario West,2010-03-17,Atlanta Hawks,Toronto Raptors,0,0.12,0.0,0.0,,0.0,0.0,,0.0,0.0,,0.0,0.0,0.0,0.0,0.0,0.0,0.0,0.0,0.0,-2.0,https://www.basketball-reference.com/boxscores/201003170TOR.html,2009-10
Mario West,2010-03-22,Atlanta Hawks,Milwaukee Bucks,0,0.06,0.0,0.0,,0.0,0.0,,0.0,0.0,,0.0,0.0,0.0,0.0,0.0,0.0,0.0,0.0,0.0,0.0,https://www.basketball-reference.com/boxscores/201003220MIL.html,2009-10
Mario West,2010-03-24,Atlanta Hawks,Orlando Magic,1,0.36,0.0,0.0,,0.0,0.0,,0.0,0.0,,0.0,0.0,0.0,0.0,0.0,0.0,0.0,1.0,0.0,-5.0,https://www.basketball-reference.com/boxscores/201003240ATL.html,2009-10
Mario West,2010-03-26,Atlanta Hawks,Philadelphia 76ers,0,0.17,0.0,0.0,,0.0,0.0,,0.0,0.0,,0.0,0.0,0.0,0.0,0.0,0.0,0.0,0.0,0.0,0.0,https://www.basketball-reference.com/boxscores/201003260PHI.html,2009-10
Mario West,2010-03-28,Atlanta Hawks,Indiana Pacers,1,3.17,0.0,2.0,0.0,0.0,0.0,,1.0,2.0,0.5,0.0,0.0,0.0,0.0,1.0,0.0,0.0,0.0,1.0,-2.0,https://www.basketball-reference.com/boxscores/201003280ATL.html,2009-10
Mario West,2010-03-31,Atlanta Hawks,Los Angeles Lakers,1,1.49,0.0,0.0,,0.0,0.0,,0.0,0.0,,0.0,0.0,0.0,0.0,0.0,0.0,0.0,1.0,0.0,1.0,https://www.basketball-reference.com/boxscores/201003310ATL.html,2009-10
Mario West,2008-12-03,Atlanta Hawks,Memphis Grizzlies,1,0.2,0.0,0.0,,0.0,0.0,,0.0,0.0,,0.0,0.0,0.0,0.0,0.0,0.0,0.0,0.0,0.0,0.0,https://www.basketball-reference.com/boxscores/200812030ATL.html,2008-09
Mario West,2008-12-05,Atlanta Hawks,New York Knicks,1,,,,,,,,,,,,,,,,,,,,,https://www.basketball-reference.com/boxscores/200812050ATL.html,2008-09
Mario West,2008-12-06,Atlanta Hawks,Dallas Mavericks,0,,,,,,,,,,,,,,,,,,,,,https://www.basketball-reference.com/boxscores/200812060DAL.html,2008-09
Mario West,2008-12-09,Atlanta Hawks,Houston Rockets,0,0.46,0.0,1.0,0.0,0.0,0.0,,0.0,0.0,,0.0,0.0,0.0,1.0,0.0,0.0,0.0,0.0,0.0,2.0,https://www.basketball-reference.com/boxscores/200812090HOU.html,2008-09
Mario West,2008-12-10,Atlanta Hawks,San Antonio Spurs,0,,,,,,,,,,,,,,,,,,,,,https://www.basketball-reference.com/boxscores/200812100SAS.html,2008-09
Mario West,2008-12-12,Atlanta Hawks,Miami Heat,0,1.42,0.0,0.0,,0.0,0.0,,0.0,0.0,,0.0,0.0,0.0,0.0,0.0,0.0,1.0,0.0,0.0,-3.0,https://www.basketball-reference.com/boxscores/200812120MIA.html,2008-09
Mario West,2008-12-13,Atlanta Hawks,Cleveland Cavaliers,1,,,,,,,,,,,,,,,,,,,,,https://www.basketball-reference.com/boxscores/200812130ATL.html,2008-09
Mario West,2008-12-15,Atlanta Hawks,Charlotte Bobc,1,0.04,0.0,0.0,,0.0,0.0,,0.0,0.0,,0.0,0.0,0.0,0.0,0.0,0.0,0.0,0.0,0.0,-2.0,https://www.basketball-reference.com/boxscores/200812150ATL.html,2008-09
Mario West,2008-12-17,Atlanta Hawks,Boston Celtics,1,,,,,,,,,,,,,,,,,,,,,https://www.basketball-reference.com/boxscores/200812170ATL.html,2008-09
Mario West,2008-12-19,Atlanta Hawks,Golden State Warriors,1,0.48,0.0,0.0,,0.0,0.0,,0.0,0.0,,0.0,0.0,0.0,1.0,0.0,0.0,0.0,0.0,0.0,1.0,https://www.basketball-reference.com/boxscores/200812190ATL.html,2008-09
Mario West,2008-12-21,Atlanta Hawks,Detroit Pistons,1,,,,,,,,,,,,,,,,,,,,,https://www.basketball-reference.com/boxscores/200812210ATL.html,2008-09
Mario West,2008-12-23,Atlanta Hawks,Oklahoma City Thunder,1,0.59,0.0,0.0,,0.0,0.0,,0.0,0.0,,0.0,0.0,0.0,0.0,0.0,0.0,0.0,0.0,0.0,0.0,https://www.basketball-reference.com/boxscores/200812230ATL.html,2008-09
Mario West,2008-12-27,Atlanta Hawks,Chicago Bulls,1,0.38,1.0,1.0,1.0,0.0,0.0,,0.0,0.0,,0.0,0.0,0.0,0.0,0.0,0.0,0.0,0.0,2.0,0.0,https://www.basketball-reference.com/boxscores/200812270ATL.html,2008-09
Mario West,2008-12-29,Atlanta Hawks,Denver Nuggets,1,1.53,0.0,0.0,,0.0,0.0,,0.0,0.0,,0.0,0.0,0.0,0.0,0.0,0.0,1.0,0.0,0.0,-3.0,https://www.basketball-reference.com/boxscores/200812290ATL.html,2008-09
Mario West,2008-12-30,Atlanta Hawks,Indiana Pacers,0,,,,,,,,,,,,,,,,,,,,,https://www.basketball-reference.com/boxscores/200812300IND.html,2008-09
Mario West,2009-01-02,New Jersey Nets,Atlanta Hawks,1,0.12,1.0,1.0,1.0,1.0,1.0,1.0,0.0,0.0,,0.0,0.0,0.0,0.0,1.0,0.0,0.0,0.0,3.0,3.0,https://www.basketball-reference.com/boxscores/200901020NJN.html,2008-09
Mario West,2009-01-03,Atlanta Hawks,Houston Rockets,1,,,,,,,,,,,,,,,,,,,,,https://www.basketball-reference.com/boxscores/200901030ATL.html,2008-09
Mario West,2009-01-07,Atlanta Hawks,Orlando Magic,1,,,,,,,,,,,,,,,,,,,,,https://www.basketball-reference.com/boxscores/200901070ATL.html,2008-09
Mario West,2009-01-09,Atlanta Hawks,Orlando Magic,0,10.44,0.0,1.0,0.0,0.0,0.0,,0.0,2.0,0.0,0.0,1.0,1.0,1.0,0.0,0.0,1.0,1.0,0.0,-8.0,https://www.basketball-reference.com/boxscores/200901090ORL.html,2008-09
Mario West,2009-01-11,Atlanta Hawks,Philadelphia 76ers,1,,,,,,,,,,,,,,,,,,,,,https://www.basketball-reference.com/boxscores/200901110ATL.html,2008-09
Mario West,2009-01-13,Atlanta Hawks,Phoenix Suns,0,,,,,,,,,,,,,,,,,,,,,https://www.basketball-reference.com/boxscores/200901130PHO.html,2008-09
Mario West,2009-01-14,Atlanta Hawks,Los Angeles Clippers,0,0.52,0.0,0.0,,0.0,0.0,,0.0,0.0,,0.0,0.0,0.0,0.0,0.0,0.0,0.0,0.0,0.0,2.0,https://www.basketball-reference.com/boxscores/200901140LAC.html,2008-09
Mario West,2009-01-16,Atlanta Hawks,Golden State Warriors,0,0.08,1.0,1.0,1.0,0.0,0.0,,0.0,0.0,,1.0,0.0,1.0,0.0,0.0,0.0,0.0,0.0,2.0,2.0,https://www.basketball-reference.com/boxscores/200901160GSW.html,2008-09
Mario West,2009-01-19,Atlanta Hawks,Toronto Raptors,1,3.27,0.0,0.0,,0.0,0.0,,0.0,0.0,,0.0,0.0,0.0,0.0,0.0,0.0,0.0,1.0,0.0,0.0,https://www.basketball-reference.com/boxscores/200901190ATL.html,2008-09
Mario West,2009-01-20,Atlanta Hawks,Chicago Bulls,0,7.12,0.0,0.0,,0.0,0.0,,0.0,0.0,,0.0,0.0,0.0,0.0,0.0,0.0,0.0,1.0,0.0,-17.0,https://www.basketball-reference.com/boxscores/200901200CHI.html,2008-09
Mario West,2009-01-23,Atlanta Hawks,Milwaukee Bucks,1,6.23,0.0,1.0,0.0,0.0,0.0,,0.0,0.0,,0.0,1.0,1.0,1.0,0.0,0.0,1.0,0.0,0.0,0.0,https://www.basketball-reference.com/boxscores/200901230ATL.html,2008-09
Mario West,2009-01-25,Atlanta Hawks,Phoenix Suns,1,,,,,,,,,,,,,,,,,,,,,https://www.basketball-reference.com/boxscores/200901250ATL.html,2008-09
Mario West,2009-01-26,Atlanta Hawks,Miami Heat,0,,,,,,,,,,,,,,,,,,,,,https://www.basketball-reference.com/boxscores/200901260MIA.html,2008-09
Mario West,2009-01-28,Atlanta Hawks,New York Knicks,0,0.53,1.0,1.0,1.0,0.0,0.0,,0.0,0.0,,0.0,0.0,0.0,0.0,1.0,0.0,0.0,0.0,2.0,2.0,https://www.basketball-reference.com/boxscores/200901280NYK.html,2008-09
Mario West,2009-01-30,Atlanta Hawks,New Jersey Nets,1,1.54,0.0,0.0,,0.0,0.0,,0.0,0.0,,1.0,0.0,1.0,0.0,0.0,0.0,0.0,0.0,0.0,-3.0,https://www.basketball-reference.com/boxscores/200901300ATL.html,2008-09
Mario West,2009-01-31,Atlanta Hawks,Milwaukee Bucks,0,,,,,,,,,,,,,,,,,,,,,https://www.basketball-reference.com/boxscores/200901310MIL.html,2008-09
Mario West,2009-02-04,Atlanta Hawks,Minnesota Timberwolves,0,,,,,,,,,,,,,,,,,,,,,https://www.basketball-reference.com/boxscores/200902040MIN.html,2008-09
Mario West,2009-02-06,Atlanta Hawks,Charlotte Bobcats,0,,,,,,,,,,,,,,,,,,,,,https://www.basketball-reference.com/boxscores/200902060CHA.html,2008-09
Mario West,2009-02-07,Atlanta Hawks,Los Angeles Clippers,1,4.07,2.0,3.0,0.667,0.0,0.0,,0.0,2.0,0.0,1.0,0.0,1.0,0.0,2.0,0.0,0.0,0.0,4.0,0.0,https://www.basketball-reference.com/boxscores/200902070ATL.html,2008-09
Mario West,2009-02-10,Atlanta Hawks,Washington Wizards,1,3.5,0.0,2.0,0.0,0.0,0.0,,0.0,0.0,,1.0,1.0,2.0,0.0,0.0,0.0,1.0,1.0,0.0,0.0,https://www.basketball-reference.com/boxscores/200902100ATL.html,2008-09
Mario West,2009-02-11,Atlanta Hawks,Detroit Pistons,0,,,,,,,,,,,,,,,,,,,,,https://www.basketball-reference.com/boxscores/200902110DET.html,2008-09
Mario West,2009-02-17,Atlanta Hawks,Los Angeles Lakers,0,6.42,1.0,1.0,1.0,0.0,0.0,,5.0,8.0,0.625,2.0,2.0,4.0,0.0,5.0,0.0,1.0,1.0,7.0,12.0,https://www.basketball-reference.com/boxscores/200902170LAL.html,2008-09
Mario West,2009-02-18,Atlanta Hawks,Sacramento Kings,0,0.13,0.0,0.0,,0.0,0.0,,0.0,0.0,,0.0,0.0,0.0,0.0,0.0,0.0,0.0,1.0,0.0,0.0,https://www.basketball-reference.com/boxscores/200902180SAC.html,2008-09
Mario West,2009-02-20,Atlanta Hawks,Portland Trail Blazers,0,0.31,0.0,0.0,,0.0,0.0,,0.0,0.0,,0.0,0.0,0.0,0.0,0.0,0.0,0.0,0.0,0.0,0.0,https://www.basketball-reference.com/boxscores/200902200POR.html,2008-09
Mario West,2009-02-25,Atlanta Hawks,Denver Nuggets,0,6.58,0.0,2.0,0.0,0.0,0.0,,0.0,0.0,,2.0,2.0,4.0,0.0,1.0,1.0,0.0,2.0,0.0,-11.0,https://www.basketball-reference.com/boxscores/200902250DEN.html,2008-09
Mario West,2009-02-27,Atlanta Hawks,Miami Heat,1,,,,,,,,,,,,,,,,,,,,,https://www.basketball-reference.com/boxscores/200902270ATL.html,2008-09
Mario West,2009-03-01,Atlanta Hawks,Cleveland Cavaliers,1,,,,,,,,,,,,,,,,,,,,,https://www.basketball-reference.com/boxscores/200903010ATL.html,2008-09
Mario West,2009-03-02,Atlanta Hawks,Washington Wizards,0,0.54,0.0,0.0,,0.0,0.0,,0.0,0.0,,0.0,0.0,0.0,0.0,0.0,0.0,0.0,0.0,0.0,-2.0,https://www.basketball-reference.com/boxscores/200903020WAS.html,2008-09
Mario West,2009-03-04,Atlanta Hawks,New York Knicks,0,,,,,,,,,,,,,,,,,,,,,https://www.basketball-reference.com/boxscores/200903040NYK.html,2008-09
Mario West,2009-03-06,Atlanta Hawks,Charlotte Bobcats,0,,,,,,,,,,,,,,,,,,,,,https://www.basketball-reference.com/boxscores/200903060CHA.html,2008-09
Mario West,2009-03-07,Atlanta Hawks,Detroit Pistons,1,0.15,0.0,0.0,,0.0,0.0,,0.0,0.0,,0.0,1.0,1.0,0.0,0.0,0.0,0.0,0.0,0.0,0.0,https://www.basketball-reference.com/boxscores/200903070ATL.html,2008-09
Mario West,2009-03-09,Atlanta Hawks,New Orleans Hornets,1,0.45,0.0,0.0,,0.0,0.0,,0.0,0.0,,0.0,0.0,0.0,0.0,0.0,0.0,0.0,0.0,0.0,-2.0,https://www.basketball-reference.com/boxscores/200903090ATL.html,2008-09
Mario West,2009-03-11,Atlanta Hawks,Utah Jazz,1,15.52,1.0,1.0,1.0,0.0,0.0,,1.0,4.0,0.25,2.0,2.0,4.0,3.0,1.0,1.0,0.0,0.0,3.0,6.0,https://www.basketball-reference.com/boxscores/200903110ATL.html,2008-09
Mario West,2009-03-13,Atlanta Hawks,Indiana Pacers,1,7.07,0.0,0.0,,0.0,0.0,,0.0,0.0,,3.0,1.0,4.0,0.0,0.0,0.0,0.0,0.0,0.0,-10.0,https://www.basketball-reference.com/boxscores/200903130ATL.html,2008-09
Mario West,2009-03-15,Atlanta Hawks,Portland Trail Blazers,1,8.41,0.0,1.0,0.0,0.0,0.0,,0.0,0.0,,2.0,1.0,3.0,0.0,1.0,0.0,0.0,3.0,0.0,4.0,https://www.basketball-reference.com/boxscores/200903150ATL.html,2008-09
Mario West,2009-03-17,Atlanta Hawks,Sacramento Kings,1,5.26,0.0,0.0,,0.0,0.0,,0.0,0.0,,0.0,4.0,4.0,1.0,0.0,0.0,1.0,0.0,0.0,5.0,https://www.basketball-reference.com/boxscores/200903170ATL.html,2008-09
Mario West,2009-03-19,Atlanta Hawks,Dallas Mavericks,1,4.11,0.0,0.0,,0.0,0.0,,0.0,0.0,,0.0,1.0,1.0,0.0,0.0,0.0,0.0,0.0,0.0,6.0,https://www.basketball-reference.com/boxscores/200903190ATL.html,2008-09
Mario West,2009-03-21,Atlanta Hawks,Cleveland Cavaliers,0,4.49,0.0,0.0,,0.0,0.0,,0.0,0.0,,0.0,0.0,0.0,1.0,0.0,0.0,0.0,1.0,0.0,7.0,https://www.basketball-reference.com/boxscores/200903210CLE.html,2008-09
Mario West,2009-03-23,Atlanta Hawks,Minnesota Timberwolves,1,16.11,0.0,0.0,,0.0,0.0,,2.0,2.0,1.0,2.0,0.0,2.0,0.0,0.0,0.0,0.0,1.0,2.0,-2.0,https://www.basketball-reference.com/boxscores/200903230ATL.html,2008-09
Mario West,2009-03-25,Atlanta Hawks,San Antonio Spurs,1,8.43,1.0,1.0,1.0,0.0,0.0,,0.0,0.0,,0.0,2.0,2.0,0.0,1.0,0.0,0.0,0.0,2.0,1.0,https://www.basketball-reference.com/boxscores/200903250ATL.html,2008-09
Mario West,2009-03-27,Atlanta Hawks,Boston Celtics,1,,,,,,,,,,,,,,,,,,,,,https://www.basketball-reference.com/boxscores/200903270ATL.html,2008-09
Mario West,2009-03-29,Atlanta Hawks,Los Angeles Lakers,1,6.14,2.0,3.0,0.667,0.0,0.0,,0.0,0.0,,1.0,0.0,1.0,0.0,0.0,0.0,0.0,2.0,4.0,-4.0,https://www.basketball-reference.com/boxscores/200903290ATL.html,2008-09
Mario West,2009-03-31,Atlanta Hawks,Philadelphia 76ers,0,7.25,0.0,0.0,,0.0,0.0,,0.0,0.0,,0.0,0.0,0.0,1.0,0.0,0.0,0.0,2.0,0.0,4.0,https://www.basketball-reference.com/boxscores/200903310PHI.html,2008-09
