Player,Date,Team,Against,Home,MP,FG,FGA,FG%,3P,3PA,3P%,FT,FTA,FT%,ORB,DRB,TRB,AST,STL,BLK,TOV,PF,PTS,+/-,GameLink,season
Markieff Morris,2016-12-02,Washington Wizards,San Antonio Spurs,0,38.09,4.0,7.0,0.5710000000000001,0.0,0.0,,4.0,4.0,1.0,1.0,3.0,4.0,3.0,0.0,1.0,4.0,3.0,12.0,10.0,https://www.basketball-reference.com/boxscores/201612020SAS.html,2016-17
Markieff Morris,2016-12-05,Washington Wizards,Brooklyn Nets,0,32.52,5.0,9.0,0.556,0.0,1.0,0.0,6.0,6.0,1.0,1.0,4.0,5.0,1.0,4.0,0.0,2.0,4.0,16.0,16.0,https://www.basketball-reference.com/boxscores/201612050BRK.html,2016-17
Markieff Morris,2016-12-06,Washington Wizards,Orlando Magic,1,33.06,3.0,10.0,0.3,0.0,2.0,0.0,4.0,5.0,0.8,2.0,5.0,7.0,1.0,0.0,1.0,0.0,3.0,10.0,-5.0,https://www.basketball-reference.com/boxscores/201612060WAS.html,2016-17
Markieff Morris,2016-12-08,Washington Wizards,Denver Nuggets,1,33.13,5.0,12.0,0.417,0.0,0.0,,5.0,5.0,1.0,2.0,1.0,3.0,4.0,0.0,0.0,1.0,3.0,15.0,-5.0,https://www.basketball-reference.com/boxscores/201612080WAS.html,2016-17
Markieff Morris,2016-12-10,Washington Wizards,Milwaukee Bucks,1,34.23,5.0,12.0,0.417,0.0,1.0,0.0,5.0,8.0,0.625,2.0,7.0,9.0,3.0,3.0,1.0,1.0,1.0,15.0,1.0,https://www.basketball-reference.com/boxscores/201612100WAS.html,2016-17
Markieff Morris,2016-12-12,Washington Wizards,Miami Heat,0,37.05,4.0,10.0,0.4,1.0,3.0,0.333,1.0,2.0,0.5,2.0,3.0,5.0,3.0,0.0,0.0,1.0,3.0,10.0,-6.0,https://www.basketball-reference.com/boxscores/201612120MIA.html,2016-17
Markieff Morris,2016-12-14,Washington Wizards,Charlotte Hornets,1,,,,,,,,,,,,,,,,,,,,,https://www.basketball-reference.com/boxscores/201612140WAS.html,2016-17
Markieff Morris,2016-12-16,Washington Wizards,Detroit Pistons,1,18.23,5.0,9.0,0.556,1.0,2.0,0.5,0.0,0.0,,0.0,3.0,3.0,4.0,1.0,1.0,1.0,3.0,11.0,10.0,https://www.basketball-reference.com/boxscores/201612160WAS.html,2016-17
Markieff Morris,2016-12-18,Washington Wizards,Los Angeles Clippers,1,32.41,10.0,17.0,0.588,1.0,2.0,0.5,2.0,3.0,0.667,1.0,8.0,9.0,3.0,3.0,1.0,2.0,5.0,23.0,15.0,https://www.basketball-reference.com/boxscores/201612180WAS.html,2016-17
Markieff Morris,2016-12-19,Washington Wizards,Indiana Pacers,0,27.1,2.0,9.0,0.222,0.0,3.0,0.0,2.0,2.0,1.0,0.0,6.0,6.0,1.0,1.0,1.0,2.0,3.0,6.0,6.0,https://www.basketball-reference.com/boxscores/201612190IND.html,2016-17
Markieff Morris,2016-12-21,Washington Wizards,Chicago Bulls,0,39.19,4.0,12.0,0.333,0.0,0.0,,0.0,0.0,,2.0,10.0,12.0,2.0,0.0,0.0,0.0,3.0,8.0,18.0,https://www.basketball-reference.com/boxscores/201612210CHI.html,2016-17
Markieff Morris,2016-12-23,Washington Wizards,Milwaukee Bucks,0,26.27,5.0,10.0,0.5,1.0,2.0,0.5,3.0,4.0,0.75,0.0,3.0,3.0,0.0,0.0,0.0,1.0,3.0,14.0,-15.0,https://www.basketball-reference.com/boxscores/201612230MIL.html,2016-17
Markieff Morris,2016-12-26,Washington Wizards,Milwaukee Bucks,1,37.34,7.0,11.0,0.636,1.0,2.0,0.5,3.0,4.0,0.75,1.0,2.0,3.0,0.0,2.0,2.0,2.0,2.0,18.0,4.0,https://www.basketball-reference.com/boxscores/201612260WAS.html,2016-17
Markieff Morris,2016-12-28,Washington Wizards,Indiana Pacers,1,25.58,4.0,11.0,0.364,0.0,2.0,0.0,2.0,2.0,1.0,2.0,5.0,7.0,1.0,1.0,0.0,3.0,5.0,10.0,-7.0,https://www.basketball-reference.com/boxscores/201612280WAS.html,2016-17
Markieff Morris,2016-12-30,Washington Wizards,Brooklyn Nets,1,21.0,5.0,8.0,0.625,0.0,2.0,0.0,0.0,0.0,,2.0,4.0,6.0,0.0,1.0,0.0,1.0,4.0,10.0,6.0,https://www.basketball-reference.com/boxscores/201612300WAS.html,2016-17
Markieff Morris,2017-01-02,Washington Wizards,Houston Rockets,0,32.45,5.0,11.0,0.455,0.0,4.0,0.0,2.0,3.0,0.667,1.0,7.0,8.0,3.0,0.0,1.0,2.0,5.0,12.0,4.0,https://www.basketball-reference.com/boxscores/201701020HOU.html,2016-17
Markieff Morris,2017-01-03,Washington Wizards,Dallas Mavericks,0,25.38,5.0,10.0,0.5,1.0,2.0,0.5,2.0,3.0,0.667,1.0,4.0,5.0,0.0,0.0,0.0,0.0,3.0,13.0,-12.0,https://www.basketball-reference.com/boxscores/201701030DAL.html,2016-17
Markieff Morris,2017-01-06,Washington Wizards,Minnesota Timberwolves,1,35.56,6.0,13.0,0.462,1.0,3.0,0.333,2.0,2.0,1.0,0.0,6.0,6.0,1.0,0.0,0.0,1.0,4.0,15.0,7.0,https://www.basketball-reference.com/boxscores/201701060WAS.html,2016-17
Markieff Morris,2017-01-08,Washington Wizards,Milwaukee Bucks,0,37.44,9.0,15.0,0.6,1.0,3.0,0.333,1.0,2.0,0.5,5.0,5.0,10.0,1.0,3.0,0.0,3.0,3.0,20.0,1.0,https://www.basketball-reference.com/boxscores/201701080MIL.html,2016-17
Markieff Morris,2017-01-10,Washington Wizards,Chicago Bulls,1,21.39,8.0,12.0,0.667,3.0,3.0,1.0,0.0,0.0,,1.0,4.0,5.0,2.0,3.0,0.0,3.0,6.0,19.0,-1.0,https://www.basketball-reference.com/boxscores/201701100WAS.html,2016-17
Markieff Morris,2017-01-11,Washington Wizards,Boston Celtics,0,38.11,6.0,21.0,0.28600000000000003,1.0,6.0,0.16699999999999998,1.0,2.0,0.5,2.0,7.0,9.0,4.0,2.0,0.0,1.0,1.0,14.0,-5.0,https://www.basketball-reference.com/boxscores/201701110BOS.html,2016-17
Markieff Morris,2017-01-14,Washington Wizards,Philadelphia 76ers,1,30.15,6.0,10.0,0.6,2.0,2.0,1.0,0.0,0.0,,0.0,9.0,9.0,1.0,0.0,0.0,3.0,4.0,14.0,15.0,https://www.basketball-reference.com/boxscores/201701140WAS.html,2016-17
Markieff Morris,2017-01-16,Washington Wizards,Portland Trail Blazers,1,33.26,6.0,9.0,0.667,1.0,2.0,0.5,4.0,4.0,1.0,0.0,13.0,13.0,5.0,2.0,2.0,0.0,3.0,17.0,26.0,https://www.basketball-reference.com/boxscores/201701160WAS.html,2016-17
Markieff Morris,2017-01-18,Washington Wizards,Memphis Grizzlies,1,34.01,6.0,16.0,0.375,0.0,5.0,0.0,5.0,5.0,1.0,3.0,9.0,12.0,2.0,1.0,1.0,1.0,5.0,17.0,13.0,https://www.basketball-reference.com/boxscores/201701180WAS.html,2016-17
Markieff Morris,2017-01-19,Washington Wizards,New York Knicks,0,35.24,6.0,11.0,0.545,2.0,3.0,0.667,0.0,0.0,,2.0,4.0,6.0,4.0,0.0,2.0,3.0,1.0,14.0,-12.0,https://www.basketball-reference.com/boxscores/201701190NYK.html,2016-17
Markieff Morris,2017-01-21,Washington Wizards,Detroit Pistons,0,38.28,7.0,17.0,0.412,2.0,5.0,0.4,3.0,4.0,0.75,4.0,5.0,9.0,2.0,2.0,1.0,3.0,5.0,19.0,8.0,https://www.basketball-reference.com/boxscores/201701210DET.html,2016-17
Markieff Morris,2017-01-23,Washington Wizards,Charlotte Hornets,0,40.31,8.0,13.0,0.615,2.0,4.0,0.5,5.0,5.0,1.0,0.0,8.0,8.0,2.0,0.0,0.0,2.0,5.0,23.0,8.0,https://www.basketball-reference.com/boxscores/201701230CHO.html,2016-17
Markieff Morris,2017-01-24,Washington Wizards,Boston Celtics,1,33.54,6.0,14.0,0.429,1.0,4.0,0.25,6.0,7.0,0.857,2.0,9.0,11.0,4.0,0.0,2.0,2.0,2.0,19.0,4.0,https://www.basketball-reference.com/boxscores/201701240WAS.html,2016-17
Markieff Morris,2017-01-27,Washington Wizards,Atlanta Hawks,0,24.46,4.0,11.0,0.364,2.0,4.0,0.5,5.0,6.0,0.833,5.0,4.0,9.0,1.0,2.0,1.0,5.0,4.0,15.0,20.0,https://www.basketball-reference.com/boxscores/201701270ATL.html,2016-17
Markieff Morris,2017-01-29,Washington Wizards,New Orleans Pelicans,0,37.1,9.0,20.0,0.45,3.0,3.0,1.0,0.0,0.0,,3.0,5.0,8.0,1.0,0.0,0.0,0.0,3.0,21.0,22.0,https://www.basketball-reference.com/boxscores/201701290NOP.html,2016-17
Markieff Morris,2017-01-31,Washington Wizards,New York Knicks,1,34.04,9.0,14.0,0.643,2.0,5.0,0.4,4.0,4.0,1.0,2.0,8.0,10.0,2.0,0.0,0.0,2.0,3.0,24.0,13.0,https://www.basketball-reference.com/boxscores/201701310WAS.html,2016-17
Markieff Morris,2017-02-02,Washington Wizards,Los Angeles Lakers,1,35.11,3.0,14.0,0.214,0.0,5.0,0.0,6.0,8.0,0.75,2.0,8.0,10.0,2.0,3.0,2.0,2.0,4.0,12.0,5.0,https://www.basketball-reference.com/boxscores/201702020WAS.html,2016-17
Markieff Morris,2017-02-04,Washington Wizards,New Orleans Pelicans,1,37.47,6.0,16.0,0.375,2.0,6.0,0.333,4.0,4.0,1.0,0.0,4.0,4.0,0.0,1.0,0.0,2.0,5.0,18.0,18.0,https://www.basketball-reference.com/boxscores/201702040WAS.html,2016-17
Markieff Morris,2017-02-10,Washington Wizards,Indiana Pacers,1,31.08,11.0,18.0,0.611,3.0,6.0,0.5,1.0,2.0,0.5,2.0,8.0,10.0,3.0,1.0,0.0,0.0,1.0,26.0,16.0,https://www.basketball-reference.com/boxscores/201702100WAS.html,2016-17
Markieff Morris,2017-02-13,Washington Wizards,Oklahoma City Thunder,1,32.1,8.0,14.0,0.5710000000000001,3.0,3.0,1.0,4.0,5.0,0.8,1.0,5.0,6.0,1.0,2.0,0.0,4.0,2.0,23.0,36.0,https://www.basketball-reference.com/boxscores/201702130WAS.html,2016-17
Markieff Morris,2017-02-16,Washington Wizards,Indiana Pacers,0,32.14,8.0,12.0,0.667,3.0,4.0,0.75,2.0,2.0,1.0,2.0,5.0,7.0,2.0,2.0,0.0,1.0,3.0,21.0,20.0,https://www.basketball-reference.com/boxscores/201702160IND.html,2016-17
Markieff Morris,2017-02-24,Washington Wizards,Philadelphia 76ers,0,27.27,6.0,10.0,0.6,0.0,0.0,,2.0,2.0,1.0,2.0,5.0,7.0,0.0,1.0,0.0,3.0,5.0,14.0,3.0,https://www.basketball-reference.com/boxscores/201702240PHI.html,2016-17
Markieff Morris,2017-02-26,Washington Wizards,Utah Jazz,1,29.26,3.0,11.0,0.273,0.0,2.0,0.0,1.0,1.0,1.0,0.0,4.0,4.0,1.0,3.0,0.0,2.0,6.0,7.0,-23.0,https://www.basketball-reference.com/boxscores/201702260WAS.html,2016-17
Markieff Morris,2017-02-28,Washington Wizards,Golden State Warriors,1,32.34,8.0,17.0,0.471,2.0,5.0,0.4,4.0,4.0,1.0,2.0,4.0,6.0,1.0,2.0,4.0,1.0,3.0,22.0,7.0,https://www.basketball-reference.com/boxscores/201702280WAS.html,2016-17
Markieff Morris,2017-03-01,Washington Wizards,Toronto Raptors,0,33.19,6.0,14.0,0.429,1.0,3.0,0.333,0.0,0.0,,2.0,6.0,8.0,5.0,0.0,0.0,0.0,2.0,13.0,-2.0,https://www.basketball-reference.com/boxscores/201703010TOR.html,2016-17
Markieff Morris,2017-03-03,Washington Wizards,Toronto Raptors,1,37.15,4.0,13.0,0.308,1.0,3.0,0.333,2.0,2.0,1.0,2.0,6.0,8.0,5.0,1.0,1.0,2.0,3.0,11.0,6.0,https://www.basketball-reference.com/boxscores/201703030WAS.html,2016-17
Markieff Morris,2017-03-05,Washington Wizards,Orlando Magic,1,31.26,3.0,9.0,0.333,0.0,1.0,0.0,2.0,2.0,1.0,1.0,1.0,2.0,2.0,2.0,1.0,1.0,4.0,8.0,-7.0,https://www.basketball-reference.com/boxscores/201703050WAS.html,2016-17
Markieff Morris,2017-03-07,Washington Wizards,Phoenix Suns,0,25.1,1.0,5.0,0.2,0.0,0.0,,4.0,4.0,1.0,0.0,2.0,2.0,1.0,1.0,0.0,1.0,3.0,6.0,-23.0,https://www.basketball-reference.com/boxscores/201703070PHO.html,2016-17
Markieff Morris,2017-03-08,Washington Wizards,Denver Nuggets,0,26.27,3.0,3.0,1.0,1.0,1.0,1.0,4.0,4.0,1.0,1.0,5.0,6.0,2.0,0.0,0.0,2.0,4.0,11.0,16.0,https://www.basketball-reference.com/boxscores/201703080DEN.html,2016-17
Markieff Morris,2017-03-10,Sacramento Kings,Washington Wizards,1,25.44,4.0,9.0,0.444,0.0,1.0,0.0,2.0,2.0,1.0,2.0,4.0,6.0,2.0,0.0,0.0,0.0,4.0,10.0,-6.0,https://www.basketball-reference.com/boxscores/201703100SAC.html,2016-17
Markieff Morris,2017-03-11,Portland Trail Blazers,Washington Wizards,1,42.46,6.0,12.0,0.5,0.0,0.0,,1.0,1.0,1.0,3.0,8.0,11.0,3.0,2.0,2.0,0.0,3.0,13.0,10.0,https://www.basketball-reference.com/boxscores/201703110POR.html,2016-17
Markieff Morris,2017-03-13,Washington Wizards,Minnesota Timberwolves,0,33.14,5.0,9.0,0.556,0.0,1.0,0.0,1.0,1.0,1.0,1.0,6.0,7.0,0.0,2.0,0.0,1.0,2.0,11.0,-18.0,https://www.basketball-reference.com/boxscores/201703130MIN.html,2016-17
Markieff Morris,2017-03-15,Washington Wizards,Dallas Mavericks,1,31.48,2.0,6.0,0.333,0.0,2.0,0.0,1.0,2.0,0.5,1.0,6.0,7.0,3.0,1.0,0.0,2.0,6.0,5.0,4.0,https://www.basketball-reference.com/boxscores/201703150WAS.html,2016-17
Markieff Morris,2017-03-20,Washington Wizards,Boston Celtics,0,30.33,6.0,15.0,0.4,1.0,6.0,0.16699999999999998,1.0,1.0,1.0,1.0,3.0,4.0,0.0,0.0,0.0,0.0,4.0,14.0,-17.0,https://www.basketball-reference.com/boxscores/201703200BOS.html,2016-17
Markieff Morris,2017-03-22,Washington Wizards,Atlanta Hawks,1,32.36,6.0,12.0,0.5,0.0,2.0,0.0,1.0,1.0,1.0,1.0,6.0,7.0,2.0,1.0,1.0,1.0,3.0,13.0,-8.0,https://www.basketball-reference.com/boxscores/201703220WAS.html,2016-17
Markieff Morris,2017-03-24,Washington Wizards,Brooklyn Nets,1,20.0,2.0,5.0,0.4,1.0,1.0,1.0,0.0,0.0,,0.0,0.0,0.0,1.0,1.0,1.0,2.0,2.0,5.0,-8.0,https://www.basketball-reference.com/boxscores/201703240WAS.html,2016-17
Markieff Morris,2017-03-25,Washington Wizards,Cleveland Cavaliers,0,36.08,5.0,12.0,0.417,0.0,1.0,0.0,4.0,6.0,0.667,1.0,5.0,6.0,0.0,0.0,1.0,0.0,4.0,14.0,6.0,https://www.basketball-reference.com/boxscores/201703250CLE.html,2016-17
Markieff Morris,2017-03-28,Washington Wizards,Los Angeles Lakers,0,27.11,4.0,9.0,0.444,0.0,3.0,0.0,0.0,0.0,,1.0,5.0,6.0,0.0,1.0,0.0,0.0,4.0,8.0,14.0,https://www.basketball-reference.com/boxscores/201703280LAL.html,2016-17
Markieff Morris,2017-03-29,Washington Wizards,Los Angeles Clippers,0,14.53,4.0,6.0,0.667,2.0,3.0,0.667,4.0,4.0,1.0,0.0,4.0,4.0,0.0,0.0,0.0,1.0,4.0,14.0,-15.0,https://www.basketball-reference.com/boxscores/201703290LAC.html,2016-17
Markieff Morris,2017-03-31,Washington Wizards,Utah Jazz,0,34.15,2.0,13.0,0.154,0.0,1.0,0.0,4.0,4.0,1.0,2.0,5.0,7.0,0.0,0.0,0.0,1.0,4.0,8.0,-9.0,https://www.basketball-reference.com/boxscores/201703310UTA.html,2016-17
Markieff Morris,2014-12-02,Phoenix Suns,Indiana Pacers,1,29.34,6.0,16.0,0.375,0.0,2.0,0.0,3.0,3.0,1.0,1.0,5.0,6.0,1.0,0.0,0.0,0.0,0.0,15.0,23.0,https://www.basketball-reference.com/boxscores/201412020PHO.html,2014-15
Markieff Morris,2014-12-05,Phoenix Suns,Dallas Mavericks,0,36.08,8.0,15.0,0.5329999999999999,1.0,3.0,0.333,5.0,6.0,0.833,2.0,8.0,10.0,3.0,0.0,0.0,1.0,4.0,22.0,24.0,https://www.basketball-reference.com/boxscores/201412050DAL.html,2014-15
Markieff Morris,2014-12-06,Phoenix Suns,Houston Rockets,0,30.56,2.0,14.0,0.14300000000000002,0.0,2.0,0.0,0.0,0.0,,2.0,5.0,7.0,2.0,2.0,0.0,2.0,6.0,4.0,6.0,https://www.basketball-reference.com/boxscores/201412060HOU.html,2014-15
Markieff Morris,2014-12-08,Los Angeles Clippers,Phoenix Suns,1,27.54,8.0,16.0,0.5,3.0,7.0,0.429,2.0,2.0,1.0,1.0,6.0,7.0,0.0,2.0,1.0,2.0,5.0,21.0,-9.0,https://www.basketball-reference.com/boxscores/201412080LAC.html,2014-15
Markieff Morris,2014-12-09,Phoenix Suns,Miami Heat,1,31.3,6.0,11.0,0.545,1.0,2.0,0.5,4.0,5.0,0.8,1.0,3.0,4.0,3.0,0.0,0.0,3.0,3.0,17.0,-19.0,https://www.basketball-reference.com/boxscores/201412090PHO.html,2014-15
Markieff Morris,2014-12-12,Phoenix Suns,Detroit Pistons,1,32.02,7.0,13.0,0.5379999999999999,1.0,2.0,0.5,2.0,2.0,1.0,2.0,6.0,8.0,2.0,2.0,0.0,3.0,1.0,17.0,8.0,https://www.basketball-reference.com/boxscores/201412120PHO.html,2014-15
Markieff Morris,2014-12-14,Phoenix Suns,Oklahoma City Thunder,0,10.0,1.0,3.0,0.333,0.0,0.0,,2.0,2.0,1.0,0.0,1.0,1.0,0.0,0.0,0.0,0.0,5.0,4.0,-11.0,https://www.basketball-reference.com/boxscores/201412140OKC.html,2014-15
Markieff Morris,2014-12-15,Phoenix Suns,Milwaukee Bucks,1,36.5,9.0,13.0,0.6920000000000001,2.0,3.0,0.667,5.0,5.0,1.0,1.0,6.0,7.0,3.0,0.0,0.0,6.0,2.0,25.0,12.0,https://www.basketball-reference.com/boxscores/201412150PHO.html,2014-15
Markieff Morris,2014-12-17,Phoenix Suns,Charlotte Hornets,0,23.3,6.0,10.0,0.6,1.0,1.0,1.0,0.0,0.0,,2.0,6.0,8.0,0.0,0.0,0.0,3.0,3.0,13.0,-3.0,https://www.basketball-reference.com/boxscores/201412170CHO.html,2014-15
Markieff Morris,2014-12-20,Phoenix Suns,New York Knicks,0,33.2,8.0,16.0,0.5,1.0,3.0,0.333,2.0,2.0,1.0,2.0,3.0,5.0,0.0,1.0,0.0,0.0,1.0,19.0,6.0,https://www.basketball-reference.com/boxscores/201412200NYK.html,2014-15
Markieff Morris,2014-12-21,Phoenix Suns,Washington Wizards,0,35.37,7.0,14.0,0.5,1.0,3.0,0.333,2.0,2.0,1.0,0.0,2.0,2.0,1.0,0.0,0.0,2.0,2.0,17.0,8.0,https://www.basketball-reference.com/boxscores/201412210WAS.html,2014-15
Markieff Morris,2014-12-23,Phoenix Suns,Dallas Mavericks,1,27.0,4.0,9.0,0.444,1.0,2.0,0.5,0.0,0.0,,1.0,3.0,4.0,4.0,4.0,0.0,4.0,3.0,9.0,11.0,https://www.basketball-reference.com/boxscores/201412230PHO.html,2014-15
Markieff Morris,2014-12-26,Phoenix Suns,Sacramento Kings,0,30.26,8.0,11.0,0.727,1.0,1.0,1.0,0.0,0.0,,0.0,2.0,2.0,1.0,3.0,0.0,3.0,1.0,17.0,16.0,https://www.basketball-reference.com/boxscores/201412260SAC.html,2014-15
Markieff Morris,2014-12-28,Phoenix Suns,Los Angeles Lakers,0,33.58,5.0,10.0,0.5,0.0,4.0,0.0,2.0,5.0,0.4,1.0,6.0,7.0,3.0,1.0,0.0,4.0,2.0,12.0,8.0,https://www.basketball-reference.com/boxscores/201412280LAL.html,2014-15
Markieff Morris,2014-12-30,Phoenix Suns,New Orleans Pelicans,0,28.34,6.0,14.0,0.429,0.0,1.0,0.0,1.0,1.0,1.0,1.0,1.0,2.0,1.0,0.0,0.0,0.0,4.0,13.0,-3.0,https://www.basketball-reference.com/boxscores/201412300NOP.html,2014-15
Markieff Morris,2014-12-31,Oklahoma City Thunder,Phoenix Suns,1,34.22,10.0,17.0,0.588,3.0,5.0,0.6,2.0,3.0,0.667,0.0,4.0,4.0,0.0,1.0,0.0,3.0,4.0,25.0,-2.0,https://www.basketball-reference.com/boxscores/201412310OKC.html,2014-15
Markieff Morris,2015-01-02,Phoenix Suns,Philadelphia 76ers,1,21.42,7.0,12.0,0.583,3.0,4.0,0.75,4.0,4.0,1.0,1.0,2.0,3.0,1.0,2.0,1.0,1.0,4.0,21.0,17.0,https://www.basketball-reference.com/boxscores/201501020PHO.html,2014-15
Markieff Morris,2015-01-04,Phoenix Suns,Toronto Raptors,1,29.27,3.0,8.0,0.375,0.0,1.0,0.0,0.0,2.0,0.0,0.0,6.0,6.0,4.0,2.0,0.0,4.0,2.0,6.0,14.0,https://www.basketball-reference.com/boxscores/201501040PHO.html,2014-15
Markieff Morris,2015-01-06,Phoenix Suns,Milwaukee Bucks,0,34.3,10.0,17.0,0.588,2.0,4.0,0.5,4.0,5.0,0.8,4.0,6.0,10.0,2.0,1.0,0.0,2.0,3.0,26.0,16.0,https://www.basketball-reference.com/boxscores/201501060MIL.html,2014-15
Markieff Morris,2015-01-07,Phoenix Suns,Minnesota Timberwolves,0,35.04,5.0,13.0,0.385,0.0,3.0,0.0,4.0,4.0,1.0,2.0,1.0,3.0,1.0,2.0,0.0,2.0,2.0,14.0,-4.0,https://www.basketball-reference.com/boxscores/201501070MIN.html,2014-15
Markieff Morris,2015-01-09,Phoenix Suns,San Antonio Spurs,0,29.0,1.0,13.0,0.077,0.0,2.0,0.0,1.0,2.0,0.5,2.0,6.0,8.0,3.0,2.0,1.0,0.0,3.0,3.0,13.0,https://www.basketball-reference.com/boxscores/201501090SAS.html,2014-15
Markieff Morris,2015-01-11,Memphis Grizzlies,Phoenix Suns,1,36.36,7.0,15.0,0.467,1.0,4.0,0.25,2.0,2.0,1.0,1.0,5.0,6.0,3.0,3.0,1.0,2.0,6.0,17.0,-4.0,https://www.basketball-reference.com/boxscores/201501110MEM.html,2014-15
Markieff Morris,2015-01-13,Phoenix Suns,Cleveland Cavaliers,1,38.24,15.0,21.0,0.7140000000000001,2.0,3.0,0.667,3.0,4.0,0.75,1.0,6.0,7.0,1.0,1.0,0.0,2.0,3.0,35.0,22.0,https://www.basketball-reference.com/boxscores/201501130PHO.html,2014-15
Markieff Morris,2015-01-16,Phoenix Suns,Minnesota Timberwolves,1,32.27,6.0,12.0,0.5,1.0,1.0,1.0,0.0,1.0,0.0,2.0,2.0,4.0,2.0,1.0,1.0,4.0,2.0,13.0,5.0,https://www.basketball-reference.com/boxscores/201501160PHO.html,2014-15
Markieff Morris,2015-01-19,Phoenix Suns,Los Angeles Lakers,1,27.07,6.0,13.0,0.462,2.0,4.0,0.5,1.0,2.0,0.5,2.0,1.0,3.0,2.0,2.0,1.0,1.0,4.0,15.0,8.0,https://www.basketball-reference.com/boxscores/201501190PHO.html,2014-15
Markieff Morris,2015-01-21,Phoenix Suns,Portland Trail Blazers,1,29.28,2.0,7.0,0.28600000000000003,0.0,2.0,0.0,2.0,4.0,0.5,1.0,4.0,5.0,2.0,1.0,0.0,2.0,1.0,6.0,-6.0,https://www.basketball-reference.com/boxscores/201501210PHO.html,2014-15
Markieff Morris,2015-01-23,Phoenix Suns,Houston Rockets,1,23.39,9.0,14.0,0.643,0.0,0.0,,3.0,4.0,0.75,2.0,2.0,4.0,1.0,1.0,0.0,3.0,4.0,21.0,8.0,https://www.basketball-reference.com/boxscores/201501230PHO.html,2014-15
Markieff Morris,2015-01-25,Phoenix Suns,Los Angeles Clippers,1,20.09,4.0,9.0,0.444,0.0,0.0,,1.0,2.0,0.5,0.0,3.0,3.0,2.0,0.0,0.0,1.0,1.0,9.0,0.0,https://www.basketball-reference.com/boxscores/201501250PHO.html,2014-15
Markieff Morris,2015-01-28,Phoenix Suns,Washington Wizards,1,36.19,7.0,17.0,0.412,0.0,2.0,0.0,2.0,2.0,1.0,1.0,6.0,7.0,4.0,0.0,0.0,1.0,1.0,16.0,2.0,https://www.basketball-reference.com/boxscores/201501280PHO.html,2014-15
Markieff Morris,2015-01-30,Phoenix Suns,Chicago Bulls,1,32.22,5.0,16.0,0.313,0.0,2.0,0.0,2.0,2.0,1.0,2.0,12.0,14.0,3.0,0.0,1.0,2.0,4.0,12.0,14.0,https://www.basketball-reference.com/boxscores/201501300PHO.html,2014-15
Markieff Morris,2015-01-31,Phoenix Suns,Golden State Warriors,0,30.58,7.0,16.0,0.438,2.0,4.0,0.5,1.0,2.0,0.5,0.0,11.0,11.0,2.0,0.0,0.0,2.0,3.0,17.0,-17.0,https://www.basketball-reference.com/boxscores/201501310GSW.html,2014-15
Markieff Morris,2015-02-02,Phoenix Suns,Memphis Grizzlies,1,31.12,7.0,15.0,0.467,0.0,1.0,0.0,0.0,0.0,,0.0,3.0,3.0,1.0,2.0,1.0,1.0,3.0,14.0,-11.0,https://www.basketball-reference.com/boxscores/201502020PHO.html,2014-15
Markieff Morris,2015-02-05,Phoenix Suns,Portland Trail Blazers,0,36.4,8.0,19.0,0.421,1.0,4.0,0.25,1.0,3.0,0.333,2.0,6.0,8.0,1.0,0.0,0.0,3.0,1.0,18.0,-16.0,https://www.basketball-reference.com/boxscores/201502050POR.html,2014-15
Markieff Morris,2015-02-06,Phoenix Suns,Utah Jazz,1,30.56,6.0,18.0,0.333,0.0,2.0,0.0,0.0,0.0,,3.0,5.0,8.0,0.0,0.0,1.0,4.0,3.0,12.0,-5.0,https://www.basketball-reference.com/boxscores/201502060PHO.html,2014-15
Markieff Morris,2015-02-08,Phoenix Suns,Sacramento Kings,0,34.56,3.0,20.0,0.15,0.0,1.0,0.0,2.0,2.0,1.0,2.0,2.0,4.0,1.0,1.0,0.0,2.0,3.0,8.0,-3.0,https://www.basketball-reference.com/boxscores/201502080SAC.html,2014-15
Markieff Morris,2015-02-10,Phoenix Suns,Houston Rockets,1,32.32,6.0,13.0,0.462,1.0,1.0,1.0,3.0,4.0,0.75,2.0,4.0,6.0,4.0,1.0,0.0,2.0,3.0,16.0,0.0,https://www.basketball-reference.com/boxscores/201502100PHO.html,2014-15
Markieff Morris,2015-02-20,Phoenix Suns,Minnesota Timberwolves,0,36.57,12.0,21.0,0.5710000000000001,1.0,2.0,0.5,6.0,7.0,0.857,2.0,2.0,4.0,2.0,1.0,2.0,2.0,2.0,31.0,-2.0,https://www.basketball-reference.com/boxscores/201502200MIN.html,2014-15
Markieff Morris,2015-02-21,Phoenix Suns,Chicago Bulls,0,39.33,3.0,15.0,0.2,1.0,1.0,1.0,0.0,4.0,0.0,0.0,5.0,5.0,3.0,2.0,0.0,2.0,3.0,7.0,-7.0,https://www.basketball-reference.com/boxscores/201502210CHI.html,2014-15
Markieff Morris,2015-02-23,Phoenix Suns,Boston Celtics,1,30.03,3.0,9.0,0.333,1.0,3.0,0.333,0.0,0.0,,0.0,3.0,3.0,6.0,3.0,0.0,0.0,2.0,7.0,-3.0,https://www.basketball-reference.com/boxscores/201502230PHO.html,2014-15
Markieff Morris,2015-02-25,Phoenix Suns,Denver Nuggets,0,22.03,1.0,5.0,0.2,0.0,0.0,,3.0,4.0,0.75,1.0,8.0,9.0,2.0,2.0,0.0,2.0,3.0,5.0,-3.0,https://www.basketball-reference.com/boxscores/201502250DEN.html,2014-15
Markieff Morris,2015-02-28,Phoenix Suns,San Antonio Spurs,1,17.56,4.0,9.0,0.444,0.0,1.0,0.0,2.0,3.0,0.667,0.0,2.0,2.0,3.0,1.0,0.0,2.0,5.0,10.0,-9.0,https://www.basketball-reference.com/boxscores/201502280PHO.html,2014-15
Markieff Morris,2015-03-02,Phoenix Suns,Miami Heat,0,21.35,6.0,10.0,0.6,1.0,2.0,0.5,0.0,3.0,0.0,2.0,3.0,5.0,1.0,0.0,0.0,3.0,2.0,13.0,-3.0,https://www.basketball-reference.com/boxscores/201503020MIA.html,2014-15
Markieff Morris,2015-03-04,Phoenix Suns,Orlando Magic,0,34.41,11.0,17.0,0.647,0.0,2.0,0.0,1.0,2.0,0.5,1.0,5.0,6.0,2.0,0.0,0.0,2.0,4.0,23.0,14.0,https://www.basketball-reference.com/boxscores/201503040ORL.html,2014-15
Markieff Morris,2015-03-06,Brooklyn Nets,Phoenix Suns,1,41.23,7.0,16.0,0.438,0.0,2.0,0.0,5.0,6.0,0.833,2.0,3.0,5.0,4.0,2.0,0.0,2.0,6.0,19.0,0.0,https://www.basketball-reference.com/boxscores/201503060BRK.html,2014-15
Markieff Morris,2015-03-07,Phoenix Suns,Cleveland Cavaliers,0,30.59,6.0,15.0,0.4,1.0,2.0,0.5,3.0,4.0,0.75,1.0,3.0,4.0,3.0,0.0,0.0,0.0,3.0,16.0,-21.0,https://www.basketball-reference.com/boxscores/201503070CLE.html,2014-15
Markieff Morris,2015-03-09,Phoenix Suns,Golden State Warriors,1,26.08,1.0,8.0,0.125,0.0,1.0,0.0,2.0,2.0,1.0,0.0,4.0,4.0,3.0,3.0,0.0,3.0,4.0,4.0,-30.0,https://www.basketball-reference.com/boxscores/201503090PHO.html,2014-15
Markieff Morris,2015-03-11,Phoenix Suns,Minnesota Timberwolves,1,37.0,10.0,15.0,0.667,0.0,2.0,0.0,4.0,4.0,1.0,1.0,2.0,3.0,2.0,1.0,1.0,3.0,2.0,24.0,25.0,https://www.basketball-reference.com/boxscores/201503110PHO.html,2014-15
Markieff Morris,2015-03-13,Phoenix Suns,Atlanta Hawks,1,39.0,9.0,18.0,0.5,0.0,2.0,0.0,4.0,5.0,0.8,3.0,4.0,7.0,3.0,5.0,2.0,2.0,3.0,22.0,-7.0,https://www.basketball-reference.com/boxscores/201503130PHO.html,2014-15
Markieff Morris,2015-03-15,Phoenix Suns,New York Knicks,1,26.26,5.0,11.0,0.455,1.0,1.0,1.0,3.0,4.0,0.75,0.0,5.0,5.0,2.0,3.0,0.0,2.0,5.0,14.0,6.0,https://www.basketball-reference.com/boxscores/201503150PHO.html,2014-15
Markieff Morris,2015-03-19,Phoenix Suns,New Orleans Pelicans,1,37.08,5.0,15.0,0.333,0.0,1.0,0.0,7.0,9.0,0.778,2.0,6.0,8.0,3.0,1.0,1.0,3.0,4.0,17.0,8.0,https://www.basketball-reference.com/boxscores/201503190PHO.html,2014-15
Markieff Morris,2015-03-21,Phoenix Suns,Houston Rockets,0,30.5,7.0,11.0,0.636,1.0,1.0,1.0,2.0,2.0,1.0,1.0,4.0,5.0,6.0,1.0,1.0,2.0,5.0,17.0,12.0,https://www.basketball-reference.com/boxscores/201503210HOU.html,2014-15
Markieff Morris,2015-03-22,Phoenix Suns,Dallas Mavericks,1,41.14,7.0,17.0,0.412,0.0,2.0,0.0,5.0,6.0,0.833,3.0,10.0,13.0,1.0,1.0,0.0,3.0,2.0,19.0,7.0,https://www.basketball-reference.com/boxscores/201503220PHO.html,2014-15
Markieff Morris,2015-03-25,Phoenix Suns,Sacramento Kings,1,38.09,9.0,16.0,0.563,1.0,1.0,1.0,5.0,6.0,0.833,2.0,5.0,7.0,4.0,2.0,1.0,3.0,1.0,24.0,-6.0,https://www.basketball-reference.com/boxscores/201503250PHO.html,2014-15
Markieff Morris,2015-03-27,Phoenix Suns,Portland Trail Blazers,1,36.35,6.0,16.0,0.375,1.0,2.0,0.5,2.0,2.0,1.0,3.0,6.0,9.0,1.0,1.0,0.0,5.0,3.0,15.0,0.0,https://www.basketball-reference.com/boxscores/201503270PHO.html,2014-15
Markieff Morris,2015-03-29,Phoenix Suns,Oklahoma City Thunder,1,33.12,10.0,20.0,0.5,1.0,2.0,0.5,3.0,4.0,0.75,3.0,4.0,7.0,1.0,1.0,0.0,2.0,4.0,24.0,-13.0,https://www.basketball-reference.com/boxscores/201503290PHO.html,2014-15
Markieff Morris,2015-03-30,Phoenix Suns,Portland Trail Blazers,0,28.57,5.0,9.0,0.556,1.0,2.0,0.5,0.0,0.0,,0.0,6.0,6.0,2.0,0.0,0.0,0.0,2.0,11.0,-23.0,https://www.basketball-reference.com/boxscores/201503300POR.html,2014-15
Markieff Morris,2012-12-02,Phoenix Suns,New York Knicks,0,18.21,2.0,6.0,0.333,1.0,4.0,0.25,1.0,1.0,1.0,1.0,2.0,3.0,3.0,0.0,0.0,3.0,4.0,6.0,-7.0,https://www.basketball-reference.com/boxscores/201212020NYK.html,2012-13
Markieff Morris,2012-12-04,Memphis Grizzlies,Phoenix Suns,1,15.12,2.0,5.0,0.4,2.0,3.0,0.667,0.0,0.0,,0.0,2.0,2.0,0.0,0.0,0.0,1.0,2.0,6.0,-12.0,https://www.basketball-reference.com/boxscores/201212040MEM.html,2012-13
Markieff Morris,2012-12-06,Phoenix Suns,Dallas Mavericks,1,34.41,6.0,12.0,0.5,1.0,2.0,0.5,2.0,3.0,0.667,7.0,10.0,17.0,3.0,0.0,2.0,0.0,3.0,15.0,-4.0,https://www.basketball-reference.com/boxscores/201212060PHO.html,2012-13
Markieff Morris,2012-12-08,Phoenix Suns,Los Angeles Clippers,0,30.11,5.0,13.0,0.385,1.0,2.0,0.5,2.0,2.0,1.0,2.0,4.0,6.0,4.0,0.0,1.0,2.0,3.0,13.0,-13.0,https://www.basketball-reference.com/boxscores/201212080LAC.html,2012-13
Markieff Morris,2012-12-09,Phoenix Suns,Orlando Magic,1,31.59,5.0,12.0,0.417,0.0,2.0,0.0,0.0,0.0,,0.0,5.0,5.0,1.0,0.0,1.0,1.0,1.0,10.0,9.0,https://www.basketball-reference.com/boxscores/201212090PHO.html,2012-13
Markieff Morris,2012-12-12,Phoenix Suns,Memphis Grizzlies,1,28.54,4.0,6.0,0.667,1.0,2.0,0.5,2.0,2.0,1.0,0.0,4.0,4.0,0.0,2.0,2.0,2.0,0.0,11.0,8.0,https://www.basketball-reference.com/boxscores/201212120PHO.html,2012-13
Markieff Morris,2012-12-14,Phoenix Suns,Utah Jazz,1,17.31,2.0,5.0,0.4,1.0,1.0,1.0,0.0,0.0,,1.0,5.0,6.0,2.0,0.0,3.0,0.0,1.0,5.0,12.0,https://www.basketball-reference.com/boxscores/201212140PHO.html,2012-13
Markieff Morris,2012-12-17,Phoenix Suns,Sacramento Kings,1,14.57,0.0,2.0,0.0,0.0,1.0,0.0,0.0,0.0,,1.0,0.0,1.0,2.0,0.0,0.0,0.0,2.0,0.0,-17.0,https://www.basketball-reference.com/boxscores/201212170PHO.html,2012-13
Markieff Morris,2012-12-19,Phoenix Suns,Charlotte Bobc,1,11.56,1.0,6.0,0.16699999999999998,0.0,2.0,0.0,0.0,0.0,,0.0,1.0,1.0,0.0,2.0,0.0,1.0,1.0,2.0,6.0,https://www.basketball-reference.com/boxscores/201212190PHO.html,2012-13
Markieff Morris,2012-12-22,Phoenix Suns,Portland Trail Blazers,0,28.58,5.0,10.0,0.5,0.0,1.0,0.0,1.0,2.0,0.5,3.0,0.0,3.0,3.0,2.0,1.0,1.0,1.0,11.0,4.0,https://www.basketball-reference.com/boxscores/201212220POR.html,2012-13
Markieff Morris,2012-12-23,Phoenix Suns,Los Angeles Clippers,1,20.53,5.0,9.0,0.556,0.0,0.0,,0.0,2.0,0.0,2.0,5.0,7.0,1.0,5.0,0.0,1.0,3.0,10.0,-9.0,https://www.basketball-reference.com/boxscores/201212230PHO.html,2012-13
Markieff Morris,2012-12-26,Phoenix Suns,New York Knicks,1,7.21,0.0,3.0,0.0,0.0,0.0,,0.0,0.0,,1.0,1.0,2.0,0.0,0.0,1.0,0.0,0.0,0.0,-2.0,https://www.basketball-reference.com/boxscores/201212260PHO.html,2012-13
Markieff Morris,2012-12-28,Phoenix Suns,Indiana Pacers,0,12.53,3.0,3.0,1.0,0.0,0.0,,0.0,2.0,0.0,0.0,2.0,2.0,0.0,1.0,0.0,2.0,2.0,6.0,-1.0,https://www.basketball-reference.com/boxscores/201212280IND.html,2012-13
Markieff Morris,2012-12-29,Phoenix Suns,Minnesota Timberwolves,0,18.34,3.0,9.0,0.333,0.0,3.0,0.0,0.0,1.0,0.0,0.0,4.0,4.0,2.0,2.0,0.0,0.0,4.0,6.0,5.0,https://www.basketball-reference.com/boxscores/201212290MIN.html,2012-13
Markieff Morris,2012-12-31,Phoenix Suns,Oklahoma City Thunder,0,13.03,3.0,6.0,0.5,1.0,3.0,0.333,2.0,2.0,1.0,0.0,1.0,1.0,0.0,0.0,0.0,1.0,2.0,9.0,-4.0,https://www.basketball-reference.com/boxscores/201212310OKC.html,2012-13
Markieff Morris,2013-01-02,Phoenix Suns,Philadelphia 76ers,1,14.19,4.0,8.0,0.5,1.0,2.0,0.5,0.0,0.0,,2.0,2.0,4.0,1.0,0.0,1.0,0.0,1.0,9.0,-8.0,https://www.basketball-reference.com/boxscores/201301020PHO.html,2012-13
Markieff Morris,2013-01-04,Phoenix Suns,Utah Jazz,1,12.28,1.0,7.0,0.14300000000000002,0.0,2.0,0.0,0.0,0.0,,0.0,3.0,3.0,1.0,0.0,2.0,2.0,3.0,2.0,-6.0,https://www.basketball-reference.com/boxscores/201301040PHO.html,2012-13
Markieff Morris,2013-01-06,Phoenix Suns,Memphis Grizzlies,1,20.48,2.0,8.0,0.25,0.0,1.0,0.0,1.0,1.0,1.0,1.0,2.0,3.0,1.0,2.0,2.0,1.0,2.0,5.0,-10.0,https://www.basketball-reference.com/boxscores/201301060PHO.html,2012-13
Markieff Morris,2013-01-08,Phoenix Suns,Milwaukee Bucks,0,17.09,3.0,8.0,0.375,0.0,3.0,0.0,3.0,4.0,0.75,2.0,2.0,4.0,0.0,1.0,2.0,1.0,3.0,9.0,-14.0,https://www.basketball-reference.com/boxscores/201301080MIL.html,2012-13
Markieff Morris,2013-01-09,Phoenix Suns,Boston Celtics,0,19.37,3.0,6.0,0.5,0.0,2.0,0.0,2.0,4.0,0.5,2.0,1.0,3.0,1.0,0.0,0.0,2.0,1.0,8.0,-21.0,https://www.basketball-reference.com/boxscores/201301090BOS.html,2012-13
Markieff Morris,2013-01-11,Phoenix Suns,Brooklyn Nets,0,16.05,1.0,5.0,0.2,0.0,1.0,0.0,0.0,0.0,,2.0,1.0,3.0,3.0,0.0,1.0,2.0,3.0,2.0,-13.0,https://www.basketball-reference.com/boxscores/201301110BRK.html,2012-13
Markieff Morris,2013-01-12,Phoenix Suns,Chicago Bulls,0,18.44,3.0,5.0,0.6,1.0,1.0,1.0,0.0,0.0,,0.0,3.0,3.0,1.0,0.0,4.0,0.0,6.0,7.0,9.0,https://www.basketball-reference.com/boxscores/201301120CHI.html,2012-13
Markieff Morris,2013-01-14,Phoenix Suns,Oklahoma City Thunder,1,16.32,1.0,5.0,0.2,0.0,3.0,0.0,0.0,0.0,,3.0,3.0,6.0,3.0,1.0,1.0,0.0,2.0,2.0,-3.0,https://www.basketball-reference.com/boxscores/201301140PHO.html,2012-13
Markieff Morris,2013-01-17,Phoenix Suns,Milwaukee Bucks,1,16.37,2.0,7.0,0.28600000000000003,0.0,0.0,,0.0,0.0,,2.0,4.0,6.0,2.0,1.0,1.0,1.0,5.0,4.0,4.0,https://www.basketball-reference.com/boxscores/201301170PHO.html,2012-13
Markieff Morris,2013-01-23,Phoenix Suns,Sacramento Kings,0,25.52,4.0,10.0,0.4,2.0,6.0,0.333,0.0,0.0,,0.0,2.0,2.0,3.0,2.0,1.0,1.0,3.0,10.0,19.0,https://www.basketball-reference.com/boxscores/201301230SAC.html,2012-13
Markieff Morris,2013-01-24,Phoenix Suns,Los Angeles Clippers,1,24.31,3.0,6.0,0.5,1.0,3.0,0.333,7.0,11.0,0.636,2.0,6.0,8.0,0.0,0.0,1.0,1.0,2.0,14.0,4.0,https://www.basketball-reference.com/boxscores/201301240PHO.html,2012-13
Markieff Morris,2013-01-26,Phoenix Suns,San Antonio Spurs,0,20.35,3.0,8.0,0.375,0.0,0.0,,2.0,2.0,1.0,0.0,4.0,4.0,0.0,0.0,0.0,2.0,1.0,8.0,-11.0,https://www.basketball-reference.com/boxscores/201301260SAS.html,2012-13
Markieff Morris,2013-01-27,Phoenix Suns,Dallas Mavericks,0,26.48,1.0,6.0,0.16699999999999998,0.0,3.0,0.0,4.0,4.0,1.0,1.0,5.0,6.0,0.0,2.0,0.0,2.0,5.0,6.0,-15.0,https://www.basketball-reference.com/boxscores/201301270DAL.html,2012-13
Markieff Morris,2013-01-30,Phoenix Suns,Los Angeles Lakers,1,13.52,0.0,2.0,0.0,0.0,0.0,,0.0,0.0,,0.0,3.0,3.0,0.0,0.0,0.0,1.0,3.0,0.0,-8.0,https://www.basketball-reference.com/boxscores/201301300PHO.html,2012-13
Markieff Morris,2013-02-01,Phoenix Suns,Dallas Mavericks,1,12.41,0.0,2.0,0.0,0.0,0.0,,0.0,0.0,,1.0,1.0,2.0,0.0,1.0,0.0,1.0,2.0,0.0,-3.0,https://www.basketball-reference.com/boxscores/201302010PHO.html,2012-13
Markieff Morris,2013-02-02,Phoenix Suns,Golden State Warriors,0,14.48,3.0,7.0,0.429,0.0,1.0,0.0,0.0,0.0,,1.0,2.0,3.0,0.0,0.0,0.0,1.0,4.0,6.0,-10.0,https://www.basketball-reference.com/boxscores/201302020GSW.html,2012-13
Markieff Morris,2013-02-05,Phoenix Suns,Memphis Grizzlies,0,22.5,2.0,5.0,0.4,0.0,1.0,0.0,0.0,0.0,,1.0,2.0,3.0,3.0,1.0,1.0,0.0,2.0,4.0,4.0,https://www.basketball-reference.com/boxscores/201302050MEM.html,2012-13
Markieff Morris,2013-02-06,Phoenix Suns,New Orleans Hornets,0,26.18,1.0,3.0,0.333,0.0,1.0,0.0,0.0,0.0,,1.0,4.0,5.0,1.0,1.0,1.0,2.0,1.0,2.0,-12.0,https://www.basketball-reference.com/boxscores/201302060NOH.html,2012-13
Markieff Morris,2013-02-08,Phoenix Suns,Oklahoma City Thunder,0,24.21,3.0,9.0,0.333,0.0,2.0,0.0,1.0,1.0,1.0,2.0,3.0,5.0,2.0,1.0,1.0,1.0,2.0,7.0,1.0,https://www.basketball-reference.com/boxscores/201302080OKC.html,2012-13
Markieff Morris,2013-02-10,Phoenix Suns,Oklahoma City Thunder,1,23.17,5.0,13.0,0.385,1.0,1.0,1.0,1.0,1.0,1.0,0.0,4.0,4.0,1.0,1.0,1.0,3.0,1.0,12.0,-7.0,https://www.basketball-reference.com/boxscores/201302100PHO.html,2012-13
Markieff Morris,2013-02-12,Phoenix Suns,Los Angeles Lakers,0,17.49,1.0,5.0,0.2,0.0,1.0,0.0,2.0,2.0,1.0,0.0,2.0,2.0,1.0,1.0,0.0,1.0,2.0,4.0,-3.0,https://www.basketball-reference.com/boxscores/201302120LAL.html,2012-13
Markieff Morris,2013-02-19,Phoenix Suns,Portland Trail Blazers,0,17.55,2.0,7.0,0.28600000000000003,0.0,0.0,,3.0,4.0,0.75,2.0,3.0,5.0,1.0,0.0,0.0,1.0,3.0,7.0,5.0,https://www.basketball-reference.com/boxscores/201302190POR.html,2012-13
Markieff Morris,2013-02-20,Phoenix Suns,Golden State Warriors,0,19.13,2.0,7.0,0.28600000000000003,2.0,4.0,0.5,0.0,0.0,,2.0,2.0,4.0,2.0,0.0,0.0,1.0,4.0,6.0,-5.0,https://www.basketball-reference.com/boxscores/201302200GSW.html,2012-13
Markieff Morris,2013-02-22,Phoenix Suns,Boston Celtics,1,25.33,5.0,8.0,0.625,0.0,0.0,,1.0,2.0,0.5,2.0,2.0,4.0,0.0,1.0,0.0,2.0,3.0,11.0,-16.0,https://www.basketball-reference.com/boxscores/201302220PHO.html,2012-13
Markieff Morris,2013-02-24,Phoenix Suns,San Antonio Spurs,1,16.59,3.0,9.0,0.333,0.0,0.0,,3.0,4.0,0.75,3.0,4.0,7.0,1.0,2.0,0.0,1.0,6.0,9.0,-9.0,https://www.basketball-reference.com/boxscores/201302240PHO.html,2012-13
Markieff Morris,2013-02-27,San Antonio Spurs,Phoenix Suns,1,21.13,4.0,7.0,0.5710000000000001,0.0,0.0,,0.0,2.0,0.0,1.0,0.0,1.0,2.0,1.0,1.0,1.0,1.0,8.0,-6.0,https://www.basketball-reference.com/boxscores/201302270SAS.html,2012-13
Markieff Morris,2013-03-01,Phoenix Suns,Atlanta Hawks,1,28.47,4.0,11.0,0.364,0.0,2.0,0.0,3.0,4.0,0.75,1.0,5.0,6.0,1.0,0.0,0.0,1.0,3.0,11.0,4.0,https://www.basketball-reference.com/boxscores/201303010PHO.html,2012-13
Markieff Morris,2013-03-06,Phoenix Suns,Toronto Raptors,1,26.32,1.0,7.0,0.14300000000000002,1.0,3.0,0.333,0.0,0.0,,3.0,3.0,6.0,2.0,1.0,1.0,4.0,2.0,3.0,-12.0,https://www.basketball-reference.com/boxscores/201303060PHO.html,2012-13
Markieff Morris,2013-03-08,Phoenix Suns,Sacramento Kings,0,21.57,4.0,8.0,0.5,0.0,0.0,,1.0,2.0,0.5,0.0,2.0,2.0,3.0,0.0,1.0,0.0,2.0,9.0,-11.0,https://www.basketball-reference.com/boxscores/201303080SAC.html,2012-13
Markieff Morris,2013-03-09,Phoenix Suns,Houston Rockets,1,19.13,3.0,7.0,0.429,1.0,1.0,1.0,7.0,8.0,0.875,4.0,1.0,5.0,0.0,1.0,0.0,2.0,3.0,14.0,-10.0,https://www.basketball-reference.com/boxscores/201303090PHO.html,2012-13
Markieff Morris,2013-03-11,Phoenix Suns,Denver Nuggets,1,27.02,2.0,7.0,0.28600000000000003,0.0,1.0,0.0,0.0,0.0,,0.0,2.0,2.0,2.0,2.0,0.0,2.0,3.0,4.0,-7.0,https://www.basketball-reference.com/boxscores/201303110PHO.html,2012-13
Markieff Morris,2013-03-13,Phoenix Suns,Houston Rockets,0,21.41,2.0,8.0,0.25,0.0,1.0,0.0,0.0,0.0,,2.0,3.0,5.0,1.0,1.0,1.0,4.0,2.0,4.0,-19.0,https://www.basketball-reference.com/boxscores/201303130HOU.html,2012-13
Markieff Morris,2013-03-15,Phoenix Suns,Atlanta Hawks,0,35.12,5.0,11.0,0.455,0.0,2.0,0.0,5.0,8.0,0.625,2.0,9.0,11.0,0.0,2.0,0.0,0.0,0.0,15.0,-4.0,https://www.basketball-reference.com/boxscores/201303150ATL.html,2012-13
Markieff Morris,2013-03-16,Phoenix Suns,Washington Wizards,0,27.52,5.0,9.0,0.556,1.0,3.0,0.333,2.0,2.0,1.0,3.0,6.0,9.0,1.0,0.0,1.0,2.0,1.0,13.0,-14.0,https://www.basketball-reference.com/boxscores/201303160WAS.html,2012-13
Markieff Morris,2013-03-18,Phoenix Suns,Los Angeles Lakers,1,24.0,4.0,8.0,0.5,1.0,1.0,1.0,0.0,0.0,,2.0,6.0,8.0,1.0,2.0,1.0,2.0,0.0,9.0,-2.0,https://www.basketball-reference.com/boxscores/201303180PHO.html,2012-13
Markieff Morris,2013-03-20,Phoenix Suns,Washington Wizards,1,10.33,0.0,2.0,0.0,0.0,1.0,0.0,0.0,0.0,,1.0,1.0,2.0,0.0,1.0,0.0,1.0,1.0,0.0,-4.0,https://www.basketball-reference.com/boxscores/201303200PHO.html,2012-13
Markieff Morris,2013-03-22,Phoenix Suns,Minnesota Timberwolves,1,20.44,3.0,6.0,0.5,1.0,2.0,0.5,0.0,0.0,,2.0,2.0,4.0,0.0,1.0,0.0,0.0,3.0,7.0,-11.0,https://www.basketball-reference.com/boxscores/201303220PHO.html,2012-13
Markieff Morris,2013-03-24,Phoenix Suns,Brooklyn Nets,1,39.21,5.0,18.0,0.278,0.0,2.0,0.0,0.0,0.0,,9.0,6.0,15.0,3.0,1.0,2.0,2.0,5.0,10.0,3.0,https://www.basketball-reference.com/boxscores/201303240PHO.html,2012-13
Markieff Morris,2013-03-27,Phoenix Suns,Utah Jazz,0,35.18,4.0,8.0,0.5,0.0,2.0,0.0,2.0,3.0,0.667,1.0,5.0,6.0,3.0,2.0,2.0,1.0,1.0,10.0,-10.0,https://www.basketball-reference.com/boxscores/201303270UTA.html,2012-13
Markieff Morris,2013-03-28,Phoenix Suns,Sacramento Kings,1,24.51,2.0,10.0,0.2,0.0,1.0,0.0,3.0,4.0,0.75,2.0,2.0,4.0,5.0,1.0,1.0,0.0,5.0,7.0,-4.0,https://www.basketball-reference.com/boxscores/201303280PHO.html,2012-13
Markieff Morris,2013-03-30,Phoenix Suns,Indiana Pacers,1,32.02,8.0,12.0,0.667,0.0,0.0,,2.0,2.0,1.0,0.0,4.0,4.0,2.0,2.0,1.0,2.0,2.0,18.0,-2.0,https://www.basketball-reference.com/boxscores/201303300PHO.html,2012-13
Markieff Morris,2019-12-01,Detroit Pistons,San Antonio Spurs,1,21.17,4.0,6.0,0.667,2.0,4.0,0.5,0.0,0.0,,1.0,3.0,4.0,2.0,0.0,0.0,1.0,4.0,10.0,22.0,https://www.basketball-reference.com/boxscores/201912010DET.html,2019-20
Markieff Morris,2019-12-03,Detroit Pistons,Cleveland Cavaliers,0,16.35,5.0,8.0,0.625,2.0,3.0,0.667,0.0,0.0,,1.0,4.0,5.0,1.0,1.0,0.0,0.0,1.0,12.0,13.0,https://www.basketball-reference.com/boxscores/201912030CLE.html,2019-20
Markieff Morris,2019-12-04,Detroit Pistons,Milwaukee Bucks,1,15.21,1.0,5.0,0.2,1.0,3.0,0.333,2.0,2.0,1.0,1.0,2.0,3.0,1.0,0.0,0.0,2.0,3.0,5.0,-15.0,https://www.basketball-reference.com/boxscores/201912040DET.html,2019-20
Markieff Morris,2019-12-06,Detroit Pistons,Indiana Pacers,1,,,,,,,,,,,,,,,,,,,,,https://www.basketball-reference.com/boxscores/201912060DET.html,2019-20
Markieff Morris,2019-12-09,Detroit Pistons,New Orleans Pelicans,0,18.57,1.0,7.0,0.14300000000000002,1.0,5.0,0.2,2.0,2.0,1.0,0.0,7.0,7.0,0.0,1.0,1.0,3.0,1.0,5.0,-1.0,https://www.basketball-reference.com/boxscores/201912090NOP.html,2019-20
Markieff Morris,2019-12-12,Detroit Pistons,Dallas Mavericks,1,16.42,6.0,8.0,0.75,3.0,5.0,0.6,1.0,3.0,0.333,0.0,3.0,3.0,1.0,0.0,0.0,1.0,1.0,16.0,1.0,https://www.basketball-reference.com/boxscores/201912120DET.html,2019-20
Markieff Morris,2019-12-14,Detroit Pistons,Houston Rockets,0,27.23,6.0,13.0,0.462,3.0,6.0,0.5,0.0,0.0,,3.0,5.0,8.0,2.0,1.0,0.0,5.0,1.0,15.0,4.0,https://www.basketball-reference.com/boxscores/201912140HOU.html,2019-20
Markieff Morris,2019-12-16,Detroit Pistons,Washington Wizards,1,32.33,8.0,13.0,0.615,1.0,2.0,0.5,5.0,6.0,0.833,0.0,5.0,5.0,3.0,1.0,0.0,3.0,5.0,22.0,-8.0,https://www.basketball-reference.com/boxscores/201912160DET.html,2019-20
Markieff Morris,2019-12-18,Detroit Pistons,Toronto Raptors,1,15.41,1.0,5.0,0.2,0.0,4.0,0.0,0.0,0.0,,0.0,4.0,4.0,1.0,0.0,0.0,1.0,2.0,2.0,1.0,https://www.basketball-reference.com/boxscores/201912180DET.html,2019-20
Markieff Morris,2019-12-20,Detroit Pistons,Boston Celtics,0,31.17,3.0,10.0,0.3,2.0,7.0,0.28600000000000003,2.0,2.0,1.0,1.0,5.0,6.0,2.0,1.0,2.0,3.0,3.0,10.0,-23.0,https://www.basketball-reference.com/boxscores/201912200BOS.html,2019-20
Markieff Morris,2019-12-21,Detroit Pistons,Chicago Bulls,1,36.32,8.0,19.0,0.421,7.0,12.0,0.583,0.0,0.0,,1.0,1.0,2.0,6.0,0.0,0.0,1.0,3.0,23.0,-10.0,https://www.basketball-reference.com/boxscores/201912210DET.html,2019-20
Markieff Morris,2019-12-23,Detroit Pistons,Philadelphia 76ers,1,22.08,4.0,5.0,0.8,2.0,3.0,0.667,1.0,2.0,0.5,0.0,3.0,3.0,1.0,1.0,0.0,1.0,1.0,11.0,-4.0,https://www.basketball-reference.com/boxscores/201912230DET.html,2019-20
Markieff Morris,2019-12-26,Detroit Pistons,Washington Wizards,1,8.38,2.0,5.0,0.4,0.0,2.0,0.0,0.0,0.0,,0.0,2.0,2.0,1.0,0.0,0.0,0.0,1.0,4.0,8.0,https://www.basketball-reference.com/boxscores/201912260DET.html,2019-20
Markieff Morris,2020-01-11,Detroit Pistons,Chicago Bulls,1,13.57,0.0,7.0,0.0,0.0,3.0,0.0,3.0,4.0,0.75,1.0,2.0,3.0,0.0,1.0,0.0,2.0,4.0,3.0,-16.0,https://www.basketball-reference.com/boxscores/202001110DET.html,2019-20
Markieff Morris,2020-01-15,Detroit Pistons,Boston Celtics,0,21.44,9.0,14.0,0.643,3.0,6.0,0.5,2.0,3.0,0.667,1.0,1.0,2.0,2.0,2.0,1.0,1.0,3.0,23.0,7.0,https://www.basketball-reference.com/boxscores/202001150BOS.html,2019-20
Markieff Morris,2020-01-18,Detroit Pistons,Atlanta Hawks,0,20.25,7.0,10.0,0.7,3.0,5.0,0.6,5.0,6.0,0.833,0.0,1.0,1.0,2.0,1.0,0.0,1.0,2.0,22.0,10.0,https://www.basketball-reference.com/boxscores/202001180ATL.html,2019-20
Markieff Morris,2020-01-20,Detroit Pistons,Washington Wizards,0,17.34,3.0,8.0,0.375,2.0,3.0,0.667,2.0,2.0,1.0,0.0,2.0,2.0,0.0,0.0,0.0,0.0,1.0,10.0,-3.0,https://www.basketball-reference.com/boxscores/202001200WAS.html,2019-20
Markieff Morris,2020-01-22,Detroit Pistons,Sacramento Kings,1,26.33,4.0,12.0,0.333,3.0,6.0,0.5,2.0,2.0,1.0,0.0,11.0,11.0,1.0,0.0,0.0,2.0,2.0,13.0,16.0,https://www.basketball-reference.com/boxscores/202001220DET.html,2019-20
Markieff Morris,2020-01-24,Detroit Pistons,Memphis Grizzlies,1,28.21,4.0,14.0,0.28600000000000003,0.0,5.0,0.0,1.0,1.0,1.0,2.0,3.0,5.0,1.0,0.0,0.0,0.0,3.0,9.0,-7.0,https://www.basketball-reference.com/boxscores/202001240DET.html,2019-20
Markieff Morris,2020-01-27,Detroit Pistons,Cleveland Cavaliers,1,24.09,3.0,9.0,0.333,1.0,6.0,0.16699999999999998,2.0,2.0,1.0,0.0,3.0,3.0,2.0,1.0,0.0,1.0,1.0,9.0,-12.0,https://www.basketball-reference.com/boxscores/202001270DET.html,2019-20
Markieff Morris,2020-01-29,Detroit Pistons,Brooklyn Nets,0,31.57,7.0,9.0,0.778,1.0,2.0,0.5,0.0,0.0,,0.0,3.0,3.0,4.0,0.0,1.0,3.0,3.0,15.0,4.0,https://www.basketball-reference.com/boxscores/202001290BRK.html,2019-20
Markieff Morris,2020-01-31,Detroit Pistons,Toronto Raptors,1,18.4,2.0,7.0,0.28600000000000003,1.0,4.0,0.25,4.0,6.0,0.667,1.0,5.0,6.0,0.0,0.0,1.0,0.0,2.0,9.0,-10.0,https://www.basketball-reference.com/boxscores/202001310DET.html,2019-20
Markieff Morris,2020-02-03,Detroit Pistons,Memphis Grizzlies,0,,,,,,,,,,,,,,,,,,,,,https://www.basketball-reference.com/boxscores/202002030MEM.html,2019-20
Markieff Morris,2020-02-07,Detroit Pistons,Oklahoma City Thunder,0,,,,,,,,,,,,,,,,,,,,,https://www.basketball-reference.com/boxscores/202002070OKC.html,2019-20
Markieff Morris,2020-02-10,Detroit Pistons,Charlotte Hornets,1,20.36,3.0,11.0,0.273,1.0,6.0,0.16699999999999998,3.0,4.0,0.75,1.0,0.0,1.0,3.0,0.0,0.0,3.0,3.0,10.0,-10.0,https://www.basketball-reference.com/boxscores/202002100DET.html,2019-20
Markieff Morris,2020-02-12,Orlando Magic,Detroit Pistons,1,21.0,5.0,7.0,0.7140000000000001,4.0,5.0,0.8,0.0,0.0,,1.0,7.0,8.0,1.0,0.0,1.0,1.0,2.0,14.0,21.0,https://www.basketball-reference.com/boxscores/202002120ORL.html,2019-20
Markieff Morris,2020-02-20,Detroit Pistons,Milwaukee Bucks,1,,,,,,,,,,,,,,,,,,,,,https://www.basketball-reference.com/boxscores/202002200DET.html,2019-20
Markieff Morris,2020-02-25,Los Angeles Lakers,New Orleans Pelicans,1,14.37,1.0,3.0,0.333,0.0,2.0,0.0,2.0,2.0,1.0,0.0,1.0,1.0,0.0,0.0,1.0,0.0,3.0,4.0,2.0,https://www.basketball-reference.com/boxscores/202002250LAL.html,2019-20
Markieff Morris,2020-02-27,Los Angeles Lakers,Golden State Warriors,0,18.57,3.0,5.0,0.6,2.0,2.0,1.0,0.0,0.0,,3.0,1.0,4.0,1.0,0.0,0.0,1.0,2.0,8.0,23.0,https://www.basketball-reference.com/boxscores/202002270GSW.html,2019-20
Markieff Morris,2020-02-29,Los Angeles Lakers,Memphis Grizzlies,0,16.38,2.0,8.0,0.25,1.0,5.0,0.2,0.0,0.0,,3.0,1.0,4.0,2.0,0.0,0.0,0.0,0.0,5.0,-13.0,https://www.basketball-reference.com/boxscores/202002290MEM.html,2019-20
Markieff Morris,2020-03-01,Los Angeles Lakers,New Orleans Pelicans,0,14.36,4.0,8.0,0.5,2.0,4.0,0.5,0.0,0.0,,0.0,4.0,4.0,1.0,1.0,0.0,0.0,4.0,10.0,-9.0,https://www.basketball-reference.com/boxscores/202003010NOP.html,2019-20
Markieff Morris,2020-03-03,Los Angeles Lakers,Philadelphia 76ers,1,12.57,0.0,2.0,0.0,0.0,2.0,0.0,2.0,2.0,1.0,0.0,0.0,0.0,0.0,0.0,1.0,2.0,0.0,2.0,-16.0,https://www.basketball-reference.com/boxscores/202003030LAL.html,2019-20
Markieff Morris,2020-03-06,Los Angeles Lakers,Milwaukee Bucks,1,8.44,2.0,3.0,0.667,1.0,2.0,0.5,0.0,0.0,,0.0,2.0,2.0,0.0,0.0,0.0,0.0,2.0,5.0,-2.0,https://www.basketball-reference.com/boxscores/202003060LAL.html,2019-20
Markieff Morris,2020-03-08,Los Angeles Lakers,Los Angeles Clippers,0,16.23,2.0,5.0,0.4,0.0,3.0,0.0,0.0,0.0,,1.0,4.0,5.0,0.0,0.0,1.0,1.0,3.0,4.0,7.0,https://www.basketball-reference.com/boxscores/202003080LAC.html,2019-20
Markieff Morris,2020-03-10,Los Angeles Lakers,Brooklyn Nets,1,14.41,0.0,2.0,0.0,0.0,1.0,0.0,0.0,0.0,,3.0,3.0,6.0,1.0,1.0,1.0,1.0,2.0,0.0,-2.0,https://www.basketball-reference.com/boxscores/202003100LAL.html,2019-20
Markieff Morris,2017-12-01,Washington Wizards,Detroit Pistons,1,27.37,10.0,16.0,0.625,2.0,3.0,0.667,1.0,1.0,1.0,3.0,4.0,7.0,3.0,0.0,2.0,0.0,1.0,23.0,18.0,https://www.basketball-reference.com/boxscores/201712010WAS.html,2017-18
Markieff Morris,2017-12-04,Washington Wizards,Utah Jazz,0,22.29,4.0,9.0,0.444,1.0,2.0,0.5,2.0,2.0,1.0,1.0,0.0,1.0,0.0,0.0,2.0,2.0,5.0,11.0,-5.0,https://www.basketball-reference.com/boxscores/201712040UTA.html,2017-18
Markieff Morris,2017-12-05,Washington Wizards,Portland Trail Blazers,0,30.2,2.0,10.0,0.2,2.0,4.0,0.5,2.0,4.0,0.5,0.0,4.0,4.0,1.0,1.0,3.0,2.0,4.0,8.0,7.0,https://www.basketball-reference.com/boxscores/201712050POR.html,2017-18
Markieff Morris,2017-12-07,Washington Wizards,Phoenix Suns,0,31.48,8.0,12.0,0.667,2.0,5.0,0.4,3.0,3.0,1.0,3.0,3.0,6.0,1.0,2.0,1.0,2.0,3.0,21.0,1.0,https://www.basketball-reference.com/boxscores/201712070PHO.html,2017-18
Markieff Morris,2017-12-09,Washington Wizards,Los Angeles Clippers,0,15.41,1.0,3.0,0.333,0.0,2.0,0.0,0.0,0.0,,0.0,1.0,1.0,2.0,0.0,0.0,3.0,4.0,2.0,3.0,https://www.basketball-reference.com/boxscores/201712090LAC.html,2017-18
Markieff Morris,2017-12-12,Washington Wizards,Brooklyn Nets,0,18.54,3.0,5.0,0.6,0.0,0.0,,0.0,0.0,,1.0,0.0,1.0,0.0,0.0,0.0,1.0,3.0,6.0,-10.0,https://www.basketball-reference.com/boxscores/201712120BRK.html,2017-18
Markieff Morris,2017-12-13,Washington Wizards,Memphis Grizzlies,1,,,,,,,,,,,,,,,,,,,,,https://www.basketball-reference.com/boxscores/201712130WAS.html,2017-18
Markieff Morris,2017-12-15,Washington Wizards,Los Angeles Clippers,1,21.1,4.0,9.0,0.444,0.0,1.0,0.0,0.0,0.0,,1.0,1.0,2.0,4.0,3.0,0.0,2.0,4.0,8.0,3.0,https://www.basketball-reference.com/boxscores/201712150WAS.html,2017-18
Markieff Morris,2017-12-17,Washington Wizards,Cleveland Cavaliers,1,26.42,4.0,10.0,0.4,1.0,1.0,1.0,1.0,2.0,0.5,2.0,5.0,7.0,0.0,1.0,0.0,1.0,3.0,10.0,-11.0,https://www.basketball-reference.com/boxscores/201712170WAS.html,2017-18
Markieff Morris,2017-12-19,Washington Wizards,New Orleans Pelicans,1,20.04,5.0,6.0,0.833,1.0,1.0,1.0,2.0,2.0,1.0,0.0,4.0,4.0,1.0,0.0,0.0,5.0,5.0,13.0,11.0,https://www.basketball-reference.com/boxscores/201712190WAS.html,2017-18
Markieff Morris,2017-12-22,Washington Wizards,Brooklyn Nets,0,26.45,3.0,8.0,0.375,0.0,0.0,,3.0,3.0,1.0,2.0,2.0,4.0,0.0,1.0,0.0,0.0,2.0,9.0,-30.0,https://www.basketball-reference.com/boxscores/201712220BRK.html,2017-18
Markieff Morris,2017-12-23,Washington Wizards,Orlando Magic,1,27.06,6.0,10.0,0.6,1.0,4.0,0.25,3.0,4.0,0.75,2.0,3.0,5.0,1.0,0.0,0.0,2.0,1.0,16.0,4.0,https://www.basketball-reference.com/boxscores/201712230WAS.html,2017-18
Markieff Morris,2017-12-25,Washington Wizards,Boston Celtics,0,29.17,5.0,7.0,0.7140000000000001,2.0,3.0,0.667,2.0,2.0,1.0,0.0,7.0,7.0,3.0,0.0,1.0,2.0,3.0,14.0,17.0,https://www.basketball-reference.com/boxscores/201712250BOS.html,2017-18
Markieff Morris,2017-12-27,Washington Wizards,Atlanta Hawks,0,31.16,6.0,10.0,0.6,2.0,3.0,0.667,4.0,6.0,0.667,1.0,7.0,8.0,0.0,0.0,0.0,4.0,4.0,18.0,-10.0,https://www.basketball-reference.com/boxscores/201712270ATL.html,2017-18
Markieff Morris,2017-12-29,Washington Wizards,Houston Rockets,1,26.37,1.0,7.0,0.14300000000000002,0.0,2.0,0.0,4.0,4.0,1.0,0.0,9.0,9.0,1.0,0.0,0.0,2.0,2.0,6.0,1.0,https://www.basketball-reference.com/boxscores/201712290WAS.html,2017-18
Markieff Morris,2017-12-31,Washington Wizards,Chicago Bulls,1,24.14,1.0,6.0,0.16699999999999998,0.0,1.0,0.0,3.0,3.0,1.0,4.0,6.0,10.0,0.0,2.0,0.0,0.0,3.0,5.0,-2.0,https://www.basketball-reference.com/boxscores/201712310WAS.html,2017-18
Markieff Morris,2018-01-03,Washington Wizards,New York Knicks,1,32.42,5.0,9.0,0.556,1.0,4.0,0.25,0.0,0.0,,0.0,11.0,11.0,1.0,1.0,0.0,2.0,3.0,11.0,28.0,https://www.basketball-reference.com/boxscores/201801030WAS.html,2017-18
Markieff Morris,2018-01-05,Washington Wizards,Memphis Grizzlies,0,31.58,5.0,12.0,0.417,0.0,2.0,0.0,2.0,2.0,1.0,1.0,16.0,17.0,0.0,0.0,2.0,0.0,4.0,12.0,-2.0,https://www.basketball-reference.com/boxscores/201801050MEM.html,2017-18
Markieff Morris,2018-01-06,Washington Wizards,Milwaukee Bucks,1,32.29,6.0,9.0,0.667,0.0,0.0,,2.0,3.0,0.667,4.0,6.0,10.0,2.0,1.0,0.0,0.0,4.0,14.0,3.0,https://www.basketball-reference.com/boxscores/201801060WAS.html,2017-18
Markieff Morris,2018-01-10,Washington Wizards,Utah Jazz,1,26.57,3.0,4.0,0.75,2.0,3.0,0.667,0.0,0.0,,1.0,5.0,6.0,2.0,1.0,0.0,3.0,3.0,8.0,5.0,https://www.basketball-reference.com/boxscores/201801100WAS.html,2017-18
Markieff Morris,2018-01-12,Washington Wizards,Orlando Magic,1,22.33,3.0,7.0,0.429,1.0,2.0,0.5,0.0,0.0,,1.0,3.0,4.0,1.0,0.0,0.0,1.0,2.0,7.0,-4.0,https://www.basketball-reference.com/boxscores/201801120WAS.html,2017-18
Markieff Morris,2018-01-15,Washington Wizards,Milwaukee Bucks,1,24.19,3.0,6.0,0.5,0.0,1.0,0.0,0.0,2.0,0.0,1.0,5.0,6.0,4.0,1.0,1.0,3.0,5.0,6.0,-10.0,https://www.basketball-reference.com/boxscores/201801150WAS.html,2017-18
Markieff Morris,2018-01-17,Washington Wizards,Charlotte Hornets,0,15.26,1.0,5.0,0.2,0.0,2.0,0.0,0.0,0.0,,0.0,5.0,5.0,1.0,0.0,0.0,1.0,4.0,2.0,-10.0,https://www.basketball-reference.com/boxscores/201801170CHO.html,2017-18
Markieff Morris,2018-01-19,Washington Wizards,Detroit Pistons,0,31.55,4.0,14.0,0.28600000000000003,1.0,5.0,0.2,4.0,4.0,1.0,3.0,6.0,9.0,2.0,1.0,1.0,1.0,4.0,13.0,5.0,https://www.basketball-reference.com/boxscores/201801190DET.html,2017-18
Markieff Morris,2018-01-22,Washington Wizards,Dallas Mavericks,0,26.09,2.0,8.0,0.25,1.0,4.0,0.25,0.0,0.0,,3.0,5.0,8.0,0.0,0.0,1.0,1.0,2.0,5.0,-2.0,https://www.basketball-reference.com/boxscores/201801220DAL.html,2017-18
Markieff Morris,2018-01-25,Washington Wizards,Oklahoma City Thunder,0,37.41,7.0,12.0,0.583,2.0,3.0,0.667,4.0,5.0,0.8,1.0,8.0,9.0,0.0,2.0,1.0,3.0,4.0,20.0,2.0,https://www.basketball-reference.com/boxscores/201801250OKC.html,2017-18
Markieff Morris,2018-01-27,Washington Wizards,Atlanta Hawks,0,30.05,9.0,12.0,0.75,4.0,5.0,0.8,1.0,2.0,0.5,1.0,4.0,5.0,3.0,1.0,0.0,1.0,2.0,23.0,22.0,https://www.basketball-reference.com/boxscores/201801270ATL.html,2017-18
Markieff Morris,2018-01-30,Washington Wizards,Oklahoma City Thunder,1,37.17,7.0,14.0,0.5,1.0,4.0,0.25,3.0,3.0,1.0,0.0,6.0,6.0,4.0,0.0,2.0,1.0,4.0,18.0,6.0,https://www.basketball-reference.com/boxscores/201801300WAS.html,2017-18
Markieff Morris,2018-02-01,Washington Wizards,Toronto Raptors,1,31.54,4.0,10.0,0.4,1.0,4.0,0.25,6.0,6.0,1.0,2.0,5.0,7.0,2.0,1.0,0.0,2.0,2.0,15.0,0.0,https://www.basketball-reference.com/boxscores/201802010WAS.html,2017-18
Markieff Morris,2018-02-03,Washington Wizards,Orlando Magic,0,29.15,7.0,10.0,0.7,0.0,2.0,0.0,2.0,2.0,1.0,0.0,3.0,3.0,3.0,3.0,0.0,1.0,1.0,16.0,22.0,https://www.basketball-reference.com/boxscores/201802030ORL.html,2017-18
Markieff Morris,2018-02-05,Washington Wizards,Indiana Pacers,0,29.04,5.0,13.0,0.385,1.0,5.0,0.2,0.0,0.0,,2.0,8.0,10.0,2.0,1.0,0.0,3.0,3.0,11.0,9.0,https://www.basketball-reference.com/boxscores/201802050IND.html,2017-18
Markieff Morris,2018-02-06,Washington Wizards,Philadelphia 76ers,0,23.46,5.0,11.0,0.455,1.0,2.0,0.5,0.0,0.0,,2.0,1.0,3.0,4.0,4.0,0.0,0.0,3.0,11.0,-16.0,https://www.basketball-reference.com/boxscores/201802060PHI.html,2017-18
Markieff Morris,2018-02-10,Washington Wizards,Chicago Bulls,0,,,,,,,,,,,,,,,,,,,,,https://www.basketball-reference.com/boxscores/201802100CHI.html,2017-18
Markieff Morris,2018-02-14,Washington Wizards,New York Knicks,0,24.53,6.0,11.0,0.545,1.0,2.0,0.5,0.0,0.0,,0.0,7.0,7.0,3.0,0.0,0.0,1.0,3.0,13.0,7.0,https://www.basketball-reference.com/boxscores/201802140NYK.html,2017-18
Markieff Morris,2018-02-22,Washington Wizards,Cleveland Cavaliers,0,28.22,4.0,10.0,0.4,1.0,6.0,0.16699999999999998,0.0,0.0,,0.0,8.0,8.0,3.0,2.0,1.0,4.0,2.0,9.0,4.0,https://www.basketball-reference.com/boxscores/201802220CLE.html,2017-18
Markieff Morris,2018-02-23,Washington Wizards,Charlotte Hornets,1,27.24,6.0,12.0,0.5,1.0,3.0,0.333,0.0,0.0,,0.0,6.0,6.0,8.0,0.0,0.0,4.0,4.0,13.0,-11.0,https://www.basketball-reference.com/boxscores/201802230WAS.html,2017-18
Markieff Morris,2018-02-25,Washington Wizards,Philadelphia 76ers,1,26.34,3.0,6.0,0.5,0.0,2.0,0.0,2.0,2.0,1.0,0.0,5.0,5.0,3.0,2.0,0.0,3.0,4.0,8.0,13.0,https://www.basketball-reference.com/boxscores/201802250WAS.html,2017-18
Markieff Morris,2018-02-27,Washington Wizards,Milwaukee Bucks,0,32.19,6.0,8.0,0.75,1.0,2.0,0.5,1.0,1.0,1.0,1.0,3.0,4.0,4.0,1.0,1.0,1.0,1.0,14.0,8.0,https://www.basketball-reference.com/boxscores/201802270MIL.html,2017-18
Markieff Morris,2018-02-28,Washington Wizards,Golden State Warriors,1,36.12,6.0,12.0,0.5,2.0,4.0,0.5,2.0,2.0,1.0,2.0,7.0,9.0,4.0,0.0,1.0,1.0,4.0,16.0,-11.0,https://www.basketball-reference.com/boxscores/201802280WAS.html,2017-18
Markieff Morris,2018-03-02,Washington Wizards,Toronto Raptors,1,31.28,6.0,12.0,0.5,1.0,2.0,0.5,2.0,3.0,0.667,1.0,4.0,5.0,0.0,1.0,2.0,2.0,4.0,15.0,7.0,https://www.basketball-reference.com/boxscores/201803020WAS.html,2017-18
Markieff Morris,2018-03-04,Washington Wizards,Indiana Pacers,1,27.42,5.0,7.0,0.7140000000000001,2.0,3.0,0.667,0.0,0.0,,1.0,6.0,7.0,2.0,0.0,0.0,1.0,1.0,12.0,-21.0,https://www.basketball-reference.com/boxscores/201803040WAS.html,2017-18
Markieff Morris,2018-03-09,Washington Wizards,New Orleans Pelicans,0,26.27,8.0,15.0,0.5329999999999999,0.0,2.0,0.0,1.0,2.0,0.5,3.0,3.0,6.0,3.0,2.0,1.0,3.0,2.0,17.0,21.0,https://www.basketball-reference.com/boxscores/201803090NOP.html,2017-18
Markieff Morris,2018-03-10,Washington Wizards,Miami Heat,0,19.11,2.0,4.0,0.5,0.0,1.0,0.0,0.0,0.0,,1.0,3.0,4.0,4.0,0.0,0.0,1.0,4.0,4.0,-21.0,https://www.basketball-reference.com/boxscores/201803100MIA.html,2017-18
Markieff Morris,2018-03-13,Washington Wizards,Minnesota Timberwolves,1,33.17,10.0,15.0,0.667,3.0,5.0,0.6,4.0,4.0,1.0,0.0,4.0,4.0,2.0,0.0,0.0,0.0,2.0,27.0,-3.0,https://www.basketball-reference.com/boxscores/201803130WAS.html,2017-18
Markieff Morris,2018-03-14,Boston Celtics,Washington Wizards,1,43.16,6.0,15.0,0.4,2.0,5.0,0.4,6.0,8.0,0.75,1.0,6.0,7.0,4.0,0.0,0.0,3.0,2.0,20.0,8.0,https://www.basketball-reference.com/boxscores/201803140BOS.html,2017-18
Markieff Morris,2018-03-17,Washington Wizards,Indiana Pacers,1,29.47,6.0,11.0,0.545,2.0,5.0,0.4,1.0,2.0,0.5,0.0,5.0,5.0,1.0,0.0,0.0,3.0,4.0,15.0,18.0,https://www.basketball-reference.com/boxscores/201803170WAS.html,2017-18
Markieff Morris,2018-03-21,Washington Wizards,San Antonio Spurs,0,25.01,2.0,6.0,0.333,0.0,1.0,0.0,1.0,2.0,0.5,0.0,3.0,3.0,1.0,1.0,1.0,1.0,0.0,5.0,-18.0,https://www.basketball-reference.com/boxscores/201803210SAS.html,2017-18
Markieff Morris,2018-03-23,Washington Wizards,Denver Nuggets,1,36.22,6.0,15.0,0.4,1.0,4.0,0.25,4.0,4.0,1.0,0.0,8.0,8.0,5.0,2.0,1.0,3.0,4.0,17.0,-1.0,https://www.basketball-reference.com/boxscores/201803230WAS.html,2017-18
Markieff Morris,2018-03-25,Washington Wizards,New York Knicks,1,34.03,6.0,12.0,0.5,1.0,2.0,0.5,0.0,0.0,,1.0,3.0,4.0,1.0,0.0,3.0,2.0,2.0,13.0,1.0,https://www.basketball-reference.com/boxscores/201803250WAS.html,2017-18
Markieff Morris,2018-03-27,Washington Wizards,San Antonio Spurs,1,16.4,7.0,7.0,1.0,1.0,1.0,1.0,0.0,0.0,,0.0,2.0,2.0,1.0,1.0,0.0,3.0,4.0,15.0,3.0,https://www.basketball-reference.com/boxscores/201803270WAS.html,2017-18
Markieff Morris,2018-03-29,Washington Wizards,Detroit Pistons,0,36.06,5.0,15.0,0.333,1.0,6.0,0.16699999999999998,0.0,0.0,,2.0,4.0,6.0,5.0,1.0,4.0,1.0,3.0,11.0,0.0,https://www.basketball-reference.com/boxscores/201803290DET.html,2017-18
Markieff Morris,2018-03-31,Washington Wizards,Charlotte Hornets,1,9.33,1.0,4.0,0.25,1.0,3.0,0.333,0.0,0.0,,1.0,2.0,3.0,0.0,1.0,0.0,3.0,0.0,3.0,1.0,https://www.basketball-reference.com/boxscores/201803310WAS.html,2017-18
Markieff Morris,2015-12-01,Phoenix Suns,Brooklyn Nets,0,28.05,3.0,11.0,0.273,0.0,2.0,0.0,0.0,0.0,,0.0,1.0,1.0,3.0,0.0,0.0,3.0,3.0,6.0,2.0,https://www.basketball-reference.com/boxscores/201512010BRK.html,2015-16
Markieff Morris,2015-12-04,Phoenix Suns,Washington Wizards,0,27.42,4.0,10.0,0.4,0.0,1.0,0.0,2.0,2.0,1.0,1.0,3.0,4.0,1.0,0.0,1.0,3.0,4.0,10.0,-8.0,https://www.basketball-reference.com/boxscores/201512040WAS.html,2015-16
Markieff Morris,2015-12-06,Phoenix Suns,Memphis Grizzlies,0,,,,,,,,,,,,,,,,,,,,,https://www.basketball-reference.com/boxscores/201512060MEM.html,2015-16
Markieff Morris,2015-12-07,Phoenix Suns,Chicago Bulls,0,7.03,0.0,2.0,0.0,0.0,0.0,,0.0,0.0,,0.0,3.0,3.0,0.0,0.0,0.0,1.0,1.0,0.0,-1.0,https://www.basketball-reference.com/boxscores/201512070CHI.html,2015-16
Markieff Morris,2015-12-11,Phoenix Suns,Portland Trail Blazers,1,,,,,,,,,,,,,,,,,,,,,https://www.basketball-reference.com/boxscores/201512110PHO.html,2015-16
Markieff Morris,2015-12-13,Phoenix Suns,Minnesota Timberwolves,1,,,,,,,,,,,,,,,,,,,,,https://www.basketball-reference.com/boxscores/201512130PHO.html,2015-16
Markieff Morris,2015-12-14,Phoenix Suns,Dallas Mavericks,0,,,,,,,,,,,,,,,,,,,,,https://www.basketball-reference.com/boxscores/201512140DAL.html,2015-16
Markieff Morris,2015-12-16,Phoenix Suns,Golden State Warriors,0,,,,,,,,,,,,,,,,,,,,,https://www.basketball-reference.com/boxscores/201512160GSW.html,2015-16
Markieff Morris,2015-12-18,Phoenix Suns,New Orleans Pelicans,1,16.41,5.0,13.0,0.385,2.0,2.0,1.0,1.0,2.0,0.5,1.0,1.0,2.0,2.0,1.0,0.0,2.0,4.0,13.0,12.0,https://www.basketball-reference.com/boxscores/201512180PHO.html,2015-16
Markieff Morris,2015-12-20,Phoenix Suns,Milwaukee Bucks,1,15.19,2.0,5.0,0.4,1.0,1.0,1.0,3.0,3.0,1.0,0.0,3.0,3.0,4.0,1.0,0.0,5.0,1.0,8.0,-3.0,https://www.basketball-reference.com/boxscores/201512200PHO.html,2015-16
Markieff Morris,2015-12-21,Phoenix Suns,Utah Jazz,0,20.59,2.0,7.0,0.28600000000000003,0.0,2.0,0.0,0.0,0.0,,3.0,3.0,6.0,4.0,0.0,0.0,2.0,3.0,4.0,10.0,https://www.basketball-reference.com/boxscores/201512210UTA.html,2015-16
Markieff Morris,2015-12-23,Phoenix Suns,Denver Nuggets,1,12.17,2.0,8.0,0.25,2.0,2.0,1.0,0.0,0.0,,0.0,1.0,1.0,0.0,1.0,0.0,1.0,0.0,6.0,-13.0,https://www.basketball-reference.com/boxscores/201512230PHO.html,2015-16
Markieff Morris,2015-12-30,Phoenix Suns,San Antonio Spurs,0,20.08,2.0,4.0,0.5,0.0,1.0,0.0,0.0,2.0,0.0,0.0,3.0,3.0,5.0,0.0,0.0,3.0,4.0,4.0,-16.0,https://www.basketball-reference.com/boxscores/201512300SAS.html,2015-16
Markieff Morris,2015-12-31,Phoenix Suns,Oklahoma City Thunder,0,,,,,,,,,,,,,,,,,,,,,https://www.basketball-reference.com/boxscores/201512310OKC.html,2015-16
Markieff Morris,2016-01-02,Phoenix Suns,Sacramento Kings,0,,,,,,,,,,,,,,,,,,,,,https://www.basketball-reference.com/boxscores/201601020SAC.html,2015-16
Markieff Morris,2016-01-03,Phoenix Suns,Los Angeles Lakers,0,,,,,,,,,,,,,,,,,,,,,https://www.basketball-reference.com/boxscores/201601030LAL.html,2015-16
Markieff Morris,2016-01-06,Phoenix Suns,Charlotte Hornets,1,,,,,,,,,,,,,,,,,,,,,https://www.basketball-reference.com/boxscores/201601060PHO.html,2015-16
Markieff Morris,2016-01-08,Phoenix Suns,Miami Heat,1,6.17,1.0,3.0,0.333,0.0,0.0,,0.0,0.0,,1.0,0.0,1.0,0.0,0.0,0.0,1.0,3.0,2.0,-3.0,https://www.basketball-reference.com/boxscores/201601080PHO.html,2015-16
Markieff Morris,2016-01-12,Phoenix Suns,Indiana Pacers,0,26.4,7.0,18.0,0.389,0.0,4.0,0.0,2.0,3.0,0.667,2.0,7.0,9.0,1.0,1.0,0.0,3.0,4.0,16.0,-10.0,https://www.basketball-reference.com/boxscores/201601120IND.html,2015-16
Markieff Morris,2016-01-15,Phoenix Suns,Boston Celtics,0,21.49,2.0,10.0,0.2,0.0,0.0,,5.0,5.0,1.0,1.0,8.0,9.0,4.0,1.0,0.0,1.0,1.0,9.0,-26.0,https://www.basketball-reference.com/boxscores/201601150BOS.html,2015-16
Markieff Morris,2016-01-17,Phoenix Suns,Minnesota Timberwolves,0,33.43,7.0,12.0,0.583,0.0,2.0,0.0,3.0,5.0,0.6,1.0,4.0,5.0,3.0,3.0,0.0,2.0,5.0,17.0,-21.0,https://www.basketball-reference.com/boxscores/201601170MIN.html,2015-16
Markieff Morris,2016-01-19,Phoenix Suns,Indiana Pacers,1,11.32,1.0,4.0,0.25,0.0,0.0,,0.0,0.0,,0.0,3.0,3.0,1.0,0.0,0.0,0.0,0.0,2.0,-6.0,https://www.basketball-reference.com/boxscores/201601190PHO.html,2015-16
Markieff Morris,2016-01-21,Phoenix Suns,San Antonio Spurs,1,,,,,,,,,,,,,,,,,,,,,https://www.basketball-reference.com/boxscores/201601210PHO.html,2015-16
Markieff Morris,2016-01-23,Phoenix Suns,Atlanta Hawks,1,,,,,,,,,,,,,,,,,,,,,https://www.basketball-reference.com/boxscores/201601230PHO.html,2015-16
Markieff Morris,2016-01-26,Phoenix Suns,Philadelphia 76ers,0,24.17,3.0,7.0,0.429,0.0,0.0,,2.0,4.0,0.5,1.0,6.0,7.0,1.0,1.0,0.0,3.0,4.0,8.0,-8.0,https://www.basketball-reference.com/boxscores/201601260PHI.html,2015-16
Markieff Morris,2016-01-27,Phoenix Suns,Cleveland Cavaliers,0,25.46,5.0,11.0,0.455,1.0,2.0,0.5,2.0,2.0,1.0,0.0,5.0,5.0,3.0,1.0,1.0,4.0,0.0,13.0,4.0,https://www.basketball-reference.com/boxscores/201601270CLE.html,2015-16
Markieff Morris,2016-01-29,Phoenix Suns,New York Knicks,0,28.39,3.0,9.0,0.333,0.0,3.0,0.0,0.0,0.0,,0.0,5.0,5.0,2.0,2.0,1.0,3.0,3.0,6.0,2.0,https://www.basketball-reference.com/boxscores/201601290NYK.html,2015-16
Markieff Morris,2016-01-31,Phoenix Suns,Dallas Mavericks,0,26.06,5.0,13.0,0.385,0.0,2.0,0.0,3.0,4.0,0.75,2.0,2.0,4.0,4.0,4.0,0.0,3.0,1.0,13.0,3.0,https://www.basketball-reference.com/boxscores/201601310DAL.html,2015-16
Markieff Morris,2016-02-02,Phoenix Suns,Toronto Raptors,1,41.29,13.0,20.0,0.65,1.0,3.0,0.333,3.0,5.0,0.6,1.0,10.0,11.0,6.0,1.0,2.0,4.0,5.0,30.0,9.0,https://www.basketball-reference.com/boxscores/201602020PHO.html,2015-16
Markieff Morris,2016-02-04,Phoenix Suns,Houston Rockets,1,28.46,4.0,12.0,0.333,1.0,2.0,0.5,5.0,5.0,1.0,3.0,2.0,5.0,2.0,0.0,1.0,5.0,3.0,14.0,-16.0,https://www.basketball-reference.com/boxscores/201602040PHO.html,2015-16
Markieff Morris,2016-02-06,Phoenix Suns,Utah Jazz,1,36.22,6.0,22.0,0.273,2.0,4.0,0.5,3.0,4.0,0.75,4.0,3.0,7.0,8.0,1.0,2.0,1.0,5.0,17.0,1.0,https://www.basketball-reference.com/boxscores/201602060PHO.html,2015-16
Markieff Morris,2016-02-08,Phoenix Suns,Oklahoma City Thunder,1,32.11,7.0,14.0,0.5,0.0,1.0,0.0,9.0,13.0,0.6920000000000001,2.0,5.0,7.0,3.0,2.0,1.0,6.0,3.0,23.0,-10.0,https://www.basketball-reference.com/boxscores/201602080PHO.html,2015-16
Markieff Morris,2016-02-10,Phoenix Suns,Golden State Warriors,1,35.37,9.0,19.0,0.474,0.0,2.0,0.0,1.0,2.0,0.5,0.0,8.0,8.0,4.0,1.0,1.0,1.0,4.0,19.0,-7.0,https://www.basketball-reference.com/boxscores/201602100PHO.html,2015-16
Markieff Morris,2016-02-19,Washington Wizards,Detroit Pistons,1,22.03,2.0,8.0,0.25,0.0,2.0,0.0,2.0,2.0,1.0,0.0,2.0,2.0,0.0,0.0,0.0,2.0,3.0,6.0,-2.0,https://www.basketball-reference.com/boxscores/201602190WAS.html,2015-16
Markieff Morris,2016-02-20,Washington Wizards,Miami Heat,0,20.33,2.0,7.0,0.28600000000000003,0.0,1.0,0.0,1.0,2.0,0.5,2.0,2.0,4.0,1.0,2.0,1.0,1.0,5.0,5.0,-5.0,https://www.basketball-reference.com/boxscores/201602200MIA.html,2015-16
Markieff Morris,2016-02-23,Washington Wizards,New Orleans Pelicans,1,21.34,3.0,8.0,0.375,0.0,3.0,0.0,0.0,0.0,,0.0,2.0,2.0,2.0,2.0,1.0,0.0,4.0,6.0,-4.0,https://www.basketball-reference.com/boxscores/201602230WAS.html,2015-16
Markieff Morris,2016-02-24,Washington Wizards,Chicago Bulls,0,28.22,1.0,7.0,0.14300000000000002,0.0,0.0,,3.0,4.0,0.75,1.0,9.0,10.0,1.0,1.0,1.0,1.0,2.0,5.0,6.0,https://www.basketball-reference.com/boxscores/201602240CHI.html,2015-16
Markieff Morris,2016-02-26,Washington Wizards,Philadelphia 76ers,0,18.02,3.0,9.0,0.333,0.0,2.0,0.0,4.0,4.0,1.0,0.0,7.0,7.0,0.0,1.0,2.0,0.0,4.0,10.0,-5.0,https://www.basketball-reference.com/boxscores/201602260PHI.html,2015-16
Markieff Morris,2016-02-28,Washington Wizards,Cleveland Cavaliers,1,20.37,4.0,8.0,0.5,0.0,1.0,0.0,1.0,1.0,1.0,0.0,3.0,3.0,1.0,2.0,0.0,1.0,3.0,9.0,22.0,https://www.basketball-reference.com/boxscores/201602280WAS.html,2015-16
Markieff Morris,2016-02-29,Washington Wizards,Philadelphia 76ers,1,37.27,6.0,10.0,0.6,0.0,2.0,0.0,4.0,4.0,1.0,1.0,12.0,13.0,5.0,2.0,1.0,3.0,5.0,16.0,7.0,https://www.basketball-reference.com/boxscores/201602290WAS.html,2015-16
Markieff Morris,2016-03-02,Washington Wizards,Minnesota Timberwolves,0,23.57,2.0,6.0,0.333,1.0,3.0,0.333,2.0,2.0,1.0,0.0,6.0,6.0,2.0,0.0,0.0,1.0,3.0,7.0,-6.0,https://www.basketball-reference.com/boxscores/201603020MIN.html,2015-16
Markieff Morris,2016-03-04,Washington Wizards,Cleveland Cavaliers,0,27.54,6.0,10.0,0.6,1.0,2.0,0.5,0.0,0.0,,1.0,4.0,5.0,2.0,0.0,0.0,2.0,1.0,13.0,-17.0,https://www.basketball-reference.com/boxscores/201603040CLE.html,2015-16
Markieff Morris,2016-03-05,Washington Wizards,Indiana Pacers,1,32.02,6.0,11.0,0.545,1.0,1.0,1.0,1.0,2.0,0.5,3.0,5.0,8.0,0.0,1.0,0.0,1.0,0.0,14.0,0.0,https://www.basketball-reference.com/boxscores/201603050WAS.html,2015-16
Markieff Morris,2016-03-08,Portland Trail Blazers,Washington Wizards,1,27.35,4.0,12.0,0.333,0.0,2.0,0.0,0.0,0.0,,1.0,6.0,7.0,0.0,0.0,1.0,3.0,5.0,8.0,-7.0,https://www.basketball-reference.com/boxscores/201603080POR.html,2015-16
Markieff Morris,2016-03-11,Washington Wizards,Utah Jazz,0,29.24,6.0,11.0,0.545,1.0,1.0,1.0,3.0,3.0,1.0,0.0,4.0,4.0,2.0,1.0,0.0,3.0,4.0,16.0,-7.0,https://www.basketball-reference.com/boxscores/201603110UTA.html,2015-16
Markieff Morris,2016-03-12,Washington Wizards,Denver Nuggets,0,30.11,3.0,9.0,0.333,0.0,1.0,0.0,2.0,3.0,0.667,2.0,4.0,6.0,2.0,1.0,1.0,2.0,2.0,8.0,-4.0,https://www.basketball-reference.com/boxscores/201603120DEN.html,2015-16
Markieff Morris,2016-03-14,Washington Wizards,Detroit Pistons,1,24.23,6.0,11.0,0.545,2.0,5.0,0.4,0.0,0.0,,1.0,3.0,4.0,3.0,1.0,1.0,1.0,2.0,14.0,36.0,https://www.basketball-reference.com/boxscores/201603140WAS.html,2015-16
Markieff Morris,2016-03-16,Washington Wizards,Chicago Bulls,1,14.06,5.0,8.0,0.625,1.0,2.0,0.5,0.0,0.0,,3.0,3.0,6.0,2.0,0.0,0.0,1.0,5.0,11.0,8.0,https://www.basketball-reference.com/boxscores/201603160WAS.html,2015-16
Markieff Morris,2016-03-17,Washington Wizards,Philadelphia 76ers,0,25.4,7.0,13.0,0.5379999999999999,0.0,3.0,0.0,0.0,0.0,,1.0,2.0,3.0,2.0,0.0,0.0,3.0,2.0,14.0,6.0,https://www.basketball-reference.com/boxscores/201603170PHI.html,2015-16
Markieff Morris,2016-03-19,Washington Wizards,New York Knicks,1,36.21,8.0,15.0,0.5329999999999999,1.0,6.0,0.16699999999999998,0.0,0.0,,2.0,2.0,4.0,1.0,3.0,0.0,2.0,2.0,17.0,20.0,https://www.basketball-reference.com/boxscores/201603190WAS.html,2015-16
Markieff Morris,2016-03-21,Washington Wizards,Atlanta Hawks,0,26.31,5.0,11.0,0.455,2.0,3.0,0.667,2.0,5.0,0.4,0.0,7.0,7.0,0.0,3.0,1.0,1.0,3.0,14.0,18.0,https://www.basketball-reference.com/boxscores/201603210ATL.html,2015-16
Markieff Morris,2016-03-23,Washington Wizards,Atlanta Hawks,1,26.1,8.0,12.0,0.667,3.0,6.0,0.5,0.0,0.0,,4.0,5.0,9.0,1.0,2.0,0.0,5.0,6.0,19.0,-2.0,https://www.basketball-reference.com/boxscores/201603230WAS.html,2015-16
Markieff Morris,2016-03-29,Washington Wizards,Golden State Warriors,0,23.54,5.0,12.0,0.417,3.0,7.0,0.429,2.0,2.0,1.0,0.0,8.0,8.0,0.0,0.0,1.0,4.0,3.0,15.0,-12.0,https://www.basketball-reference.com/boxscores/201603290GSW.html,2015-16
Markieff Morris,2016-03-30,Washington Wizards,Sacramento Kings,0,32.08,6.0,13.0,0.462,1.0,4.0,0.25,0.0,0.0,,2.0,2.0,4.0,2.0,0.0,2.0,3.0,1.0,13.0,2.0,https://www.basketball-reference.com/boxscores/201603300SAC.html,2015-16
Markieff Morris,2018-12-01,Washington Wizards,Brooklyn Nets,1,28.31,9.0,12.0,0.75,2.0,4.0,0.5,0.0,0.0,,0.0,7.0,7.0,2.0,3.0,2.0,2.0,3.0,20.0,17.0,https://www.basketball-reference.com/boxscores/201812010WAS.html,2018-19
Markieff Morris,2018-12-03,Washington Wizards,New York Knicks,0,23.58,7.0,13.0,0.5379999999999999,1.0,3.0,0.333,3.0,4.0,0.75,2.0,5.0,7.0,1.0,2.0,0.0,2.0,4.0,18.0,-4.0,https://www.basketball-reference.com/boxscores/201812030NYK.html,2018-19
Markieff Morris,2018-12-05,Washington Wizards,Atlanta Hawks,0,22.4,5.0,11.0,0.455,2.0,7.0,0.28600000000000003,0.0,0.0,,0.0,2.0,2.0,3.0,0.0,2.0,2.0,4.0,12.0,14.0,https://www.basketball-reference.com/boxscores/201812050ATL.html,2018-19
Markieff Morris,2018-12-08,Washington Wizards,Cleveland Cavaliers,0,30.51,4.0,13.0,0.308,3.0,7.0,0.429,0.0,0.0,,0.0,4.0,4.0,2.0,0.0,1.0,0.0,3.0,11.0,-16.0,https://www.basketball-reference.com/boxscores/201812080CLE.html,2018-19
Markieff Morris,2018-12-10,Washington Wizards,Indiana Pacers,0,21.15,2.0,11.0,0.182,1.0,6.0,0.16699999999999998,1.0,2.0,0.5,1.0,6.0,7.0,3.0,2.0,0.0,0.0,4.0,6.0,8.0,https://www.basketball-reference.com/boxscores/201812100IND.html,2018-19
Markieff Morris,2018-12-14,Washington Wizards,Brooklyn Nets,0,27.1,7.0,8.0,0.875,0.0,1.0,0.0,1.0,2.0,0.5,0.0,3.0,3.0,2.0,0.0,0.0,4.0,6.0,15.0,2.0,https://www.basketball-reference.com/boxscores/201812140BRK.html,2018-19
Markieff Morris,2018-12-16,Washington Wizards,Los Angeles Lakers,1,10.42,2.0,4.0,0.5,0.0,2.0,0.0,0.0,0.0,,1.0,3.0,4.0,0.0,0.0,0.0,1.0,2.0,4.0,-4.0,https://www.basketball-reference.com/boxscores/201812160WAS.html,2018-19
Markieff Morris,2018-12-18,Washington Wizards,Atlanta Hawks,0,17.27,1.0,5.0,0.2,0.0,2.0,0.0,5.0,8.0,0.625,2.0,0.0,2.0,4.0,1.0,0.0,0.0,6.0,7.0,-4.0,https://www.basketball-reference.com/boxscores/201812180ATL.html,2018-19
Markieff Morris,2018-12-19,Washington Wizards,Houston Rockets,0,24.0,2.0,6.0,0.333,0.0,1.0,0.0,1.0,2.0,0.5,1.0,4.0,5.0,0.0,0.0,0.0,1.0,2.0,5.0,-9.0,https://www.basketball-reference.com/boxscores/201812190HOU.html,2018-19
Markieff Morris,2018-12-23,Washington Wizards,Indiana Pacers,0,25.01,5.0,12.0,0.417,1.0,5.0,0.2,5.0,5.0,1.0,1.0,5.0,6.0,1.0,1.0,0.0,0.0,3.0,16.0,-19.0,https://www.basketball-reference.com/boxscores/201812230IND.html,2018-19
Markieff Morris,2018-12-26,Washington Wizards,Detroit Pistons,0,36.16,4.0,12.0,0.333,1.0,6.0,0.16699999999999998,3.0,4.0,0.75,3.0,3.0,6.0,2.0,2.0,0.0,1.0,3.0,12.0,-14.0,https://www.basketball-reference.com/boxscores/201812260DET.html,2018-19
Markieff Morris,2018-12-29,Washington Wizards,Charlotte Hornets,1,,,,,,,,,,,,,,,,,,,,,https://www.basketball-reference.com/boxscores/201812290WAS.html,2018-19
Markieff Morris,2019-02-23,Oklahoma City Thunder,Sacramento Kings,1,20.12,2.0,8.0,0.25,1.0,5.0,0.2,5.0,5.0,1.0,1.0,7.0,8.0,0.0,0.0,2.0,0.0,5.0,10.0,0.0,https://www.basketball-reference.com/boxscores/201902230OKC.html,2018-19
Markieff Morris,2019-02-26,Oklahoma City Thunder,Denver Nuggets,0,13.57,2.0,6.0,0.333,2.0,5.0,0.4,0.0,0.0,,0.0,3.0,3.0,1.0,0.0,0.0,1.0,3.0,6.0,15.0,https://www.basketball-reference.com/boxscores/201902260DEN.html,2018-19
Markieff Morris,2019-02-28,Oklahoma City Thunder,Philadelphia 76ers,1,19.13,7.0,12.0,0.583,1.0,3.0,0.333,2.0,2.0,1.0,0.0,4.0,4.0,0.0,1.0,0.0,0.0,3.0,17.0,-7.0,https://www.basketball-reference.com/boxscores/201902280OKC.html,2018-19
Markieff Morris,2019-03-02,Oklahoma City Thunder,San Antonio Spurs,0,22.21,4.0,6.0,0.667,1.0,2.0,0.5,1.0,2.0,0.5,0.0,3.0,3.0,1.0,1.0,0.0,0.0,1.0,10.0,2.0,https://www.basketball-reference.com/boxscores/201903020SAS.html,2018-19
Markieff Morris,2019-03-03,Oklahoma City Thunder,Memphis Grizzlies,1,14.43,3.0,9.0,0.333,1.0,2.0,0.5,0.0,1.0,0.0,0.0,1.0,1.0,0.0,0.0,0.0,0.0,4.0,7.0,2.0,https://www.basketball-reference.com/boxscores/201903030OKC.html,2018-19
Markieff Morris,2019-03-05,Oklahoma City Thunder,Minnesota Timberwolves,0,15.25,1.0,5.0,0.2,1.0,2.0,0.5,0.0,0.0,,1.0,4.0,5.0,2.0,0.0,0.0,1.0,3.0,3.0,-11.0,https://www.basketball-reference.com/boxscores/201903050MIN.html,2018-19
Markieff Morris,2019-03-07,Portland Trail Blazers,Oklahoma City Thunder,1,22.39,2.0,6.0,0.333,0.0,1.0,0.0,0.0,0.0,,3.0,7.0,10.0,1.0,0.0,0.0,0.0,2.0,4.0,-4.0,https://www.basketball-reference.com/boxscores/201903070POR.html,2018-19
Markieff Morris,2019-03-08,Oklahoma City Thunder,Los Angeles Clippers,0,17.03,5.0,10.0,0.5,1.0,2.0,0.5,1.0,2.0,0.5,1.0,6.0,7.0,1.0,0.0,0.0,0.0,1.0,12.0,8.0,https://www.basketball-reference.com/boxscores/201903080LAC.html,2018-19
Markieff Morris,2019-03-11,Oklahoma City Thunder,Utah Jazz,0,7.54,0.0,4.0,0.0,0.0,1.0,0.0,0.0,0.0,,0.0,1.0,1.0,0.0,0.0,0.0,0.0,1.0,0.0,-2.0,https://www.basketball-reference.com/boxscores/201903110UTA.html,2018-19
Markieff Morris,2019-03-13,Oklahoma City Thunder,Brooklyn Nets,1,,,,,,,,,,,,,,,,,,,,,https://www.basketball-reference.com/boxscores/201903130OKC.html,2018-19
Markieff Morris,2019-03-14,Oklahoma City Thunder,Indiana Pacers,0,17.08,3.0,6.0,0.5,2.0,4.0,0.5,0.0,0.0,,0.0,3.0,3.0,0.0,1.0,0.0,0.0,2.0,8.0,4.0,https://www.basketball-reference.com/boxscores/201903140IND.html,2018-19
Markieff Morris,2019-03-16,Oklahoma City Thunder,Golden State Warriors,1,16.4,3.0,7.0,0.429,2.0,3.0,0.667,0.0,0.0,,2.0,3.0,5.0,0.0,1.0,0.0,0.0,3.0,8.0,1.0,https://www.basketball-reference.com/boxscores/201903160OKC.html,2018-19
Markieff Morris,2019-03-18,Oklahoma City Thunder,Miami Heat,1,18.59,2.0,9.0,0.222,0.0,3.0,0.0,0.0,0.0,,1.0,3.0,4.0,1.0,0.0,0.0,0.0,1.0,4.0,-12.0,https://www.basketball-reference.com/boxscores/201903180OKC.html,2018-19
Markieff Morris,2019-03-22,Oklahoma City Thunder,Toronto Raptors,0,14.52,1.0,5.0,0.2,1.0,1.0,1.0,0.0,0.0,,0.0,2.0,2.0,0.0,1.0,0.0,1.0,3.0,3.0,-3.0,https://www.basketball-reference.com/boxscores/201903220TOR.html,2018-19
Markieff Morris,2019-03-25,Oklahoma City Thunder,Memphis Grizzlies,0,13.24,2.0,5.0,0.4,0.0,2.0,0.0,0.0,0.0,,0.0,2.0,2.0,0.0,0.0,0.0,2.0,4.0,4.0,1.0,https://www.basketball-reference.com/boxscores/201903250MEM.html,2018-19
Markieff Morris,2019-03-27,Oklahoma City Thunder,Indiana Pacers,1,7.0,0.0,2.0,0.0,0.0,2.0,0.0,0.0,0.0,,0.0,1.0,1.0,3.0,0.0,0.0,0.0,2.0,0.0,-3.0,https://www.basketball-reference.com/boxscores/201903270OKC.html,2018-19
Markieff Morris,2019-03-29,Oklahoma City Thunder,Denver Nuggets,1,15.15,1.0,5.0,0.2,1.0,4.0,0.25,0.0,0.0,,0.0,1.0,1.0,1.0,2.0,0.0,1.0,1.0,3.0,-6.0,https://www.basketball-reference.com/boxscores/201903290OKC.html,2018-19
Markieff Morris,2019-03-31,Oklahoma City Thunder,Dallas Mavericks,1,10.37,1.0,6.0,0.16699999999999998,0.0,3.0,0.0,2.0,2.0,1.0,0.0,1.0,1.0,0.0,0.0,0.0,0.0,2.0,4.0,0.0,https://www.basketball-reference.com/boxscores/201903310OKC.html,2018-19
Markieff Morris,2020-12-22,Los Angeles Lakers,Los Angeles Clippers,1,19.0,1.0,3.0,0.333,1.0,2.0,0.5,2.0,3.0,0.667,1.0,3.0,4.0,1.0,0.0,0.0,0.0,0.0,5.0,14.0,https://www.basketball-reference.com/boxscores/202012220LAL.html,2020-21
Markieff Morris,2020-12-25,Los Angeles Lakers,Dallas Mavericks,1,15.2,3.0,5.0,0.6,3.0,5.0,0.6,0.0,0.0,,3.0,4.0,7.0,2.0,1.0,0.0,0.0,0.0,9.0,3.0,https://www.basketball-reference.com/boxscores/202012250LAL.html,2020-21
Markieff Morris,2020-12-27,Los Angeles Lakers,Minnesota Timberwolves,1,15.06,3.0,7.0,0.429,1.0,4.0,0.25,0.0,0.0,,1.0,5.0,6.0,1.0,0.0,2.0,1.0,3.0,7.0,1.0,https://www.basketball-reference.com/boxscores/202012270LAL.html,2020-21
Markieff Morris,2020-12-28,Los Angeles Lakers,Portland Trail Blazers,1,6.45,0.0,1.0,0.0,0.0,0.0,,0.0,0.0,,0.0,1.0,1.0,1.0,0.0,1.0,0.0,1.0,0.0,-10.0,https://www.basketball-reference.com/boxscores/202012280LAL.html,2020-21
Markieff Morris,2020-12-30,Los Angeles Lakers,San Antonio Spurs,0,19.23,1.0,3.0,0.333,0.0,2.0,0.0,0.0,0.0,,0.0,6.0,6.0,1.0,0.0,0.0,1.0,3.0,2.0,-6.0,https://www.basketball-reference.com/boxscores/202012300SAS.html,2020-21
Markieff Morris,2021-01-01,Los Angeles Lakers,San Antonio Spurs,0,12.57,1.0,4.0,0.25,1.0,4.0,0.25,0.0,0.0,,0.0,4.0,4.0,0.0,0.0,0.0,0.0,3.0,3.0,6.0,https://www.basketball-reference.com/boxscores/202101010SAS.html,2020-21
Markieff Morris,2021-01-03,Los Angeles Lakers,Memphis Grizzlies,0,14.21,0.0,2.0,0.0,0.0,2.0,0.0,0.0,0.0,,0.0,1.0,1.0,1.0,0.0,0.0,0.0,0.0,0.0,10.0,https://www.basketball-reference.com/boxscores/202101030MEM.html,2020-21
Markieff Morris,2021-01-05,Los Angeles Lakers,Memphis Grizzlies,0,14.28,2.0,6.0,0.333,1.0,3.0,0.333,0.0,0.0,,2.0,4.0,6.0,1.0,0.0,0.0,0.0,3.0,5.0,-10.0,https://www.basketball-reference.com/boxscores/202101050MEM.html,2020-21
Markieff Morris,2021-01-07,Los Angeles Lakers,San Antonio Spurs,1,12.38,0.0,0.0,,0.0,0.0,,0.0,0.0,,1.0,2.0,3.0,0.0,0.0,0.0,1.0,3.0,0.0,2.0,https://www.basketball-reference.com/boxscores/202101070LAL.html,2020-21
Markieff Morris,2021-01-08,Los Angeles Lakers,Chicago Bulls,1,29.07,5.0,8.0,0.625,1.0,3.0,0.333,0.0,0.0,,0.0,6.0,6.0,0.0,0.0,1.0,1.0,2.0,11.0,10.0,https://www.basketball-reference.com/boxscores/202101080LAL.html,2020-21
Markieff Morris,2021-01-10,Los Angeles Lakers,Houston Rockets,0,2.53,0.0,0.0,,0.0,0.0,,0.0,0.0,,0.0,1.0,1.0,0.0,0.0,0.0,1.0,1.0,0.0,-5.0,https://www.basketball-reference.com/boxscores/202101100HOU.html,2020-21
Markieff Morris,2021-01-12,Los Angeles Lakers,Houston Rockets,0,14.52,2.0,4.0,0.5,1.0,2.0,0.5,2.0,2.0,1.0,1.0,2.0,3.0,1.0,0.0,1.0,1.0,2.0,7.0,-1.0,https://www.basketball-reference.com/boxscores/202101120HOU.html,2020-21
Markieff Morris,2021-01-13,Los Angeles Lakers,Oklahoma City Thunder,0,23.27,4.0,9.0,0.444,3.0,8.0,0.375,0.0,0.0,,0.0,7.0,7.0,2.0,0.0,0.0,0.0,0.0,11.0,13.0,https://www.basketball-reference.com/boxscores/202101130OKC.html,2020-21
Markieff Morris,2021-01-15,Los Angeles Lakers,New Orleans Pelicans,1,16.26,2.0,7.0,0.28600000000000003,1.0,5.0,0.2,0.0,1.0,0.0,0.0,1.0,1.0,2.0,0.0,1.0,0.0,1.0,5.0,-9.0,https://www.basketball-reference.com/boxscores/202101150LAL.html,2020-21
Markieff Morris,2021-01-18,Los Angeles Lakers,Golden State Warriors,1,5.39,0.0,1.0,0.0,0.0,0.0,,1.0,2.0,0.5,0.0,0.0,0.0,0.0,0.0,0.0,1.0,1.0,1.0,-12.0,https://www.basketball-reference.com/boxscores/202101180LAL.html,2020-21
Markieff Morris,2021-01-21,Los Angeles Lakers,Milwaukee Bucks,0,10.1,1.0,3.0,0.333,1.0,3.0,0.333,0.0,0.0,,0.0,2.0,2.0,3.0,0.0,0.0,1.0,0.0,3.0,10.0,https://www.basketball-reference.com/boxscores/202101210MIL.html,2020-21
Markieff Morris,2021-01-23,Los Angeles Lakers,Chicago Bulls,0,,,,,,,,,,,,,,,,,,,,,https://www.basketball-reference.com/boxscores/202101230CHI.html,2020-21
Markieff Morris,2021-01-25,Los Angeles Lakers,Cleveland Cavaliers,0,15.45,2.0,2.0,1.0,1.0,1.0,1.0,3.0,3.0,1.0,1.0,0.0,1.0,0.0,0.0,0.0,1.0,2.0,8.0,5.0,https://www.basketball-reference.com/boxscores/202101250CLE.html,2020-21
Markieff Morris,2021-01-27,Los Angeles Lakers,Philadelphia 76ers,0,13.26,2.0,5.0,0.4,0.0,3.0,0.0,0.0,0.0,,1.0,1.0,2.0,0.0,0.0,0.0,0.0,1.0,4.0,3.0,https://www.basketball-reference.com/boxscores/202101270PHI.html,2020-21
Markieff Morris,2021-01-28,Los Angeles Lakers,Detroit Pistons,0,12.59,0.0,3.0,0.0,0.0,2.0,0.0,0.0,0.0,,2.0,2.0,4.0,2.0,0.0,0.0,1.0,2.0,0.0,1.0,https://www.basketball-reference.com/boxscores/202101280DET.html,2020-21
Markieff Morris,2021-01-30,Los Angeles Lakers,Boston Celtics,0,,,,,,,,,,,,,,,,,,,,,https://www.basketball-reference.com/boxscores/202101300BOS.html,2020-21
Markieff Morris,2021-02-01,Los Angeles Lakers,Atlanta Hawks,0,,,,,,,,,,,,,,,,,,,,,https://www.basketball-reference.com/boxscores/202102010ATL.html,2020-21
Markieff Morris,2021-02-04,Los Angeles Lakers,Denver Nuggets,1,,,,,,,,,,,,,,,,,,,,,https://www.basketball-reference.com/boxscores/202102040LAL.html,2020-21
Markieff Morris,2021-02-12,Los Angeles Lakers,Memphis Grizzlies,1,,,,,,,,,,,,,,,,,,,,,https://www.basketball-reference.com/boxscores/202102120LAL.html,2020-21
Markieff Morris,2021-02-14,Los Angeles Lakers,Denver Nuggets,0,9.44,0.0,5.0,0.0,0.0,2.0,0.0,0.0,0.0,,0.0,3.0,3.0,2.0,1.0,0.0,0.0,0.0,0.0,-4.0,https://www.basketball-reference.com/boxscores/202102140DEN.html,2020-21
Markieff Morris,2021-02-16,Los Angeles Lakers,Minnesota Timberwolves,0,17.52,3.0,5.0,0.6,3.0,5.0,0.6,0.0,0.0,,0.0,2.0,2.0,0.0,1.0,0.0,1.0,2.0,9.0,6.0,https://www.basketball-reference.com/boxscores/202102160MIN.html,2020-21
Markieff Morris,2021-02-18,Los Angeles Lakers,Brooklyn Nets,1,9.55,0.0,2.0,0.0,0.0,1.0,0.0,0.0,0.0,,0.0,1.0,1.0,0.0,0.0,0.0,0.0,3.0,0.0,5.0,https://www.basketball-reference.com/boxscores/202102180LAL.html,2020-21
Markieff Morris,2021-02-20,Los Angeles Lakers,Miami Heat,1,17.28,0.0,3.0,0.0,0.0,3.0,0.0,2.0,2.0,1.0,0.0,1.0,1.0,0.0,0.0,0.0,2.0,2.0,2.0,-8.0,https://www.basketball-reference.com/boxscores/202102200LAL.html,2020-21
Markieff Morris,2021-02-24,Los Angeles Lakers,Utah Jazz,0,27.32,5.0,10.0,0.5,0.0,1.0,0.0,2.0,4.0,0.5,5.0,4.0,9.0,1.0,0.0,0.0,1.0,2.0,12.0,-9.0,https://www.basketball-reference.com/boxscores/202102240UTA.html,2020-21
Markieff Morris,2021-02-26,Los Angeles Lakers,Portland Trail Blazers,1,22.01,2.0,8.0,0.25,0.0,4.0,0.0,0.0,1.0,0.0,1.0,3.0,4.0,1.0,1.0,0.0,1.0,3.0,4.0,-9.0,https://www.basketball-reference.com/boxscores/202102260LAL.html,2020-21
Markieff Morris,2021-02-28,Los Angeles Lakers,Golden State Warriors,1,24.14,4.0,8.0,0.5,2.0,4.0,0.5,3.0,4.0,0.75,1.0,7.0,8.0,4.0,0.0,0.0,0.0,1.0,13.0,18.0,https://www.basketball-reference.com/boxscores/202102280LAL.html,2020-21
Markieff Morris,2021-03-02,Los Angeles Lakers,Phoenix Suns,1,33.4,5.0,6.0,0.833,2.0,3.0,0.667,0.0,0.0,,1.0,5.0,6.0,0.0,1.0,2.0,2.0,3.0,12.0,-16.0,https://www.basketball-reference.com/boxscores/202103020LAL.html,2020-21
Markieff Morris,2021-03-03,Los Angeles Lakers,Sacramento Kings,0,30.16,4.0,10.0,0.4,3.0,7.0,0.429,0.0,0.0,,0.0,5.0,5.0,3.0,0.0,0.0,0.0,0.0,11.0,6.0,https://www.basketball-reference.com/boxscores/202103030SAC.html,2020-21
Markieff Morris,2021-03-12,Los Angeles Lakers,Indiana Pacers,1,18.38,2.0,3.0,0.667,2.0,3.0,0.667,2.0,2.0,1.0,0.0,7.0,7.0,2.0,0.0,1.0,1.0,0.0,8.0,-1.0,https://www.basketball-reference.com/boxscores/202103120LAL.html,2020-21
Markieff Morris,2021-03-15,Los Angeles Lakers,Golden State Warriors,0,15.48,2.0,5.0,0.4,2.0,4.0,0.5,1.0,2.0,0.5,2.0,3.0,5.0,0.0,1.0,0.0,1.0,3.0,7.0,7.0,https://www.basketball-reference.com/boxscores/202103150GSW.html,2020-21
Markieff Morris,2021-03-16,Los Angeles Lakers,Minnesota Timberwolves,1,19.19,4.0,10.0,0.4,1.0,3.0,0.333,3.0,4.0,0.75,3.0,4.0,7.0,1.0,0.0,0.0,3.0,3.0,12.0,0.0,https://www.basketball-reference.com/boxscores/202103160LAL.html,2020-21
Markieff Morris,2021-03-18,Los Angeles Lakers,Charlotte Hornets,1,20.1,3.0,5.0,0.6,1.0,2.0,0.5,0.0,0.0,,0.0,6.0,6.0,2.0,0.0,1.0,0.0,1.0,7.0,-1.0,https://www.basketball-reference.com/boxscores/202103180LAL.html,2020-21
Markieff Morris,2021-03-20,Los Angeles Lakers,Atlanta Hawks,1,27.39,5.0,13.0,0.385,2.0,9.0,0.222,0.0,0.0,,0.0,6.0,6.0,1.0,1.0,1.0,0.0,2.0,12.0,1.0,https://www.basketball-reference.com/boxscores/202103200LAL.html,2020-21
Markieff Morris,2021-03-21,Los Angeles Lakers,Phoenix Suns,0,23.23,1.0,6.0,0.16699999999999998,0.0,2.0,0.0,0.0,0.0,,0.0,8.0,8.0,2.0,0.0,0.0,1.0,3.0,2.0,-10.0,https://www.basketball-reference.com/boxscores/202103210PHO.html,2020-21
Markieff Morris,2021-03-23,Los Angeles Lakers,New Orleans Pelicans,0,27.05,6.0,14.0,0.429,3.0,8.0,0.375,1.0,1.0,1.0,1.0,4.0,5.0,1.0,0.0,0.0,1.0,3.0,16.0,-24.0,https://www.basketball-reference.com/boxscores/202103230NOP.html,2020-21
Markieff Morris,2021-03-25,Los Angeles Lakers,Philadelphia 76ers,1,15.25,2.0,3.0,0.667,1.0,1.0,1.0,0.0,0.0,,0.0,5.0,5.0,0.0,0.0,0.0,1.0,3.0,5.0,-14.0,https://www.basketball-reference.com/boxscores/202103250LAL.html,2020-21
Markieff Morris,2021-03-26,Los Angeles Lakers,Cleveland Cavaliers,1,27.21,5.0,10.0,0.5,3.0,7.0,0.429,0.0,0.0,,0.0,5.0,5.0,2.0,1.0,1.0,4.0,2.0,13.0,17.0,https://www.basketball-reference.com/boxscores/202103260LAL.html,2020-21
Markieff Morris,2021-03-28,Los Angeles Lakers,Orlando Magic,1,32.03,5.0,11.0,0.455,2.0,6.0,0.333,0.0,0.0,,0.0,11.0,11.0,0.0,1.0,1.0,1.0,1.0,12.0,-3.0,https://www.basketball-reference.com/boxscores/202103280LAL.html,2020-21
Markieff Morris,2021-03-31,Los Angeles Lakers,Milwaukee Bucks,1,28.48,5.0,8.0,0.625,3.0,5.0,0.6,2.0,2.0,1.0,2.0,4.0,6.0,2.0,0.0,0.0,2.0,3.0,15.0,-16.0,https://www.basketball-reference.com/boxscores/202103310LAL.html,2020-21
Markieff Morris,2013-12-03,Phoenix Suns,Memphis Grizzlies,0,25.02,4.0,9.0,0.444,0.0,0.0,,2.0,2.0,1.0,3.0,5.0,8.0,3.0,0.0,1.0,2.0,3.0,10.0,8.0,https://www.basketball-reference.com/boxscores/201312030MEM.html,2013-14
Markieff Morris,2013-12-04,Phoenix Suns,Houston Rockets,0,21.02,2.0,8.0,0.25,0.0,0.0,,4.0,4.0,1.0,0.0,4.0,4.0,1.0,0.0,0.0,3.0,2.0,8.0,3.0,https://www.basketball-reference.com/boxscores/201312040HOU.html,2013-14
Markieff Morris,2013-12-06,Phoenix Suns,Toronto Raptors,1,32.2,11.0,14.0,0.7859999999999999,0.0,0.0,,3.0,6.0,0.5,6.0,5.0,11.0,1.0,0.0,0.0,5.0,4.0,25.0,-3.0,https://www.basketball-reference.com/boxscores/201312060PHO.html,2013-14
Markieff Morris,2013-12-10,Phoenix Suns,Los Angeles Lakers,0,28.37,6.0,10.0,0.6,0.0,1.0,0.0,3.0,4.0,0.75,2.0,5.0,7.0,3.0,0.0,1.0,3.0,2.0,15.0,6.0,https://www.basketball-reference.com/boxscores/201312100LAL.html,2013-14
Markieff Morris,2013-12-13,Phoenix Suns,Sacramento Kings,1,22.1,2.0,5.0,0.4,0.0,0.0,,5.0,6.0,0.833,3.0,3.0,6.0,2.0,1.0,0.0,1.0,2.0,9.0,-16.0,https://www.basketball-reference.com/boxscores/201312130PHO.html,2013-14
Markieff Morris,2013-12-15,Phoenix Suns,Golden State Warriors,1,21.51,3.0,9.0,0.333,0.0,1.0,0.0,1.0,2.0,0.5,0.0,4.0,4.0,1.0,1.0,0.0,3.0,3.0,7.0,1.0,https://www.basketball-reference.com/boxscores/201312150PHO.html,2013-14
Markieff Morris,2013-12-18,Phoenix Suns,San Antonio Spurs,1,25.01,4.0,8.0,0.5,0.0,0.0,,4.0,5.0,0.8,3.0,3.0,6.0,0.0,1.0,2.0,1.0,2.0,12.0,-7.0,https://www.basketball-reference.com/boxscores/201312180PHO.html,2013-14
Markieff Morris,2013-12-20,Phoenix Suns,Denver Nuggets,0,29.48,6.0,14.0,0.429,2.0,3.0,0.667,11.0,15.0,0.733,1.0,5.0,6.0,2.0,3.0,3.0,1.0,4.0,25.0,20.0,https://www.basketball-reference.com/boxscores/201312200DEN.html,2013-14
Markieff Morris,2013-12-21,Phoenix Suns,Dallas Mavericks,1,27.54,4.0,8.0,0.5,0.0,2.0,0.0,1.0,2.0,0.5,1.0,5.0,6.0,1.0,2.0,0.0,4.0,3.0,9.0,4.0,https://www.basketball-reference.com/boxscores/201312210PHO.html,2013-14
Markieff Morris,2013-12-23,Phoenix Suns,Los Angeles Lakers,1,19.13,4.0,7.0,0.5710000000000001,0.0,0.0,,1.0,1.0,1.0,3.0,4.0,7.0,2.0,0.0,1.0,1.0,1.0,9.0,-10.0,https://www.basketball-reference.com/boxscores/201312230PHO.html,2013-14
Markieff Morris,2013-12-27,Phoenix Suns,Golden State Warriors,0,22.1,4.0,13.0,0.308,1.0,3.0,0.333,0.0,0.0,,2.0,4.0,6.0,1.0,1.0,2.0,0.0,2.0,9.0,-10.0,https://www.basketball-reference.com/boxscores/201312270GSW.html,2013-14
Markieff Morris,2013-12-28,Phoenix Suns,Philadelphia 76ers,1,20.55,2.0,7.0,0.28600000000000003,0.0,0.0,,0.0,0.0,,1.0,7.0,8.0,3.0,0.0,0.0,4.0,2.0,4.0,8.0,https://www.basketball-reference.com/boxscores/201312280PHO.html,2013-14
Markieff Morris,2013-12-30,Phoenix Suns,Los Angeles Clippers,0,29.43,5.0,10.0,0.5,0.0,1.0,0.0,1.0,3.0,0.333,5.0,7.0,12.0,3.0,1.0,1.0,3.0,3.0,11.0,18.0,https://www.basketball-reference.com/boxscores/201312300LAC.html,2013-14
Markieff Morris,2014-01-02,Phoenix Suns,Memphis Grizzlies,1,24.56,5.0,11.0,0.455,0.0,2.0,0.0,0.0,0.0,,1.0,0.0,1.0,0.0,2.0,2.0,2.0,3.0,10.0,-28.0,https://www.basketball-reference.com/boxscores/201401020PHO.html,2013-14
Markieff Morris,2014-01-04,Phoenix Suns,Milwaukee Bucks,1,26.17,5.0,6.0,0.833,0.0,0.0,,4.0,4.0,1.0,2.0,3.0,5.0,2.0,1.0,0.0,1.0,4.0,14.0,3.0,https://www.basketball-reference.com/boxscores/201401040PHO.html,2013-14
Markieff Morris,2014-01-07,Phoenix Suns,Chicago Bulls,0,25.1,2.0,9.0,0.222,0.0,2.0,0.0,2.0,2.0,1.0,2.0,4.0,6.0,0.0,0.0,3.0,1.0,2.0,6.0,-8.0,https://www.basketball-reference.com/boxscores/201401070CHI.html,2013-14
Markieff Morris,2014-01-08,Phoenix Suns,Minnesota Timberwolves,0,15.55,3.0,10.0,0.3,0.0,1.0,0.0,2.0,4.0,0.5,2.0,3.0,5.0,2.0,2.0,0.0,0.0,4.0,8.0,6.0,https://www.basketball-reference.com/boxscores/201401080MIN.html,2013-14
Markieff Morris,2014-01-10,Phoenix Suns,Memphis Grizzlies,0,28.11,7.0,17.0,0.412,1.0,2.0,0.5,2.0,3.0,0.667,3.0,1.0,4.0,1.0,0.0,0.0,1.0,2.0,17.0,-7.0,https://www.basketball-reference.com/boxscores/201401100MEM.html,2013-14
Markieff Morris,2014-01-11,Phoenix Suns,Detroit Pistons,0,8.11,0.0,4.0,0.0,0.0,1.0,0.0,0.0,0.0,,0.0,1.0,1.0,2.0,0.0,0.0,2.0,0.0,0.0,-6.0,https://www.basketball-reference.com/boxscores/201401110DET.html,2013-14
Markieff Morris,2014-01-13,New York Knicks,Phoenix Suns,1,9.04,1.0,5.0,0.2,0.0,0.0,,0.0,0.0,,2.0,0.0,2.0,1.0,0.0,0.0,1.0,0.0,2.0,-9.0,https://www.basketball-reference.com/boxscores/201401130NYK.html,2013-14
Markieff Morris,2014-01-15,Phoenix Suns,Los Angeles Lakers,1,29.01,9.0,14.0,0.643,1.0,2.0,0.5,5.0,6.0,0.833,3.0,4.0,7.0,4.0,0.0,0.0,0.0,2.0,24.0,-6.0,https://www.basketball-reference.com/boxscores/201401150PHO.html,2013-14
Markieff Morris,2014-01-17,Phoenix Suns,Dallas Mavericks,1,32.26,8.0,15.0,0.5329999999999999,2.0,5.0,0.4,5.0,5.0,1.0,6.0,6.0,12.0,2.0,0.0,0.0,4.0,4.0,23.0,14.0,https://www.basketball-reference.com/boxscores/201401170PHO.html,2013-14
Markieff Morris,2014-01-19,Phoenix Suns,Denver Nuggets,1,27.29,6.0,12.0,0.5,0.0,0.0,,4.0,5.0,0.8,2.0,4.0,6.0,2.0,1.0,0.0,0.0,4.0,16.0,13.0,https://www.basketball-reference.com/boxscores/201401190PHO.html,2013-14
Markieff Morris,2014-01-22,Phoenix Suns,Indiana Pacers,1,27.01,8.0,14.0,0.5710000000000001,2.0,3.0,0.667,2.0,2.0,1.0,1.0,2.0,3.0,1.0,2.0,0.0,0.0,4.0,20.0,14.0,https://www.basketball-reference.com/boxscores/201401220PHO.html,2013-14
Markieff Morris,2014-01-24,Phoenix Suns,Washington Wizards,1,20.42,3.0,4.0,0.75,1.0,1.0,1.0,6.0,9.0,0.667,0.0,2.0,2.0,1.0,1.0,0.0,2.0,4.0,13.0,5.0,https://www.basketball-reference.com/boxscores/201401240PHO.html,2013-14
Markieff Morris,2014-01-26,Phoenix Suns,Cleveland Cavaliers,0,33.01,8.0,16.0,0.5,1.0,2.0,0.5,10.0,12.0,0.833,5.0,10.0,15.0,2.0,0.0,1.0,2.0,3.0,27.0,-3.0,https://www.basketball-reference.com/boxscores/201401260CLE.html,2013-14
Markieff Morris,2014-01-27,Phoenix Suns,Philadelphia 76ers,0,23.22,5.0,7.0,0.7140000000000001,0.0,1.0,0.0,3.0,3.0,1.0,1.0,2.0,3.0,3.0,0.0,4.0,0.0,5.0,13.0,-1.0,https://www.basketball-reference.com/boxscores/201401270PHI.html,2013-14
Markieff Morris,2014-01-29,Phoenix Suns,Milwaukee Bucks,0,22.14,4.0,8.0,0.5,0.0,0.0,,5.0,5.0,1.0,0.0,1.0,1.0,1.0,0.0,0.0,2.0,5.0,13.0,2.0,https://www.basketball-reference.com/boxscores/201401290MIL.html,2013-14
Markieff Morris,2014-01-30,Phoenix Suns,Indiana Pacers,0,24.07,4.0,10.0,0.4,2.0,3.0,0.667,5.0,6.0,0.833,1.0,2.0,3.0,2.0,1.0,0.0,0.0,5.0,15.0,10.0,https://www.basketball-reference.com/boxscores/201401300IND.html,2013-14
Markieff Morris,2014-02-01,Phoenix Suns,Charlotte Bobc,1,28.12,4.0,13.0,0.308,0.0,3.0,0.0,5.0,6.0,0.833,0.0,9.0,9.0,2.0,0.0,1.0,3.0,2.0,13.0,7.0,https://www.basketball-reference.com/boxscores/201402010PHO.html,2013-14
Markieff Morris,2014-02-04,Phoenix Suns,Chicago Bulls,1,29.39,4.0,13.0,0.308,1.0,4.0,0.25,3.0,4.0,0.75,1.0,4.0,5.0,0.0,2.0,2.0,5.0,5.0,12.0,-5.0,https://www.basketball-reference.com/boxscores/201402040PHO.html,2013-14
Markieff Morris,2014-02-05,Phoenix Suns,Houston Rockets,0,22.57,5.0,13.0,0.385,0.0,3.0,0.0,2.0,2.0,1.0,1.0,5.0,6.0,4.0,0.0,0.0,1.0,4.0,12.0,1.0,https://www.basketball-reference.com/boxscores/201402050HOU.html,2013-14
Markieff Morris,2014-02-08,Phoenix Suns,Golden State Warriors,1,16.59,0.0,3.0,0.0,0.0,0.0,,0.0,0.0,,1.0,3.0,4.0,0.0,0.0,1.0,2.0,1.0,0.0,5.0,https://www.basketball-reference.com/boxscores/201402080PHO.html,2013-14
Markieff Morris,2014-02-11,Phoenix Suns,Miami Heat,1,33.2,5.0,14.0,0.35700000000000004,0.0,2.0,0.0,2.0,2.0,1.0,1.0,2.0,3.0,0.0,1.0,2.0,3.0,3.0,12.0,-5.0,https://www.basketball-reference.com/boxscores/201402110PHO.html,2013-14
Markieff Morris,2014-02-18,Denver Nuggets,Phoenix Suns,1,41.31,4.0,11.0,0.364,0.0,0.0,,5.0,8.0,0.625,4.0,8.0,12.0,2.0,3.0,1.0,3.0,6.0,13.0,9.0,https://www.basketball-reference.com/boxscores/201402180DEN.html,2013-14
Markieff Morris,2014-02-19,Phoenix Suns,Boston Celtics,1,29.29,7.0,12.0,0.583,0.0,2.0,0.0,4.0,4.0,1.0,0.0,4.0,4.0,1.0,0.0,0.0,1.0,2.0,18.0,12.0,https://www.basketball-reference.com/boxscores/201402190PHO.html,2013-14
Markieff Morris,2014-02-21,Phoenix Suns,San Antonio Spurs,1,24.59,8.0,10.0,0.8,1.0,2.0,0.5,4.0,6.0,0.667,0.0,5.0,5.0,5.0,3.0,2.0,1.0,4.0,21.0,20.0,https://www.basketball-reference.com/boxscores/201402210PHO.html,2013-14
Markieff Morris,2014-02-23,Phoenix Suns,Houston Rockets,1,34.59,7.0,11.0,0.636,0.0,1.0,0.0,7.0,9.0,0.778,2.0,5.0,7.0,2.0,2.0,1.0,3.0,3.0,21.0,1.0,https://www.basketball-reference.com/boxscores/201402230PHO.html,2013-14
Markieff Morris,2014-02-25,Phoenix Suns,Minnesota Timberwolves,1,32.59,9.0,20.0,0.45,0.0,1.0,0.0,6.0,8.0,0.75,1.0,2.0,3.0,2.0,1.0,0.0,1.0,5.0,24.0,-3.0,https://www.basketball-reference.com/boxscores/201402250PHO.html,2013-14
Markieff Morris,2014-02-26,Phoenix Suns,Utah Jazz,0,23.26,3.0,9.0,0.333,0.0,2.0,0.0,5.0,6.0,0.833,2.0,2.0,4.0,0.0,0.0,0.0,2.0,2.0,11.0,-17.0,https://www.basketball-reference.com/boxscores/201402260UTA.html,2013-14
Markieff Morris,2014-02-28,Phoenix Suns,New Orleans Pelicans,1,31.3,7.0,12.0,0.583,0.0,0.0,,4.0,7.0,0.5710000000000001,2.0,2.0,4.0,4.0,0.0,2.0,0.0,2.0,18.0,14.0,https://www.basketball-reference.com/boxscores/201402280PHO.html,2013-14
Markieff Morris,2014-03-02,Phoenix Suns,Atlanta Hawks,1,31.35,5.0,8.0,0.625,2.0,2.0,1.0,9.0,10.0,0.9,0.0,8.0,8.0,3.0,1.0,0.0,4.0,2.0,21.0,16.0,https://www.basketball-reference.com/boxscores/201403020PHO.html,2013-14
Markieff Morris,2014-03-04,Phoenix Suns,Los Angeles Clippers,1,23.21,4.0,9.0,0.444,1.0,2.0,0.5,0.0,0.0,,2.0,2.0,4.0,1.0,0.0,0.0,4.0,6.0,9.0,-10.0,https://www.basketball-reference.com/boxscores/201403040PHO.html,2013-14
Markieff Morris,2014-03-06,Phoenix Suns,Oklahoma City Thunder,1,29.54,8.0,13.0,0.615,0.0,1.0,0.0,8.0,10.0,0.8,1.0,5.0,6.0,3.0,1.0,0.0,3.0,5.0,24.0,13.0,https://www.basketball-reference.com/boxscores/201403060PHO.html,2013-14
Markieff Morris,2014-03-09,Phoenix Suns,Golden State Warriors,0,22.53,3.0,10.0,0.3,0.0,2.0,0.0,4.0,4.0,1.0,1.0,2.0,3.0,2.0,1.0,0.0,4.0,3.0,10.0,-17.0,https://www.basketball-reference.com/boxscores/201403090GSW.html,2013-14
Markieff Morris,2014-03-10,Phoenix Suns,Los Angeles Clippers,0,24.34,7.0,16.0,0.438,1.0,2.0,0.5,1.0,3.0,0.333,3.0,3.0,6.0,0.0,0.0,0.0,2.0,5.0,16.0,9.0,https://www.basketball-reference.com/boxscores/201403100LAC.html,2013-14
Markieff Morris,2014-03-12,Phoenix Suns,Cleveland Cavaliers,1,27.58,8.0,13.0,0.615,0.0,3.0,0.0,2.0,2.0,1.0,4.0,6.0,10.0,0.0,1.0,0.0,2.0,3.0,18.0,-11.0,https://www.basketball-reference.com/boxscores/201403120PHO.html,2013-14
Markieff Morris,2014-03-14,Phoenix Suns,Boston Celtics,0,24.56,6.0,13.0,0.462,1.0,2.0,0.5,2.0,2.0,1.0,0.0,9.0,9.0,2.0,0.0,0.0,0.0,5.0,15.0,12.0,https://www.basketball-reference.com/boxscores/201403140BOS.html,2013-14
Markieff Morris,2014-03-16,Phoenix Suns,Toronto Raptors,0,35.23,6.0,12.0,0.5,0.0,2.0,0.0,4.0,4.0,1.0,4.0,10.0,14.0,2.0,1.0,0.0,4.0,1.0,16.0,7.0,https://www.basketball-reference.com/boxscores/201403160TOR.html,2013-14
Markieff Morris,2014-03-17,Phoenix Suns,Brooklyn Nets,0,26.12,8.0,14.0,0.5710000000000001,0.0,2.0,0.0,2.0,5.0,0.4,0.0,3.0,3.0,1.0,1.0,1.0,1.0,3.0,18.0,-5.0,https://www.basketball-reference.com/boxscores/201403170BRK.html,2013-14
Markieff Morris,2014-03-19,Phoenix Suns,Orlando Magic,1,25.12,4.0,8.0,0.5,0.0,1.0,0.0,4.0,5.0,0.8,1.0,4.0,5.0,1.0,1.0,0.0,1.0,3.0,12.0,7.0,https://www.basketball-reference.com/boxscores/201403190PHO.html,2013-14
Markieff Morris,2014-03-21,Phoenix Suns,Detroit Pistons,1,31.47,6.0,9.0,0.667,1.0,1.0,1.0,3.0,4.0,0.75,0.0,8.0,8.0,3.0,1.0,1.0,1.0,4.0,16.0,1.0,https://www.basketball-reference.com/boxscores/201403210PHO.html,2013-14
Markieff Morris,2014-03-23,Phoenix Suns,Minnesota Timberwolves,0,31.22,10.0,13.0,0.769,3.0,3.0,1.0,2.0,4.0,0.5,1.0,7.0,8.0,2.0,0.0,2.0,3.0,3.0,25.0,-3.0,https://www.basketball-reference.com/boxscores/201403230MIN.html,2013-14
Markieff Morris,2014-03-24,Phoenix Suns,Atlanta Hawks,0,25.33,6.0,9.0,0.667,1.0,2.0,0.5,4.0,4.0,1.0,0.0,3.0,3.0,3.0,1.0,0.0,3.0,2.0,17.0,0.0,https://www.basketball-reference.com/boxscores/201403240ATL.html,2013-14
Markieff Morris,2014-03-26,Phoenix Suns,Washington Wizards,0,33.21,3.0,8.0,0.375,0.0,1.0,0.0,2.0,2.0,1.0,1.0,3.0,4.0,4.0,1.0,1.0,2.0,2.0,8.0,0.0,https://www.basketball-reference.com/boxscores/201403260WAS.html,2013-14
Markieff Morris,2014-03-28,Phoenix Suns,New York Knicks,1,26.07,5.0,7.0,0.7140000000000001,2.0,2.0,1.0,4.0,4.0,1.0,3.0,5.0,8.0,1.0,1.0,2.0,3.0,4.0,16.0,13.0,https://www.basketball-reference.com/boxscores/201403280PHO.html,2013-14
Markieff Morris,2014-03-30,Phoenix Suns,Los Angeles Lakers,0,32.07,5.0,12.0,0.417,1.0,3.0,0.333,5.0,6.0,0.833,4.0,8.0,12.0,1.0,3.0,2.0,1.0,4.0,16.0,11.0,https://www.basketball-reference.com/boxscores/201403300LAL.html,2013-14
