Player,Date,Team,Against,Home,MP,FG,FGA,FG%,3P,3PA,3P%,FT,FTA,FT%,ORB,DRB,TRB,AST,STL,BLK,TOV,PF,PTS,+/-,GameLink,season
Marvin Bagley,2019-12-11,Sacramento Kings,Oklahoma City Thunder,1,23.03,5.0,13.0,0.385,0.0,1.0,0.0,1.0,1.0,1.0,2.0,4.0,6.0,0.0,0.0,1.0,1.0,2.0,11.0,-4.0,https://www.basketball-reference.com/boxscores/201912110SAC.html,2019-20
Marvin Bagley,2019-12-13,Sacramento Kings,New York Knicks,1,21.23,5.0,10.0,0.5,0.0,1.0,0.0,0.0,0.0,,3.0,4.0,7.0,0.0,0.0,2.0,2.0,3.0,10.0,-8.0,https://www.basketball-reference.com/boxscores/201912130SAC.html,2019-20
Marvin Bagley,2019-12-15,Sacramento Kings,Golden State Warriors,0,22.06,7.0,13.0,0.5379999999999999,1.0,2.0,0.5,2.0,3.0,0.667,1.0,5.0,6.0,2.0,0.0,0.0,2.0,5.0,17.0,7.0,https://www.basketball-reference.com/boxscores/201912150GSW.html,2019-20
Marvin Bagley,2019-12-17,Sacramento Kings,Charlotte Hornets,0,22.16,6.0,13.0,0.462,1.0,2.0,0.5,1.0,1.0,1.0,2.0,5.0,7.0,1.0,0.0,0.0,0.0,3.0,14.0,-19.0,https://www.basketball-reference.com/boxscores/201912170CHO.html,2019-20
Marvin Bagley,2019-12-20,Sacramento Kings,Indiana Pacers,0,27.18,6.0,12.0,0.5,1.0,2.0,0.5,4.0,4.0,1.0,1.0,4.0,5.0,1.0,0.0,3.0,1.0,2.0,17.0,-2.0,https://www.basketball-reference.com/boxscores/201912200IND.html,2019-20
Marvin Bagley,2019-12-21,Sacramento Kings,Memphis Grizzlies,0,25.39,4.0,11.0,0.364,0.0,2.0,0.0,3.0,4.0,0.75,3.0,8.0,11.0,2.0,2.0,0.0,2.0,4.0,11.0,1.0,https://www.basketball-reference.com/boxscores/201912210MEM.html,2019-20
Marvin Bagley,2019-12-23,Sacramento Kings,Houston Rockets,1,23.02,5.0,11.0,0.455,0.0,1.0,0.0,1.0,1.0,1.0,2.0,4.0,6.0,0.0,0.0,1.0,2.0,2.0,11.0,-18.0,https://www.basketball-reference.com/boxscores/201912230SAC.html,2019-20
Marvin Bagley,2020-01-13,Sacramento Kings,Orlando Magic,1,23.11,8.0,17.0,0.471,0.0,2.0,0.0,2.0,3.0,0.667,2.0,4.0,6.0,0.0,0.0,2.0,1.0,4.0,18.0,-3.0,https://www.basketball-reference.com/boxscores/202001130SAC.html,2019-20
Marvin Bagley,2020-01-15,Sacramento Kings,Dallas Mavericks,1,30.0,5.0,9.0,0.556,0.0,1.0,0.0,2.0,2.0,1.0,1.0,6.0,7.0,1.0,0.0,0.0,2.0,5.0,12.0,6.0,https://www.basketball-reference.com/boxscores/202001150SAC.html,2019-20
Marvin Bagley,2020-01-18,Sacramento Kings,Utah Jazz,0,30.1,8.0,19.0,0.421,1.0,4.0,0.25,0.0,0.0,,3.0,4.0,7.0,1.0,1.0,2.0,0.0,4.0,17.0,-26.0,https://www.basketball-reference.com/boxscores/202001180UTA.html,2019-20
Marvin Bagley,2020-01-20,Miami Heat,Sacramento Kings,1,38.24,7.0,13.0,0.5379999999999999,0.0,1.0,0.0,1.0,1.0,1.0,5.0,10.0,15.0,2.0,1.0,0.0,2.0,4.0,15.0,-9.0,https://www.basketball-reference.com/boxscores/202001200MIA.html,2019-20
Marvin Bagley,2018-12-07,Sacramento Kings,Cleveland Cavaliers,0,25.03,8.0,9.0,0.889,1.0,1.0,1.0,0.0,0.0,,1.0,0.0,1.0,1.0,1.0,1.0,2.0,1.0,17.0,-6.0,https://www.basketball-reference.com/boxscores/201812070CLE.html,2018-19
Marvin Bagley,2018-12-08,Sacramento Kings,Indiana Pacers,0,9.43,2.0,4.0,0.5,0.0,0.0,,0.0,0.0,,1.0,1.0,2.0,1.0,0.0,1.0,2.0,6.0,4.0,-1.0,https://www.basketball-reference.com/boxscores/201812080IND.html,2018-19
Marvin Bagley,2018-12-10,Sacramento Kings,Chicago Bulls,0,26.3,5.0,9.0,0.556,1.0,1.0,1.0,5.0,6.0,0.833,1.0,1.0,2.0,0.0,0.0,0.0,0.0,2.0,16.0,18.0,https://www.basketball-reference.com/boxscores/201812100CHI.html,2018-19
Marvin Bagley,2018-12-12,Sacramento Kings,Minnesota Timberwolves,1,26.29,4.0,5.0,0.8,0.0,1.0,0.0,9.0,10.0,0.9,3.0,7.0,10.0,3.0,0.0,0.0,0.0,1.0,17.0,10.0,https://www.basketball-reference.com/boxscores/201812120SAC.html,2018-19
Marvin Bagley,2018-12-14,Sacramento Kings,Golden State Warriors,1,5.2,2.0,2.0,1.0,0.0,0.0,,0.0,0.0,,0.0,1.0,1.0,0.0,0.0,0.0,0.0,0.0,4.0,3.0,https://www.basketball-reference.com/boxscores/201812140SAC.html,2018-19
Marvin Bagley,2019-01-07,Sacramento Kings,Orlando Magic,1,20.18,2.0,7.0,0.28600000000000003,0.0,2.0,0.0,4.0,6.0,0.667,1.0,5.0,6.0,1.0,0.0,1.0,0.0,2.0,8.0,10.0,https://www.basketball-reference.com/boxscores/201901070SAC.html,2018-19
Marvin Bagley,2019-01-10,Sacramento Kings,Detroit Pistons,1,20.14,4.0,5.0,0.8,0.0,0.0,,2.0,2.0,1.0,2.0,5.0,7.0,1.0,2.0,0.0,2.0,1.0,10.0,-4.0,https://www.basketball-reference.com/boxscores/201901100SAC.html,2018-19
Marvin Bagley,2019-01-12,Sacramento Kings,Charlotte Hornets,1,25.14,5.0,13.0,0.385,1.0,2.0,0.5,0.0,3.0,0.0,1.0,8.0,9.0,0.0,1.0,1.0,0.0,1.0,11.0,13.0,https://www.basketball-reference.com/boxscores/201901120SAC.html,2018-19
Marvin Bagley,2019-01-14,Sacramento Kings,Portland Trail Blazers,1,23.36,6.0,12.0,0.5,0.0,1.0,0.0,1.0,5.0,0.2,2.0,9.0,11.0,1.0,0.0,0.0,1.0,6.0,13.0,0.0,https://www.basketball-reference.com/boxscores/201901140SAC.html,2018-19
Marvin Bagley,2019-01-17,Sacramento Kings,Charlotte Hornets,0,22.55,6.0,11.0,0.545,1.0,2.0,0.5,2.0,4.0,0.5,4.0,4.0,8.0,1.0,0.0,0.0,3.0,2.0,15.0,-21.0,https://www.basketball-reference.com/boxscores/201901170CHO.html,2018-19
Marvin Bagley,2019-01-19,Sacramento Kings,Detroit Pistons,0,26.42,6.0,9.0,0.667,0.0,1.0,0.0,2.0,2.0,1.0,0.0,2.0,2.0,0.0,2.0,1.0,4.0,5.0,14.0,4.0,https://www.basketball-reference.com/boxscores/201901190DET.html,2018-19
Marvin Bagley,2019-01-21,Sacramento Kings,Brooklyn Nets,0,20.09,3.0,7.0,0.429,0.0,2.0,0.0,3.0,4.0,0.75,1.0,4.0,5.0,1.0,0.0,0.0,1.0,1.0,9.0,-2.0,https://www.basketball-reference.com/boxscores/201901210BRK.html,2018-19
Marvin Bagley,2019-01-22,Sacramento Kings,Toronto Raptors,0,37.48,10.0,20.0,0.5,0.0,2.0,0.0,2.0,2.0,1.0,1.0,10.0,11.0,1.0,1.0,2.0,2.0,3.0,22.0,-4.0,https://www.basketball-reference.com/boxscores/201901220TOR.html,2018-19
Marvin Bagley,2019-01-25,Sacramento Kings,Memphis Grizzlies,0,28.59,6.0,15.0,0.4,0.0,1.0,0.0,2.0,2.0,1.0,4.0,5.0,9.0,1.0,1.0,1.0,2.0,3.0,14.0,0.0,https://www.basketball-reference.com/boxscores/201901250MEM.html,2018-19
Marvin Bagley,2019-01-27,Sacramento Kings,Los Angeles Clippers,0,19.49,5.0,10.0,0.5,0.0,2.0,0.0,4.0,4.0,1.0,2.0,3.0,5.0,0.0,0.0,3.0,2.0,0.0,14.0,-1.0,https://www.basketball-reference.com/boxscores/201901270LAC.html,2018-19
Marvin Bagley,2019-01-30,Sacramento Kings,Atlanta Hawks,1,28.1,7.0,14.0,0.5,0.0,3.0,0.0,3.0,6.0,0.5,5.0,7.0,12.0,2.0,1.0,0.0,2.0,3.0,17.0,12.0,https://www.basketball-reference.com/boxscores/201901300SAC.html,2018-19
Marvin Bagley,2019-02-02,Sacramento Kings,Philadelphia 76ers,1,33.14,7.0,16.0,0.438,0.0,2.0,0.0,0.0,0.0,,4.0,9.0,13.0,1.0,1.0,0.0,3.0,2.0,14.0,-8.0,https://www.basketball-reference.com/boxscores/201902020SAC.html,2018-19
Marvin Bagley,2019-02-04,Sacramento Kings,San Antonio Spurs,1,30.37,10.0,17.0,0.588,1.0,4.0,0.25,3.0,4.0,0.75,4.0,8.0,12.0,4.0,1.0,3.0,0.0,0.0,24.0,23.0,https://www.basketball-reference.com/boxscores/201902040SAC.html,2018-19
Marvin Bagley,2019-02-06,Sacramento Kings,Houston Rockets,1,27.17,4.0,12.0,0.333,0.0,1.0,0.0,2.0,2.0,1.0,4.0,6.0,10.0,1.0,0.0,2.0,2.0,3.0,10.0,-21.0,https://www.basketball-reference.com/boxscores/201902060SAC.html,2018-19
Marvin Bagley,2019-02-08,Sacramento Kings,Miami Heat,1,20.06,1.0,6.0,0.16699999999999998,0.0,0.0,,1.0,1.0,1.0,1.0,6.0,7.0,0.0,1.0,0.0,2.0,3.0,3.0,6.0,https://www.basketball-reference.com/boxscores/201902080SAC.html,2018-19
Marvin Bagley,2019-02-10,Sacramento Kings,Phoenix Suns,1,31.41,10.0,15.0,0.667,1.0,2.0,0.5,11.0,13.0,0.846,1.0,6.0,7.0,1.0,1.0,1.0,1.0,2.0,32.0,7.0,https://www.basketball-reference.com/boxscores/201902100SAC.html,2018-19
Marvin Bagley,2019-02-13,Sacramento Kings,Denver Nuggets,0,23.15,4.0,7.0,0.5710000000000001,1.0,2.0,0.5,2.0,4.0,0.5,0.0,3.0,3.0,1.0,0.0,0.0,0.0,1.0,11.0,0.0,https://www.basketball-reference.com/boxscores/201902130DEN.html,2018-19
Marvin Bagley,2019-02-21,Sacramento Kings,Golden State Warriors,0,33.49,8.0,19.0,0.421,1.0,2.0,0.5,11.0,14.0,0.7859999999999999,6.0,8.0,14.0,0.0,1.0,0.0,2.0,2.0,28.0,4.0,https://www.basketball-reference.com/boxscores/201902210GSW.html,2018-19
Marvin Bagley,2019-02-23,Sacramento Kings,Oklahoma City Thunder,0,36.2,8.0,18.0,0.444,0.0,2.0,0.0,3.0,6.0,0.5,1.0,9.0,10.0,3.0,2.0,3.0,1.0,3.0,19.0,9.0,https://www.basketball-reference.com/boxscores/201902230OKC.html,2018-19
Marvin Bagley,2019-02-25,Sacramento Kings,Minnesota Timberwolves,0,37.18,9.0,14.0,0.643,1.0,1.0,1.0,6.0,6.0,1.0,5.0,6.0,11.0,2.0,1.0,2.0,3.0,2.0,25.0,5.0,https://www.basketball-reference.com/boxscores/201902250MIN.html,2018-19
Marvin Bagley,2019-03-14,Sacramento Kings,Boston Celtics,0,19.07,5.0,9.0,0.556,1.0,2.0,0.5,3.0,4.0,0.75,0.0,6.0,6.0,0.0,0.0,0.0,0.0,2.0,14.0,-12.0,https://www.basketball-reference.com/boxscores/201903140BOS.html,2018-19
Marvin Bagley,2019-03-15,Sacramento Kings,Philadelphia 76ers,0,20.09,5.0,9.0,0.556,0.0,1.0,0.0,5.0,6.0,0.833,0.0,4.0,4.0,1.0,1.0,0.0,0.0,0.0,15.0,-2.0,https://www.basketball-reference.com/boxscores/201903150PHI.html,2018-19
Marvin Bagley,2019-03-17,Sacramento Kings,Chicago Bulls,1,21.04,9.0,14.0,0.643,0.0,2.0,0.0,3.0,3.0,1.0,4.0,5.0,9.0,2.0,0.0,1.0,1.0,1.0,21.0,16.0,https://www.basketball-reference.com/boxscores/201903170SAC.html,2018-19
Marvin Bagley,2019-03-19,Sacramento Kings,Brooklyn Nets,1,29.08,12.0,15.0,0.8,2.0,2.0,1.0,2.0,2.0,1.0,4.0,3.0,7.0,2.0,0.0,0.0,3.0,1.0,28.0,-11.0,https://www.basketball-reference.com/boxscores/201903190SAC.html,2018-19
Marvin Bagley,2019-03-21,Sacramento Kings,Dallas Mavericks,1,28.09,8.0,16.0,0.5,3.0,5.0,0.6,3.0,5.0,0.6,3.0,9.0,12.0,0.0,0.0,4.0,1.0,3.0,22.0,1.0,https://www.basketball-reference.com/boxscores/201903210SAC.html,2018-19
Marvin Bagley,2019-03-23,Sacramento Kings,Phoenix Suns,1,29.22,5.0,13.0,0.385,0.0,1.0,0.0,6.0,7.0,0.857,3.0,8.0,11.0,1.0,2.0,0.0,2.0,2.0,16.0,19.0,https://www.basketball-reference.com/boxscores/201903230SAC.html,2018-19
Marvin Bagley,2019-03-24,Sacramento Kings,Los Angeles Lakers,0,36.02,10.0,19.0,0.526,2.0,3.0,0.667,3.0,8.0,0.375,5.0,6.0,11.0,2.0,1.0,1.0,1.0,1.0,25.0,11.0,https://www.basketball-reference.com/boxscores/201903240LAL.html,2018-19
Marvin Bagley,2019-03-26,Sacramento Kings,Dallas Mavericks,0,23.3,5.0,7.0,0.7140000000000001,0.0,0.0,,4.0,6.0,0.667,2.0,0.0,2.0,2.0,0.0,0.0,3.0,3.0,14.0,-14.0,https://www.basketball-reference.com/boxscores/201903260DAL.html,2018-19
Marvin Bagley,2019-03-28,Sacramento Kings,New Orleans Pelicans,0,28.2,4.0,12.0,0.333,0.0,1.0,0.0,2.0,3.0,0.667,2.0,6.0,8.0,1.0,1.0,2.0,2.0,2.0,10.0,-8.0,https://www.basketball-reference.com/boxscores/201903280NOP.html,2018-19
Marvin Bagley,2019-03-30,Sacramento Kings,Houston Rockets,0,26.47,10.0,20.0,0.5,0.0,1.0,0.0,0.0,0.0,,7.0,5.0,12.0,0.0,0.0,1.0,2.0,3.0,20.0,-12.0,https://www.basketball-reference.com/boxscores/201903300HOU.html,2018-19
Marvin Bagley,2020-12-23,Denver Nuggets,Sacramento Kings,1,27.21,5.0,15.0,0.333,0.0,4.0,0.0,3.0,4.0,0.75,2.0,8.0,10.0,0.0,0.0,1.0,2.0,6.0,13.0,2.0,https://www.basketball-reference.com/boxscores/202012230DEN.html,2020-21
Marvin Bagley,2020-12-26,Sacramento Kings,Phoenix Suns,1,20.42,5.0,10.0,0.5,0.0,1.0,0.0,3.0,7.0,0.429,6.0,5.0,11.0,1.0,0.0,0.0,3.0,3.0,13.0,-3.0,https://www.basketball-reference.com/boxscores/202012260SAC.html,2020-21
Marvin Bagley,2020-12-27,Sacramento Kings,Phoenix Suns,1,27.28,5.0,13.0,0.385,1.0,2.0,0.5,0.0,0.0,,0.0,8.0,8.0,1.0,1.0,0.0,3.0,4.0,11.0,3.0,https://www.basketball-reference.com/boxscores/202012270SAC.html,2020-21
Marvin Bagley,2020-12-29,Sacramento Kings,Denver Nuggets,1,23.12,6.0,12.0,0.5,2.0,5.0,0.4,4.0,6.0,0.667,0.0,2.0,2.0,1.0,1.0,0.0,0.0,2.0,18.0,3.0,https://www.basketball-reference.com/boxscores/202012290SAC.html,2020-21
Marvin Bagley,2020-12-31,Sacramento Kings,Houston Rockets,0,25.54,1.0,9.0,0.111,0.0,0.0,,2.0,2.0,1.0,4.0,4.0,8.0,1.0,0.0,1.0,3.0,0.0,4.0,-3.0,https://www.basketball-reference.com/boxscores/202012310HOU.html,2020-21
Marvin Bagley,2021-01-02,Sacramento Kings,Houston Rockets,0,25.11,5.0,13.0,0.385,1.0,1.0,1.0,1.0,2.0,0.5,4.0,5.0,9.0,2.0,0.0,0.0,2.0,4.0,12.0,-7.0,https://www.basketball-reference.com/boxscores/202101020HOU.html,2020-21
Marvin Bagley,2021-01-04,Sacramento Kings,Golden State Warriors,0,24.05,2.0,9.0,0.222,0.0,2.0,0.0,1.0,3.0,0.333,3.0,6.0,9.0,0.0,0.0,0.0,3.0,3.0,5.0,-27.0,https://www.basketball-reference.com/boxscores/202101040GSW.html,2020-21
Marvin Bagley,2021-01-06,Sacramento Kings,Chicago Bulls,1,29.04,8.0,14.0,0.5710000000000001,3.0,5.0,0.6,2.0,2.0,1.0,3.0,9.0,12.0,0.0,2.0,2.0,2.0,1.0,21.0,1.0,https://www.basketball-reference.com/boxscores/202101060SAC.html,2020-21
Marvin Bagley,2021-01-08,Sacramento Kings,Toronto Raptors,1,29.16,6.0,9.0,0.667,1.0,3.0,0.333,2.0,5.0,0.4,2.0,2.0,4.0,2.0,0.0,1.0,0.0,3.0,15.0,-13.0,https://www.basketball-reference.com/boxscores/202101080SAC.html,2020-21
Marvin Bagley,2021-01-09,Sacramento Kings,Portland Trail Blazers,1,24.19,5.0,14.0,0.35700000000000004,1.0,2.0,0.5,4.0,6.0,0.667,1.0,7.0,8.0,0.0,0.0,0.0,2.0,3.0,15.0,-28.0,https://www.basketball-reference.com/boxscores/202101090SAC.html,2020-21
Marvin Bagley,2021-01-11,Sacramento Kings,Indiana Pacers,1,23.29,4.0,7.0,0.5710000000000001,0.0,2.0,0.0,0.0,0.0,,1.0,6.0,7.0,2.0,0.0,2.0,2.0,0.0,8.0,6.0,https://www.basketball-reference.com/boxscores/202101110SAC.html,2020-21
Marvin Bagley,2021-01-13,Sacramento Kings,Portland Trail Blazers,1,19.08,4.0,5.0,0.8,1.0,2.0,0.5,2.0,4.0,0.5,0.0,6.0,6.0,1.0,0.0,0.0,0.0,3.0,11.0,3.0,https://www.basketball-reference.com/boxscores/202101130SAC.html,2020-21
Marvin Bagley,2021-01-15,Sacramento Kings,Los Angeles Clippers,1,31.06,8.0,12.0,0.667,2.0,4.0,0.5,2.0,4.0,0.5,1.0,4.0,5.0,2.0,0.0,1.0,1.0,1.0,20.0,-22.0,https://www.basketball-reference.com/boxscores/202101150SAC.html,2020-21
Marvin Bagley,2021-01-17,Sacramento Kings,New Orleans Pelicans,1,36.14,11.0,19.0,0.579,2.0,6.0,0.333,2.0,2.0,1.0,3.0,7.0,10.0,0.0,1.0,1.0,2.0,2.0,26.0,-9.0,https://www.basketball-reference.com/boxscores/202101170SAC.html,2020-21
Marvin Bagley,2021-01-20,Sacramento Kings,Los Angeles Clippers,0,29.14,4.0,8.0,0.5,1.0,2.0,0.5,1.0,2.0,0.5,0.0,8.0,8.0,1.0,1.0,0.0,0.0,2.0,10.0,-19.0,https://www.basketball-reference.com/boxscores/202101200LAC.html,2020-21
Marvin Bagley,2021-01-22,Sacramento Kings,New York Knicks,1,30.56,5.0,12.0,0.417,0.0,2.0,0.0,0.0,2.0,0.0,4.0,7.0,11.0,0.0,0.0,1.0,0.0,6.0,10.0,16.0,https://www.basketball-reference.com/boxscores/202101220SAC.html,2020-21
Marvin Bagley,2021-01-27,Sacramento Kings,Orlando Magic,0,21.51,7.0,14.0,0.5,1.0,3.0,0.333,1.0,5.0,0.2,8.0,4.0,12.0,2.0,1.0,0.0,3.0,2.0,16.0,15.0,https://www.basketball-reference.com/boxscores/202101270ORL.html,2020-21
Marvin Bagley,2021-01-29,Sacramento Kings,Toronto Raptors,0,19.48,3.0,8.0,0.375,1.0,4.0,0.25,0.0,2.0,0.0,1.0,4.0,5.0,1.0,1.0,0.0,3.0,4.0,7.0,4.0,https://www.basketball-reference.com/boxscores/202101290TOR.html,2020-21
Marvin Bagley,2021-01-30,Sacramento Kings,Miami Heat,0,25.46,7.0,8.0,0.875,3.0,4.0,0.75,0.0,0.0,,0.0,4.0,4.0,1.0,2.0,0.0,0.0,3.0,17.0,-2.0,https://www.basketball-reference.com/boxscores/202101300MIA.html,2020-21
Marvin Bagley,2021-02-01,Sacramento Kings,New Orleans Pelicans,0,21.36,5.0,12.0,0.417,0.0,2.0,0.0,0.0,2.0,0.0,1.0,3.0,4.0,1.0,0.0,1.0,2.0,3.0,10.0,-1.0,https://www.basketball-reference.com/boxscores/202102010NOP.html,2020-21
Marvin Bagley,2021-02-03,Sacramento Kings,Boston Celtics,1,19.11,4.0,8.0,0.5,1.0,2.0,0.5,0.0,2.0,0.0,2.0,4.0,6.0,0.0,0.0,0.0,0.0,2.0,9.0,-6.0,https://www.basketball-reference.com/boxscores/202102030SAC.html,2020-21
Marvin Bagley,2021-02-06,Sacramento Kings,Denver Nuggets,1,17.43,1.0,6.0,0.16699999999999998,1.0,3.0,0.333,0.0,0.0,,1.0,1.0,2.0,1.0,1.0,0.0,2.0,1.0,3.0,-12.0,https://www.basketball-reference.com/boxscores/202102060SAC.html,2020-21
Marvin Bagley,2021-02-07,Sacramento Kings,Los Angeles Clippers,0,20.54,4.0,8.0,0.5,1.0,1.0,1.0,0.0,0.0,,2.0,8.0,10.0,1.0,0.0,0.0,1.0,1.0,9.0,8.0,https://www.basketball-reference.com/boxscores/202102070LAC.html,2020-21
Marvin Bagley,2021-02-09,Sacramento Kings,Philadelphia 76ers,1,28.35,6.0,11.0,0.545,2.0,5.0,0.4,3.0,5.0,0.6,1.0,5.0,6.0,1.0,1.0,0.0,1.0,3.0,17.0,-1.0,https://www.basketball-reference.com/boxscores/202102090SAC.html,2020-21
Marvin Bagley,2021-02-12,Sacramento Kings,Orlando Magic,1,,,,,,,,,,,,,,,,,,,,,https://www.basketball-reference.com/boxscores/202102120SAC.html,2020-21
Marvin Bagley,2021-02-14,Sacramento Kings,Memphis Grizzlies,1,,,,,,,,,,,,,,,,,,,,,https://www.basketball-reference.com/boxscores/202102140SAC.html,2020-21
Marvin Bagley,2021-02-15,Sacramento Kings,Brooklyn Nets,1,21.04,7.0,13.0,0.5379999999999999,1.0,3.0,0.333,4.0,5.0,0.8,2.0,5.0,7.0,0.0,0.0,1.0,0.0,1.0,19.0,-9.0,https://www.basketball-reference.com/boxscores/202102150SAC.html,2020-21
Marvin Bagley,2021-02-18,Sacramento Kings,Miami Heat,1,24.2,7.0,12.0,0.583,2.0,2.0,1.0,3.0,6.0,0.5,6.0,4.0,10.0,2.0,0.0,0.0,1.0,1.0,19.0,0.0,https://www.basketball-reference.com/boxscores/202102180SAC.html,2020-21
Marvin Bagley,2021-02-20,Sacramento Kings,Chicago Bulls,0,35.16,10.0,19.0,0.526,1.0,2.0,0.5,5.0,5.0,1.0,5.0,6.0,11.0,2.0,2.0,0.0,0.0,1.0,26.0,-2.0,https://www.basketball-reference.com/boxscores/202102200CHI.html,2020-21
Marvin Bagley,2021-02-21,Sacramento Kings,Milwaukee Bucks,0,28.56,5.0,12.0,0.417,1.0,3.0,0.333,1.0,1.0,1.0,2.0,4.0,6.0,2.0,0.0,1.0,2.0,3.0,12.0,-1.0,https://www.basketball-reference.com/boxscores/202102210MIL.html,2020-21
Marvin Bagley,2021-02-23,Sacramento Kings,Brooklyn Nets,0,30.13,5.0,10.0,0.5,0.0,3.0,0.0,2.0,4.0,0.5,2.0,8.0,10.0,0.0,0.0,2.0,3.0,2.0,12.0,-13.0,https://www.basketball-reference.com/boxscores/202102230BRK.html,2020-21
Marvin Bagley,2021-02-25,Sacramento Kings,New York Knicks,0,22.39,7.0,12.0,0.583,1.0,2.0,0.5,4.0,6.0,0.667,3.0,2.0,5.0,0.0,1.0,0.0,2.0,4.0,19.0,-20.0,https://www.basketball-reference.com/boxscores/202102250NYK.html,2020-21
Marvin Bagley,2021-02-26,Sacramento Kings,Detroit Pistons,0,27.39,9.0,13.0,0.6920000000000001,0.0,1.0,0.0,1.0,2.0,0.5,3.0,5.0,8.0,1.0,1.0,0.0,1.0,3.0,19.0,-7.0,https://www.basketball-reference.com/boxscores/202102260DET.html,2020-21
Marvin Bagley,2021-02-28,Sacramento Kings,Charlotte Hornets,1,34.56,11.0,20.0,0.55,2.0,5.0,0.4,0.0,2.0,0.0,4.0,6.0,10.0,1.0,2.0,1.0,1.0,2.0,24.0,18.0,https://www.basketball-reference.com/boxscores/202102280SAC.html,2020-21
Marvin Bagley,2021-03-03,Sacramento Kings,Los Angeles Lakers,1,29.01,7.0,10.0,0.7,0.0,1.0,0.0,0.0,1.0,0.0,2.0,3.0,5.0,0.0,0.0,0.0,0.0,1.0,14.0,7.0,https://www.basketball-reference.com/boxscores/202103030SAC.html,2020-21
Marvin Bagley,2021-03-04,Sacramento Kings,Portland Trail Blazers,0,31.47,6.0,13.0,0.462,1.0,3.0,0.333,1.0,3.0,0.333,4.0,5.0,9.0,3.0,0.0,0.0,0.0,2.0,14.0,-1.0,https://www.basketball-reference.com/boxscores/202103040POR.html,2020-21
Marvin Bagley,2021-03-11,Sacramento Kings,Houston Rockets,1,23.29,2.0,7.0,0.28600000000000003,0.0,1.0,0.0,7.0,7.0,1.0,2.0,5.0,7.0,1.0,0.0,2.0,0.0,3.0,11.0,4.0,https://www.basketball-reference.com/boxscores/202103110SAC.html,2020-21
Marvin Bagley,2021-03-13,Sacramento Kings,Atlanta Hawks,0,23.48,6.0,10.0,0.6,0.0,1.0,0.0,0.0,0.0,,5.0,2.0,7.0,1.0,0.0,0.0,2.0,4.0,12.0,-12.0,https://www.basketball-reference.com/boxscores/202103130ATL.html,2020-21
Marvin Bagley,2021-03-15,Sacramento Kings,Charlotte Hornets,0,15.55,6.0,9.0,0.667,0.0,2.0,0.0,0.0,0.0,,1.0,2.0,3.0,0.0,0.0,1.0,0.0,1.0,12.0,10.0,https://www.basketball-reference.com/boxscores/202103150CHO.html,2020-21
