Unnamed: 0,season,Player,Date,Team,Against,Home,MP,FG,FGA,FG%,3P,3PA,3P%,FT,FTA,FT%,ORB,DRB,TRB,AST,STL,BLK,TOV,PF,PTS,+/-,GameLink,TS%,DD,DT,FPTS
,2019-20,Matt Thomas,2020-01-07,Toronto Raptors,Portland Trail Blazers,1.0,14.54,2.0,6.0,0.333,2.0,6.0,0.333,2.0,2.0,1.0,0.0,6.0,6.0,0.0,0.0,0.0,2.0,1.0,8.0,7.0,https://www.basketball-reference.com/boxscores/202001070TOR.html,27.52,0.0,0.0,15.5
,2019-20,Matt Thomas,2020-02-28,Toronto Raptors,Charlotte Hornets,1.0,6.48,1.0,4.0,0.25,0.0,2.0,0.0,1.0,1.0,1.0,0.0,1.0,1.0,0.0,0.0,0.0,0.0,1.0,3.0,-7.0,https://www.basketball-reference.com/boxscores/202002280TOR.html,6.66,0.0,0.0,4.25
,2019-20,Matt Thomas,2020-03-08,Toronto Raptors,Sacramento Kings,0.0,4.17,0.0,2.0,0.0,0.0,2.0,0.0,1.0,2.0,0.5,0.0,1.0,1.0,0.0,0.0,0.0,0.0,2.0,1.0,-8.0,https://www.basketball-reference.com/boxscores/202003080SAC.html,1.44,0.0,0.0,2.25
,2020-21,Matt Thomas,2020-12-29,Toronto Raptors,Philadelphia 76ers,0.0,7.55,1.0,3.0,0.333,1.0,2.0,0.5,1.0,1.0,1.0,0.0,0.0,0.0,0.0,0.0,0.0,0.0,0.0,4.0,-2.0,https://www.basketball-reference.com/boxscores/202012290PHI.html,6.88,0.0,0.0,4.5
,2020-21,Matt Thomas,2021-01-25,Toronto Raptors,Indiana Pacers,0.0,2.27,1.0,1.0,1.0,1.0,1.0,1.0,1.0,1.0,1.0,0.0,0.0,0.0,0.0,0.0,0.0,1.0,0.0,4.0,4.0,https://www.basketball-reference.com/boxscores/202101250IND.html,2.88,0.0,0.0,4.0
,2020-21,Matt Thomas,2021-01-29,Toronto Raptors,Sacramento Kings,1.0,11.07,1.0,2.0,0.5,1.0,2.0,0.5,2.0,2.0,1.0,1.0,0.0,1.0,0.0,0.0,0.0,1.0,2.0,5.0,-4.0,https://www.basketball-reference.com/boxscores/202101290TOR.html,7.199999999999998,0.0,0.0,6.25
,2020-21,Matt Thomas,2021-03-03,Toronto Raptors,Detroit Pistons,1.0,22.11,4.0,7.0,0.5710000000000001,2.0,3.0,0.667,1.0,2.0,0.5,0.0,0.0,0.0,0.0,0.0,0.0,0.0,2.0,11.0,-20.0,https://www.basketball-reference.com/boxscores/202103030TOR.html,43.34,0.0,0.0,12.0
,2020-21,Matt Thomas,2021-03-13,Toronto Raptors,Charlotte Hornets,0.0,20.1,2.0,7.0,0.28600000000000003,1.0,4.0,0.25,1.0,1.0,1.0,2.0,3.0,5.0,0.0,0.0,0.0,1.0,0.0,6.0,24.0,https://www.basketball-reference.com/boxscores/202103130CHO.html,22.32,0.0,0.0,12.25
