Unnamed: 0,season,Player,Date,Team,Against,Home,MP,FG,FGA,FG%,3P,3PA,3P%,FT,FTA,FT%,ORB,DRB,TRB,AST,STL,BLK,TOV,PF,PTS,+/-,GameLink,TS%,DD,DT,FPTS
,2019-20,Matthew Dellavedova,2019-12-11,Cleveland Cavaliers,Houston Rockets,1.0,16.25,1.0,2.0,0.5,0.0,1.0,0.0,1.0,1.0,1.0,1.0,0.0,1.0,3.0,0.0,0.0,0.0,3.0,3.0,13.0,https://www.basketball-reference.com/boxscores/201912110CLE.html,3.66,0.0,0.0,8.75
,2019-20,Matthew Dellavedova,2019-12-12,San Antonio Spurs,Cleveland Cavaliers,1.0,15.16,0.0,1.0,0.0,0.0,1.0,0.0,2.0,2.0,1.0,0.0,2.0,2.0,4.0,1.0,0.0,1.0,2.0,2.0,-1.0,https://www.basketball-reference.com/boxscores/201912120SAS.html,1.88,0.0,0.0,12.0
,2019-20,Matthew Dellavedova,2019-12-18,Cleveland Cavaliers,Charlotte Hornets,1.0,13.09,0.0,2.0,0.0,0.0,1.0,0.0,2.0,2.0,1.0,1.0,0.0,1.0,3.0,0.0,0.0,2.0,3.0,2.0,1.0,https://www.basketball-reference.com/boxscores/201912180CLE.html,2.88,0.0,0.0,6.75
,2019-20,Matthew Dellavedova,2019-12-23,Cleveland Cavaliers,Atlanta Hawks,1.0,18.53,3.0,7.0,0.429,0.0,2.0,0.0,2.0,2.0,1.0,2.0,1.0,3.0,4.0,1.0,0.0,2.0,2.0,8.0,3.0,https://www.basketball-reference.com/boxscores/201912230CLE.html,31.52,0.0,0.0,18.75
,2019-20,Matthew Dellavedova,2019-12-28,Cleveland Cavaliers,Minnesota Timberwolves,0.0,12.59,2.0,5.0,0.4,0.0,3.0,0.0,2.0,2.0,1.0,1.0,2.0,3.0,1.0,1.0,0.0,1.0,2.0,6.0,12.0,https://www.basketball-reference.com/boxscores/201912280MIN.html,17.64,0.0,0.0,12.75
,2019-20,Matthew Dellavedova,2020-01-14,Cleveland Cavaliers,Los Angeles Clippers,0.0,12.0,4.0,7.0,0.5710000000000001,2.0,3.0,0.667,4.0,6.0,0.667,0.0,0.0,0.0,2.0,0.0,0.0,1.0,0.0,14.0,10.0,https://www.basketball-reference.com/boxscores/202001140LAC.html,67.48,0.0,0.0,17.5
,2019-20,Matthew Dellavedova,2020-02-28,Cleveland Cavaliers,New Orleans Pelicans,0.0,18.44,2.0,6.0,0.333,2.0,3.0,0.667,1.0,2.0,0.5,1.0,0.0,1.0,6.0,0.0,0.0,3.0,1.0,7.0,4.0,https://www.basketball-reference.com/boxscores/202002280NOP.html,24.08,0.0,0.0,16.75
,2018-19,Matthew Dellavedova,2018-12-05,Milwaukee Bucks,Detroit Pistons,1.0,20.22,0.0,2.0,0.0,0.0,1.0,0.0,2.0,2.0,1.0,0.0,1.0,1.0,6.0,0.0,0.0,3.0,4.0,2.0,11.0,https://www.basketball-reference.com/boxscores/201812050MIL.html,2.88,0.0,0.0,10.75
,2018-19,Matthew Dellavedova,2018-12-10,Cleveland Cavaliers,Milwaukee Bucks,0.0,15.45,4.0,7.0,0.5710000000000001,1.0,3.0,0.333,2.0,2.0,1.0,0.0,2.0,2.0,4.0,0.0,0.0,2.0,0.0,11.0,-3.0,https://www.basketball-reference.com/boxscores/201812100MIL.html,43.34,0.0,0.0,19.0
,2018-19,Matthew Dellavedova,2018-12-12,Cleveland Cavaliers,New York Knicks,1.0,21.35,4.0,7.0,0.5710000000000001,3.0,5.0,0.6,4.0,4.0,1.0,0.0,4.0,4.0,3.0,1.0,0.0,2.0,3.0,15.0,17.0,https://www.basketball-reference.com/boxscores/201812120CLE.html,65.7,0.0,0.0,27.0
,2018-19,Matthew Dellavedova,2018-12-21,Cleveland Cavaliers,Toronto Raptors,0.0,18.2,3.0,5.0,0.6,1.0,3.0,0.333,1.0,2.0,0.5,0.0,1.0,1.0,6.0,0.0,0.0,1.0,3.0,8.0,6.0,https://www.basketball-reference.com/boxscores/201812210TOR.html,23.52,0.0,0.0,18.25
,2018-19,Matthew Dellavedova,2018-12-23,Cleveland Cavaliers,Chicago Bulls,1.0,18.41,4.0,9.0,0.444,1.0,3.0,0.333,1.0,1.0,1.0,0.0,1.0,1.0,1.0,0.0,0.0,1.0,2.0,10.0,-11.0,https://www.basketball-reference.com/boxscores/201812230CLE.html,47.2,0.0,0.0,12.75
,2018-19,Matthew Dellavedova,2018-12-29,Cleveland Cavaliers,Atlanta Hawks,0.0,19.39,2.0,5.0,0.4,1.0,3.0,0.333,2.0,2.0,1.0,0.0,1.0,1.0,3.0,1.0,0.0,4.0,4.0,7.0,-8.0,https://www.basketball-reference.com/boxscores/201812290ATL.html,20.58,0.0,0.0,13.25
,2018-19,Matthew Dellavedova,2019-01-09,Cleveland Cavaliers,New Orleans Pelicans,0.0,20.24,6.0,8.0,0.75,3.0,5.0,0.6,2.0,2.0,1.0,1.0,3.0,4.0,7.0,0.0,0.0,1.0,2.0,17.0,0.0,https://www.basketball-reference.com/boxscores/201901090NOP.html,75.48,0.0,0.0,33.5
,2018-19,Matthew Dellavedova,2019-01-11,Cleveland Cavaliers,Houston Rockets,0.0,19.48,2.0,5.0,0.4,1.0,3.0,0.333,1.0,2.0,0.5,0.0,1.0,1.0,3.0,0.0,0.0,3.0,1.0,6.0,-18.0,https://www.basketball-reference.com/boxscores/201901110HOU.html,17.64,0.0,0.0,10.75
,2018-19,Matthew Dellavedova,2019-01-16,Cleveland Cavaliers,Portland Trail Blazers,0.0,19.02,3.0,9.0,0.333,1.0,4.0,0.25,1.0,2.0,0.5,2.0,1.0,3.0,6.0,0.0,0.0,0.0,1.0,8.0,-1.0,https://www.basketball-reference.com/boxscores/201901160POR.html,39.52,0.0,0.0,21.25
,2018-19,Matthew Dellavedova,2019-01-18,Cleveland Cavaliers,Utah Jazz,0.0,17.51,4.0,8.0,0.5,1.0,3.0,0.333,1.0,1.0,1.0,0.0,2.0,2.0,3.0,0.0,0.0,2.0,2.0,10.0,2.0,https://www.basketball-reference.com/boxscores/201901180UTA.html,42.2,0.0,0.0,16.5
,2018-19,Matthew Dellavedova,2019-01-21,Cleveland Cavaliers,Chicago Bulls,1.0,18.39,1.0,6.0,0.16699999999999998,0.0,3.0,0.0,1.0,2.0,0.5,0.0,2.0,2.0,2.0,0.0,0.0,1.0,2.0,3.0,-7.0,https://www.basketball-reference.com/boxscores/201901210CLE.html,10.32,0.0,0.0,8.0
,2018-19,Matthew Dellavedova,2019-01-23,Cleveland Cavaliers,Boston Celtics,0.0,16.45,2.0,3.0,0.667,0.0,1.0,0.0,3.0,3.0,1.0,0.0,0.0,0.0,2.0,0.0,0.0,2.0,1.0,7.0,5.0,https://www.basketball-reference.com/boxscores/201901230BOS.html,15.12,0.0,0.0,9.0
,2018-19,Matthew Dellavedova,2019-01-27,Cleveland Cavaliers,Chicago Bulls,0.0,22.16,5.0,9.0,0.556,2.0,6.0,0.333,4.0,4.0,1.0,0.0,4.0,4.0,5.0,0.0,0.0,0.0,2.0,16.0,10.0,https://www.basketball-reference.com/boxscores/201901270CHI.html,86.08,0.0,0.0,29.5
,2018-19,Matthew Dellavedova,2019-01-29,Cleveland Cavaliers,Washington Wizards,1.0,17.46,3.0,6.0,0.5,3.0,5.0,0.6,1.0,2.0,0.5,0.0,2.0,2.0,2.0,0.0,0.0,2.0,3.0,10.0,6.0,https://www.basketball-reference.com/boxscores/201901290CLE.html,34.4,0.0,0.0,16.0
,2018-19,Matthew Dellavedova,2019-02-02,Cleveland Cavaliers,Dallas Mavericks,1.0,18.47,0.0,4.0,0.0,0.0,3.0,0.0,4.0,4.0,1.0,0.0,1.0,1.0,3.0,0.0,0.0,1.0,1.0,4.0,-12.0,https://www.basketball-reference.com/boxscores/201902020CLE.html,11.52,0.0,0.0,9.25
,2018-19,Matthew Dellavedova,2019-02-09,Cleveland Cavaliers,Indiana Pacers,0.0,22.37,2.0,4.0,0.5,1.0,3.0,0.333,0.0,2.0,0.0,0.0,3.0,3.0,5.0,0.0,0.0,3.0,2.0,5.0,-6.0,https://www.basketball-reference.com/boxscores/201902090IND.html,12.2,0.0,0.0,15.25
,2018-19,Matthew Dellavedova,2019-02-11,Cleveland Cavaliers,New York Knicks,1.0,26.32,5.0,10.0,0.5,0.0,3.0,0.0,2.0,3.0,0.667,0.0,3.0,3.0,6.0,1.0,0.0,1.0,1.0,12.0,-1.0,https://www.basketball-reference.com/boxscores/201902110CLE.html,67.92,0.0,0.0,26.25
,2018-19,Matthew Dellavedova,2019-02-21,Cleveland Cavaliers,Phoenix Suns,1.0,20.23,0.0,4.0,0.0,0.0,3.0,0.0,2.0,2.0,1.0,0.0,4.0,4.0,11.0,2.0,1.0,1.0,2.0,2.0,7.0,https://www.basketball-reference.com/boxscores/201902210CLE.html,4.88,0.0,0.0,29.0
,2018-19,Matthew Dellavedova,2019-02-23,Cleveland Cavaliers,Memphis Grizzlies,1.0,23.15,3.0,7.0,0.429,1.0,4.0,0.25,3.0,4.0,0.75,0.0,3.0,3.0,6.0,1.0,0.0,2.0,2.0,10.0,4.0,https://www.basketball-reference.com/boxscores/201902230CLE.html,43.8,0.0,0.0,24.25
,2018-19,Matthew Dellavedova,2019-03-02,Cleveland Cavaliers,Detroit Pistons,1.0,17.37,0.0,3.0,0.0,0.0,2.0,0.0,2.0,2.0,1.0,0.0,1.0,1.0,1.0,0.0,0.0,1.0,2.0,2.0,-13.0,https://www.basketball-reference.com/boxscores/201903020CLE.html,3.88,0.0,0.0,4.25
