Player,Date,Team,Against,Home,MP,FG,FGA,FG%,3P,3PA,3P%,FT,FTA,FT%,ORB,DRB,TRB,AST,STL,BLK,TOV,PF,PTS,+/-,GameLink,season
Michael Smith,2000-12-02,Washington Wizards,Miami Heat,1,13.39,1.0,1.0,1.0,0.0,0.0,,0.0,0.0,,1.0,4.0,5.0,0.0,0.0,0.0,0.0,2.0,2.0,-6.0,https://www.basketball-reference.com/boxscores/200012020WAS.html,2000-01
Michael Smith,2000-12-03,Washington Wizards,Detroit Pistons,0,14.41,0.0,0.0,,0.0,0.0,,2.0,2.0,1.0,1.0,3.0,4.0,0.0,1.0,1.0,3.0,1.0,2.0,3.0,https://www.basketball-reference.com/boxscores/200012030DET.html,2000-01
Michael Smith,2000-12-06,Washington Wizards,Los Angeles Clippers,1,7.5,2.0,3.0,0.667,0.0,0.0,,2.0,3.0,0.667,2.0,2.0,4.0,0.0,0.0,0.0,0.0,4.0,6.0,-6.0,https://www.basketball-reference.com/boxscores/200012060WAS.html,2000-01
Michael Smith,2000-12-07,Washington Wizards,Minnesota Timberwolves,0,2.3,1.0,1.0,1.0,0.0,0.0,,0.0,0.0,,2.0,1.0,3.0,0.0,0.0,0.0,0.0,0.0,2.0,-1.0,https://www.basketball-reference.com/boxscores/200012070MIN.html,2000-01
Michael Smith,2000-12-09,Washington Wizards,Milwaukee Bucks,0,27.13,0.0,2.0,0.0,0.0,0.0,,1.0,2.0,0.5,2.0,5.0,7.0,1.0,1.0,0.0,0.0,1.0,1.0,-3.0,https://www.basketball-reference.com/boxscores/200012090MIL.html,2000-01
Michael Smith,2000-12-13,Washington Wizards,Philadelphia 76ers,1,16.32,2.0,3.0,0.667,0.0,0.0,,0.0,0.0,,4.0,5.0,9.0,1.0,1.0,0.0,1.0,0.0,4.0,-27.0,https://www.basketball-reference.com/boxscores/200012130WAS.html,2000-01
Michael Smith,2000-12-15,Washington Wizards,Charlotte Hornets,1,11.51,0.0,0.0,,0.0,0.0,,0.0,0.0,,0.0,2.0,2.0,0.0,1.0,0.0,0.0,3.0,0.0,7.0,https://www.basketball-reference.com/boxscores/200012150WAS.html,2000-01
Michael Smith,2000-12-17,Washington Wizards,Los Angeles Clippers,0,8.29,0.0,0.0,,0.0,0.0,,0.0,0.0,,0.0,4.0,4.0,0.0,0.0,0.0,0.0,1.0,0.0,4.0,https://www.basketball-reference.com/boxscores/200012170LAC.html,2000-01
Michael Smith,2000-12-19,Washington Wizards,Sacramento Kings,0,16.2,1.0,3.0,0.333,0.0,0.0,,0.0,0.0,,4.0,9.0,13.0,0.0,0.0,0.0,3.0,0.0,2.0,-16.0,https://www.basketball-reference.com/boxscores/200012190SAC.html,2000-01
Michael Smith,2000-12-20,Washington Wizards,Vancouver Grizzlies,0,13.35,3.0,4.0,0.75,0.0,0.0,,2.0,2.0,1.0,3.0,2.0,5.0,2.0,1.0,0.0,1.0,2.0,8.0,-2.0,https://www.basketball-reference.com/boxscores/200012200VAN.html,2000-01
Michael Smith,2000-12-22,Washington Wizards,Seattle SuperSonics,0,16.21,1.0,2.0,0.5,0.0,0.0,,1.0,2.0,0.5,0.0,2.0,2.0,1.0,0.0,0.0,0.0,1.0,3.0,-2.0,https://www.basketball-reference.com/boxscores/200012220SEA.html,2000-01
Michael Smith,2000-12-23,Washington Wizards,Portland Trail Blazers,0,18.07,0.0,1.0,0.0,0.0,0.0,,1.0,4.0,0.25,1.0,5.0,6.0,2.0,1.0,0.0,0.0,1.0,1.0,4.0,https://www.basketball-reference.com/boxscores/200012230POR.html,2000-01
Michael Smith,2000-12-27,Washington Wizards,New York Knicks,1,21.25,0.0,3.0,0.0,0.0,0.0,,0.0,0.0,,4.0,7.0,11.0,0.0,2.0,0.0,0.0,1.0,0.0,-7.0,https://www.basketball-reference.com/boxscores/200012270WAS.html,2000-01
Michael Smith,2000-12-29,Washington Wizards,Miami Heat,0,12.58,2.0,3.0,0.667,0.0,0.0,,0.0,0.0,,1.0,0.0,1.0,1.0,0.0,1.0,1.0,1.0,4.0,-5.0,https://www.basketball-reference.com/boxscores/200012290MIA.html,2000-01
Michael Smith,2000-12-31,Washington Wizards,Detroit Pistons,1,21.29,1.0,4.0,0.25,0.0,0.0,,0.0,0.0,,3.0,7.0,10.0,3.0,0.0,0.0,0.0,1.0,2.0,7.0,https://www.basketball-reference.com/boxscores/200012310WAS.html,2000-01
Michael Smith,2001-01-02,Washington Wizards,Minnesota Timberwolves,1,14.11,2.0,3.0,0.667,0.0,0.0,,5.0,7.0,0.7140000000000001,0.0,1.0,1.0,0.0,2.0,0.0,1.0,2.0,9.0,-5.0,https://www.basketball-reference.com/boxscores/200101020WAS.html,2000-01
Michael Smith,2001-01-04,Washington Wizards,Chicago Bulls,0,23.53,1.0,1.0,1.0,0.0,0.0,,3.0,6.0,0.5,3.0,0.0,3.0,0.0,2.0,0.0,1.0,5.0,5.0,-9.0,https://www.basketball-reference.com/boxscores/200101040CHI.html,2000-01
Michael Smith,2001-01-06,Washington Wizards,Dallas Mavericks,1,10.27,0.0,4.0,0.0,0.0,0.0,,0.0,0.0,,0.0,3.0,3.0,1.0,0.0,0.0,1.0,1.0,0.0,-4.0,https://www.basketball-reference.com/boxscores/200101060WAS.html,2000-01
Michael Smith,2001-01-07,Washington Wizards,New York Knicks,0,18.17,0.0,1.0,0.0,0.0,0.0,,0.0,0.0,,0.0,1.0,1.0,2.0,1.0,0.0,1.0,3.0,0.0,-1.0,https://www.basketball-reference.com/boxscores/200101070NYK.html,2000-01
Michael Smith,2001-01-09,Washington Wizards,Milwaukee Bucks,0,24.46,2.0,3.0,0.667,0.0,0.0,,0.0,0.0,,3.0,6.0,9.0,1.0,3.0,1.0,2.0,3.0,4.0,1.0,https://www.basketball-reference.com/boxscores/200101090MIL.html,2000-01
Michael Smith,2001-01-10,Washington Wizards,Seattle SuperSonics,1,32.11,6.0,8.0,0.75,0.0,0.0,,2.0,3.0,0.667,2.0,8.0,10.0,2.0,1.0,2.0,3.0,5.0,14.0,-2.0,https://www.basketball-reference.com/boxscores/200101100WAS.html,2000-01
Michael Smith,2001-01-12,Washington Wizards,Philadelphia 76ers,1,27.41,1.0,2.0,0.5,0.0,0.0,,2.0,2.0,1.0,4.0,10.0,14.0,0.0,1.0,0.0,0.0,2.0,4.0,2.0,https://www.basketball-reference.com/boxscores/200101120WAS.html,2000-01
Michael Smith,2001-01-15,Washington Wizards,Milwaukee Bucks,1,22.41,1.0,2.0,0.5,0.0,0.0,,2.0,2.0,1.0,7.0,7.0,14.0,3.0,0.0,0.0,1.0,1.0,4.0,-5.0,https://www.basketball-reference.com/boxscores/200101150WAS.html,2000-01
Michael Smith,2001-01-17,Washington Wizards,New Jersey Nets,0,24.51,2.0,5.0,0.4,0.0,0.0,,2.0,4.0,0.5,1.0,5.0,6.0,3.0,1.0,0.0,1.0,3.0,6.0,-12.0,https://www.basketball-reference.com/boxscores/200101170NJN.html,2000-01
Michael Smith,2001-01-19,Washington Wizards,Toronto Raptors,0,10.28,0.0,1.0,0.0,0.0,0.0,,1.0,2.0,0.5,0.0,0.0,0.0,0.0,1.0,0.0,0.0,1.0,1.0,2.0,https://www.basketball-reference.com/boxscores/200101190TOR.html,2000-01
Michael Smith,2001-01-21,Washington Wizards,Atlanta Hawks,1,23.36,2.0,3.0,0.667,0.0,0.0,,0.0,0.0,,2.0,4.0,6.0,2.0,1.0,1.0,2.0,2.0,4.0,-10.0,https://www.basketball-reference.com/boxscores/200101210WAS.html,2000-01
Michael Smith,2001-01-23,Washington Wizards,Charlotte Hornets,1,31.43,4.0,5.0,0.8,0.0,0.0,,1.0,1.0,1.0,2.0,6.0,8.0,1.0,0.0,0.0,0.0,2.0,9.0,-2.0,https://www.basketball-reference.com/boxscores/200101230WAS.html,2000-01
Michael Smith,2001-01-26,Washington Wizards,Atlanta Hawks,0,21.47,1.0,2.0,0.5,0.0,0.0,,0.0,0.0,,0.0,3.0,3.0,1.0,0.0,1.0,2.0,1.0,2.0,-9.0,https://www.basketball-reference.com/boxscores/200101260ATL.html,2000-01
Michael Smith,2001-01-27,Washington Wizards,Phoenix Suns,1,20.14,1.0,2.0,0.5,0.0,0.0,,0.0,0.0,,3.0,5.0,8.0,1.0,1.0,1.0,0.0,0.0,2.0,-4.0,https://www.basketball-reference.com/boxscores/200101270WAS.html,2000-01
Michael Smith,2001-01-29,Washington Wizards,Cleveland Cavaliers,1,20.07,2.0,3.0,0.667,0.0,0.0,,0.0,0.0,,2.0,9.0,11.0,1.0,2.0,1.0,0.0,1.0,4.0,10.0,https://www.basketball-reference.com/boxscores/200101290WAS.html,2000-01
Michael Smith,2001-01-31,Washington Wizards,Orlando Magic,1,30.42,3.0,5.0,0.6,0.0,0.0,,2.0,2.0,1.0,4.0,3.0,7.0,2.0,3.0,1.0,3.0,1.0,8.0,0.0,https://www.basketball-reference.com/boxscores/200101310WAS.html,2000-01
Michael Smith,2001-02-03,Washington Wizards,Denver Nuggets,1,25.43,1.0,5.0,0.2,0.0,0.0,,1.0,2.0,0.5,6.0,10.0,16.0,1.0,0.0,1.0,0.0,1.0,3.0,-12.0,https://www.basketball-reference.com/boxscores/200102030WAS.html,2000-01
Michael Smith,2001-02-07,Washington Wizards,Orlando Magic,0,17.35,2.0,2.0,1.0,0.0,0.0,,0.0,0.0,,1.0,4.0,5.0,0.0,1.0,1.0,0.0,1.0,4.0,5.0,https://www.basketball-reference.com/boxscores/200102070ORL.html,2000-01
Michael Smith,2001-02-13,Washington Wizards,Houston Rockets,0,17.21,2.0,2.0,1.0,0.0,0.0,,1.0,2.0,0.5,3.0,1.0,4.0,0.0,2.0,0.0,0.0,3.0,5.0,-1.0,https://www.basketball-reference.com/boxscores/200102130HOU.html,2000-01
Michael Smith,2001-02-15,Washington Wizards,San Antonio Spurs,0,24.24,1.0,2.0,0.5,0.0,0.0,,2.0,2.0,1.0,2.0,9.0,11.0,1.0,0.0,0.0,2.0,2.0,4.0,-9.0,https://www.basketball-reference.com/boxscores/200102150SAS.html,2000-01
Michael Smith,2001-02-17,Washington Wizards,Dallas Mavericks,0,14.12,0.0,0.0,,0.0,0.0,,1.0,4.0,0.25,4.0,2.0,6.0,2.0,0.0,0.0,1.0,1.0,1.0,7.0,https://www.basketball-reference.com/boxscores/200102170DAL.html,2000-01
Michael Smith,2001-02-18,Washington Wizards,Denver Nuggets,0,21.28,2.0,3.0,0.667,0.0,0.0,,0.0,0.0,,2.0,5.0,7.0,0.0,0.0,2.0,0.0,2.0,4.0,1.0,https://www.basketball-reference.com/boxscores/200102180DEN.html,2000-01
Michael Smith,2001-02-20,Washington Wizards,Vancouver Grizzlies,1,19.57,2.0,2.0,1.0,0.0,0.0,,0.0,0.0,,3.0,2.0,5.0,1.0,1.0,1.0,0.0,3.0,4.0,-3.0,https://www.basketball-reference.com/boxscores/200102200WAS.html,2000-01
Michael Smith,2001-02-22,Washington Wizards,Sacramento Kings,1,35.45,3.0,7.0,0.429,0.0,0.0,,1.0,2.0,0.5,4.0,4.0,8.0,5.0,0.0,3.0,0.0,2.0,7.0,8.0,https://www.basketball-reference.com/boxscores/200102220WAS.html,2000-01
Michael Smith,2001-02-24,Washington Wizards,Toronto Raptors,1,20.43,1.0,4.0,0.25,0.0,0.0,,4.0,6.0,0.667,4.0,3.0,7.0,4.0,0.0,1.0,0.0,2.0,6.0,-5.0,https://www.basketball-reference.com/boxscores/200102240WAS.html,2000-01
Michael Smith,2001-02-25,Washington Wizards,New Jersey Nets,0,25.25,1.0,4.0,0.25,0.0,0.0,,0.0,0.0,,4.0,4.0,8.0,3.0,1.0,1.0,0.0,2.0,2.0,-10.0,https://www.basketball-reference.com/boxscores/200102250NJN.html,2000-01
Michael Smith,2001-02-27,Washington Wizards,Miami Heat,0,22.46,2.0,4.0,0.5,0.0,0.0,,1.0,2.0,0.5,1.0,7.0,8.0,2.0,0.0,0.0,0.0,3.0,5.0,-4.0,https://www.basketball-reference.com/boxscores/200102270MIA.html,2000-01
Michael Smith,2001-03-02,Washington Wizards,Philadelphia 76ers,0,21.13,0.0,0.0,,0.0,0.0,,0.0,0.0,,3.0,4.0,7.0,3.0,1.0,0.0,0.0,2.0,0.0,-10.0,https://www.basketball-reference.com/boxscores/200103020PHI.html,2000-01
Michael Smith,2001-03-04,Washington Wizards,Utah Jazz,1,20.52,0.0,0.0,,0.0,0.0,,1.0,2.0,0.5,3.0,4.0,7.0,1.0,2.0,0.0,0.0,3.0,1.0,-15.0,https://www.basketball-reference.com/boxscores/200103040WAS.html,2000-01
Michael Smith,2001-03-07,Washington Wizards,Cleveland Cavaliers,0,25.57,5.0,6.0,0.833,0.0,0.0,,3.0,4.0,0.75,2.0,6.0,8.0,0.0,2.0,0.0,0.0,3.0,13.0,14.0,https://www.basketball-reference.com/boxscores/200103070CLE.html,2000-01
Michael Smith,2001-03-09,Washington Wizards,Boston Celtics,0,28.22,3.0,5.0,0.6,0.0,0.0,,3.0,6.0,0.5,4.0,8.0,12.0,2.0,1.0,0.0,1.0,2.0,9.0,-16.0,https://www.basketball-reference.com/boxscores/200103090BOS.html,2000-01
Michael Smith,2001-03-10,Washington Wizards,New Jersey Nets,1,24.25,2.0,3.0,0.667,0.0,0.0,,0.0,1.0,0.0,2.0,8.0,10.0,0.0,0.0,0.0,1.0,1.0,4.0,-5.0,https://www.basketball-reference.com/boxscores/200103100WAS.html,2000-01
Michael Smith,2001-03-14,Washington Wizards,Detroit Pistons,1,34.02,3.0,5.0,0.6,0.0,0.0,,1.0,2.0,0.5,5.0,9.0,14.0,5.0,1.0,1.0,3.0,4.0,7.0,1.0,https://www.basketball-reference.com/boxscores/200103140WAS.html,2000-01
Michael Smith,2001-03-16,Washington Wizards,Los Angeles Lakers,1,22.54,0.0,7.0,0.0,0.0,0.0,,2.0,2.0,1.0,4.0,8.0,12.0,1.0,1.0,2.0,0.0,1.0,2.0,-15.0,https://www.basketball-reference.com/boxscores/200103160WAS.html,2000-01
Michael Smith,2001-03-17,Washington Wizards,Charlotte Hornets,0,23.48,1.0,3.0,0.333,0.0,0.0,,1.0,3.0,0.333,0.0,5.0,5.0,2.0,0.0,0.0,0.0,3.0,3.0,-2.0,https://www.basketball-reference.com/boxscores/200103170CHH.html,2000-01
Michael Smith,2001-03-20,Washington Wizards,Phoenix Suns,0,33.07,0.0,2.0,0.0,0.0,0.0,,3.0,6.0,0.5,3.0,8.0,11.0,6.0,5.0,0.0,2.0,4.0,3.0,-9.0,https://www.basketball-reference.com/boxscores/200103200PHO.html,2000-01
Michael Smith,2001-03-21,Washington Wizards,Golden State Warriors,0,26.19,0.0,1.0,0.0,0.0,0.0,,1.0,2.0,0.5,3.0,5.0,8.0,2.0,0.0,0.0,0.0,2.0,1.0,0.0,https://www.basketball-reference.com/boxscores/200103210GSW.html,2000-01
Michael Smith,2001-03-23,Washington Wizards,Los Angeles Lakers,0,,,,,,,,,,,,,,,,,,,,,https://www.basketball-reference.com/boxscores/200103230LAL.html,2000-01
Michael Smith,2001-03-24,Washington Wizards,Utah Jazz,0,,,,,,,,,,,,,,,,,,,,,https://www.basketball-reference.com/boxscores/200103240UTA.html,2000-01
Michael Smith,2001-03-27,Washington Wizards,Indiana Pacers,1,26.43,2.0,4.0,0.5,0.0,0.0,,2.0,3.0,0.667,1.0,9.0,10.0,1.0,1.0,1.0,0.0,2.0,6.0,12.0,https://www.basketball-reference.com/boxscores/200103270WAS.html,2000-01
Michael Smith,2001-03-29,Washington Wizards,Golden State Warriors,1,30.46,1.0,2.0,0.5,0.0,0.0,,2.0,4.0,0.5,3.0,9.0,12.0,6.0,2.0,0.0,2.0,0.0,4.0,20.0,https://www.basketball-reference.com/boxscores/200103290WAS.html,2000-01
Michael Smith,2001-03-31,Washington Wizards,Houston Rockets,1,15.28,0.0,0.0,,0.0,0.0,,2.0,4.0,0.5,2.0,3.0,5.0,1.0,0.0,0.0,0.0,3.0,2.0,-19.0,https://www.basketball-reference.com/boxscores/200103310WAS.html,2000-01
