Player,Date,Team,Against,Home,MP,FG,FGA,FG%,3P,3PA,3P%,FT,FTA,FT%,ORB,DRB,TRB,AST,STL,BLK,TOV,PF,PTS,+/-,GameLink,season
Michael Dickerson,2003-02-12,Memphis Grizzlies,New Jersey Nets,1,,,,,,,,,,,,,,,,,,,,,https://www.basketball-reference.com/boxscores/200302120MEM.html,2002-03
Michael Dickerson,2003-02-14,Memphis Grizzlies,Dallas Mavericks,1,17.22,2.0,4.0,0.5,1.0,2.0,0.5,2.0,2.0,1.0,0.0,2.0,2.0,1.0,2.0,0.0,0.0,3.0,7.0,-6.0,https://www.basketball-reference.com/boxscores/200302140MEM.html,2002-03
Michael Dickerson,2003-02-16,Memphis Grizzlies,Milwaukee Bucks,0,19.33,2.0,7.0,0.28600000000000003,2.0,4.0,0.5,0.0,0.0,,0.0,0.0,0.0,2.0,2.0,0.0,2.0,4.0,6.0,-1.0,https://www.basketball-reference.com/boxscores/200302160MIL.html,2002-03
Michael Dickerson,2003-02-21,New Orleans Hornets,Memphis Grizzlies,1,10.07,0.0,1.0,0.0,0.0,1.0,0.0,3.0,3.0,1.0,0.0,1.0,1.0,2.0,0.0,0.0,0.0,2.0,3.0,13.0,https://www.basketball-reference.com/boxscores/200302210NOH.html,2002-03
Michael Dickerson,2003-02-22,Memphis Grizzlies,Houston Rockets,0,,,,,,,,,,,,,,,,,,,,,https://www.basketball-reference.com/boxscores/200302220HOU.html,2002-03
Michael Dickerson,2003-02-24,Memphis Grizzlies,Utah Jazz,1,,,,,,,,,,,,,,,,,,,,,https://www.basketball-reference.com/boxscores/200302240MEM.html,2002-03
Michael Dickerson,2003-02-26,Memphis Grizzlies,Philadelphia 76ers,0,,,,,,,,,,,,,,,,,,,,,https://www.basketball-reference.com/boxscores/200302260PHI.html,2002-03
Michael Dickerson,2003-03-01,Memphis Grizzlies,Dallas Mavericks,0,,,,,,,,,,,,,,,,,,,,,https://www.basketball-reference.com/boxscores/200303010DAL.html,2002-03
Michael Dickerson,2000-12-05,Vancouver Grizzlies,Detroit Pistons,1,33.45,7.0,15.0,0.467,1.0,4.0,0.25,2.0,4.0,0.5,0.0,3.0,3.0,1.0,1.0,0.0,1.0,2.0,17.0,7.0,https://www.basketball-reference.com/boxscores/200012050VAN.html,2000-01
Michael Dickerson,2000-12-07,Vancouver Grizzlies,Utah Jazz,0,29.09,3.0,6.0,0.5,2.0,3.0,0.667,0.0,0.0,,0.0,0.0,0.0,2.0,1.0,0.0,4.0,2.0,8.0,-25.0,https://www.basketball-reference.com/boxscores/200012070UTA.html,2000-01
Michael Dickerson,2000-12-09,Vancouver Grizzlies,Philadelphia 76ers,1,40.49,5.0,14.0,0.35700000000000004,1.0,3.0,0.333,9.0,9.0,1.0,1.0,1.0,2.0,6.0,0.0,0.0,5.0,3.0,20.0,4.0,https://www.basketball-reference.com/boxscores/200012090VAN.html,2000-01
Michael Dickerson,2000-12-11,Vancouver Grizzlies,Houston Rockets,1,2.36,0.0,1.0,0.0,0.0,1.0,0.0,0.0,0.0,,0.0,2.0,2.0,1.0,0.0,0.0,0.0,0.0,0.0,6.0,https://www.basketball-reference.com/boxscores/200012110VAN.html,2000-01
Michael Dickerson,2000-12-13,Vancouver Grizzlies,Seattle SuperSonics,1,42.4,4.0,20.0,0.2,3.0,9.0,0.333,2.0,2.0,1.0,2.0,2.0,4.0,8.0,0.0,0.0,0.0,2.0,13.0,3.0,https://www.basketball-reference.com/boxscores/200012130VAN.html,2000-01
Michael Dickerson,2000-12-15,Vancouver Grizzlies,Los Angeles Lakers,0,37.49,4.0,14.0,0.28600000000000003,1.0,3.0,0.333,0.0,2.0,0.0,0.0,0.0,0.0,5.0,0.0,0.0,0.0,3.0,9.0,-20.0,https://www.basketball-reference.com/boxscores/200012150LAL.html,2000-01
Michael Dickerson,2000-12-17,Vancouver Grizzlies,Orlando Magic,1,38.48,5.0,12.0,0.417,0.0,4.0,0.0,1.0,3.0,0.333,2.0,2.0,4.0,3.0,2.0,0.0,2.0,3.0,11.0,-2.0,https://www.basketball-reference.com/boxscores/200012170VAN.html,2000-01
Michael Dickerson,2000-12-20,Vancouver Grizzlies,Washington Wizards,1,35.33,6.0,14.0,0.429,1.0,4.0,0.25,4.0,6.0,0.667,1.0,1.0,2.0,3.0,1.0,0.0,5.0,3.0,17.0,11.0,https://www.basketball-reference.com/boxscores/200012200VAN.html,2000-01
Michael Dickerson,2000-12-22,Vancouver Grizzlies,Sacramento Kings,1,40.03,8.0,17.0,0.471,0.0,1.0,0.0,2.0,2.0,1.0,0.0,1.0,1.0,2.0,0.0,2.0,3.0,2.0,18.0,7.0,https://www.basketball-reference.com/boxscores/200012220VAN.html,2000-01
Michael Dickerson,2000-12-23,Vancouver Grizzlies,Los Angeles Clippers,0,41.2,7.0,17.0,0.412,1.0,3.0,0.333,4.0,6.0,0.667,2.0,3.0,5.0,5.0,0.0,0.0,2.0,1.0,19.0,1.0,https://www.basketball-reference.com/boxscores/200012230LAC.html,2000-01
Michael Dickerson,2000-12-26,Vancouver Grizzlies,Phoenix Suns,1,37.52,9.0,17.0,0.529,0.0,2.0,0.0,1.0,2.0,0.5,1.0,0.0,1.0,3.0,2.0,0.0,2.0,4.0,19.0,0.0,https://www.basketball-reference.com/boxscores/200012260VAN.html,2000-01
Michael Dickerson,2000-12-29,Vancouver Grizzlies,Portland Trail Blazers,0,37.13,5.0,14.0,0.35700000000000004,0.0,2.0,0.0,1.0,2.0,0.5,0.0,1.0,1.0,6.0,0.0,0.0,4.0,3.0,11.0,-13.0,https://www.basketball-reference.com/boxscores/200012290POR.html,2000-01
Michael Dickerson,2000-12-30,Vancouver Grizzlies,Golden State Warriors,1,47.3,8.0,14.0,0.5710000000000001,0.0,0.0,,7.0,10.0,0.7,1.0,3.0,4.0,5.0,1.0,0.0,3.0,5.0,23.0,1.0,https://www.basketball-reference.com/boxscores/200012300VAN.html,2000-01
Michael Dickerson,2001-01-03,Vancouver Grizzlies,Charlotte Hornets,1,40.38,7.0,15.0,0.467,1.0,2.0,0.5,7.0,7.0,1.0,2.0,2.0,4.0,6.0,0.0,0.0,1.0,2.0,22.0,17.0,https://www.basketball-reference.com/boxscores/200101030VAN.html,2000-01
Michael Dickerson,2001-01-05,Vancouver Grizzlies,Phoenix Suns,0,38.49,3.0,14.0,0.214,0.0,1.0,0.0,4.0,4.0,1.0,0.0,2.0,2.0,2.0,0.0,0.0,3.0,2.0,10.0,-30.0,https://www.basketball-reference.com/boxscores/200101050PHO.html,2000-01
Michael Dickerson,2001-01-07,Vancouver Grizzlies,Milwaukee Bucks,1,46.22,7.0,17.0,0.412,1.0,4.0,0.25,6.0,6.0,1.0,2.0,1.0,3.0,3.0,0.0,0.0,3.0,3.0,21.0,3.0,https://www.basketball-reference.com/boxscores/200101070VAN.html,2000-01
Michael Dickerson,2001-01-09,Vancouver Grizzlies,Denver Nuggets,1,40.52,8.0,17.0,0.471,2.0,4.0,0.5,3.0,4.0,0.75,2.0,4.0,6.0,5.0,0.0,0.0,6.0,5.0,21.0,-1.0,https://www.basketball-reference.com/boxscores/200101090VAN.html,2000-01
Michael Dickerson,2001-01-12,Vancouver Grizzlies,Seattle SuperSonics,0,43.13,9.0,22.0,0.409,2.0,5.0,0.4,1.0,1.0,1.0,0.0,2.0,2.0,4.0,2.0,0.0,1.0,4.0,21.0,-3.0,https://www.basketball-reference.com/boxscores/200101120SEA.html,2000-01
Michael Dickerson,2001-01-13,Vancouver Grizzlies,Cleveland Cavaliers,1,45.48,11.0,18.0,0.611,4.0,6.0,0.667,6.0,6.0,1.0,2.0,2.0,4.0,4.0,0.0,1.0,2.0,1.0,32.0,15.0,https://www.basketball-reference.com/boxscores/200101130VAN.html,2000-01
Michael Dickerson,2001-01-15,Los Angeles Lakers,Vancouver Grizzlies,1,47.25,9.0,17.0,0.529,5.0,6.0,0.833,3.0,4.0,0.75,1.0,1.0,2.0,5.0,2.0,0.0,5.0,4.0,26.0,7.0,https://www.basketball-reference.com/boxscores/200101150LAL.html,2000-01
Michael Dickerson,2001-01-17,Vancouver Grizzlies,Denver Nuggets,0,38.13,6.0,14.0,0.429,1.0,4.0,0.25,5.0,6.0,0.833,1.0,6.0,7.0,4.0,0.0,0.0,1.0,4.0,18.0,-17.0,https://www.basketball-reference.com/boxscores/200101170DEN.html,2000-01
Michael Dickerson,2001-01-19,Vancouver Grizzlies,Miami Heat,1,38.1,6.0,17.0,0.353,2.0,7.0,0.28600000000000003,0.0,0.0,,0.0,5.0,5.0,6.0,3.0,0.0,1.0,4.0,14.0,-6.0,https://www.basketball-reference.com/boxscores/200101190VAN.html,2000-01
Michael Dickerson,2001-01-21,Vancouver Grizzlies,Minnesota Timberwolves,1,40.5,8.0,17.0,0.471,1.0,3.0,0.333,7.0,8.0,0.875,1.0,2.0,3.0,5.0,0.0,0.0,2.0,4.0,24.0,3.0,https://www.basketball-reference.com/boxscores/200101210VAN.html,2000-01
Michael Dickerson,2001-01-23,Vancouver Grizzlies,San Antonio Spurs,0,36.32,6.0,17.0,0.353,0.0,3.0,0.0,4.0,5.0,0.8,1.0,1.0,2.0,3.0,0.0,0.0,2.0,3.0,16.0,-25.0,https://www.basketball-reference.com/boxscores/200101230SAS.html,2000-01
Michael Dickerson,2001-01-25,Vancouver Grizzlies,Dallas Mavericks,0,33.28,4.0,12.0,0.333,1.0,4.0,0.25,2.0,2.0,1.0,4.0,2.0,6.0,2.0,0.0,1.0,3.0,4.0,11.0,-28.0,https://www.basketball-reference.com/boxscores/200101250DAL.html,2000-01
Michael Dickerson,2001-01-26,Vancouver Grizzlies,Houston Rockets,0,37.12,10.0,20.0,0.5,0.0,2.0,0.0,5.0,6.0,0.833,1.0,4.0,5.0,3.0,1.0,0.0,1.0,2.0,25.0,-28.0,https://www.basketball-reference.com/boxscores/200101260HOU.html,2000-01
Michael Dickerson,2001-01-29,Vancouver Grizzlies,New Jersey Nets,1,36.46,7.0,16.0,0.438,0.0,2.0,0.0,10.0,12.0,0.833,0.0,1.0,1.0,3.0,0.0,1.0,3.0,3.0,24.0,-3.0,https://www.basketball-reference.com/boxscores/200101290VAN.html,2000-01
Michael Dickerson,2001-01-31,Vancouver Grizzlies,Phoenix Suns,0,42.02,2.0,13.0,0.154,0.0,0.0,,2.0,2.0,1.0,1.0,2.0,3.0,7.0,0.0,0.0,3.0,1.0,6.0,-3.0,https://www.basketball-reference.com/boxscores/200101310PHO.html,2000-01
Michael Dickerson,2001-02-02,Vancouver Grizzlies,Sacramento Kings,0,32.54,3.0,11.0,0.273,0.0,2.0,0.0,3.0,4.0,0.75,1.0,2.0,3.0,2.0,3.0,0.0,1.0,3.0,9.0,-4.0,https://www.basketball-reference.com/boxscores/200102020SAC.html,2000-01
Michael Dickerson,2001-02-03,Vancouver Grizzlies,Chicago Bulls,1,33.18,4.0,15.0,0.267,1.0,2.0,0.5,2.0,2.0,1.0,0.0,1.0,1.0,2.0,0.0,0.0,1.0,1.0,11.0,3.0,https://www.basketball-reference.com/boxscores/200102030VAN.html,2000-01
Michael Dickerson,2001-02-05,Vancouver Grizzlies,Seattle SuperSonics,0,38.18,8.0,18.0,0.444,0.0,2.0,0.0,0.0,0.0,,1.0,1.0,2.0,1.0,2.0,0.0,1.0,3.0,16.0,-10.0,https://www.basketball-reference.com/boxscores/200102050SEA.html,2000-01
Michael Dickerson,2001-02-07,Vancouver Grizzlies,Utah Jazz,1,38.18,11.0,21.0,0.524,3.0,5.0,0.6,2.0,2.0,1.0,0.0,2.0,2.0,3.0,1.0,1.0,4.0,2.0,27.0,-7.0,https://www.basketball-reference.com/boxscores/200102070VAN.html,2000-01
Michael Dickerson,2001-02-13,Vancouver Grizzlies,Boston Celtics,1,35.38,7.0,16.0,0.438,1.0,7.0,0.14300000000000002,2.0,4.0,0.5,0.0,5.0,5.0,1.0,1.0,1.0,3.0,4.0,17.0,2.0,https://www.basketball-reference.com/boxscores/200102130VAN.html,2000-01
Michael Dickerson,2001-02-15,Vancouver Grizzlies,Golden State Warriors,1,44.09,7.0,16.0,0.438,2.0,3.0,0.667,4.0,8.0,0.5,2.0,7.0,9.0,4.0,1.0,2.0,5.0,3.0,20.0,9.0,https://www.basketball-reference.com/boxscores/200102150VAN.html,2000-01
Michael Dickerson,2001-02-16,Vancouver Grizzlies,Golden State Warriors,0,39.49,5.0,14.0,0.35700000000000004,3.0,6.0,0.5,0.0,0.0,,1.0,2.0,3.0,4.0,1.0,0.0,4.0,3.0,13.0,19.0,https://www.basketball-reference.com/boxscores/200102160GSW.html,2000-01
Michael Dickerson,2001-02-18,Vancouver Grizzlies,Minnesota Timberwolves,0,40.06,10.0,17.0,0.588,1.0,4.0,0.25,3.0,5.0,0.6,2.0,4.0,6.0,3.0,0.0,0.0,1.0,3.0,24.0,3.0,https://www.basketball-reference.com/boxscores/200102180MIN.html,2000-01
Michael Dickerson,2001-02-20,Vancouver Grizzlies,Washington Wizards,0,29.17,9.0,13.0,0.6920000000000001,3.0,4.0,0.75,2.0,5.0,0.4,1.0,2.0,3.0,2.0,0.0,0.0,3.0,4.0,23.0,4.0,https://www.basketball-reference.com/boxscores/200102200WAS.html,2000-01
Michael Dickerson,2001-02-21,Vancouver Grizzlies,Philadelphia 76ers,0,44.59,6.0,18.0,0.333,0.0,2.0,0.0,4.0,6.0,0.667,2.0,2.0,4.0,1.0,0.0,0.0,4.0,5.0,16.0,-26.0,https://www.basketball-reference.com/boxscores/200102210PHI.html,2000-01
Michael Dickerson,2001-02-23,Vancouver Grizzlies,Milwaukee Bucks,0,33.01,2.0,14.0,0.14300000000000002,0.0,1.0,0.0,2.0,2.0,1.0,2.0,1.0,3.0,2.0,1.0,0.0,1.0,4.0,6.0,-1.0,https://www.basketball-reference.com/boxscores/200102230MIL.html,2000-01
Michael Dickerson,2001-02-24,Vancouver Grizzlies,Chicago Bulls,0,44.46,5.0,11.0,0.455,0.0,1.0,0.0,0.0,0.0,,1.0,5.0,6.0,5.0,0.0,1.0,3.0,2.0,10.0,-10.0,https://www.basketball-reference.com/boxscores/200102240CHI.html,2000-01
Michael Dickerson,2001-02-27,Vancouver Grizzlies,Dallas Mavericks,1,31.21,5.0,10.0,0.5,1.0,2.0,0.5,0.0,0.0,,0.0,3.0,3.0,2.0,1.0,0.0,2.0,4.0,11.0,-17.0,https://www.basketball-reference.com/boxscores/200102270VAN.html,2000-01
Michael Dickerson,2001-02-28,Vancouver Grizzlies,Utah Jazz,0,38.23,7.0,19.0,0.368,1.0,5.0,0.2,2.0,2.0,1.0,3.0,0.0,3.0,3.0,2.0,1.0,2.0,2.0,17.0,-11.0,https://www.basketball-reference.com/boxscores/200102280UTA.html,2000-01
Michael Dickerson,2001-03-03,Vancouver Grizzlies,Los Angeles Lakers,1,37.34,9.0,18.0,0.5,2.0,3.0,0.667,2.0,3.0,0.667,1.0,2.0,3.0,3.0,1.0,2.0,2.0,2.0,22.0,-14.0,https://www.basketball-reference.com/boxscores/200103030VAN.html,2000-01
Michael Dickerson,2001-03-05,Vancouver Grizzlies,San Antonio Spurs,1,43.17,3.0,13.0,0.231,1.0,2.0,0.5,4.0,4.0,1.0,1.0,4.0,5.0,2.0,0.0,1.0,1.0,2.0,11.0,-7.0,https://www.basketball-reference.com/boxscores/200103050VAN.html,2000-01
Michael Dickerson,2001-03-06,Vancouver Grizzlies,Portland Trail Blazers,0,42.31,8.0,12.0,0.667,0.0,0.0,,4.0,6.0,0.667,0.0,3.0,3.0,4.0,1.0,0.0,2.0,4.0,20.0,14.0,https://www.basketball-reference.com/boxscores/200103060POR.html,2000-01
Michael Dickerson,2001-03-09,Vancouver Grizzlies,Portland Trail Blazers,1,34.38,3.0,10.0,0.3,3.0,5.0,0.6,2.0,4.0,0.5,1.0,1.0,2.0,7.0,0.0,0.0,2.0,3.0,11.0,21.0,https://www.basketball-reference.com/boxscores/200103090VAN.html,2000-01
Michael Dickerson,2001-03-11,Vancouver Grizzlies,Toronto Raptors,1,36.57,6.0,12.0,0.5,1.0,3.0,0.333,2.0,2.0,1.0,0.0,1.0,1.0,1.0,1.0,0.0,3.0,2.0,15.0,-14.0,https://www.basketball-reference.com/boxscores/200103110VAN.html,2000-01
Michael Dickerson,2001-03-13,Vancouver Grizzlies,Atlanta Hawks,0,32.46,5.0,13.0,0.385,0.0,4.0,0.0,1.0,1.0,1.0,0.0,0.0,0.0,4.0,1.0,0.0,3.0,3.0,11.0,1.0,https://www.basketball-reference.com/boxscores/200103130ATL.html,2000-01
Michael Dickerson,2001-03-14,Vancouver Grizzlies,Charlotte Hornets,0,42.41,7.0,16.0,0.438,0.0,0.0,,6.0,7.0,0.857,3.0,5.0,8.0,10.0,2.0,0.0,5.0,5.0,20.0,-5.0,https://www.basketball-reference.com/boxscores/200103140CHH.html,2000-01
Michael Dickerson,2001-03-16,Vancouver Grizzlies,Orlando Magic,0,32.54,2.0,9.0,0.222,2.0,4.0,0.5,2.0,2.0,1.0,0.0,3.0,3.0,3.0,0.0,1.0,1.0,4.0,8.0,-4.0,https://www.basketball-reference.com/boxscores/200103160ORL.html,2000-01
Michael Dickerson,2001-03-17,Vancouver Grizzlies,Miami Heat,0,35.13,6.0,12.0,0.5,2.0,3.0,0.667,2.0,4.0,0.5,2.0,2.0,4.0,2.0,3.0,0.0,2.0,1.0,16.0,-21.0,https://www.basketball-reference.com/boxscores/200103170MIA.html,2000-01
Michael Dickerson,2001-03-20,Vancouver Grizzlies,New Jersey Nets,0,38.33,6.0,17.0,0.353,0.0,4.0,0.0,5.0,5.0,1.0,2.0,0.0,2.0,3.0,0.0,0.0,1.0,4.0,17.0,-10.0,https://www.basketball-reference.com/boxscores/200103200NJN.html,2000-01
Michael Dickerson,2001-03-22,Vancouver Grizzlies,Cleveland Cavaliers,0,38.51,3.0,11.0,0.273,2.0,4.0,0.5,11.0,12.0,0.917,1.0,4.0,5.0,3.0,1.0,0.0,1.0,2.0,19.0,-12.0,https://www.basketball-reference.com/boxscores/200103220CLE.html,2000-01
Michael Dickerson,2001-03-23,Vancouver Grizzlies,Indiana Pacers,0,37.57,7.0,14.0,0.5,3.0,3.0,1.0,1.0,2.0,0.5,2.0,0.0,2.0,2.0,3.0,1.0,2.0,3.0,18.0,-20.0,https://www.basketball-reference.com/boxscores/200103230IND.html,2000-01
Michael Dickerson,2001-03-25,Vancouver Grizzlies,Toronto Raptors,0,42.15,7.0,14.0,0.5,4.0,6.0,0.667,4.0,4.0,1.0,1.0,3.0,4.0,1.0,0.0,0.0,3.0,3.0,22.0,-16.0,https://www.basketball-reference.com/boxscores/200103250TOR.html,2000-01
Michael Dickerson,2001-03-29,Vancouver Grizzlies,New York Knicks,1,40.55,5.0,16.0,0.313,1.0,6.0,0.16699999999999998,4.0,4.0,1.0,0.0,4.0,4.0,7.0,1.0,1.0,0.0,2.0,15.0,16.0,https://www.basketball-reference.com/boxscores/200103290VAN.html,2000-01
