Unnamed: 0,season,Player,Date,Team,Against,Home,MP,FG,FGA,FG%,3P,3PA,3P%,FT,FTA,FT%,ORB,DRB,TRB,AST,STL,BLK,TOV,PF,PTS,+/-,GameLink,TS%,DD,DT,FPTS
,2019-20,Michael Carter-Williams,2019-12-03,Orlando Magic,Washington Wizards,0.0,12.56,1.0,5.0,0.2,0.0,2.0,0.0,3.0,3.0,1.0,1.0,1.0,2.0,5.0,0.0,0.0,3.0,0.0,5.0,16.0,https://www.basketball-reference.com/boxscores/201912030WAS.html,15.8,0.0,0.0,13.5
,2019-20,Michael Carter-Williams,2019-12-11,Orlando Magic,Los Angeles Lakers,1.0,21.22,2.0,6.0,0.333,1.0,2.0,0.5,0.0,4.0,0.0,0.0,2.0,2.0,6.0,1.0,1.0,1.0,2.0,5.0,-8.0,https://www.basketball-reference.com/boxscores/201912110ORL.html,19.4,0.0,0.0,20.5
,2019-20,Michael Carter-Williams,2019-12-13,Orlando Magic,Houston Rockets,1.0,21.22,3.0,9.0,0.333,1.0,3.0,0.333,3.0,4.0,0.75,3.0,2.0,5.0,2.0,0.0,1.0,2.0,1.0,10.0,-9.0,https://www.basketball-reference.com/boxscores/201912130ORL.html,53.8,0.0,0.0,20.75
,2019-20,Michael Carter-Williams,2020-01-18,Orlando Magic,Golden State Warriors,0.0,13.58,3.0,6.0,0.5,0.0,2.0,0.0,1.0,2.0,0.5,0.0,0.0,0.0,3.0,1.0,0.0,1.0,2.0,7.0,6.0,https://www.basketball-reference.com/boxscores/202001180GSW.html,24.08,0.0,0.0,13.0
,2019-20,Michael Carter-Williams,2020-01-22,Orlando Magic,Oklahoma City Thunder,1.0,19.02,6.0,12.0,0.5,1.0,2.0,0.5,2.0,3.0,0.667,1.0,1.0,2.0,3.0,1.0,1.0,2.0,4.0,15.0,5.0,https://www.basketball-reference.com/boxscores/202001220ORL.html,99.9,0.0,0.0,25.5
,2019-20,Michael Carter-Williams,2020-01-26,Orlando Magic,Los Angeles Clippers,1.0,22.41,6.0,11.0,0.545,1.0,2.0,0.5,2.0,2.0,1.0,2.0,5.0,7.0,8.0,0.0,0.0,0.0,4.0,15.0,9.0,https://www.basketball-reference.com/boxscores/202001260ORL.html,89.10000000000002,0.0,0.0,36.25
,2019-20,Michael Carter-Williams,2020-01-27,Orlando Magic,Miami Heat,0.0,21.0,3.0,6.0,0.5,0.0,1.0,0.0,3.0,3.0,1.0,1.0,0.0,1.0,1.0,0.0,1.0,0.0,0.0,9.0,-4.0,https://www.basketball-reference.com/boxscores/202001270MIA.html,32.94,0.0,0.0,13.75
,2019-20,Michael Carter-Williams,2020-02-01,Orlando Magic,Miami Heat,1.0,21.54,3.0,7.0,0.429,1.0,3.0,0.333,3.0,4.0,0.75,2.0,2.0,4.0,3.0,0.0,0.0,0.0,4.0,10.0,-7.0,https://www.basketball-reference.com/boxscores/202002010ORL.html,43.8,0.0,0.0,20.0
,2019-20,Michael Carter-Williams,2020-02-03,Orlando Magic,Charlotte Hornets,0.0,21.39,3.0,4.0,0.75,1.0,1.0,1.0,1.0,1.0,1.0,0.0,0.0,0.0,5.0,1.0,0.0,0.0,1.0,8.0,-3.0,https://www.basketball-reference.com/boxscores/202002030CHO.html,17.76,0.0,0.0,18.0
,2019-20,Michael Carter-Williams,2020-02-05,Orlando Magic,Boston Celtics,0.0,24.04,3.0,5.0,0.6,1.0,2.0,0.5,5.0,6.0,0.833,1.0,0.0,1.0,6.0,3.0,2.0,3.0,0.0,12.0,-13.0,https://www.basketball-reference.com/boxscores/202002050BOS.html,45.84,0.0,0.0,31.25
,2019-20,Michael Carter-Williams,2020-02-06,Orlando Magic,New York Knicks,0.0,25.19,3.0,9.0,0.333,0.0,2.0,0.0,1.0,1.0,1.0,1.0,1.0,2.0,4.0,3.0,1.0,2.0,2.0,7.0,-7.0,https://www.basketball-reference.com/boxscores/202002060NYK.html,33.04,0.0,0.0,22.5
,2019-20,Michael Carter-Williams,2020-02-21,Orlando Magic,Dallas Mavericks,1.0,25.1,1.0,4.0,0.25,0.0,3.0,0.0,2.0,2.0,1.0,5.0,6.0,11.0,0.0,0.0,0.0,1.0,2.0,4.0,-11.0,https://www.basketball-reference.com/boxscores/202002210ORL.html,9.76,0.0,0.0,17.25
,2019-20,Michael Carter-Williams,2020-02-28,Orlando Magic,Minnesota Timberwolves,1.0,19.51,2.0,4.0,0.5,1.0,1.0,1.0,4.0,4.0,1.0,1.0,6.0,7.0,2.0,1.0,1.0,2.0,1.0,9.0,25.0,https://www.basketball-reference.com/boxscores/202002280ORL.html,25.92,0.0,0.0,24.25
,2019-20,Michael Carter-Williams,2020-03-02,Orlando Magic,Portland Trail Blazers,1.0,21.35,1.0,7.0,0.14300000000000002,1.0,3.0,0.333,2.0,2.0,1.0,2.0,2.0,4.0,0.0,1.0,1.0,2.0,3.0,5.0,-16.0,https://www.basketball-reference.com/boxscores/202003020ORL.html,19.7,0.0,0.0,13.5
,2019-20,Michael Carter-Williams,2020-03-04,Orlando Magic,Miami Heat,0.0,17.13,4.0,9.0,0.444,1.0,4.0,0.25,1.0,1.0,1.0,1.0,2.0,3.0,0.0,2.0,0.0,4.0,3.0,10.0,-8.0,https://www.basketball-reference.com/boxscores/202003040MIA.html,47.2,0.0,0.0,16.25
,2019-20,Michael Carter-Williams,2020-03-06,Orlando Magic,Minnesota Timberwolves,0.0,22.25,6.0,7.0,0.857,1.0,2.0,0.5,4.0,4.0,1.0,1.0,1.0,2.0,5.0,1.0,0.0,2.0,1.0,17.0,1.0,https://www.basketball-reference.com/boxscores/202003060MIN.html,74.46,0.0,0.0,28.5
,2019-20,Michael Carter-Williams,2020-03-08,Orlando Magic,Houston Rockets,0.0,26.59,5.0,10.0,0.5,1.0,3.0,0.333,5.0,6.0,0.833,0.0,2.0,2.0,3.0,1.0,1.0,1.0,3.0,16.0,18.0,https://www.basketball-reference.com/boxscores/202003080HOU.html,101.12,0.0,0.0,27.0
,2019-20,Michael Carter-Williams,2020-03-10,Orlando Magic,Memphis Grizzlies,0.0,24.32,6.0,9.0,0.667,2.0,3.0,0.667,6.0,6.0,1.0,2.0,1.0,3.0,0.0,2.0,0.0,2.0,3.0,20.0,8.0,https://www.basketball-reference.com/boxscores/202003100MEM.html,116.4,0.0,0.0,27.75
,2018-19,Michael Carter-Williams,2018-12-06,Houston Rockets,Utah Jazz,0.0,12.0,5.0,8.0,0.625,2.0,3.0,0.667,1.0,1.0,1.0,0.0,0.0,0.0,2.0,1.0,0.0,0.0,1.0,13.0,8.0,https://www.basketball-reference.com/boxscores/201812060UTA.html,54.86,0.0,0.0,19.0
,2018-19,Michael Carter-Williams,2019-03-17,Orlando Magic,Atlanta Hawks,1.0,15.45,0.0,3.0,0.0,0.0,2.0,0.0,5.0,8.0,0.625,0.0,4.0,4.0,1.0,0.0,0.0,0.0,3.0,5.0,0.0,https://www.basketball-reference.com/boxscores/201903170ORL.html,16.299999999999994,0.0,0.0,11.5
,2018-19,Michael Carter-Williams,2019-03-25,Orlando Magic,Philadelphia 76ers,1.0,19.42,5.0,8.0,0.625,1.0,3.0,0.333,4.0,4.0,1.0,1.0,5.0,6.0,3.0,2.0,1.0,0.0,2.0,15.0,13.0,https://www.basketball-reference.com/boxscores/201903250ORL.html,73.2,0.0,0.0,33.5
,2018-19,Michael Carter-Williams,2019-03-26,Orlando Magic,Miami Heat,0.0,18.17,1.0,5.0,0.2,1.0,2.0,0.5,0.0,2.0,0.0,2.0,4.0,6.0,6.0,0.0,1.0,2.0,0.0,3.0,-8.0,https://www.basketball-reference.com/boxscores/201903260MIA.html,8.82,0.0,0.0,21.0
,2018-19,Michael Carter-Williams,2019-03-30,Orlando Magic,Indiana Pacers,0.0,17.34,4.0,6.0,0.667,1.0,2.0,0.5,1.0,1.0,1.0,1.0,1.0,2.0,5.0,0.0,2.0,1.0,1.0,10.0,10.0,https://www.basketball-reference.com/boxscores/201903300IND.html,32.2,0.0,0.0,24.0
,2020-21,Michael Carter-Williams,2020-12-26,Orlando Magic,Washington Wizards,0.0,18.36,3.0,4.0,0.75,1.0,2.0,0.5,1.0,2.0,0.5,2.0,1.0,3.0,2.0,0.0,0.0,3.0,3.0,8.0,11.0,https://www.basketball-reference.com/boxscores/202012260WAS.html,19.52,0.0,0.0,13.75
,2020-21,Michael Carter-Williams,2020-12-31,Orlando Magic,Philadelphia 76ers,1.0,26.51,3.0,11.0,0.273,0.0,2.0,0.0,4.0,4.0,1.0,2.0,4.0,6.0,1.0,0.0,1.0,0.0,1.0,10.0,-14.0,https://www.basketball-reference.com/boxscores/202012310ORL.html,63.8,0.0,0.0,21.0
,2020-21,Michael Carter-Williams,2021-02-12,Orlando Magic,Sacramento Kings,0.0,27.06,7.0,16.0,0.438,1.0,3.0,0.333,6.0,8.0,0.75,2.0,5.0,7.0,7.0,0.0,0.0,3.0,3.0,21.0,10.0,https://www.basketball-reference.com/boxscores/202102120SAC.html,204.96,0.0,0.0,39.25
,2020-21,Michael Carter-Williams,2021-02-14,Orlando Magic,Phoenix Suns,0.0,29.39,5.0,14.0,0.35700000000000004,0.0,1.0,0.0,4.0,6.0,0.667,1.0,1.0,2.0,4.0,0.0,0.0,2.0,3.0,14.0,-15.0,https://www.basketball-reference.com/boxscores/202102140PHO.html,116.48,0.0,0.0,21.5
,2020-21,Michael Carter-Williams,2021-02-17,Orlando Magic,New York Knicks,1.0,29.3,2.0,8.0,0.25,0.0,1.0,0.0,2.0,3.0,0.667,0.0,2.0,2.0,7.0,1.0,0.0,2.0,2.0,6.0,11.0,https://www.basketball-reference.com/boxscores/202102170ORL.html,27.96,0.0,0.0,20.0
,2020-21,Michael Carter-Williams,2021-02-19,Orlando Magic,Golden State Warriors,1.0,32.59,2.0,13.0,0.154,2.0,6.0,0.333,2.0,2.0,1.0,3.0,1.0,4.0,5.0,1.0,2.0,5.0,4.0,8.0,21.0,https://www.basketball-reference.com/boxscores/202102190ORL.html,55.52,0.0,0.0,25.0
,2020-21,Michael Carter-Williams,2021-02-23,Orlando Magic,Detroit Pistons,1.0,30.04,4.0,9.0,0.444,1.0,2.0,0.5,2.0,2.0,1.0,2.0,4.0,6.0,5.0,0.0,1.0,2.0,1.0,11.0,-3.0,https://www.basketball-reference.com/boxscores/202102230ORL.html,54.34,0.0,0.0,27.5
,2020-21,Michael Carter-Williams,2021-02-25,Orlando Magic,Brooklyn Nets,0.0,23.52,5.0,8.0,0.625,0.0,2.0,0.0,1.0,1.0,1.0,0.0,0.0,0.0,5.0,0.0,0.0,2.0,1.0,11.0,-8.0,https://www.basketball-reference.com/boxscores/202102250BRK.html,46.42,0.0,0.0,17.5
,2020-21,Michael Carter-Williams,2021-03-01,Orlando Magic,Dallas Mavericks,1.0,29.19,8.0,13.0,0.615,1.0,2.0,0.5,1.0,2.0,0.5,2.0,6.0,8.0,6.0,1.0,0.0,2.0,3.0,18.0,-7.0,https://www.basketball-reference.com/boxscores/202103010ORL.html,124.92,0.0,0.0,38.5
,2020-21,Michael Carter-Williams,2021-03-03,Orlando Magic,Atlanta Hawks,1.0,34.26,7.0,12.0,0.583,2.0,2.0,1.0,4.0,4.0,1.0,0.0,6.0,6.0,7.0,2.0,1.0,2.0,6.0,20.0,-9.0,https://www.basketball-reference.com/boxscores/202103030ORL.html,137.6,0.0,0.0,44.0
,2020-21,Michael Carter-Williams,2021-03-11,Orlando Magic,Miami Heat,0.0,29.31,8.0,15.0,0.5329999999999999,0.0,1.0,0.0,1.0,2.0,0.5,2.0,2.0,4.0,7.0,1.0,0.0,6.0,3.0,17.0,-9.0,https://www.basketball-reference.com/boxscores/202103110MIA.html,134.98000000000002,0.0,0.0,31.5
,2020-21,Michael Carter-Williams,2021-03-14,Orlando Magic,Miami Heat,1.0,33.47,3.0,8.0,0.375,0.0,1.0,0.0,3.0,5.0,0.6,2.0,1.0,3.0,7.0,0.0,0.0,4.0,0.0,9.0,-13.0,https://www.basketball-reference.com/boxscores/202103140ORL.html,45.9,0.0,0.0,21.25
,2020-21,Michael Carter-Williams,2021-03-21,Orlando Magic,Boston Celtics,0.0,22.05,3.0,5.0,0.6,0.0,1.0,0.0,1.0,2.0,0.5,0.0,2.0,2.0,4.0,0.0,2.0,2.0,2.0,7.0,-16.0,https://www.basketball-reference.com/boxscores/202103210BOS.html,20.58,0.0,0.0,18.5
,2020-21,Michael Carter-Williams,2021-03-23,Orlando Magic,Denver Nuggets,1.0,32.35,3.0,9.0,0.333,1.0,4.0,0.25,0.0,1.0,0.0,1.0,6.0,7.0,3.0,0.0,0.0,2.0,4.0,7.0,-3.0,https://www.basketball-reference.com/boxscores/202103230ORL.html,33.04,0.0,0.0,19.75
,2020-21,Michael Carter-Williams,2021-03-24,Orlando Magic,Phoenix Suns,1.0,23.14,3.0,10.0,0.3,1.0,4.0,0.25,1.0,1.0,1.0,1.0,2.0,3.0,3.0,2.0,0.0,1.0,5.0,8.0,-6.0,https://www.basketball-reference.com/boxscores/202103240ORL.html,41.76,0.0,0.0,20.25
,2020-21,Michael Carter-Williams,2021-03-26,Orlando Magic,Portland Trail Blazers,1.0,28.0,4.0,13.0,0.308,0.0,1.0,0.0,3.0,7.0,0.429,0.0,5.0,5.0,6.0,0.0,1.0,4.0,4.0,11.0,-11.0,https://www.basketball-reference.com/boxscores/202103260ORL.html,88.44,0.0,0.0,26.25
