Player,Date,Team,Against,Home,MP,FG,FGA,FG%,3P,3PA,3P%,FT,FTA,FT%,ORB,DRB,TRB,AST,STL,BLK,TOV,PF,PTS,+/-,GameLink,season
Mikki Moore,2006-12-02,New Jersey Nets,Philadelphia 76ers,1,16.14,2.0,5.0,0.4,0.0,0.0,,3.0,6.0,0.5,3.0,5.0,8.0,0.0,0.0,2.0,0.0,1.0,7.0,-2.0,https://www.basketball-reference.com/boxscores/200612020NJN.html,2006-07
Mikki Moore,2006-12-05,New Jersey Nets,Dallas Mavericks,1,21.41,4.0,5.0,0.8,0.0,0.0,,0.0,0.0,,3.0,4.0,7.0,0.0,1.0,0.0,2.0,4.0,8.0,-4.0,https://www.basketball-reference.com/boxscores/200612050NJN.html,2006-07
Mikki Moore,2006-12-09,New Jersey Nets,Boston Celtics,1,12.57,2.0,2.0,1.0,0.0,0.0,,0.0,0.0,,2.0,1.0,3.0,0.0,0.0,0.0,1.0,2.0,4.0,-3.0,https://www.basketball-reference.com/boxscores/200612090NJN.html,2006-07
Mikki Moore,2006-12-11,New Jersey Nets,Memphis Grizzlies,1,21.44,3.0,4.0,0.75,0.0,0.0,,4.0,4.0,1.0,1.0,4.0,5.0,0.0,0.0,2.0,2.0,2.0,10.0,9.0,https://www.basketball-reference.com/boxscores/200612110NJN.html,2006-07
Mikki Moore,2006-12-13,New Jersey Nets,Milwaukee Bucks,1,26.42,4.0,6.0,0.667,0.0,0.0,,4.0,6.0,0.667,4.0,3.0,7.0,0.0,0.0,1.0,3.0,4.0,12.0,1.0,https://www.basketball-reference.com/boxscores/200612130NJN.html,2006-07
Mikki Moore,2006-12-15,New Jersey Nets,Toronto Raptors,0,22.49,4.0,4.0,1.0,0.0,0.0,,2.0,3.0,0.667,1.0,7.0,8.0,0.0,0.0,0.0,0.0,2.0,10.0,0.0,https://www.basketball-reference.com/boxscores/200612150TOR.html,2006-07
Mikki Moore,2006-12-16,New Jersey Nets,Detroit Pistons,1,25.57,2.0,4.0,0.5,0.0,0.0,,2.0,2.0,1.0,1.0,4.0,5.0,0.0,1.0,0.0,1.0,4.0,6.0,9.0,https://www.basketball-reference.com/boxscores/200612160NJN.html,2006-07
Mikki Moore,2006-12-18,New Jersey Nets,Golden State Warriors,1,6.14,2.0,4.0,0.5,0.0,0.0,,5.0,5.0,1.0,2.0,1.0,3.0,0.0,0.0,0.0,0.0,1.0,9.0,3.0,https://www.basketball-reference.com/boxscores/200612180NJN.html,2006-07
Mikki Moore,2006-12-20,New Jersey Nets,Cleveland Cavaliers,1,17.31,0.0,1.0,0.0,0.0,0.0,,2.0,2.0,1.0,2.0,3.0,5.0,1.0,0.0,2.0,1.0,5.0,2.0,-1.0,https://www.basketball-reference.com/boxscores/200612200NJN.html,2006-07
Mikki Moore,2006-12-22,New Jersey Nets,Los Angeles Lakers,1,20.31,4.0,6.0,0.667,0.0,0.0,,2.0,3.0,0.667,4.0,4.0,8.0,1.0,1.0,0.0,0.0,5.0,10.0,4.0,https://www.basketball-reference.com/boxscores/200612220NJN.html,2006-07
Mikki Moore,2006-12-23,New Jersey Nets,Milwaukee Bucks,0,21.27,0.0,5.0,0.0,0.0,0.0,,2.0,2.0,1.0,2.0,5.0,7.0,1.0,0.0,1.0,0.0,3.0,2.0,-9.0,https://www.basketball-reference.com/boxscores/200612230MIL.html,2006-07
Mikki Moore,2006-12-26,New Jersey Nets,Detroit Pistons,0,30.0,2.0,2.0,1.0,0.0,0.0,,4.0,4.0,1.0,0.0,3.0,3.0,1.0,0.0,0.0,1.0,5.0,8.0,0.0,https://www.basketball-reference.com/boxscores/200612260DET.html,2006-07
Mikki Moore,2006-12-27,New Jersey Nets,Houston Rockets,1,28.12,1.0,2.0,0.5,0.0,0.0,,2.0,2.0,1.0,0.0,5.0,5.0,1.0,2.0,0.0,0.0,0.0,4.0,-16.0,https://www.basketball-reference.com/boxscores/200612270NJN.html,2006-07
Mikki Moore,2006-12-29,New Jersey Nets,Miami Heat,0,21.54,0.0,3.0,0.0,0.0,0.0,,1.0,2.0,0.5,1.0,2.0,3.0,0.0,0.0,1.0,1.0,4.0,1.0,13.0,https://www.basketball-reference.com/boxscores/200612290MIA.html,2006-07
Mikki Moore,2006-12-30,New Jersey Nets,Minnesota Timberwolves,1,39.09,9.0,9.0,1.0,0.0,0.0,,2.0,3.0,0.667,5.0,3.0,8.0,1.0,2.0,0.0,1.0,3.0,20.0,8.0,https://www.basketball-reference.com/boxscores/200612300NJN.html,2006-07
Mikki Moore,2007-01-05,New Jersey Nets,Chicago Bulls,1,26.06,2.0,5.0,0.4,0.0,0.0,,1.0,2.0,0.5,4.0,4.0,8.0,0.0,0.0,1.0,3.0,6.0,5.0,-8.0,https://www.basketball-reference.com/boxscores/200701050NJN.html,2006-07
Mikki Moore,2007-01-06,New Jersey Nets,Cleveland Cavaliers,0,37.01,8.0,11.0,0.727,0.0,0.0,,2.0,2.0,1.0,3.0,7.0,10.0,0.0,1.0,0.0,1.0,5.0,18.0,6.0,https://www.basketball-reference.com/boxscores/200701060CLE.html,2006-07
Mikki Moore,2007-01-09,New Jersey Nets,Toronto Raptors,1,32.14,5.0,7.0,0.7140000000000001,0.0,0.0,,2.0,3.0,0.667,2.0,6.0,8.0,0.0,0.0,0.0,2.0,4.0,12.0,22.0,https://www.basketball-reference.com/boxscores/200701090NJN.html,2006-07
Mikki Moore,2007-01-11,New Jersey Nets,Chicago Bulls,0,37.21,4.0,8.0,0.5,0.0,0.0,,5.0,8.0,0.625,6.0,6.0,12.0,0.0,0.0,2.0,0.0,3.0,13.0,5.0,https://www.basketball-reference.com/boxscores/200701110CHI.html,2006-07
Mikki Moore,2007-01-13,New Jersey Nets,Minnesota Timberwolves,0,37.38,4.0,5.0,0.8,0.0,0.0,,0.0,0.0,,4.0,6.0,10.0,0.0,2.0,0.0,3.0,5.0,8.0,-3.0,https://www.basketball-reference.com/boxscores/200701130MIN.html,2006-07
Mikki Moore,2007-01-15,New Jersey Nets,Indiana Pacers,1,32.16,9.0,13.0,0.6920000000000001,0.0,0.0,,1.0,1.0,1.0,4.0,3.0,7.0,1.0,0.0,1.0,0.0,5.0,19.0,3.0,https://www.basketball-reference.com/boxscores/200701150NJN.html,2006-07
Mikki Moore,2007-01-17,New Jersey Nets,Charlotte Bobcats,0,29.47,4.0,8.0,0.5,0.0,0.0,,0.0,0.0,,3.0,5.0,8.0,0.0,1.0,1.0,1.0,5.0,8.0,4.0,https://www.basketball-reference.com/boxscores/200701170CHA.html,2006-07
Mikki Moore,2007-01-19,New Jersey Nets,New York Knicks,0,29.21,5.0,6.0,0.833,0.0,0.0,,0.0,0.0,,0.0,2.0,2.0,0.0,0.0,0.0,1.0,4.0,10.0,-4.0,https://www.basketball-reference.com/boxscores/200701190NYK.html,2006-07
Mikki Moore,2007-01-20,New Jersey Nets,Orlando Magic,1,20.57,2.0,3.0,0.667,0.0,0.0,,0.0,0.0,,2.0,3.0,5.0,0.0,0.0,1.0,0.0,2.0,4.0,15.0,https://www.basketball-reference.com/boxscores/200701200NJN.html,2006-07
Mikki Moore,2007-01-22,New Jersey Nets,Sacramento Kings,0,35.53,8.0,8.0,1.0,0.0,0.0,,6.0,8.0,0.75,3.0,1.0,4.0,4.0,0.0,1.0,1.0,5.0,22.0,9.0,https://www.basketball-reference.com/boxscores/200701220SAC.html,2006-07
Mikki Moore,2007-01-24,New Jersey Nets,Golden State Warriors,0,34.03,7.0,11.0,0.636,0.0,0.0,,2.0,4.0,0.5,2.0,3.0,5.0,0.0,0.0,0.0,1.0,4.0,16.0,0.0,https://www.basketball-reference.com/boxscores/200701240GSW.html,2006-07
Mikki Moore,2007-01-25,New Jersey Nets,Los Angeles Clippers,0,34.27,2.0,4.0,0.5,0.0,0.0,,0.0,0.0,,1.0,4.0,5.0,1.0,1.0,1.0,0.0,3.0,4.0,-2.0,https://www.basketball-reference.com/boxscores/200701250LAC.html,2006-07
Mikki Moore,2007-01-27,New Jersey Nets,Denver Nuggets,0,21.03,1.0,5.0,0.2,0.0,0.0,,0.0,0.0,,2.0,4.0,6.0,0.0,2.0,0.0,3.0,3.0,2.0,-8.0,https://www.basketball-reference.com/boxscores/200701270DEN.html,2006-07
Mikki Moore,2007-01-29,New Jersey Nets,Utah Jazz,0,37.18,2.0,6.0,0.333,0.0,0.0,,5.0,8.0,0.625,2.0,3.0,5.0,0.0,5.0,1.0,3.0,4.0,9.0,9.0,https://www.basketball-reference.com/boxscores/200701290UTA.html,2006-07
Mikki Moore,2007-01-31,New Jersey Nets,Detroit Pistons,1,32.59,8.0,12.0,0.667,0.0,0.0,,4.0,4.0,1.0,4.0,1.0,5.0,1.0,0.0,0.0,1.0,3.0,20.0,-17.0,https://www.basketball-reference.com/boxscores/200701310NJN.html,2006-07
Mikki Moore,2007-02-02,New Jersey Nets,Orlando Magic,0,29.55,5.0,9.0,0.556,0.0,0.0,,1.0,5.0,0.2,1.0,2.0,3.0,1.0,1.0,0.0,1.0,2.0,11.0,-28.0,https://www.basketball-reference.com/boxscores/200702020ORL.html,2006-07
Mikki Moore,2007-02-05,Philadelphia 76ers,New Jersey Nets,1,27.55,4.0,7.0,0.5710000000000001,0.0,0.0,,3.0,5.0,0.6,2.0,6.0,8.0,1.0,0.0,3.0,1.0,5.0,11.0,10.0,https://www.basketball-reference.com/boxscores/200702050PHI.html,2006-07
Mikki Moore,2007-02-07,New Jersey Nets,Atlanta Hawks,0,30.52,7.0,11.0,0.636,0.0,0.0,,5.0,8.0,0.625,3.0,3.0,6.0,0.0,0.0,0.0,2.0,3.0,19.0,-2.0,https://www.basketball-reference.com/boxscores/200702070ATL.html,2006-07
Mikki Moore,2007-02-09,New Jersey Nets,Boston Celtics,0,30.5,1.0,2.0,0.5,0.0,0.0,,9.0,10.0,0.9,0.0,6.0,6.0,3.0,0.0,0.0,2.0,1.0,11.0,13.0,https://www.basketball-reference.com/boxscores/200702090BOS.html,2006-07
Mikki Moore,2007-02-10,New Jersey Nets,Orlando Magic,1,24.4,4.0,12.0,0.333,0.0,0.0,,1.0,2.0,0.5,3.0,0.0,3.0,5.0,0.0,0.0,2.0,1.0,9.0,-5.0,https://www.basketball-reference.com/boxscores/200702100NJN.html,2006-07
Mikki Moore,2007-02-13,New Jersey Nets,San Antonio Spurs,1,26.46,4.0,7.0,0.5710000000000001,0.0,0.0,,1.0,2.0,0.5,1.0,0.0,1.0,1.0,2.0,0.0,2.0,3.0,9.0,-7.0,https://www.basketball-reference.com/boxscores/200702130NJN.html,2006-07
Mikki Moore,2007-02-14,New Jersey Nets,Toronto Raptors,0,31.08,6.0,9.0,0.667,0.0,0.0,,1.0,2.0,0.5,4.0,0.0,4.0,4.0,1.0,0.0,3.0,1.0,13.0,-10.0,https://www.basketball-reference.com/boxscores/200702140TOR.html,2006-07
Mikki Moore,2007-02-21,New Jersey Nets,New Orleans/Oklahoma City Hornets,1,31.54,4.0,8.0,0.5,0.0,0.0,,2.0,3.0,0.667,2.0,1.0,3.0,3.0,1.0,0.0,3.0,3.0,10.0,-4.0,https://www.basketball-reference.com/boxscores/200702210NJN.html,2006-07
Mikki Moore,2007-02-23,New Jersey Nets,Sacramento Kings,1,27.09,3.0,4.0,0.75,0.0,0.0,,0.0,0.0,,0.0,1.0,1.0,2.0,0.0,2.0,2.0,5.0,6.0,5.0,https://www.basketball-reference.com/boxscores/200702230NJN.html,2006-07
Mikki Moore,2007-02-25,New Jersey Nets,New York Knicks,1,39.51,9.0,14.0,0.643,0.0,0.0,,1.0,2.0,0.5,1.0,3.0,4.0,1.0,1.0,1.0,0.0,3.0,19.0,12.0,https://www.basketball-reference.com/boxscores/200702250NJN.html,2006-07
Mikki Moore,2007-02-27,New Jersey Nets,Washington Wizards,1,21.51,1.0,4.0,0.25,0.0,0.0,,3.0,4.0,0.75,1.0,6.0,7.0,0.0,0.0,2.0,1.0,4.0,5.0,11.0,https://www.basketball-reference.com/boxscores/200702270NJN.html,2006-07
Mikki Moore,2007-03-04,New Jersey Nets,Philadelphia 76ers,0,32.46,6.0,9.0,0.667,0.0,0.0,,0.0,0.0,,2.0,4.0,6.0,1.0,2.0,0.0,2.0,3.0,12.0,-15.0,https://www.basketball-reference.com/boxscores/200703040PHI.html,2006-07
Mikki Moore,2007-03-06,New Jersey Nets,Dallas Mavericks,0,35.28,9.0,12.0,0.75,0.0,0.0,,2.0,3.0,0.667,0.0,1.0,1.0,2.0,1.0,3.0,2.0,5.0,20.0,-16.0,https://www.basketball-reference.com/boxscores/200703060DAL.html,2006-07
Mikki Moore,2007-03-09,New Jersey Nets,Houston Rockets,0,29.26,2.0,4.0,0.5,0.0,0.0,,2.0,4.0,0.5,1.0,3.0,4.0,0.0,0.0,0.0,1.0,3.0,6.0,-21.0,https://www.basketball-reference.com/boxscores/200703090HOU.html,2006-07
Mikki Moore,2007-03-10,New Jersey Nets,San Antonio Spurs,0,35.52,7.0,10.0,0.7,0.0,0.0,,0.0,0.0,,3.0,4.0,7.0,0.0,1.0,2.0,2.0,3.0,14.0,-4.0,https://www.basketball-reference.com/boxscores/200703100SAS.html,2006-07
Mikki Moore,2007-03-12,New Jersey Nets,Memphis Grizzlies,0,39.1,10.0,19.0,0.526,0.0,1.0,0.0,4.0,6.0,0.667,2.0,4.0,6.0,1.0,3.0,1.0,1.0,4.0,24.0,20.0,https://www.basketball-reference.com/boxscores/200703120MEM.html,2006-07
Mikki Moore,2007-03-13,New Jersey Nets,New Orleans/Oklahoma City Hornets,0,35.26,6.0,9.0,0.667,0.0,0.0,,2.0,4.0,0.5,1.0,7.0,8.0,4.0,1.0,1.0,2.0,4.0,14.0,1.0,https://www.basketball-reference.com/boxscores/200703130NOK.html,2006-07
Mikki Moore,2007-03-15,New Jersey Nets,Miami Heat,1,23.29,4.0,7.0,0.5710000000000001,0.0,0.0,,1.0,2.0,0.5,3.0,4.0,7.0,1.0,0.0,1.0,1.0,6.0,9.0,-16.0,https://www.basketball-reference.com/boxscores/200703150NJN.html,2006-07
Mikki Moore,2007-03-18,New Jersey Nets,Los Angeles Clippers,1,28.09,2.0,5.0,0.4,0.0,0.0,,9.0,13.0,0.6920000000000001,2.0,4.0,6.0,2.0,0.0,0.0,2.0,4.0,13.0,10.0,https://www.basketball-reference.com/boxscores/200703180NJN.html,2006-07
Mikki Moore,2007-03-20,New Jersey Nets,Denver Nuggets,1,40.01,5.0,9.0,0.556,0.0,0.0,,2.0,2.0,1.0,1.0,8.0,9.0,2.0,2.0,4.0,1.0,3.0,12.0,-8.0,https://www.basketball-reference.com/boxscores/200703200NJN.html,2006-07
Mikki Moore,2007-03-23,New Jersey Nets,Orlando Magic,0,31.58,5.0,16.0,0.313,0.0,0.0,,2.0,2.0,1.0,4.0,1.0,5.0,0.0,1.0,0.0,0.0,4.0,12.0,-4.0,https://www.basketball-reference.com/boxscores/200703230ORL.html,2006-07
Mikki Moore,2007-03-24,Charlotte Bobcats,New Jersey Nets,1,22.47,2.0,4.0,0.5,0.0,0.0,,1.0,2.0,0.5,0.0,1.0,1.0,0.0,0.0,1.0,1.0,2.0,5.0,-9.0,https://www.basketball-reference.com/boxscores/200703240CHA.html,2006-07
Mikki Moore,2007-03-28,New Jersey Nets,Indiana Pacers,1,18.44,5.0,8.0,0.625,0.0,0.0,,2.0,2.0,1.0,1.0,4.0,5.0,1.0,0.0,0.0,1.0,4.0,12.0,18.0,https://www.basketball-reference.com/boxscores/200703280NJN.html,2006-07
Mikki Moore,2007-03-30,New Jersey Nets,Detroit Pistons,0,32.07,8.0,13.0,0.615,0.0,0.0,,0.0,1.0,0.0,3.0,3.0,6.0,3.0,0.0,1.0,2.0,3.0,16.0,6.0,https://www.basketball-reference.com/boxscores/200703300DET.html,2006-07
Mikki Moore,2007-03-31,New Jersey Nets,Philadelphia 76ers,1,31.18,4.0,6.0,0.667,0.0,0.0,,1.0,3.0,0.333,1.0,3.0,4.0,2.0,0.0,1.0,3.0,2.0,9.0,6.0,https://www.basketball-reference.com/boxscores/200703310NJN.html,2006-07
Mikki Moore,2003-01-06,Boston Celtics,Washington Wizards,1,,,,,,,,,,,,,,,,,,,,,https://www.basketball-reference.com/boxscores/200301060BOS.html,2002-03
Mikki Moore,2003-01-08,Boston Celtics,New Orleans Hornets,0,1.38,0.0,0.0,,0.0,0.0,,0.0,0.0,,0.0,0.0,0.0,0.0,0.0,0.0,0.0,1.0,0.0,-1.0,https://www.basketball-reference.com/boxscores/200301080NOH.html,2002-03
Mikki Moore,2003-01-10,Boston Celtics,Dallas Mavericks,0,2.45,0.0,0.0,,0.0,0.0,,0.0,0.0,,0.0,0.0,0.0,0.0,0.0,0.0,0.0,1.0,0.0,-3.0,https://www.basketball-reference.com/boxscores/200301100DAL.html,2002-03
Mikki Moore,2003-01-12,Boston Celtics,San Antonio Spurs,0,,,,,,,,,,,,,,,,,,,,,https://www.basketball-reference.com/boxscores/200301120SAS.html,2002-03
Mikki Moore,2003-01-13,Boston Celtics,Houston Rockets,0,,,,,,,,,,,,,,,,,,,,,https://www.basketball-reference.com/boxscores/200301130HOU.html,2002-03
Mikki Moore,2003-01-15,Boston Celtics,Atlanta Hawks,1,7.17,0.0,1.0,0.0,0.0,0.0,,0.0,0.0,,1.0,0.0,1.0,0.0,0.0,2.0,0.0,4.0,0.0,-8.0,https://www.basketball-reference.com/boxscores/200301150BOS.html,2002-03
Mikki Moore,2003-03-25,Atlanta Hawks,Los Angeles Lakers,1,2.4,2.0,2.0,1.0,0.0,0.0,,4.0,4.0,1.0,1.0,0.0,1.0,0.0,0.0,1.0,0.0,0.0,8.0,3.0,https://www.basketball-reference.com/boxscores/200303250ATL.html,2002-03
Mikki Moore,2003-03-26,Detroit Pistons,Atlanta Hawks,1,,,,,,,,,,,,,,,,,,,,,https://www.basketball-reference.com/boxscores/200303260DET.html,2002-03
Mikki Moore,2003-03-29,Atlanta Hawks,Philadelphia 76ers,1,5.37,1.0,1.0,1.0,0.0,0.0,,0.0,0.0,,1.0,0.0,1.0,2.0,0.0,1.0,0.0,0.0,2.0,6.0,https://www.basketball-reference.com/boxscores/200303290ATL.html,2002-03
Mikki Moore,2007-12-01,Sacramento Kings,Houston Rockets,1,24.41,2.0,7.0,0.28600000000000003,0.0,0.0,,0.0,0.0,,2.0,0.0,2.0,0.0,0.0,0.0,0.0,4.0,4.0,-1.0,https://www.basketball-reference.com/boxscores/200712010SAC.html,2007-08
Mikki Moore,2007-12-04,Sacramento Kings,Utah Jazz,1,28.25,4.0,8.0,0.5,0.0,0.0,,3.0,4.0,0.75,1.0,6.0,7.0,0.0,1.0,0.0,1.0,3.0,11.0,-1.0,https://www.basketball-reference.com/boxscores/200712040SAC.html,2007-08
Mikki Moore,2007-12-07,Sacramento Kings,Los Angeles Clippers,1,24.31,5.0,10.0,0.5,0.0,0.0,,3.0,6.0,0.5,7.0,1.0,8.0,1.0,0.0,1.0,1.0,5.0,13.0,-3.0,https://www.basketball-reference.com/boxscores/200712070SAC.html,2007-08
Mikki Moore,2007-12-08,Sacramento Kings,Denver Nuggets,0,33.55,5.0,9.0,0.556,0.0,0.0,,0.0,0.0,,4.0,9.0,13.0,1.0,0.0,0.0,1.0,3.0,10.0,2.0,https://www.basketball-reference.com/boxscores/200712080DEN.html,2007-08
Mikki Moore,2007-12-10,Sacramento Kings,Milwaukee Bucks,1,25.07,1.0,4.0,0.25,0.0,1.0,0.0,3.0,6.0,0.5,2.0,3.0,5.0,1.0,3.0,1.0,1.0,3.0,5.0,-6.0,https://www.basketball-reference.com/boxscores/200712100SAC.html,2007-08
Mikki Moore,2007-12-12,Sacramento Kings,Boston Celtics,0,20.52,3.0,4.0,0.75,0.0,0.0,,0.0,0.0,,2.0,6.0,8.0,0.0,0.0,0.0,1.0,4.0,6.0,-2.0,https://www.basketball-reference.com/boxscores/200712120BOS.html,2007-08
Mikki Moore,2007-12-14,Sacramento Kings,Philadelphia 76ers,0,38.01,10.0,11.0,0.909,0.0,0.0,,4.0,4.0,1.0,3.0,2.0,5.0,1.0,0.0,0.0,1.0,3.0,24.0,14.0,https://www.basketball-reference.com/boxscores/200712140PHI.html,2007-08
Mikki Moore,2007-12-15,Sacramento Kings,Washington Wizards,0,34.33,2.0,6.0,0.333,0.0,0.0,,2.0,4.0,0.5,4.0,6.0,10.0,3.0,1.0,2.0,1.0,3.0,6.0,-12.0,https://www.basketball-reference.com/boxscores/200712150WAS.html,2007-08
Mikki Moore,2007-12-18,Sacramento Kings,New Jersey Nets,0,32.25,2.0,6.0,0.333,0.0,0.0,,0.0,0.0,,2.0,3.0,5.0,0.0,2.0,1.0,2.0,4.0,4.0,12.0,https://www.basketball-reference.com/boxscores/200712180NJN.html,2007-08
Mikki Moore,2007-12-19,Sacramento Kings,Milwaukee Bucks,0,33.44,5.0,10.0,0.5,0.0,0.0,,2.0,4.0,0.5,1.0,3.0,4.0,1.0,1.0,0.0,0.0,2.0,12.0,7.0,https://www.basketball-reference.com/boxscores/200712190MIL.html,2007-08
Mikki Moore,2007-12-23,Sacramento Kings,Denver Nuggets,1,28.29,3.0,8.0,0.375,0.0,0.0,,5.0,6.0,0.833,2.0,3.0,5.0,2.0,1.0,3.0,1.0,3.0,11.0,1.0,https://www.basketball-reference.com/boxscores/200712230SAC.html,2007-08
Mikki Moore,2007-12-26,Sacramento Kings,Boston Celtics,1,22.29,4.0,5.0,0.8,0.0,0.0,,0.0,0.0,,2.0,3.0,5.0,0.0,0.0,0.0,2.0,4.0,8.0,-11.0,https://www.basketball-reference.com/boxscores/200712260SAC.html,2007-08
Mikki Moore,2007-12-28,Sacramento Kings,Philadelphia 76ers,1,35.14,3.0,7.0,0.429,0.0,0.0,,0.0,1.0,0.0,5.0,1.0,6.0,1.0,0.0,0.0,1.0,4.0,6.0,-1.0,https://www.basketball-reference.com/boxscores/200712280SAC.html,2007-08
Mikki Moore,2007-12-30,Sacramento Kings,Phoenix Suns,1,36.07,8.0,11.0,0.727,0.0,0.0,,4.0,5.0,0.8,7.0,5.0,12.0,1.0,0.0,1.0,2.0,3.0,20.0,-12.0,https://www.basketball-reference.com/boxscores/200712300SAC.html,2007-08
Mikki Moore,2008-01-02,Sacramento Kings,New York Knicks,0,31.37,2.0,6.0,0.333,0.0,0.0,,2.0,4.0,0.5,0.0,7.0,7.0,0.0,0.0,0.0,3.0,6.0,6.0,15.0,https://www.basketball-reference.com/boxscores/200801020NYK.html,2007-08
Mikki Moore,2008-01-04,Sacramento Kings,Cleveland Cavaliers,0,38.47,5.0,8.0,0.625,0.0,0.0,,1.0,1.0,1.0,3.0,8.0,11.0,1.0,0.0,0.0,4.0,4.0,11.0,-8.0,https://www.basketball-reference.com/boxscores/200801040CLE.html,2007-08
Mikki Moore,2008-01-05,Sacramento Kings,Chicago Bulls,0,34.38,1.0,4.0,0.25,0.0,0.0,,4.0,4.0,1.0,1.0,2.0,3.0,0.0,0.0,1.0,1.0,6.0,6.0,-2.0,https://www.basketball-reference.com/boxscores/200801050CHI.html,2007-08
Mikki Moore,2008-01-08,Sacramento Kings,Orlando Magic,1,37.41,4.0,7.0,0.5710000000000001,0.0,0.0,,0.0,0.0,,5.0,7.0,12.0,2.0,1.0,0.0,3.0,5.0,8.0,1.0,https://www.basketball-reference.com/boxscores/200801080SAC.html,2007-08
Mikki Moore,2008-01-10,Sacramento Kings,Memphis Grizzlies,1,37.21,3.0,8.0,0.375,0.0,0.0,,1.0,2.0,0.5,3.0,4.0,7.0,1.0,0.0,2.0,1.0,6.0,7.0,-2.0,https://www.basketball-reference.com/boxscores/200801100SAC.html,2007-08
Mikki Moore,2008-01-12,Sacramento Kings,Indiana Pacers,1,27.09,1.0,4.0,0.25,0.0,0.0,,2.0,2.0,1.0,1.0,6.0,7.0,0.0,2.0,0.0,2.0,3.0,4.0,-10.0,https://www.basketball-reference.com/boxscores/200801120SAC.html,2007-08
Mikki Moore,2008-01-14,Sacramento Kings,Dallas Mavericks,1,28.27,2.0,4.0,0.5,0.0,0.0,,2.0,2.0,1.0,2.0,1.0,3.0,0.0,0.0,1.0,0.0,4.0,6.0,-10.0,https://www.basketball-reference.com/boxscores/200801140SAC.html,2007-08
Mikki Moore,2008-01-16,Sacramento Kings,Toronto Raptors,0,30.21,1.0,3.0,0.333,0.0,0.0,,0.0,0.0,,0.0,2.0,2.0,0.0,2.0,0.0,0.0,3.0,2.0,-28.0,https://www.basketball-reference.com/boxscores/200801160TOR.html,2007-08
Mikki Moore,2008-01-18,Sacramento Kings,Detroit Pistons,0,33.24,3.0,5.0,0.6,0.0,0.0,,0.0,0.0,,0.0,5.0,5.0,1.0,1.0,0.0,1.0,3.0,6.0,-5.0,https://www.basketball-reference.com/boxscores/200801180DET.html,2007-08
Mikki Moore,2008-01-19,Sacramento Kings,Indiana Pacers,0,31.44,9.0,12.0,0.75,0.0,0.0,,4.0,4.0,1.0,3.0,8.0,11.0,1.0,0.0,0.0,2.0,5.0,22.0,7.0,https://www.basketball-reference.com/boxscores/200801190IND.html,2007-08
Mikki Moore,2008-01-22,Sacramento Kings,New Jersey Nets,1,23.33,5.0,7.0,0.7140000000000001,0.0,0.0,,0.0,0.0,,1.0,2.0,3.0,0.0,0.0,0.0,1.0,3.0,10.0,16.0,https://www.basketball-reference.com/boxscores/200801220SAC.html,2007-08
Mikki Moore,2008-01-23,Sacramento Kings,Los Angeles Clippers,0,23.41,3.0,3.0,1.0,0.0,0.0,,0.0,3.0,0.0,3.0,2.0,5.0,0.0,1.0,1.0,1.0,3.0,6.0,-15.0,https://www.basketball-reference.com/boxscores/200801230LAC.html,2007-08
Mikki Moore,2008-01-25,Sacramento Kings,Utah Jazz,0,9.51,0.0,0.0,,0.0,0.0,,2.0,2.0,1.0,0.0,1.0,1.0,0.0,0.0,0.0,0.0,1.0,2.0,-15.0,https://www.basketball-reference.com/boxscores/200801250UTA.html,2007-08
Mikki Moore,2008-01-27,Sacramento Kings,Seattle SuperSonics,0,38.26,4.0,7.0,0.5710000000000001,0.0,0.0,,2.0,2.0,1.0,1.0,5.0,6.0,1.0,0.0,1.0,0.0,4.0,10.0,0.0,https://www.basketball-reference.com/boxscores/200801270SEA.html,2007-08
Mikki Moore,2008-01-30,Sacramento Kings,Charlotte Bobc,1,31.41,4.0,9.0,0.444,0.0,0.0,,3.0,4.0,0.75,3.0,5.0,8.0,1.0,1.0,4.0,2.0,4.0,11.0,4.0,https://www.basketball-reference.com/boxscores/200801300SAC.html,2007-08
Mikki Moore,2008-02-01,Sacramento Kings,New Orleans Hornets,1,27.24,4.0,5.0,0.8,0.0,0.0,,2.0,2.0,1.0,3.0,4.0,7.0,1.0,0.0,3.0,1.0,4.0,10.0,7.0,https://www.basketball-reference.com/boxscores/200802010SAC.html,2007-08
Mikki Moore,2008-02-02,Sacramento Kings,Chicago Bulls,1,24.32,2.0,2.0,1.0,0.0,0.0,,1.0,1.0,1.0,2.0,0.0,2.0,0.0,0.0,1.0,1.0,6.0,5.0,-2.0,https://www.basketball-reference.com/boxscores/200802020SAC.html,2007-08
Mikki Moore,2008-02-06,Sacramento Kings,Seattle SuperSonics,1,34.23,4.0,9.0,0.444,0.0,0.0,,2.0,3.0,0.667,5.0,4.0,9.0,2.0,1.0,0.0,1.0,4.0,10.0,-15.0,https://www.basketball-reference.com/boxscores/200802060SAC.html,2007-08
Mikki Moore,2008-02-08,Sacramento Kings,Utah Jazz,1,30.26,2.0,4.0,0.5,0.0,0.0,,3.0,6.0,0.5,2.0,5.0,7.0,1.0,0.0,0.0,1.0,4.0,7.0,9.0,https://www.basketball-reference.com/boxscores/200802080SAC.html,2007-08
Mikki Moore,2008-02-09,Sacramento Kings,Golden State Warriors,0,20.58,1.0,2.0,0.5,0.0,0.0,,2.0,2.0,1.0,2.0,2.0,4.0,3.0,0.0,0.0,1.0,4.0,4.0,0.0,https://www.basketball-reference.com/boxscores/200802090GSW.html,2007-08
Mikki Moore,2008-02-12,Sacramento Kings,Memphis Grizzlies,0,23.56,3.0,7.0,0.429,0.0,0.0,,0.0,0.0,,2.0,5.0,7.0,0.0,0.0,1.0,1.0,5.0,6.0,11.0,https://www.basketball-reference.com/boxscores/200802120MEM.html,2007-08
Mikki Moore,2008-02-13,Sacramento Kings,Houston Rockets,0,31.5,3.0,3.0,1.0,0.0,0.0,,2.0,2.0,1.0,1.0,4.0,5.0,2.0,0.0,0.0,2.0,5.0,8.0,-4.0,https://www.basketball-reference.com/boxscores/200802130HOU.html,2007-08
Mikki Moore,2008-02-19,Sacramento Kings,Portland Trail Blazers,0,23.12,1.0,3.0,0.333,0.0,0.0,,1.0,1.0,1.0,2.0,7.0,9.0,2.0,0.0,0.0,0.0,0.0,3.0,5.0,https://www.basketball-reference.com/boxscores/200802190POR.html,2007-08
Mikki Moore,2008-02-20,Sacramento Kings,Atlanta Hawks,1,21.34,2.0,2.0,1.0,0.0,0.0,,3.0,3.0,1.0,1.0,0.0,1.0,0.0,0.0,0.0,1.0,3.0,7.0,7.0,https://www.basketball-reference.com/boxscores/200802200SAC.html,2007-08
Mikki Moore,2008-02-22,Charlotte Bobcats,Sacramento Kings,1,17.42,2.0,5.0,0.4,0.0,0.0,,1.0,1.0,1.0,2.0,7.0,9.0,0.0,0.0,0.0,0.0,4.0,5.0,-1.0,https://www.basketball-reference.com/boxscores/200802220CHA.html,2007-08
Mikki Moore,2008-02-24,Sacramento Kings,Orlando Magic,0,25.25,1.0,5.0,0.2,0.0,0.0,,0.0,1.0,0.0,2.0,2.0,4.0,1.0,0.0,1.0,1.0,1.0,2.0,-5.0,https://www.basketball-reference.com/boxscores/200802240ORL.html,2007-08
Mikki Moore,2008-02-26,Sacramento Kings,Miami Heat,0,26.19,3.0,4.0,0.75,0.0,0.0,,2.0,2.0,1.0,3.0,6.0,9.0,2.0,3.0,0.0,2.0,1.0,8.0,-20.0,https://www.basketball-reference.com/boxscores/200802260MIA.html,2007-08
Mikki Moore,2008-02-27,Sacramento Kings,Atlanta Hawks,0,32.44,3.0,5.0,0.6,0.0,0.0,,4.0,6.0,0.667,3.0,4.0,7.0,0.0,1.0,0.0,1.0,5.0,10.0,-14.0,https://www.basketball-reference.com/boxscores/200802270ATL.html,2007-08
Mikki Moore,2008-02-29,Sacramento Kings,Dallas Mavericks,0,27.26,4.0,8.0,0.5,0.0,0.0,,1.0,3.0,0.333,7.0,5.0,12.0,1.0,1.0,2.0,1.0,3.0,9.0,9.0,https://www.basketball-reference.com/boxscores/200802290DAL.html,2007-08
Mikki Moore,2008-03-02,Sacramento Kings,Miami Heat,1,32.48,2.0,5.0,0.4,0.0,0.0,,0.0,0.0,,1.0,7.0,8.0,0.0,1.0,1.0,3.0,3.0,4.0,14.0,https://www.basketball-reference.com/boxscores/200803020SAC.html,2007-08
Mikki Moore,2008-03-04,Sacramento Kings,Los Angeles Lakers,1,26.2,3.0,4.0,0.75,0.0,0.0,,0.0,0.0,,3.0,10.0,13.0,3.0,1.0,1.0,1.0,4.0,6.0,2.0,https://www.basketball-reference.com/boxscores/200803040SAC.html,2007-08
Mikki Moore,2008-03-05,Los Angeles Clippers,Sacramento Kings,1,40.29,7.0,9.0,0.778,0.0,0.0,,6.0,8.0,0.75,1.0,4.0,5.0,4.0,0.0,0.0,0.0,6.0,20.0,0.0,https://www.basketball-reference.com/boxscores/200803050LAC.html,2007-08
Mikki Moore,2008-03-07,Sacramento Kings,Minnesota Timberwolves,1,29.11,3.0,6.0,0.5,0.0,0.0,,0.0,0.0,,0.0,2.0,2.0,2.0,0.0,1.0,2.0,1.0,6.0,-1.0,https://www.basketball-reference.com/boxscores/200803070SAC.html,2007-08
Mikki Moore,2008-03-09,Sacramento Kings,Los Angeles Lakers,0,31.58,5.0,7.0,0.7140000000000001,0.0,0.0,,4.0,4.0,1.0,2.0,7.0,9.0,1.0,1.0,0.0,3.0,4.0,14.0,-8.0,https://www.basketball-reference.com/boxscores/200803090LAL.html,2007-08
Mikki Moore,2008-03-13,Sacramento Kings,Portland Trail Blazers,1,32.1,4.0,6.0,0.667,0.0,0.0,,2.0,3.0,0.667,0.0,5.0,5.0,0.0,0.0,0.0,0.0,3.0,10.0,9.0,https://www.basketball-reference.com/boxscores/200803130SAC.html,2007-08
Mikki Moore,2008-03-15,Sacramento Kings,Phoenix Suns,0,18.47,5.0,9.0,0.556,0.0,0.0,,1.0,2.0,0.5,3.0,2.0,5.0,1.0,0.0,0.0,0.0,5.0,11.0,-6.0,https://www.basketball-reference.com/boxscores/200803150PHO.html,2007-08
Mikki Moore,2008-03-16,Sacramento Kings,Toronto Raptors,1,32.43,7.0,8.0,0.875,0.0,0.0,,3.0,3.0,1.0,2.0,5.0,7.0,0.0,0.0,0.0,2.0,3.0,17.0,19.0,https://www.basketball-reference.com/boxscores/200803160SAC.html,2007-08
Mikki Moore,2008-03-18,Sacramento Kings,Golden State Warriors,1,37.17,8.0,10.0,0.8,0.0,0.0,,3.0,3.0,1.0,3.0,7.0,10.0,1.0,0.0,3.0,1.0,4.0,19.0,15.0,https://www.basketball-reference.com/boxscores/200803180SAC.html,2007-08
Mikki Moore,2008-03-21,Sacramento Kings,San Antonio Spurs,0,31.07,2.0,6.0,0.333,0.0,0.0,,3.0,4.0,0.75,1.0,8.0,9.0,0.0,0.0,1.0,1.0,3.0,7.0,-3.0,https://www.basketball-reference.com/boxscores/200803210SAS.html,2007-08
Mikki Moore,2008-03-22,Sacramento Kings,Memphis Grizzlies,0,36.15,4.0,8.0,0.5,0.0,0.0,,1.0,1.0,1.0,2.0,6.0,8.0,5.0,0.0,1.0,2.0,4.0,9.0,-6.0,https://www.basketball-reference.com/boxscores/200803220MEM.html,2007-08
Mikki Moore,2008-03-24,Sacramento Kings,Houston Rockets,0,27.22,3.0,8.0,0.375,0.0,0.0,,1.0,2.0,0.5,2.0,2.0,4.0,6.0,0.0,0.0,1.0,4.0,7.0,-9.0,https://www.basketball-reference.com/boxscores/200803240HOU.html,2007-08
Mikki Moore,2008-03-28,Sacramento Kings,Washington Wizards,1,13.29,1.0,2.0,0.5,0.0,0.0,,0.0,2.0,0.0,2.0,2.0,4.0,1.0,0.0,0.0,2.0,5.0,2.0,-1.0,https://www.basketball-reference.com/boxscores/200803280SAC.html,2007-08
Mikki Moore,2008-03-30,Sacramento Kings,Seattle SuperSonics,0,29.28,4.0,5.0,0.8,0.0,0.0,,6.0,8.0,0.75,1.0,4.0,5.0,2.0,0.0,0.0,2.0,3.0,14.0,-1.0,https://www.basketball-reference.com/boxscores/200803300SEA.html,2007-08
Mikki Moore,2000-12-01,Detroit Pistons,Cleveland Cavaliers,1,8.0,2.0,4.0,0.5,0.0,0.0,,0.0,0.0,,0.0,2.0,2.0,0.0,0.0,0.0,0.0,0.0,4.0,-5.0,https://www.basketball-reference.com/boxscores/200012010DET.html,2000-01
Mikki Moore,2000-12-03,Detroit Pistons,Washington Wizards,1,6.01,1.0,1.0,1.0,0.0,0.0,,0.0,0.0,,1.0,0.0,1.0,0.0,0.0,0.0,2.0,3.0,2.0,-3.0,https://www.basketball-reference.com/boxscores/200012030DET.html,2000-01
Mikki Moore,2000-12-05,Detroit Pistons,Vancouver Grizzlies,0,,,,,,,,,,,,,,,,,,,,,https://www.basketball-reference.com/boxscores/200012050VAN.html,2000-01
Mikki Moore,2000-12-06,Detroit Pistons,Seattle SuperSonics,0,13.32,4.0,5.0,0.8,0.0,0.0,,0.0,2.0,0.0,3.0,0.0,3.0,0.0,1.0,0.0,2.0,4.0,8.0,14.0,https://www.basketball-reference.com/boxscores/200012060SEA.html,2000-01
Mikki Moore,2000-12-09,Detroit Pistons,Portland Trail Blazers,0,25.33,4.0,5.0,0.8,0.0,0.0,,8.0,10.0,0.8,2.0,3.0,5.0,0.0,0.0,1.0,3.0,4.0,16.0,-7.0,https://www.basketball-reference.com/boxscores/200012090POR.html,2000-01
Mikki Moore,2000-12-10,Detroit Pistons,Los Angeles Lakers,0,13.57,1.0,4.0,0.25,0.0,0.0,,1.0,1.0,1.0,0.0,2.0,2.0,2.0,0.0,1.0,2.0,2.0,3.0,-6.0,https://www.basketball-reference.com/boxscores/200012100LAL.html,2000-01
Mikki Moore,2000-12-13,Detroit Pistons,Atlanta Hawks,1,21.38,1.0,2.0,0.5,0.0,0.0,,2.0,2.0,1.0,1.0,3.0,4.0,0.0,0.0,1.0,2.0,4.0,4.0,14.0,https://www.basketball-reference.com/boxscores/200012130DET.html,2000-01
Mikki Moore,2000-12-15,Detroit Pistons,Minnesota Timberwolves,1,10.5,1.0,3.0,0.333,0.0,0.0,,1.0,2.0,0.5,4.0,2.0,6.0,0.0,0.0,0.0,0.0,0.0,3.0,-9.0,https://www.basketball-reference.com/boxscores/200012150DET.html,2000-01
Mikki Moore,2000-12-17,Detroit Pistons,Dallas Mavericks,1,18.49,1.0,1.0,1.0,0.0,0.0,,6.0,6.0,1.0,2.0,3.0,5.0,1.0,0.0,1.0,1.0,2.0,8.0,-2.0,https://www.basketball-reference.com/boxscores/200012170DET.html,2000-01
Mikki Moore,2000-12-19,Detroit Pistons,Phoenix Suns,0,18.0,2.0,3.0,0.667,0.0,0.0,,4.0,4.0,1.0,1.0,2.0,3.0,0.0,0.0,1.0,0.0,1.0,8.0,6.0,https://www.basketball-reference.com/boxscores/200012190PHO.html,2000-01
Mikki Moore,2000-12-20,Detroit Pistons,Denver Nuggets,0,25.47,1.0,6.0,0.16699999999999998,0.0,0.0,,0.0,0.0,,3.0,5.0,8.0,1.0,1.0,2.0,3.0,4.0,2.0,8.0,https://www.basketball-reference.com/boxscores/200012200DEN.html,2000-01
Mikki Moore,2000-12-23,Detroit Pistons,Chicago Bulls,1,10.51,3.0,3.0,1.0,0.0,0.0,,0.0,1.0,0.0,0.0,2.0,2.0,1.0,0.0,0.0,0.0,3.0,6.0,-1.0,https://www.basketball-reference.com/boxscores/200012230DET.html,2000-01
Mikki Moore,2000-12-26,Detroit Pistons,Boston Celtics,1,10.26,2.0,2.0,1.0,0.0,0.0,,0.0,0.0,,1.0,2.0,3.0,0.0,0.0,1.0,2.0,3.0,4.0,-1.0,https://www.basketball-reference.com/boxscores/200012260DET.html,2000-01
Mikki Moore,2000-12-28,Detroit Pistons,Orlando Magic,0,15.21,1.0,2.0,0.5,0.0,0.0,,0.0,0.0,,0.0,4.0,4.0,0.0,0.0,2.0,0.0,3.0,2.0,-11.0,https://www.basketball-reference.com/boxscores/200012280ORL.html,2000-01
Mikki Moore,2000-12-31,Detroit Pistons,Washington Wizards,0,14.18,2.0,3.0,0.667,0.0,0.0,,0.0,0.0,,1.0,3.0,4.0,0.0,0.0,2.0,1.0,6.0,4.0,1.0,https://www.basketball-reference.com/boxscores/200012310WAS.html,2000-01
Mikki Moore,2001-01-03,Detroit Pistons,Dallas Mavericks,0,14.43,1.0,5.0,0.2,0.0,0.0,,1.0,2.0,0.5,3.0,1.0,4.0,0.0,0.0,0.0,2.0,2.0,3.0,12.0,https://www.basketball-reference.com/boxscores/200101030DAL.html,2000-01
Mikki Moore,2001-01-04,Detroit Pistons,Houston Rockets,0,21.05,2.0,3.0,0.667,0.0,0.0,,0.0,0.0,,3.0,6.0,9.0,0.0,0.0,3.0,1.0,5.0,4.0,-4.0,https://www.basketball-reference.com/boxscores/200101040HOU.html,2000-01
Mikki Moore,2001-01-06,Detroit Pistons,San Antonio Spurs,0,22.39,4.0,10.0,0.4,0.0,0.0,,0.0,1.0,0.0,4.0,2.0,6.0,0.0,0.0,2.0,1.0,6.0,8.0,2.0,https://www.basketball-reference.com/boxscores/200101060SAS.html,2000-01
Mikki Moore,2001-01-10,Detroit Pistons,Toronto Raptors,1,22.16,3.0,6.0,0.5,0.0,0.0,,1.0,2.0,0.5,2.0,2.0,4.0,0.0,0.0,1.0,0.0,4.0,7.0,-4.0,https://www.basketball-reference.com/boxscores/200101100DET.html,2000-01
Mikki Moore,2001-01-12,Detroit Pistons,San Antonio Spurs,1,21.02,1.0,2.0,0.5,0.0,0.0,,0.0,0.0,,0.0,2.0,2.0,0.0,1.0,0.0,4.0,5.0,2.0,-3.0,https://www.basketball-reference.com/boxscores/200101120DET.html,2000-01
Mikki Moore,2001-01-14,Detroit Pistons,Portland Trail Blazers,1,9.59,0.0,0.0,,0.0,0.0,,1.0,2.0,0.5,0.0,0.0,0.0,0.0,0.0,0.0,2.0,2.0,1.0,-3.0,https://www.basketball-reference.com/boxscores/200101140DET.html,2000-01
Mikki Moore,2001-01-16,Detroit Pistons,Miami Heat,0,13.5,3.0,5.0,0.6,0.0,0.0,,0.0,0.0,,2.0,2.0,4.0,0.0,0.0,1.0,3.0,3.0,6.0,-5.0,https://www.basketball-reference.com/boxscores/200101160MIA.html,2000-01
Mikki Moore,2001-01-18,Detroit Pistons,Chicago Bulls,0,15.22,2.0,3.0,0.667,0.0,0.0,,0.0,0.0,,1.0,0.0,1.0,1.0,0.0,0.0,1.0,1.0,4.0,-1.0,https://www.basketball-reference.com/boxscores/200101180CHI.html,2000-01
Mikki Moore,2001-01-19,Detroit Pistons,New York Knicks,1,12.44,1.0,3.0,0.333,0.0,0.0,,0.0,0.0,,0.0,2.0,2.0,1.0,0.0,0.0,0.0,0.0,2.0,-15.0,https://www.basketball-reference.com/boxscores/200101190DET.html,2000-01
Mikki Moore,2001-01-21,Detroit Pistons,Milwaukee Bucks,1,23.11,3.0,4.0,0.75,0.0,0.0,,1.0,2.0,0.5,2.0,7.0,9.0,2.0,0.0,2.0,1.0,2.0,7.0,5.0,https://www.basketball-reference.com/boxscores/200101210DET.html,2000-01
Mikki Moore,2001-01-24,Detroit Pistons,Phoenix Suns,1,22.46,1.0,2.0,0.5,0.0,0.0,,2.0,6.0,0.333,0.0,2.0,2.0,0.0,0.0,1.0,1.0,3.0,4.0,-19.0,https://www.basketball-reference.com/boxscores/200101240DET.html,2000-01
Mikki Moore,2001-01-26,Detroit Pistons,Philadelphia 76ers,0,12.26,1.0,2.0,0.5,0.0,0.0,,0.0,0.0,,2.0,0.0,2.0,0.0,0.0,0.0,0.0,2.0,2.0,-20.0,https://www.basketball-reference.com/boxscores/200101260PHI.html,2000-01
Mikki Moore,2001-01-27,Detroit Pistons,Milwaukee Bucks,0,11.1,3.0,5.0,0.6,0.0,0.0,,2.0,2.0,1.0,1.0,2.0,3.0,0.0,1.0,0.0,0.0,2.0,8.0,3.0,https://www.basketball-reference.com/boxscores/200101270MIL.html,2000-01
Mikki Moore,2001-01-29,Detroit Pistons,Boston Celtics,0,2.41,0.0,0.0,,0.0,0.0,,0.0,0.0,,0.0,0.0,0.0,0.0,0.0,0.0,0.0,0.0,0.0,1.0,https://www.basketball-reference.com/boxscores/200101290BOS.html,2000-01
Mikki Moore,2001-01-31,Detroit Pistons,New Jersey Nets,0,12.41,2.0,6.0,0.333,0.0,0.0,,0.0,0.0,,4.0,2.0,6.0,1.0,0.0,0.0,1.0,4.0,4.0,-6.0,https://www.basketball-reference.com/boxscores/200101310NJN.html,2000-01
Mikki Moore,2001-02-02,Detroit Pistons,Boston Celtics,1,10.0,0.0,3.0,0.0,0.0,0.0,,0.0,0.0,,3.0,2.0,5.0,0.0,0.0,0.0,1.0,2.0,0.0,2.0,https://www.basketball-reference.com/boxscores/200102020DET.html,2000-01
Mikki Moore,2001-02-03,Cleveland Cavaliers,Detroit Pistons,1,11.04,3.0,7.0,0.429,0.0,0.0,,0.0,0.0,,2.0,0.0,2.0,0.0,0.0,0.0,1.0,2.0,6.0,-8.0,https://www.basketball-reference.com/boxscores/200102030CLE.html,2000-01
Mikki Moore,2001-02-06,Detroit Pistons,Denver Nuggets,1,10.03,1.0,6.0,0.16699999999999998,0.0,0.0,,2.0,2.0,1.0,2.0,0.0,2.0,0.0,1.0,0.0,0.0,2.0,4.0,0.0,https://www.basketball-reference.com/boxscores/200102060DET.html,2000-01
Mikki Moore,2001-02-08,Detroit Pistons,Houston Rockets,1,18.26,0.0,4.0,0.0,0.0,0.0,,0.0,0.0,,5.0,7.0,12.0,1.0,1.0,0.0,0.0,3.0,0.0,-2.0,https://www.basketball-reference.com/boxscores/200102080DET.html,2000-01
Mikki Moore,2001-02-14,Detroit Pistons,New Jersey Nets,1,3.44,0.0,0.0,,0.0,0.0,,2.0,2.0,1.0,1.0,0.0,1.0,0.0,0.0,0.0,1.0,0.0,2.0,-3.0,https://www.basketball-reference.com/boxscores/200102140DET.html,2000-01
Mikki Moore,2001-02-15,Detroit Pistons,Indiana Pacers,0,6.58,0.0,1.0,0.0,0.0,0.0,,0.0,0.0,,1.0,2.0,3.0,0.0,0.0,0.0,0.0,1.0,0.0,2.0,https://www.basketball-reference.com/boxscores/200102150IND.html,2000-01
Mikki Moore,2001-02-21,Detroit Pistons,New York Knicks,1,9.22,1.0,2.0,0.5,0.0,0.0,,2.0,2.0,1.0,2.0,2.0,4.0,0.0,0.0,2.0,0.0,1.0,4.0,0.0,https://www.basketball-reference.com/boxscores/200102210DET.html,2000-01
Mikki Moore,2001-02-23,Detroit Pistons,Philadelphia 76ers,1,12.3,1.0,4.0,0.25,0.0,0.0,,0.0,0.0,,2.0,4.0,6.0,0.0,0.0,0.0,0.0,2.0,2.0,-3.0,https://www.basketball-reference.com/boxscores/200102230DET.html,2000-01
Mikki Moore,2001-02-25,Detroit Pistons,Cleveland Cavaliers,1,13.17,0.0,1.0,0.0,0.0,0.0,,1.0,2.0,0.5,2.0,4.0,6.0,1.0,0.0,0.0,0.0,1.0,1.0,-11.0,https://www.basketball-reference.com/boxscores/200102250DET.html,2000-01
Mikki Moore,2001-02-28,Detroit Pistons,Minnesota Timberwolves,0,16.32,2.0,3.0,0.667,0.0,0.0,,0.0,0.0,,1.0,4.0,5.0,1.0,0.0,0.0,1.0,3.0,4.0,15.0,https://www.basketball-reference.com/boxscores/200102280MIN.html,2000-01
Mikki Moore,2001-03-04,Detroit Pistons,Orlando Magic,1,9.17,1.0,4.0,0.25,0.0,0.0,,2.0,2.0,1.0,1.0,1.0,2.0,0.0,1.0,1.0,0.0,2.0,4.0,-9.0,https://www.basketball-reference.com/boxscores/200103040DET.html,2000-01
Mikki Moore,2001-03-05,Detroit Pistons,Miami Heat,0,12.58,2.0,2.0,1.0,0.0,0.0,,1.0,1.0,1.0,1.0,3.0,4.0,0.0,0.0,0.0,0.0,3.0,5.0,-3.0,https://www.basketball-reference.com/boxscores/200103050MIA.html,2000-01
Mikki Moore,2001-03-07,Detroit Pistons,Orlando Magic,0,11.53,1.0,3.0,0.333,0.0,1.0,0.0,0.0,0.0,,1.0,0.0,1.0,0.0,1.0,0.0,0.0,0.0,2.0,-2.0,https://www.basketball-reference.com/boxscores/200103070ORL.html,2000-01
Mikki Moore,2001-03-09,Detroit Pistons,Chicago Bulls,1,22.37,5.0,7.0,0.7140000000000001,0.0,0.0,,2.0,2.0,1.0,2.0,6.0,8.0,0.0,1.0,2.0,1.0,3.0,12.0,8.0,https://www.basketball-reference.com/boxscores/200103090DET.html,2000-01
Mikki Moore,2001-03-11,Detroit Pistons,Indiana Pacers,1,7.46,0.0,3.0,0.0,0.0,0.0,,0.0,0.0,,2.0,2.0,4.0,0.0,2.0,1.0,0.0,0.0,0.0,3.0,https://www.basketball-reference.com/boxscores/200103110DET.html,2000-01
Mikki Moore,2001-03-14,Detroit Pistons,Washington Wizards,0,5.36,0.0,1.0,0.0,0.0,0.0,,0.0,0.0,,0.0,0.0,0.0,0.0,0.0,0.0,0.0,1.0,0.0,-8.0,https://www.basketball-reference.com/boxscores/200103140WAS.html,2000-01
Mikki Moore,2001-03-17,Detroit Pistons,Atlanta Hawks,0,16.01,4.0,6.0,0.667,0.0,0.0,,1.0,1.0,1.0,3.0,6.0,9.0,3.0,0.0,0.0,1.0,4.0,9.0,11.0,https://www.basketball-reference.com/boxscores/200103170ATL.html,2000-01
Mikki Moore,2001-03-18,Detroit Pistons,Milwaukee Bucks,1,12.41,2.0,4.0,0.5,0.0,0.0,,1.0,2.0,0.5,3.0,2.0,5.0,0.0,1.0,0.0,1.0,3.0,5.0,2.0,https://www.basketball-reference.com/boxscores/200103180DET.html,2000-01
Mikki Moore,2001-03-20,Detroit Pistons,Utah Jazz,0,11.31,1.0,3.0,0.333,0.0,0.0,,2.0,2.0,1.0,2.0,1.0,3.0,1.0,2.0,0.0,1.0,3.0,4.0,-10.0,https://www.basketball-reference.com/boxscores/200103200UTA.html,2000-01
Mikki Moore,2001-03-22,Detroit Pistons,Sacramento Kings,0,11.06,4.0,5.0,0.8,0.0,0.0,,0.0,0.0,,0.0,2.0,2.0,0.0,1.0,0.0,1.0,2.0,8.0,2.0,https://www.basketball-reference.com/boxscores/200103220SAC.html,2000-01
Mikki Moore,2001-03-24,Detroit Pistons,Golden State Warriors,0,18.59,2.0,5.0,0.4,0.0,0.0,,2.0,6.0,0.333,4.0,6.0,10.0,0.0,0.0,1.0,2.0,4.0,6.0,-8.0,https://www.basketball-reference.com/boxscores/200103240GSW.html,2000-01
Mikki Moore,2001-03-27,Detroit Pistons,Los Angeles Clippers,0,35.33,5.0,7.0,0.7140000000000001,0.0,0.0,,6.0,9.0,0.667,5.0,7.0,12.0,1.0,0.0,1.0,1.0,4.0,16.0,-5.0,https://www.basketball-reference.com/boxscores/200103270LAC.html,2000-01
Mikki Moore,2001-03-30,Detroit Pistons,Orlando Magic,1,27.49,2.0,6.0,0.333,0.0,0.0,,3.0,3.0,1.0,2.0,7.0,9.0,0.0,1.0,2.0,2.0,3.0,7.0,2.0,https://www.basketball-reference.com/boxscores/200103300DET.html,2000-01
Mikki Moore,2009-12-01,Golden State Warriors,Denver Nuggets,0,21.28,1.0,3.0,0.333,0.0,0.0,,0.0,0.0,,2.0,2.0,4.0,1.0,0.0,1.0,0.0,3.0,2.0,-9.0,https://www.basketball-reference.com/boxscores/200912010DEN.html,2009-10
Mikki Moore,2009-12-03,Golden State Warriors,Houston Rockets,1,11.03,2.0,3.0,0.667,0.0,0.0,,0.0,1.0,0.0,0.0,3.0,3.0,2.0,0.0,1.0,0.0,3.0,4.0,-2.0,https://www.basketball-reference.com/boxscores/200912030GSW.html,2009-10
Mikki Moore,2009-12-05,Golden State Warriors,Orlando Magic,1,7.55,2.0,4.0,0.5,0.0,0.0,,0.0,0.0,,1.0,1.0,2.0,3.0,0.0,0.0,0.0,3.0,4.0,-15.0,https://www.basketball-reference.com/boxscores/200912050GSW.html,2009-10
Mikki Moore,2009-12-07,Golden State Warriors,Oklahoma City Thunder,0,21.2,3.0,3.0,1.0,0.0,0.0,,0.0,0.0,,0.0,0.0,0.0,1.0,0.0,1.0,0.0,2.0,6.0,7.0,https://www.basketball-reference.com/boxscores/200912070OKC.html,2009-10
Mikki Moore,2009-12-09,Golden State Warriors,New Jersey Nets,0,27.1,8.0,12.0,0.667,0.0,0.0,,0.0,0.0,,3.0,4.0,7.0,2.0,0.0,1.0,0.0,4.0,16.0,-1.0,https://www.basketball-reference.com/boxscores/200912090NJN.html,2009-10
Mikki Moore,2009-12-11,Chicago Bulls,Golden State Warriors,1,26.24,3.0,3.0,1.0,0.0,0.0,,2.0,2.0,1.0,1.0,2.0,3.0,3.0,0.0,1.0,4.0,4.0,8.0,-16.0,https://www.basketball-reference.com/boxscores/200912110CHI.html,2009-10
Mikki Moore,2009-12-12,Golden State Warriors,Detroit Pistons,0,15.16,2.0,3.0,0.667,0.0,0.0,,0.0,0.0,,0.0,0.0,0.0,1.0,0.0,1.0,1.0,1.0,4.0,-3.0,https://www.basketball-reference.com/boxscores/200912120DET.html,2009-10
Mikki Moore,2009-12-14,Golden State Warriors,Philadelphia 76ers,0,15.35,4.0,7.0,0.5710000000000001,0.0,0.0,,0.0,0.0,,2.0,1.0,3.0,0.0,0.0,1.0,1.0,1.0,8.0,-19.0,https://www.basketball-reference.com/boxscores/200912140PHI.html,2009-10
Mikki Moore,2009-12-16,Golden State Warriors,San Antonio Spurs,1,,,,,,,,,,,,,,,,,,,,,https://www.basketball-reference.com/boxscores/200912160GSW.html,2009-10
Mikki Moore,2009-12-18,Golden State Warriors,Washington Wizards,1,,,,,,,,,,,,,,,,,,,,,https://www.basketball-reference.com/boxscores/200912180GSW.html,2009-10
Mikki Moore,2009-12-22,Golden State Warriors,Memphis Grizzlies,0,,,,,,,,,,,,,,,,,,,,,https://www.basketball-reference.com/boxscores/200912220MEM.html,2009-10
Mikki Moore,2009-12-23,Golden State Warriors,New Orleans Hornets,0,,,,,,,,,,,,,,,,,,,,,https://www.basketball-reference.com/boxscores/200912230NOH.html,2009-10
Mikki Moore,2009-12-26,Golden State Warriors,Phoenix Suns,1,,,,,,,,,,,,,,,,,,,,,https://www.basketball-reference.com/boxscores/200912260GSW.html,2009-10
Mikki Moore,2009-12-28,Golden State Warriors,Boston Celtics,1,,,,,,,,,,,,,,,,,,,,,https://www.basketball-reference.com/boxscores/200912280GSW.html,2009-10
Mikki Moore,2009-12-29,Golden State Warriors,Los Angeles Lakers,0,,,,,,,,,,,,,,,,,,,,,https://www.basketball-reference.com/boxscores/200912290LAL.html,2009-10
Mikki Moore,2010-01-02,Golden State Warriors,Portland Trail Blazers,0,,,,,,,,,,,,,,,,,,,,,https://www.basketball-reference.com/boxscores/201001020POR.html,2009-10
Mikki Moore,2008-12-02,Sacramento Kings,Utah Jazz,1,12.17,0.0,3.0,0.0,0.0,0.0,,0.0,0.0,,1.0,2.0,3.0,0.0,0.0,0.0,0.0,3.0,0.0,-19.0,https://www.basketball-reference.com/boxscores/200812020SAC.html,2008-09
Mikki Moore,2008-12-06,Sacramento Kings,Denver Nuggets,1,3.16,0.0,1.0,0.0,0.0,0.0,,0.0,0.0,,2.0,1.0,3.0,0.0,0.0,0.0,0.0,1.0,0.0,-2.0,https://www.basketball-reference.com/boxscores/200812060SAC.html,2008-09
Mikki Moore,2008-12-09,Sacramento Kings,Los Angeles Lakers,1,13.47,2.0,3.0,0.667,0.0,0.0,,0.0,0.0,,0.0,3.0,3.0,0.0,0.0,0.0,0.0,1.0,4.0,7.0,https://www.basketball-reference.com/boxscores/200812090SAC.html,2008-09
Mikki Moore,2008-12-12,Sacramento Kings,Los Angeles Lakers,0,21.41,1.0,3.0,0.333,0.0,0.0,,1.0,2.0,0.5,2.0,2.0,4.0,1.0,0.0,1.0,0.0,2.0,3.0,9.0,https://www.basketball-reference.com/boxscores/200812120LAL.html,2008-09
Mikki Moore,2008-12-13,Sacramento Kings,New York Knicks,1,7.46,1.0,2.0,0.5,0.0,0.0,,0.0,0.0,,2.0,4.0,6.0,0.0,0.0,0.0,1.0,2.0,2.0,-1.0,https://www.basketball-reference.com/boxscores/200812130SAC.html,2008-09
Mikki Moore,2008-12-15,Sacramento Kings,Minnesota Timberwolves,1,16.32,1.0,2.0,0.5,0.0,0.0,,2.0,2.0,1.0,0.0,1.0,1.0,1.0,0.0,1.0,0.0,4.0,4.0,10.0,https://www.basketball-reference.com/boxscores/200812150SAC.html,2008-09
Mikki Moore,2008-12-16,Sacramento Kings,Portland Trail Blazers,0,17.15,0.0,2.0,0.0,0.0,0.0,,0.0,0.0,,3.0,3.0,6.0,0.0,0.0,0.0,1.0,2.0,0.0,-9.0,https://www.basketball-reference.com/boxscores/200812160POR.html,2008-09
Mikki Moore,2008-12-19,Sacramento Kings,Houston Rockets,0,20.11,0.0,0.0,,0.0,0.0,,2.0,2.0,1.0,0.0,0.0,0.0,0.0,1.0,1.0,0.0,5.0,2.0,9.0,https://www.basketball-reference.com/boxscores/200812190HOU.html,2008-09
Mikki Moore,2008-12-20,Sacramento Kings,New Orleans Hornets,0,7.37,0.0,0.0,,0.0,0.0,,0.0,0.0,,0.0,1.0,1.0,0.0,0.0,0.0,0.0,1.0,0.0,6.0,https://www.basketball-reference.com/boxscores/200812200NOH.html,2008-09
Mikki Moore,2008-12-22,Sacramento Kings,San Antonio Spurs,0,18.1,3.0,4.0,0.75,0.0,0.0,,0.0,0.0,,1.0,4.0,5.0,0.0,0.0,1.0,0.0,2.0,6.0,-6.0,https://www.basketball-reference.com/boxscores/200812220SAS.html,2008-09
Mikki Moore,2008-12-26,Sacramento Kings,Toronto Raptors,1,18.51,1.0,2.0,0.5,0.0,0.0,,1.0,2.0,0.5,0.0,4.0,4.0,1.0,0.0,1.0,0.0,3.0,3.0,-2.0,https://www.basketball-reference.com/boxscores/200812260SAC.html,2008-09
Mikki Moore,2008-12-28,Sacramento Kings,Boston Celtics,1,23.49,1.0,4.0,0.25,0.0,0.0,,3.0,3.0,1.0,3.0,5.0,8.0,1.0,0.0,0.0,0.0,4.0,5.0,-31.0,https://www.basketball-reference.com/boxscores/200812280SAC.html,2008-09
Mikki Moore,2008-12-30,Sacramento Kings,Los Angeles Clippers,1,31.45,3.0,6.0,0.5,0.0,0.0,,1.0,1.0,1.0,1.0,8.0,9.0,3.0,0.0,1.0,2.0,3.0,7.0,-6.0,https://www.basketball-reference.com/boxscores/200812300SAC.html,2008-09
Mikki Moore,2009-01-02,Sacramento Kings,Detroit Pistons,0,24.49,1.0,2.0,0.5,0.0,0.0,,0.0,0.0,,2.0,4.0,6.0,0.0,1.0,0.0,0.0,1.0,2.0,-15.0,https://www.basketball-reference.com/boxscores/200901020DET.html,2008-09
Mikki Moore,2009-01-03,Sacramento Kings,Indiana Pacers,0,28.27,2.0,6.0,0.333,0.0,0.0,,1.0,2.0,0.5,0.0,1.0,1.0,1.0,0.0,1.0,0.0,5.0,5.0,0.0,https://www.basketball-reference.com/boxscores/200901030IND.html,2008-09
Mikki Moore,2009-01-05,Sacramento Kings,New Jersey Nets,0,13.14,2.0,5.0,0.4,0.0,0.0,,0.0,0.0,,2.0,1.0,3.0,1.0,1.0,0.0,0.0,2.0,4.0,-8.0,https://www.basketball-reference.com/boxscores/200901050NJN.html,2008-09
Mikki Moore,2009-01-06,Sacramento Kings,Chicago Bulls,0,14.46,2.0,2.0,1.0,0.0,0.0,,0.0,0.0,,0.0,1.0,1.0,1.0,0.0,0.0,0.0,2.0,4.0,4.0,https://www.basketball-reference.com/boxscores/200901060CHI.html,2008-09
Mikki Moore,2009-01-11,Sacramento Kings,Dallas Mavericks,1,5.32,0.0,1.0,0.0,0.0,0.0,,0.0,0.0,,0.0,0.0,0.0,0.0,0.0,0.0,0.0,0.0,0.0,-4.0,https://www.basketball-reference.com/boxscores/200901110SAC.html,2008-09
Mikki Moore,2009-01-13,Sacramento Kings,Orlando Magic,1,6.53,0.0,2.0,0.0,0.0,0.0,,0.0,0.0,,0.0,1.0,1.0,0.0,0.0,1.0,0.0,0.0,0.0,-6.0,https://www.basketball-reference.com/boxscores/200901130SAC.html,2008-09
Mikki Moore,2009-01-14,Golden State Warriors,Sacramento Kings,1,3.37,0.0,0.0,,0.0,0.0,,0.0,0.0,,0.0,1.0,1.0,1.0,0.0,0.0,1.0,2.0,0.0,-4.0,https://www.basketball-reference.com/boxscores/200901140GSW.html,2008-09
Mikki Moore,2009-01-16,Sacramento Kings,Milwaukee Bucks,1,3.53,0.0,0.0,,0.0,0.0,,0.0,0.0,,0.0,1.0,1.0,0.0,0.0,0.0,0.0,2.0,0.0,-4.0,https://www.basketball-reference.com/boxscores/200901160SAC.html,2008-09
Mikki Moore,2009-01-20,Sacramento Kings,Denver Nuggets,0,8.36,0.0,1.0,0.0,0.0,0.0,,0.0,0.0,,0.0,0.0,0.0,0.0,0.0,0.0,0.0,3.0,0.0,-6.0,https://www.basketball-reference.com/boxscores/200901200DEN.html,2008-09
Mikki Moore,2009-01-21,Sacramento Kings,Washington Wizards,1,,,,,,,,,,,,,,,,,,,,,https://www.basketball-reference.com/boxscores/200901210SAC.html,2008-09
Mikki Moore,2009-01-24,Sacramento Kings,Milwaukee Bucks,0,,,,,,,,,,,,,,,,,,,,,https://www.basketball-reference.com/boxscores/200901240MIL.html,2008-09
Mikki Moore,2009-01-25,Sacramento Kings,Toronto Raptors,0,8.17,1.0,1.0,1.0,0.0,0.0,,0.0,0.0,,1.0,0.0,1.0,0.0,0.0,0.0,0.0,2.0,2.0,5.0,https://www.basketball-reference.com/boxscores/200901250TOR.html,2008-09
Mikki Moore,2009-01-27,Sacramento Kings,Cleveland Cavaliers,0,,,,,,,,,,,,,,,,,,,,,https://www.basketball-reference.com/boxscores/200901270CLE.html,2008-09
Mikki Moore,2009-01-28,Sacramento Kings,Boston Celtics,0,5.18,1.0,1.0,1.0,0.0,0.0,,0.0,0.0,,1.0,1.0,2.0,0.0,0.0,0.0,1.0,1.0,2.0,-5.0,https://www.basketball-reference.com/boxscores/200901280BOS.html,2008-09
Mikki Moore,2009-01-30,Sacramento Kings,Chicago Bulls,1,4.35,0.0,0.0,,0.0,0.0,,0.0,0.0,,0.0,1.0,1.0,0.0,0.0,0.0,0.0,1.0,0.0,-9.0,https://www.basketball-reference.com/boxscores/200901300SAC.html,2008-09
Mikki Moore,2009-02-02,Sacramento Kings,Phoenix Suns,0,12.32,0.0,1.0,0.0,0.0,0.0,,0.0,0.0,,0.0,1.0,1.0,1.0,0.0,0.0,1.0,2.0,0.0,-13.0,https://www.basketball-reference.com/boxscores/200902020PHO.html,2008-09
Mikki Moore,2009-02-06,Sacramento Kings,Utah Jazz,1,18.48,5.0,6.0,0.833,0.0,0.0,,2.0,4.0,0.5,3.0,4.0,7.0,2.0,1.0,0.0,0.0,2.0,12.0,5.0,https://www.basketball-reference.com/boxscores/200902060SAC.html,2008-09
Mikki Moore,2009-02-08,Sacramento Kings,Oklahoma City Thunder,0,16.03,2.0,3.0,0.667,0.0,0.0,,1.0,2.0,0.5,2.0,2.0,4.0,1.0,0.0,0.0,2.0,2.0,5.0,5.0,https://www.basketball-reference.com/boxscores/200902080OKC.html,2008-09
Mikki Moore,2009-02-18,Sacramento Kings,Atlanta Hawks,1,5.37,0.0,0.0,,0.0,0.0,,0.0,0.0,,1.0,0.0,1.0,0.0,0.0,1.0,0.0,0.0,0.0,-5.0,https://www.basketball-reference.com/boxscores/200902180SAC.html,2008-09
Mikki Moore,2009-02-23,Sacramento Kings,New Orleans Hornets,1,,,,,,,,,,,,,,,,,,,,,https://www.basketball-reference.com/boxscores/200902230SAC.html,2008-09
Mikki Moore,2009-02-25,Boston Celtics,Los Angeles Clippers,0,13.33,2.0,2.0,1.0,0.0,0.0,,0.0,0.0,,0.0,1.0,1.0,2.0,0.0,0.0,0.0,2.0,4.0,7.0,https://www.basketball-reference.com/boxscores/200902250LAC.html,2008-09
Mikki Moore,2009-02-27,Boston Celtics,Indiana Pacers,1,16.26,2.0,5.0,0.4,0.0,0.0,,2.0,3.0,0.667,0.0,3.0,3.0,0.0,0.0,0.0,2.0,2.0,6.0,-9.0,https://www.basketball-reference.com/boxscores/200902270BOS.html,2008-09
Mikki Moore,2009-03-01,Boston Celtics,Detroit Pistons,1,9.07,1.0,3.0,0.333,0.0,0.0,,0.0,0.0,,1.0,0.0,1.0,0.0,0.0,0.0,0.0,3.0,2.0,-6.0,https://www.basketball-reference.com/boxscores/200903010BOS.html,2008-09
Mikki Moore,2009-03-04,Boston Celtics,New Jersey Nets,0,12.02,2.0,4.0,0.5,0.0,0.0,,2.0,2.0,1.0,1.0,0.0,1.0,0.0,0.0,0.0,0.0,3.0,6.0,-9.0,https://www.basketball-reference.com/boxscores/200903040NJN.html,2008-09
Mikki Moore,2009-03-06,Boston Celtics,Cleveland Cavaliers,1,12.36,3.0,3.0,1.0,0.0,0.0,,0.0,0.0,,0.0,2.0,2.0,1.0,0.0,0.0,1.0,5.0,6.0,3.0,https://www.basketball-reference.com/boxscores/200903060BOS.html,2008-09
Mikki Moore,2009-03-08,Boston Celtics,Orlando Magic,1,14.33,0.0,2.0,0.0,0.0,0.0,,0.0,0.0,,1.0,3.0,4.0,0.0,0.0,0.0,0.0,3.0,0.0,-3.0,https://www.basketball-reference.com/boxscores/200903080BOS.html,2008-09
Mikki Moore,2009-03-11,Boston Celtics,Miami Heat,0,18.0,0.0,3.0,0.0,0.0,0.0,,0.0,0.0,,2.0,2.0,4.0,2.0,0.0,0.0,1.0,5.0,0.0,2.0,https://www.basketball-reference.com/boxscores/200903110MIA.html,2008-09
Mikki Moore,2009-03-13,Boston Celtics,Memphis Grizzlies,1,22.04,3.0,3.0,1.0,0.0,0.0,,0.0,0.0,,2.0,6.0,8.0,2.0,0.0,1.0,2.0,5.0,6.0,12.0,https://www.basketball-reference.com/boxscores/200903130BOS.html,2008-09
Mikki Moore,2009-03-15,Boston Celtics,Milwaukee Bucks,0,23.23,3.0,4.0,0.75,0.0,0.0,,3.0,4.0,0.75,1.0,3.0,4.0,2.0,0.0,1.0,1.0,4.0,9.0,-3.0,https://www.basketball-reference.com/boxscores/200903150MIL.html,2008-09
Mikki Moore,2009-03-17,Boston Celtics,Chicago Bulls,0,28.43,2.0,5.0,0.4,0.0,0.0,,2.0,2.0,1.0,4.0,6.0,10.0,1.0,0.0,0.0,1.0,6.0,6.0,9.0,https://www.basketball-reference.com/boxscores/200903170CHI.html,2008-09
Mikki Moore,2009-03-20,Boston Celtics,San Antonio Spurs,0,20.18,2.0,2.0,1.0,0.0,0.0,,0.0,0.0,,2.0,6.0,8.0,0.0,0.0,0.0,0.0,1.0,4.0,0.0,https://www.basketball-reference.com/boxscores/200903200SAS.html,2008-09
Mikki Moore,2009-03-21,Boston Celtics,Memphis Grizzlies,0,20.38,1.0,2.0,0.5,0.0,0.0,,0.0,0.0,,1.0,2.0,3.0,2.0,1.0,1.0,0.0,3.0,2.0,2.0,https://www.basketball-reference.com/boxscores/200903210MEM.html,2008-09
Mikki Moore,2009-03-23,Boston Celtics,Los Angeles Clippers,1,19.27,0.0,2.0,0.0,0.0,0.0,,0.0,0.0,,1.0,0.0,1.0,1.0,0.0,0.0,1.0,5.0,0.0,-11.0,https://www.basketball-reference.com/boxscores/200903230BOS.html,2008-09
Mikki Moore,2009-03-25,Boston Celtics,Orlando Magic,0,11.18,1.0,2.0,0.5,0.0,0.0,,0.0,0.0,,0.0,1.0,1.0,0.0,0.0,0.0,0.0,4.0,2.0,-8.0,https://www.basketball-reference.com/boxscores/200903250ORL.html,2008-09
Mikki Moore,2009-03-27,Boston Celtics,Atlanta Hawks,0,30.2,1.0,4.0,0.25,0.0,0.0,,0.0,0.0,,0.0,10.0,10.0,1.0,0.0,0.0,0.0,5.0,2.0,-1.0,https://www.basketball-reference.com/boxscores/200903270ATL.html,2008-09
Mikki Moore,2009-03-29,Boston Celtics,Oklahoma City Thunder,1,27.1,6.0,8.0,0.75,0.0,0.0,,0.0,0.0,,2.0,9.0,11.0,1.0,1.0,0.0,1.0,5.0,12.0,16.0,https://www.basketball-reference.com/boxscores/200903290BOS.html,2008-09
Mikki Moore,2003-12-23,New Jersey Nets,Chicago Bulls,1,4.05,0.0,1.0,0.0,0.0,0.0,,0.0,0.0,,0.0,0.0,0.0,0.0,0.0,0.0,0.0,1.0,0.0,-2.0,https://www.basketball-reference.com/boxscores/200312230NJN.html,2003-04
Mikki Moore,2003-12-26,New Jersey Nets,Detroit Pistons,0,,,,,,,,,,,,,,,,,,,,,https://www.basketball-reference.com/boxscores/200312260DET.html,2003-04
Mikki Moore,2003-12-27,New Jersey Nets,Indiana Pacers,0,,,,,,,,,,,,,,,,,,,,,https://www.basketball-reference.com/boxscores/200312270IND.html,2003-04
Mikki Moore,2003-12-29,New Jersey Nets,Portland Trail Blazers,1,,,,,,,,,,,,,,,,,,,,,https://www.basketball-reference.com/boxscores/200312290NJN.html,2003-04
Mikki Moore,2003-12-31,New Jersey Nets,Golden State Warriors,1,2.59,1.0,2.0,0.5,0.0,0.0,,0.0,0.0,,0.0,1.0,1.0,0.0,0.0,0.0,0.0,0.0,2.0,-2.0,https://www.basketball-reference.com/boxscores/200312310NJN.html,2003-04
Mikki Moore,2004-01-02,New Jersey Nets,Cleveland Cavaliers,1,1.31,0.0,1.0,0.0,0.0,0.0,,0.0,0.0,,0.0,0.0,0.0,0.0,0.0,0.0,0.0,0.0,0.0,-2.0,https://www.basketball-reference.com/boxscores/200401020NJN.html,2003-04
Mikki Moore,2004-01-04,New Jersey Nets,New York Knicks,0,,,,,,,,,,,,,,,,,,,,,https://www.basketball-reference.com/boxscores/200401040NYK.html,2003-04
Mikki Moore,2004-01-06,New Jersey Nets,Los Angeles Clippers,1,1.35,0.0,1.0,0.0,0.0,0.0,,0.0,0.0,,1.0,0.0,1.0,0.0,0.0,0.0,0.0,0.0,0.0,0.0,https://www.basketball-reference.com/boxscores/200401060NJN.html,2003-04
Mikki Moore,2004-01-28,Utah Jazz,Dallas Mavericks,1,,,,,,,,,,,,,,,,,,,,,https://www.basketball-reference.com/boxscores/200401280UTA.html,2003-04
Mikki Moore,2004-01-30,Utah Jazz,Memphis Grizzlies,0,22.42,1.0,4.0,0.25,0.0,0.0,,0.0,0.0,,3.0,3.0,6.0,2.0,1.0,3.0,0.0,5.0,2.0,5.0,https://www.basketball-reference.com/boxscores/200401300MEM.html,2003-04
Mikki Moore,2004-01-31,Utah Jazz,San Antonio Spurs,0,10.46,0.0,1.0,0.0,0.0,0.0,,2.0,4.0,0.5,0.0,0.0,0.0,1.0,0.0,0.0,0.0,5.0,2.0,-1.0,https://www.basketball-reference.com/boxscores/200401310SAS.html,2003-04
Mikki Moore,2004-02-02,Utah Jazz,San Antonio Spurs,1,14.02,1.0,4.0,0.25,0.0,0.0,,0.0,0.0,,0.0,1.0,1.0,1.0,0.0,1.0,0.0,3.0,2.0,-8.0,https://www.basketball-reference.com/boxscores/200402020UTA.html,2003-04
Mikki Moore,2004-02-04,Utah Jazz,Chicago Bulls,1,19.34,1.0,3.0,0.333,0.0,0.0,,4.0,4.0,1.0,0.0,5.0,5.0,0.0,1.0,0.0,1.0,3.0,6.0,2.0,https://www.basketball-reference.com/boxscores/200402040UTA.html,2003-04
Mikki Moore,2004-02-06,Utah Jazz,Portland Trail Blazers,1,12.15,2.0,5.0,0.4,0.0,0.0,,3.0,4.0,0.75,3.0,2.0,5.0,0.0,0.0,0.0,1.0,3.0,7.0,-10.0,https://www.basketball-reference.com/boxscores/200402060UTA.html,2003-04
Mikki Moore,2004-02-07,Utah Jazz,Phoenix Suns,0,11.07,1.0,2.0,0.5,0.0,0.0,,2.0,2.0,1.0,1.0,1.0,2.0,1.0,0.0,0.0,1.0,3.0,4.0,1.0,https://www.basketball-reference.com/boxscores/200402070PHO.html,2003-04
Mikki Moore,2004-02-10,Utah Jazz,Portland Trail Blazers,0,11.03,3.0,4.0,0.75,0.0,0.0,,0.0,0.0,,1.0,2.0,3.0,0.0,0.0,0.0,0.0,0.0,6.0,3.0,https://www.basketball-reference.com/boxscores/200402100POR.html,2003-04
Mikki Moore,2004-02-11,Utah Jazz,Minnesota Timberwolves,1,4.13,0.0,0.0,,0.0,0.0,,0.0,0.0,,0.0,1.0,1.0,0.0,0.0,0.0,1.0,0.0,0.0,-4.0,https://www.basketball-reference.com/boxscores/200402110UTA.html,2003-04
Mikki Moore,2004-03-05,Utah Jazz,Indiana Pacers,1,6.42,0.0,1.0,0.0,0.0,0.0,,0.0,0.0,,0.0,1.0,1.0,0.0,0.0,0.0,0.0,1.0,0.0,0.0,https://www.basketball-reference.com/boxscores/200403050UTA.html,2003-04
Mikki Moore,2004-03-06,Utah Jazz,Portland Trail Blazers,0,11.59,0.0,1.0,0.0,0.0,0.0,,0.0,0.0,,2.0,1.0,3.0,0.0,0.0,0.0,1.0,3.0,0.0,1.0,https://www.basketball-reference.com/boxscores/200403060POR.html,2003-04
Mikki Moore,2004-03-08,Utah Jazz,Los Angeles Lakers,1,7.3,1.0,2.0,0.5,0.0,0.0,,0.0,0.0,,1.0,1.0,2.0,0.0,1.0,0.0,0.0,2.0,2.0,7.0,https://www.basketball-reference.com/boxscores/200403080UTA.html,2003-04
Mikki Moore,2004-03-10,Utah Jazz,Golden State Warriors,1,8.57,0.0,3.0,0.0,0.0,0.0,,0.0,0.0,,1.0,0.0,1.0,1.0,0.0,1.0,0.0,2.0,0.0,4.0,https://www.basketball-reference.com/boxscores/200403100UTA.html,2003-04
Mikki Moore,2004-03-12,Utah Jazz,Phoenix Suns,0,6.5,1.0,2.0,0.5,0.0,0.0,,0.0,0.0,,0.0,3.0,3.0,0.0,0.0,0.0,0.0,1.0,2.0,3.0,https://www.basketball-reference.com/boxscores/200403120PHO.html,2003-04
Mikki Moore,2004-03-14,Utah Jazz,Denver Nuggets,0,18.3,2.0,2.0,1.0,0.0,0.0,,0.0,0.0,,0.0,3.0,3.0,1.0,0.0,1.0,0.0,3.0,4.0,-7.0,https://www.basketball-reference.com/boxscores/200403140DEN.html,2003-04
Mikki Moore,2004-03-17,Utah Jazz,Toronto Raptors,0,,,,,,,,,,,,,,,,,,,,,https://www.basketball-reference.com/boxscores/200403170TOR.html,2003-04
Mikki Moore,2004-03-19,Utah Jazz,Cleveland Cavaliers,0,4.52,0.0,1.0,0.0,0.0,0.0,,0.0,0.0,,0.0,0.0,0.0,0.0,0.0,0.0,0.0,1.0,0.0,-3.0,https://www.basketball-reference.com/boxscores/200403190CLE.html,2003-04
Mikki Moore,2004-03-20,Utah Jazz,Atlanta Hawks,0,3.42,0.0,0.0,,0.0,0.0,,0.0,0.0,,0.0,0.0,0.0,0.0,0.0,0.0,1.0,1.0,0.0,-4.0,https://www.basketball-reference.com/boxscores/200403200ATL.html,2003-04
Mikki Moore,2004-03-23,Utah Jazz,Washington Wizards,1,3.34,0.0,0.0,,0.0,0.0,,0.0,0.0,,0.0,0.0,0.0,0.0,0.0,0.0,3.0,1.0,0.0,-5.0,https://www.basketball-reference.com/boxscores/200403230UTA.html,2003-04
Mikki Moore,2004-03-24,Utah Jazz,Seattle SuperSonics,0,11.55,5.0,6.0,0.833,0.0,0.0,,0.0,0.0,,1.0,1.0,2.0,0.0,0.0,0.0,0.0,0.0,10.0,14.0,https://www.basketball-reference.com/boxscores/200403240SEA.html,2003-04
Mikki Moore,2004-03-27,Utah Jazz,Denver Nuggets,1,21.12,3.0,10.0,0.3,0.0,0.0,,5.0,5.0,1.0,3.0,3.0,6.0,1.0,0.0,1.0,0.0,3.0,11.0,1.0,https://www.basketball-reference.com/boxscores/200403270UTA.html,2003-04
Mikki Moore,2004-03-28,Utah Jazz,Los Angeles Lakers,0,23.0,2.0,4.0,0.5,0.0,0.0,,3.0,3.0,1.0,2.0,5.0,7.0,2.0,0.0,0.0,3.0,3.0,7.0,7.0,https://www.basketball-reference.com/boxscores/200403280LAL.html,2003-04
Mikki Moore,2004-03-31,Utah Jazz,New Orleans Hornets,1,15.19,5.0,6.0,0.833,0.0,0.0,,5.0,6.0,0.833,1.0,5.0,6.0,1.0,0.0,3.0,3.0,4.0,15.0,7.0,https://www.basketball-reference.com/boxscores/200403310UTA.html,2003-04
Mikki Moore,2001-12-01,Detroit Pistons,New York Knicks,0,,,,,,,,,,,,,,,,,,,,,https://www.basketball-reference.com/boxscores/200112010NYK.html,2001-02
Mikki Moore,2001-12-04,Detroit Pistons,Cleveland Cavaliers,0,,,,,,,,,,,,,,,,,,,,,https://www.basketball-reference.com/boxscores/200112040CLE.html,2001-02
Mikki Moore,2001-12-05,Detroit Pistons,Seattle SuperSonics,1,,,,,,,,,,,,,,,,,,,,,https://www.basketball-reference.com/boxscores/200112050DET.html,2001-02
Mikki Moore,2001-12-09,Detroit Pistons,Houston Rockets,1,8.25,1.0,1.0,1.0,0.0,0.0,,0.0,0.0,,2.0,0.0,2.0,0.0,0.0,2.0,1.0,1.0,2.0,-5.0,https://www.basketball-reference.com/boxscores/200112090DET.html,2001-02
Mikki Moore,2001-12-13,Detroit Pistons,New York Knicks,1,,,,,,,,,,,,,,,,,,,,,https://www.basketball-reference.com/boxscores/200112130DET.html,2001-02
Mikki Moore,2001-12-16,Detroit Pistons,Los Angeles Clippers,0,,,,,,,,,,,,,,,,,,,,,https://www.basketball-reference.com/boxscores/200112160LAC.html,2001-02
Mikki Moore,2001-12-18,Detroit Pistons,Sacramento Kings,0,,,,,,,,,,,,,,,,,,,,,https://www.basketball-reference.com/boxscores/200112180SAC.html,2001-02
Mikki Moore,2001-12-19,Detroit Pistons,Golden State Warriors,0,6.16,0.0,2.0,0.0,0.0,0.0,,2.0,2.0,1.0,3.0,0.0,3.0,0.0,0.0,0.0,1.0,3.0,2.0,-2.0,https://www.basketball-reference.com/boxscores/200112190GSW.html,2001-02
Mikki Moore,2001-12-21,Detroit Pistons,Portland Trail Blazers,0,,,,,,,,,,,,,,,,,,,,,https://www.basketball-reference.com/boxscores/200112210POR.html,2001-02
Mikki Moore,2001-12-22,Detroit Pistons,Seattle SuperSonics,0,9.21,3.0,4.0,0.75,0.0,0.0,,2.0,2.0,1.0,1.0,0.0,1.0,1.0,0.0,1.0,0.0,1.0,8.0,-2.0,https://www.basketball-reference.com/boxscores/200112220SEA.html,2001-02
Mikki Moore,2001-12-27,Detroit Pistons,New Jersey Nets,1,12.57,1.0,2.0,0.5,0.0,0.0,,0.0,0.0,,0.0,1.0,1.0,1.0,0.0,1.0,0.0,2.0,2.0,3.0,https://www.basketball-reference.com/boxscores/200112270DET.html,2001-02
Mikki Moore,2001-12-28,Detroit Pistons,Orlando Magic,0,,,,,,,,,,,,,,,,,,,,,https://www.basketball-reference.com/boxscores/200112280ORL.html,2001-02
Mikki Moore,2001-12-30,Detroit Pistons,Miami Heat,1,,,,,,,,,,,,,,,,,,,,,https://www.basketball-reference.com/boxscores/200112300DET.html,2001-02
Mikki Moore,2002-01-02,Detroit Pistons,San Antonio Spurs,0,4.23,1.0,1.0,1.0,0.0,0.0,,2.0,2.0,1.0,0.0,1.0,1.0,0.0,0.0,0.0,0.0,1.0,4.0,2.0,https://www.basketball-reference.com/boxscores/200201020SAS.html,2001-02
Mikki Moore,2002-01-03,Detroit Pistons,Houston Rockets,0,0.0,0.0,0.0,,0.0,0.0,,0.0,0.0,,0.0,0.0,0.0,0.0,0.0,0.0,0.0,0.0,0.0,0.0,https://www.basketball-reference.com/boxscores/200201030HOU.html,2001-02
Mikki Moore,2002-01-05,Detroit Pistons,Cleveland Cavaliers,1,,,,,,,,,,,,,,,,,,,,,https://www.basketball-reference.com/boxscores/200201050DET.html,2001-02
Mikki Moore,2002-01-07,Detroit Pistons,Minnesota Timberwolves,0,12.43,2.0,5.0,0.4,0.0,0.0,,1.0,2.0,0.5,4.0,2.0,6.0,1.0,0.0,0.0,0.0,1.0,5.0,3.0,https://www.basketball-reference.com/boxscores/200201070MIN.html,2001-02
Mikki Moore,2002-01-08,Detroit Pistons,Los Angeles Lakers,1,12.0,2.0,3.0,0.667,0.0,0.0,,2.0,2.0,1.0,2.0,4.0,6.0,0.0,0.0,2.0,0.0,0.0,6.0,1.0,https://www.basketball-reference.com/boxscores/200201080DET.html,2001-02
Mikki Moore,2002-01-11,Detroit Pistons,Boston Celtics,0,13.06,3.0,5.0,0.6,0.0,0.0,,0.0,0.0,,2.0,3.0,5.0,1.0,0.0,1.0,0.0,2.0,6.0,15.0,https://www.basketball-reference.com/boxscores/200201110BOS.html,2001-02
Mikki Moore,2002-01-12,Detroit Pistons,Charlotte Hornets,1,2.42,0.0,0.0,,0.0,0.0,,2.0,2.0,1.0,0.0,0.0,0.0,0.0,0.0,0.0,0.0,0.0,2.0,0.0,https://www.basketball-reference.com/boxscores/200201120DET.html,2001-02
Mikki Moore,2002-01-15,Detroit Pistons,Toronto Raptors,1,,,,,,,,,,,,,,,,,,,,,https://www.basketball-reference.com/boxscores/200201150DET.html,2001-02
Mikki Moore,2002-01-18,Detroit Pistons,Indiana Pacers,0,2.46,0.0,0.0,,0.0,0.0,,1.0,2.0,0.5,0.0,0.0,0.0,0.0,0.0,0.0,0.0,0.0,1.0,-4.0,https://www.basketball-reference.com/boxscores/200201180IND.html,2001-02
Mikki Moore,2002-01-19,Detroit Pistons,Boston Celtics,1,,,,,,,,,,,,,,,,,,,,,https://www.basketball-reference.com/boxscores/200201190DET.html,2001-02
Mikki Moore,2002-01-21,Detroit Pistons,Milwaukee Bucks,1,9.49,1.0,2.0,0.5,1.0,1.0,1.0,0.0,0.0,,1.0,1.0,2.0,1.0,0.0,0.0,0.0,2.0,3.0,6.0,https://www.basketball-reference.com/boxscores/200201210DET.html,2001-02
Mikki Moore,2002-01-23,Detroit Pistons,Minnesota Timberwolves,1,,,,,,,,,,,,,,,,,,,,,https://www.basketball-reference.com/boxscores/200201230DET.html,2001-02
Mikki Moore,2002-01-25,Detroit Pistons,Atlanta Hawks,0,3.08,0.0,2.0,0.0,0.0,1.0,0.0,0.0,0.0,,0.0,1.0,1.0,0.0,0.0,0.0,0.0,0.0,0.0,-1.0,https://www.basketball-reference.com/boxscores/200201250ATL.html,2001-02
Mikki Moore,2002-01-29,Detroit Pistons,Washington Wizards,0,,,,,,,,,,,,,,,,,,,,,https://www.basketball-reference.com/boxscores/200201290WAS.html,2001-02
Mikki Moore,2002-01-30,Detroit Pistons,Atlanta Hawks,1,,,,,,,,,,,,,,,,,,,,,https://www.basketball-reference.com/boxscores/200201300DET.html,2001-02
Mikki Moore,2002-02-01,Detroit Pistons,Orlando Magic,1,,,,,,,,,,,,,,,,,,,,,https://www.basketball-reference.com/boxscores/200202010DET.html,2001-02
Mikki Moore,2002-02-02,Detroit Pistons,Cleveland Cavaliers,0,,,,,,,,,,,,,,,,,,,,,https://www.basketball-reference.com/boxscores/200202020CLE.html,2001-02
Mikki Moore,2002-02-05,Detroit Pistons,Philadelphia 76ers,1,,,,,,,,,,,,,,,,,,,,,https://www.basketball-reference.com/boxscores/200202050DET.html,2001-02
Mikki Moore,2002-02-07,Detroit Pistons,Los Angeles Clippers,1,,,,,,,,,,,,,,,,,,,,,https://www.basketball-reference.com/boxscores/200202070DET.html,2001-02
Mikki Moore,2002-02-12,Detroit Pistons,Phoenix Suns,1,10.56,1.0,6.0,0.16699999999999998,0.0,0.0,,0.0,0.0,,0.0,2.0,2.0,0.0,1.0,0.0,1.0,2.0,2.0,-4.0,https://www.basketball-reference.com/boxscores/200202120DET.html,2001-02
Mikki Moore,2002-02-14,Detroit Pistons,New Jersey Nets,0,,,,,,,,,,,,,,,,,,,,,https://www.basketball-reference.com/boxscores/200202140NJN.html,2001-02
Mikki Moore,2002-02-15,Detroit Pistons,New York Knicks,0,,,,,,,,,,,,,,,,,,,,,https://www.basketball-reference.com/boxscores/200202150NYK.html,2001-02
Mikki Moore,2002-02-18,Detroit Pistons,Toronto Raptors,1,,,,,,,,,,,,,,,,,,,,,https://www.basketball-reference.com/boxscores/200202180DET.html,2001-02
Mikki Moore,2002-02-20,Detroit Pistons,Washington Wizards,1,,,,,,,,,,,,,,,,,,,,,https://www.basketball-reference.com/boxscores/200202200DET.html,2001-02
Mikki Moore,2002-02-22,Detroit Pistons,Toronto Raptors,0,,,,,,,,,,,,,,,,,,,,,https://www.basketball-reference.com/boxscores/200202220TOR.html,2001-02
Mikki Moore,2002-02-24,Detroit Pistons,Milwaukee Bucks,0,,,,,,,,,,,,,,,,,,,,,https://www.basketball-reference.com/boxscores/200202240MIL.html,2001-02
Mikki Moore,2002-02-27,Detroit Pistons,Chicago Bulls,1,,,,,,,,,,,,,,,,,,,,,https://www.basketball-reference.com/boxscores/200202270DET.html,2001-02
Mikki Moore,2002-03-01,Detroit Pistons,Orlando Magic,1,,,,,,,,,,,,,,,,,,,,,https://www.basketball-reference.com/boxscores/200203010DET.html,2001-02
Mikki Moore,2002-03-03,Detroit Pistons,Charlotte Hornets,0,,,,,,,,,,,,,,,,,,,,,https://www.basketball-reference.com/boxscores/200203030CHH.html,2001-02
Mikki Moore,2002-03-05,Detroit Pistons,Miami Heat,1,,,,,,,,,,,,,,,,,,,,,https://www.basketball-reference.com/boxscores/200203050DET.html,2001-02
Mikki Moore,2002-03-07,Detroit Pistons,Washington Wizards,0,7.59,0.0,1.0,0.0,0.0,0.0,,0.0,0.0,,0.0,0.0,0.0,0.0,1.0,1.0,0.0,2.0,0.0,-3.0,https://www.basketball-reference.com/boxscores/200203070WAS.html,2001-02
Mikki Moore,2002-03-08,Detroit Pistons,Boston Celtics,0,6.18,1.0,2.0,0.5,0.0,0.0,,0.0,0.0,,1.0,2.0,3.0,2.0,0.0,0.0,2.0,1.0,2.0,-3.0,https://www.basketball-reference.com/boxscores/200203080BOS.html,2001-02
Mikki Moore,2002-03-10,Detroit Pistons,Indiana Pacers,1,6.0,1.0,2.0,0.5,0.0,0.0,,0.0,0.0,,1.0,0.0,1.0,0.0,0.0,0.0,0.0,0.0,2.0,-1.0,https://www.basketball-reference.com/boxscores/200203100DET.html,2001-02
Mikki Moore,2002-03-13,Detroit Pistons,Cleveland Cavaliers,1,,,,,,,,,,,,,,,,,,,,,https://www.basketball-reference.com/boxscores/200203130DET.html,2001-02
Mikki Moore,2002-03-15,Detroit Pistons,Utah Jazz,1,,,,,,,,,,,,,,,,,,,,,https://www.basketball-reference.com/boxscores/200203150DET.html,2001-02
Mikki Moore,2002-03-16,Detroit Pistons,Milwaukee Bucks,0,,,,,,,,,,,,,,,,,,,,,https://www.basketball-reference.com/boxscores/200203160MIL.html,2001-02
Mikki Moore,2002-03-18,Detroit Pistons,Denver Nuggets,0,,,,,,,,,,,,,,,,,,,,,https://www.basketball-reference.com/boxscores/200203180DEN.html,2001-02
Mikki Moore,2002-03-19,Detroit Pistons,Utah Jazz,0,,,,,,,,,,,,,,,,,,,,,https://www.basketball-reference.com/boxscores/200203190UTA.html,2001-02
Mikki Moore,2002-03-21,Detroit Pistons,Phoenix Suns,0,,,,,,,,,,,,,,,,,,,,,https://www.basketball-reference.com/boxscores/200203210PHO.html,2001-02
Mikki Moore,2002-03-22,Detroit Pistons,Los Angeles Lakers,0,,,,,,,,,,,,,,,,,,,,,https://www.basketball-reference.com/boxscores/200203220LAL.html,2001-02
Mikki Moore,2002-03-24,Detroit Pistons,Boston Celtics,1,,,,,,,,,,,,,,,,,,,,,https://www.basketball-reference.com/boxscores/200203240DET.html,2001-02
Mikki Moore,2002-03-26,Detroit Pistons,Indiana Pacers,0,1.16,0.0,0.0,,0.0,0.0,,0.0,0.0,,0.0,0.0,0.0,0.0,0.0,0.0,0.0,0.0,0.0,-3.0,https://www.basketball-reference.com/boxscores/200203260IND.html,2001-02
Mikki Moore,2002-03-27,Detroit Pistons,New York Knicks,1,,,,,,,,,,,,,,,,,,,,,https://www.basketball-reference.com/boxscores/200203270DET.html,2001-02
Mikki Moore,2002-03-29,Detroit Pistons,Golden State Warriors,1,,,,,,,,,,,,,,,,,,,,,https://www.basketball-reference.com/boxscores/200203290DET.html,2001-02
Mikki Moore,2002-03-31,Detroit Pistons,Denver Nuggets,1,,,,,,,,,,,,,,,,,,,,,https://www.basketball-reference.com/boxscores/200203310DET.html,2001-02
