Player,Date,Team,Against,Home,MP,FG,FGA,FG%,3P,3PA,3P%,FT,FTA,FT%,ORB,DRB,TRB,AST,STL,BLK,TOV,PF,PTS,+/-,GameLink,season
Mitchell Robinson,2019-12-01,New York Knicks,Boston Celtics,1,19.31,2.0,2.0,1.0,0.0,0.0,,2.0,2.0,1.0,1.0,4.0,5.0,0.0,0.0,0.0,2.0,6.0,6.0,-4.0,https://www.basketball-reference.com/boxscores/201912010NYK.html,2019-20
Mitchell Robinson,2019-12-02,New York Knicks,Milwaukee Bucks,0,23.28,2.0,5.0,0.4,0.0,0.0,,0.0,4.0,0.0,6.0,8.0,14.0,1.0,1.0,3.0,0.0,5.0,4.0,-12.0,https://www.basketball-reference.com/boxscores/201912020MIL.html,2019-20
Mitchell Robinson,2019-12-05,New York Knicks,Denver Nuggets,1,29.56,6.0,8.0,0.75,0.0,0.0,,5.0,8.0,0.625,3.0,4.0,7.0,1.0,2.0,1.0,0.0,0.0,17.0,-21.0,https://www.basketball-reference.com/boxscores/201912050NYK.html,2019-20
Mitchell Robinson,2019-12-07,New York Knicks,Indiana Pacers,1,25.02,6.0,9.0,0.667,0.0,0.0,,2.0,2.0,1.0,2.0,5.0,7.0,1.0,2.0,3.0,1.0,1.0,14.0,-8.0,https://www.basketball-reference.com/boxscores/201912070NYK.html,2019-20
Mitchell Robinson,2019-12-10,New York Knicks,Portland Trail Blazers,0,27.19,5.0,8.0,0.625,0.0,0.0,,4.0,7.0,0.5710000000000001,4.0,1.0,5.0,0.0,0.0,1.0,1.0,3.0,14.0,-6.0,https://www.basketball-reference.com/boxscores/201912100POR.html,2019-20
Mitchell Robinson,2019-12-11,Golden State Warriors,New York Knicks,1,29.53,4.0,7.0,0.5710000000000001,0.0,0.0,,1.0,2.0,0.5,5.0,4.0,9.0,1.0,0.0,3.0,0.0,3.0,9.0,-4.0,https://www.basketball-reference.com/boxscores/201912110GSW.html,2019-20
Mitchell Robinson,2019-12-13,New York Knicks,Sacramento Kings,0,25.15,7.0,9.0,0.778,0.0,0.0,,0.0,0.0,,5.0,4.0,9.0,0.0,1.0,0.0,0.0,2.0,14.0,5.0,https://www.basketball-reference.com/boxscores/201912130SAC.html,2019-20
Mitchell Robinson,2019-12-15,New York Knicks,Denver Nuggets,0,24.34,4.0,5.0,0.8,0.0,0.0,,0.0,0.0,,3.0,4.0,7.0,0.0,1.0,1.0,1.0,4.0,8.0,-16.0,https://www.basketball-reference.com/boxscores/201912150DEN.html,2019-20
Mitchell Robinson,2019-12-17,New York Knicks,Atlanta Hawks,1,29.14,9.0,13.0,0.6920000000000001,0.0,0.0,,4.0,4.0,1.0,6.0,7.0,13.0,0.0,1.0,2.0,1.0,4.0,22.0,25.0,https://www.basketball-reference.com/boxscores/201912170NYK.html,2019-20
Mitchell Robinson,2019-12-20,New York Knicks,Miami Heat,0,28.0,8.0,9.0,0.889,0.0,0.0,,2.0,2.0,1.0,3.0,1.0,4.0,1.0,1.0,1.0,0.0,6.0,18.0,-4.0,https://www.basketball-reference.com/boxscores/201912200MIA.html,2019-20
Mitchell Robinson,2019-12-21,New York Knicks,Milwaukee Bucks,1,22.1,2.0,4.0,0.5,0.0,0.0,,2.0,3.0,0.667,0.0,1.0,1.0,0.0,3.0,1.0,0.0,6.0,6.0,-2.0,https://www.basketball-reference.com/boxscores/201912210NYK.html,2019-20
Mitchell Robinson,2019-12-23,New York Knicks,Washington Wizards,1,22.53,3.0,6.0,0.5,0.0,0.0,,0.0,0.0,,4.0,9.0,13.0,0.0,0.0,6.0,0.0,5.0,6.0,6.0,https://www.basketball-reference.com/boxscores/201912230NYK.html,2019-20
Mitchell Robinson,2019-12-26,New York Knicks,Brooklyn Nets,0,28.2,4.0,6.0,0.667,0.0,0.0,,2.0,5.0,0.4,5.0,5.0,10.0,1.0,1.0,2.0,0.0,2.0,10.0,12.0,https://www.basketball-reference.com/boxscores/201912260BRK.html,2019-20
Mitchell Robinson,2019-12-28,New York Knicks,Washington Wizards,0,12.57,4.0,5.0,0.8,0.0,0.0,,1.0,4.0,0.25,3.0,6.0,9.0,0.0,1.0,2.0,0.0,4.0,9.0,12.0,https://www.basketball-reference.com/boxscores/201912280WAS.html,2019-20
Mitchell Robinson,2020-01-01,New York Knicks,Portland Trail Blazers,1,27.25,11.0,11.0,1.0,0.0,0.0,,0.0,0.0,,4.0,4.0,8.0,0.0,1.0,1.0,0.0,1.0,22.0,22.0,https://www.basketball-reference.com/boxscores/202001010NYK.html,2019-20
Mitchell Robinson,2020-01-03,New York Knicks,Phoenix Suns,0,21.16,4.0,7.0,0.5710000000000001,0.0,0.0,,1.0,2.0,0.5,2.0,5.0,7.0,0.0,0.0,3.0,1.0,3.0,9.0,-6.0,https://www.basketball-reference.com/boxscores/202001030PHO.html,2019-20
Mitchell Robinson,2020-01-05,New York Knicks,Los Angeles Clippers,0,21.53,4.0,5.0,0.8,0.0,0.0,,0.0,0.0,,0.0,2.0,2.0,1.0,1.0,1.0,0.0,3.0,8.0,-3.0,https://www.basketball-reference.com/boxscores/202001050LAC.html,2019-20
Mitchell Robinson,2020-01-07,New York Knicks,Los Angeles Lakers,0,25.31,3.0,3.0,1.0,0.0,0.0,,2.0,2.0,1.0,1.0,5.0,6.0,0.0,3.0,0.0,1.0,3.0,8.0,-19.0,https://www.basketball-reference.com/boxscores/202001070LAL.html,2019-20
Mitchell Robinson,2020-01-08,New York Knicks,Utah Jazz,0,22.14,3.0,4.0,0.75,0.0,0.0,,0.0,0.0,,1.0,3.0,4.0,1.0,0.0,1.0,1.0,2.0,6.0,-7.0,https://www.basketball-reference.com/boxscores/202001080UTA.html,2019-20
Mitchell Robinson,2020-01-10,New York Knicks,New Orleans Pelicans,1,22.19,6.0,7.0,0.857,0.0,0.0,,0.0,0.0,,3.0,1.0,4.0,1.0,1.0,0.0,1.0,3.0,12.0,-11.0,https://www.basketball-reference.com/boxscores/202001100NYK.html,2019-20
Mitchell Robinson,2020-01-12,New York Knicks,Miami Heat,1,14.36,1.0,1.0,1.0,0.0,0.0,,0.0,0.0,,0.0,3.0,3.0,0.0,0.0,1.0,3.0,5.0,2.0,-6.0,https://www.basketball-reference.com/boxscores/202001120NYK.html,2019-20
Mitchell Robinson,2020-01-14,New York Knicks,Milwaukee Bucks,0,18.22,3.0,5.0,0.6,0.0,0.0,,1.0,4.0,0.25,1.0,2.0,3.0,0.0,2.0,1.0,0.0,5.0,7.0,-4.0,https://www.basketball-reference.com/boxscores/202001140MIL.html,2019-20
Mitchell Robinson,2020-01-16,New York Knicks,Phoenix Suns,1,30.07,5.0,7.0,0.7140000000000001,0.0,0.0,,2.0,3.0,0.667,4.0,4.0,8.0,0.0,3.0,2.0,1.0,2.0,12.0,-8.0,https://www.basketball-reference.com/boxscores/202001160NYK.html,2019-20
Mitchell Robinson,2020-01-18,New York Knicks,Philadelphia 76ers,1,24.25,2.0,4.0,0.5,0.0,0.0,,2.0,4.0,0.5,3.0,4.0,7.0,1.0,0.0,3.0,0.0,0.0,6.0,-3.0,https://www.basketball-reference.com/boxscores/202001180NYK.html,2019-20
Mitchell Robinson,2020-01-20,New York Knicks,Cleveland Cavaliers,0,27.25,0.0,1.0,0.0,0.0,0.0,,2.0,2.0,1.0,1.0,5.0,6.0,0.0,1.0,4.0,1.0,1.0,2.0,0.0,https://www.basketball-reference.com/boxscores/202001200CLE.html,2019-20
Mitchell Robinson,2020-01-22,New York Knicks,Los Angeles Lakers,1,24.0,2.0,3.0,0.667,0.0,0.0,,0.0,0.0,,2.0,10.0,12.0,1.0,0.0,1.0,1.0,4.0,4.0,5.0,https://www.basketball-reference.com/boxscores/202001220NYK.html,2019-20
Mitchell Robinson,2020-01-24,New York Knicks,Toronto Raptors,1,22.03,3.0,3.0,1.0,0.0,0.0,,0.0,0.0,,2.0,1.0,3.0,1.0,0.0,1.0,0.0,2.0,6.0,-12.0,https://www.basketball-reference.com/boxscores/202001240NYK.html,2019-20
Mitchell Robinson,2020-01-26,New York Knicks,Brooklyn Nets,1,17.07,6.0,6.0,1.0,0.0,0.0,,0.0,0.0,,2.0,3.0,5.0,1.0,0.0,2.0,1.0,6.0,12.0,12.0,https://www.basketball-reference.com/boxscores/202001260NYK.html,2019-20
Mitchell Robinson,2020-01-28,New York Knicks,Charlotte Hornets,0,25.54,2.0,2.0,1.0,0.0,0.0,,0.0,0.0,,2.0,8.0,10.0,0.0,1.0,5.0,0.0,4.0,4.0,-9.0,https://www.basketball-reference.com/boxscores/202001280CHO.html,2019-20
Mitchell Robinson,2020-01-29,New York Knicks,Memphis Grizzlies,1,30.48,4.0,6.0,0.667,0.0,0.0,,2.0,5.0,0.4,5.0,4.0,9.0,2.0,3.0,4.0,0.0,1.0,10.0,2.0,https://www.basketball-reference.com/boxscores/202001290NYK.html,2019-20
Mitchell Robinson,2020-02-01,New York Knicks,Indiana Pacers,0,19.2,2.0,2.0,1.0,0.0,0.0,,0.0,0.0,,2.0,5.0,7.0,2.0,0.0,0.0,0.0,2.0,4.0,-6.0,https://www.basketball-reference.com/boxscores/202002010IND.html,2019-20
Mitchell Robinson,2020-02-03,Cleveland Cavaliers,New York Knicks,1,14.42,2.0,2.0,1.0,0.0,0.0,,0.0,0.0,,0.0,2.0,2.0,1.0,1.0,0.0,1.0,3.0,4.0,9.0,https://www.basketball-reference.com/boxscores/202002030CLE.html,2019-20
Mitchell Robinson,2020-02-06,New York Knicks,Orlando Magic,1,18.3,3.0,4.0,0.75,0.0,0.0,,0.0,0.0,,3.0,1.0,4.0,0.0,1.0,1.0,0.0,3.0,6.0,-5.0,https://www.basketball-reference.com/boxscores/202002060NYK.html,2019-20
Mitchell Robinson,2020-02-08,New York Knicks,Detroit Pistons,0,19.05,3.0,4.0,0.75,0.0,0.0,,1.0,2.0,0.5,3.0,2.0,5.0,0.0,1.0,3.0,2.0,4.0,7.0,12.0,https://www.basketball-reference.com/boxscores/202002080DET.html,2019-20
Mitchell Robinson,2020-02-09,Atlanta Hawks,New York Knicks,1,35.1,7.0,8.0,0.875,0.0,0.0,,1.0,3.0,0.333,7.0,4.0,11.0,0.0,3.0,3.0,0.0,3.0,15.0,5.0,https://www.basketball-reference.com/boxscores/202002090ATL.html,2019-20
Mitchell Robinson,2020-02-12,New York Knicks,Washington Wizards,1,18.23,5.0,6.0,0.833,0.0,0.0,,1.0,4.0,0.25,5.0,3.0,8.0,1.0,0.0,1.0,0.0,5.0,11.0,-9.0,https://www.basketball-reference.com/boxscores/202002120NYK.html,2019-20
Mitchell Robinson,2020-02-21,New York Knicks,Indiana Pacers,1,17.11,4.0,5.0,0.8,0.0,0.0,,0.0,0.0,,2.0,6.0,8.0,0.0,0.0,4.0,1.0,5.0,8.0,4.0,https://www.basketball-reference.com/boxscores/202002210NYK.html,2019-20
Mitchell Robinson,2020-02-24,New York Knicks,Houston Rockets,0,25.47,4.0,5.0,0.8,0.0,0.0,,2.0,4.0,0.5,5.0,3.0,8.0,2.0,2.0,5.0,1.0,3.0,10.0,5.0,https://www.basketball-reference.com/boxscores/202002240HOU.html,2019-20
Mitchell Robinson,2020-02-26,New York Knicks,Charlotte Hornets,0,29.53,5.0,7.0,0.7140000000000001,0.0,0.0,,2.0,5.0,0.4,7.0,9.0,16.0,2.0,1.0,3.0,1.0,1.0,12.0,9.0,https://www.basketball-reference.com/boxscores/202002260CHO.html,2019-20
Mitchell Robinson,2020-02-27,New York Knicks,Philadelphia 76ers,0,31.37,3.0,3.0,1.0,0.0,0.0,,0.0,0.0,,2.0,6.0,8.0,2.0,1.0,3.0,0.0,2.0,6.0,-1.0,https://www.basketball-reference.com/boxscores/202002270PHI.html,2019-20
Mitchell Robinson,2020-02-29,New York Knicks,Chicago Bulls,1,28.57,11.0,16.0,0.688,0.0,0.0,,1.0,3.0,0.333,7.0,3.0,10.0,2.0,1.0,2.0,0.0,3.0,23.0,-2.0,https://www.basketball-reference.com/boxscores/202002290NYK.html,2019-20
Mitchell Robinson,2020-03-02,New York Knicks,Houston Rockets,1,24.18,5.0,8.0,0.625,0.0,0.0,,2.0,4.0,0.5,5.0,8.0,13.0,0.0,0.0,0.0,0.0,1.0,12.0,5.0,https://www.basketball-reference.com/boxscores/202003020NYK.html,2019-20
Mitchell Robinson,2020-03-06,New York Knicks,Oklahoma City Thunder,1,22.1,5.0,5.0,1.0,0.0,0.0,,1.0,2.0,0.5,2.0,2.0,4.0,0.0,0.0,3.0,1.0,3.0,11.0,-11.0,https://www.basketball-reference.com/boxscores/202003060NYK.html,2019-20
Mitchell Robinson,2020-03-08,New York Knicks,Detroit Pistons,1,27.28,5.0,6.0,0.833,0.0,0.0,,4.0,4.0,1.0,4.0,7.0,11.0,0.0,1.0,3.0,0.0,1.0,14.0,12.0,https://www.basketball-reference.com/boxscores/202003080NYK.html,2019-20
Mitchell Robinson,2020-03-10,New York Knicks,Washington Wizards,0,24.5,4.0,5.0,0.8,0.0,0.0,,2.0,2.0,1.0,2.0,1.0,3.0,0.0,0.0,0.0,0.0,3.0,10.0,3.0,https://www.basketball-reference.com/boxscores/202003100WAS.html,2019-20
Mitchell Robinson,2020-03-11,Atlanta Hawks,New York Knicks,1,26.1,7.0,7.0,1.0,0.0,0.0,,2.0,7.0,0.28600000000000003,4.0,2.0,6.0,0.0,1.0,2.0,0.0,3.0,16.0,5.0,https://www.basketball-reference.com/boxscores/202003110ATL.html,2019-20
Mitchell Robinson,2018-12-03,New York Knicks,Washington Wizards,1,14.12,1.0,2.0,0.5,0.0,0.0,,2.0,2.0,1.0,1.0,0.0,1.0,2.0,0.0,3.0,1.0,2.0,4.0,0.0,https://www.basketball-reference.com/boxscores/201812030NYK.html,2018-19
Mitchell Robinson,2018-12-06,New York Knicks,Boston Celtics,0,20.37,3.0,4.0,0.75,0.0,0.0,,1.0,2.0,0.5,4.0,4.0,8.0,1.0,0.0,2.0,1.0,4.0,7.0,-16.0,https://www.basketball-reference.com/boxscores/201812060BOS.html,2018-19
Mitchell Robinson,2018-12-08,New York Knicks,Brooklyn Nets,1,20.59,2.0,3.0,0.667,0.0,0.0,,0.0,3.0,0.0,4.0,2.0,6.0,3.0,3.0,1.0,0.0,5.0,4.0,-1.0,https://www.basketball-reference.com/boxscores/201812080NYK.html,2018-19
Mitchell Robinson,2018-12-09,New York Knicks,Charlotte Hornets,1,18.45,3.0,4.0,0.75,0.0,0.0,,0.0,0.0,,1.0,1.0,2.0,1.0,0.0,2.0,1.0,3.0,6.0,8.0,https://www.basketball-reference.com/boxscores/201812090NYK.html,2018-19
Mitchell Robinson,2018-12-12,New York Knicks,Cleveland Cavaliers,0,15.3,1.0,2.0,0.5,0.0,0.0,,0.0,0.0,,1.0,0.0,1.0,1.0,1.0,0.0,0.0,1.0,2.0,-17.0,https://www.basketball-reference.com/boxscores/201812120CLE.html,2018-19
Mitchell Robinson,2018-12-14,Charlotte Hornets,New York Knicks,1,7.46,1.0,2.0,0.5,0.0,0.0,,0.0,0.0,,0.0,1.0,1.0,1.0,0.0,1.0,1.0,1.0,2.0,-1.0,https://www.basketball-reference.com/boxscores/201812140CHO.html,2018-19
Mitchell Robinson,2019-01-17,New York Knicks,Washington Wizards,0,9.57,2.0,2.0,1.0,0.0,0.0,,0.0,0.0,,2.0,0.0,2.0,0.0,0.0,1.0,0.0,1.0,4.0,1.0,https://www.basketball-reference.com/boxscores/201901170WAS.html,2018-19
Mitchell Robinson,2019-01-21,New York Knicks,Oklahoma City Thunder,1,15.32,4.0,4.0,1.0,0.0,0.0,,0.0,1.0,0.0,1.0,5.0,6.0,1.0,1.0,2.0,0.0,6.0,8.0,-1.0,https://www.basketball-reference.com/boxscores/201901210NYK.html,2018-19
Mitchell Robinson,2019-01-23,New York Knicks,Houston Rockets,1,17.23,5.0,5.0,1.0,0.0,0.0,,2.0,2.0,1.0,1.0,0.0,1.0,0.0,1.0,3.0,0.0,6.0,12.0,12.0,https://www.basketball-reference.com/boxscores/201901230NYK.html,2018-19
Mitchell Robinson,2019-01-25,New York Knicks,Brooklyn Nets,0,15.45,3.0,5.0,0.6,0.0,0.0,,0.0,2.0,0.0,2.0,2.0,4.0,0.0,0.0,4.0,0.0,2.0,6.0,-7.0,https://www.basketball-reference.com/boxscores/201901250BRK.html,2018-19
Mitchell Robinson,2019-01-27,New York Knicks,Miami Heat,1,22.49,3.0,5.0,0.6,0.0,0.0,,0.0,2.0,0.0,4.0,3.0,7.0,1.0,3.0,2.0,0.0,2.0,6.0,2.0,https://www.basketball-reference.com/boxscores/201901270NYK.html,2018-19
Mitchell Robinson,2019-01-28,New York Knicks,Charlotte Hornets,0,12.52,4.0,5.0,0.8,0.0,0.0,,2.0,4.0,0.5,2.0,0.0,2.0,0.0,1.0,3.0,0.0,1.0,10.0,-16.0,https://www.basketball-reference.com/boxscores/201901280CHO.html,2018-19
Mitchell Robinson,2019-01-30,New York Knicks,Dallas Mavericks,1,24.11,2.0,2.0,1.0,0.0,0.0,,0.0,4.0,0.0,2.0,5.0,7.0,0.0,1.0,4.0,1.0,1.0,4.0,-9.0,https://www.basketball-reference.com/boxscores/201901300NYK.html,2018-19
Mitchell Robinson,2019-02-01,New York Knicks,Boston Celtics,1,18.1,3.0,4.0,0.75,0.0,0.0,,2.0,2.0,1.0,3.0,5.0,8.0,0.0,0.0,1.0,2.0,2.0,8.0,1.0,https://www.basketball-reference.com/boxscores/201902010NYK.html,2018-19
Mitchell Robinson,2019-02-05,New York Knicks,Detroit Pistons,1,23.33,6.0,7.0,0.857,0.0,0.0,,1.0,1.0,1.0,4.0,6.0,10.0,0.0,0.0,2.0,0.0,3.0,13.0,-1.0,https://www.basketball-reference.com/boxscores/201902050NYK.html,2018-19
Mitchell Robinson,2019-02-08,New York Knicks,Detroit Pistons,0,15.04,3.0,5.0,0.6,0.0,0.0,,5.0,7.0,0.7140000000000001,3.0,3.0,6.0,1.0,0.0,3.0,0.0,2.0,11.0,-6.0,https://www.basketball-reference.com/boxscores/201902080DET.html,2018-19
Mitchell Robinson,2019-02-09,New York Knicks,Toronto Raptors,1,22.29,7.0,9.0,0.778,0.0,0.0,,1.0,1.0,1.0,4.0,3.0,7.0,0.0,0.0,3.0,0.0,3.0,15.0,5.0,https://www.basketball-reference.com/boxscores/201902090NYK.html,2018-19
Mitchell Robinson,2019-02-11,New York Knicks,Cleveland Cavaliers,0,23.41,5.0,6.0,0.833,0.0,0.0,,0.0,1.0,0.0,4.0,4.0,8.0,1.0,1.0,2.0,0.0,3.0,10.0,3.0,https://www.basketball-reference.com/boxscores/201902110CLE.html,2018-19
Mitchell Robinson,2019-02-13,New York Knicks,Philadelphia 76ers,1,28.25,5.0,8.0,0.625,0.0,0.0,,4.0,7.0,0.5710000000000001,5.0,8.0,13.0,1.0,2.0,4.0,0.0,2.0,14.0,9.0,https://www.basketball-reference.com/boxscores/201902130NYK.html,2018-19
Mitchell Robinson,2019-02-14,New York Knicks,Atlanta Hawks,0,19.08,3.0,5.0,0.6,0.0,0.0,,0.0,0.0,,3.0,4.0,7.0,0.0,1.0,4.0,1.0,3.0,6.0,7.0,https://www.basketball-reference.com/boxscores/201902140ATL.html,2018-19
Mitchell Robinson,2019-02-22,New York Knicks,Minnesota Timberwolves,1,13.0,0.0,2.0,0.0,0.0,0.0,,0.0,0.0,,1.0,1.0,2.0,1.0,1.0,3.0,0.0,4.0,0.0,-16.0,https://www.basketball-reference.com/boxscores/201902220NYK.html,2018-19
Mitchell Robinson,2019-02-24,New York Knicks,San Antonio Spurs,1,30.03,5.0,7.0,0.7140000000000001,0.0,0.0,,5.0,7.0,0.7140000000000001,6.0,8.0,14.0,1.0,0.0,5.0,1.0,4.0,15.0,7.0,https://www.basketball-reference.com/boxscores/201902240NYK.html,2018-19
Mitchell Robinson,2019-02-26,New York Knicks,Orlando Magic,1,32.31,6.0,9.0,0.667,0.0,0.0,,5.0,6.0,0.833,8.0,6.0,14.0,0.0,3.0,6.0,0.0,3.0,17.0,5.0,https://www.basketball-reference.com/boxscores/201902260NYK.html,2018-19
Mitchell Robinson,2019-02-28,New York Knicks,Cleveland Cavaliers,1,28.24,5.0,5.0,1.0,0.0,0.0,,2.0,2.0,1.0,2.0,5.0,7.0,0.0,1.0,2.0,0.0,6.0,12.0,-1.0,https://www.basketball-reference.com/boxscores/201902280NYK.html,2018-19
Mitchell Robinson,2019-03-03,New York Knicks,Los Angeles Clippers,0,22.43,7.0,8.0,0.875,0.0,0.0,,2.0,2.0,1.0,5.0,8.0,13.0,1.0,0.0,4.0,2.0,3.0,16.0,-17.0,https://www.basketball-reference.com/boxscores/201903030LAC.html,2018-19
Mitchell Robinson,2019-03-04,New York Knicks,Sacramento Kings,0,18.36,2.0,2.0,1.0,0.0,0.0,,0.0,1.0,0.0,2.0,5.0,7.0,0.0,0.0,2.0,2.0,6.0,4.0,-13.0,https://www.basketball-reference.com/boxscores/201903040SAC.html,2018-19
Mitchell Robinson,2019-03-06,New York Knicks,Phoenix Suns,0,22.11,3.0,7.0,0.429,0.0,0.0,,2.0,3.0,0.667,4.0,4.0,8.0,1.0,2.0,4.0,2.0,3.0,8.0,-5.0,https://www.basketball-reference.com/boxscores/201903060PHO.html,2018-19
Mitchell Robinson,2019-03-09,New York Knicks,Sacramento Kings,1,21.57,2.0,4.0,0.5,0.0,0.0,,4.0,4.0,1.0,3.0,6.0,9.0,0.0,1.0,3.0,1.0,4.0,8.0,-4.0,https://www.basketball-reference.com/boxscores/201903090NYK.html,2018-19
Mitchell Robinson,2019-03-10,New York Knicks,Minnesota Timberwolves,0,32.51,4.0,5.0,0.8,0.0,0.0,,0.0,1.0,0.0,3.0,7.0,10.0,1.0,1.0,5.0,0.0,4.0,8.0,4.0,https://www.basketball-reference.com/boxscores/201903100MIN.html,2018-19
Mitchell Robinson,2019-03-12,New York Knicks,Indiana Pacers,0,12.53,3.0,3.0,1.0,0.0,0.0,,1.0,2.0,0.5,0.0,2.0,2.0,0.0,0.0,3.0,0.0,5.0,7.0,-4.0,https://www.basketball-reference.com/boxscores/201903120IND.html,2018-19
Mitchell Robinson,2019-03-15,New York Knicks,San Antonio Spurs,0,20.36,0.0,3.0,0.0,0.0,0.0,,2.0,4.0,0.5,4.0,6.0,10.0,1.0,1.0,2.0,1.0,1.0,2.0,-9.0,https://www.basketball-reference.com/boxscores/201903150SAS.html,2018-19
Mitchell Robinson,2019-03-17,New York Knicks,Los Angeles Lakers,1,15.12,1.0,2.0,0.5,0.0,0.0,,0.0,1.0,0.0,1.0,2.0,3.0,0.0,0.0,2.0,0.0,3.0,2.0,2.0,https://www.basketball-reference.com/boxscores/201903170NYK.html,2018-19
Mitchell Robinson,2019-03-18,New York Knicks,Toronto Raptors,0,14.29,0.0,1.0,0.0,0.0,0.0,,0.0,0.0,,1.0,4.0,5.0,0.0,0.0,3.0,1.0,6.0,0.0,-9.0,https://www.basketball-reference.com/boxscores/201903180TOR.html,2018-19
Mitchell Robinson,2019-03-20,New York Knicks,Utah Jazz,1,29.49,6.0,10.0,0.6,0.0,0.0,,2.0,5.0,0.4,4.0,8.0,12.0,1.0,1.0,3.0,0.0,5.0,14.0,-2.0,https://www.basketball-reference.com/boxscores/201903200NYK.html,2018-19
Mitchell Robinson,2019-03-22,New York Knicks,Denver Nuggets,1,22.37,7.0,10.0,0.7,0.0,0.0,,2.0,2.0,1.0,4.0,6.0,10.0,0.0,0.0,3.0,0.0,4.0,16.0,-6.0,https://www.basketball-reference.com/boxscores/201903220NYK.html,2018-19
Mitchell Robinson,2019-03-24,New York Knicks,Los Angeles Clippers,1,13.49,0.0,0.0,,0.0,0.0,,2.0,2.0,1.0,1.0,6.0,7.0,2.0,2.0,2.0,0.0,2.0,2.0,8.0,https://www.basketball-reference.com/boxscores/201903240NYK.html,2018-19
Mitchell Robinson,2019-03-28,New York Knicks,Toronto Raptors,1,30.59,8.0,12.0,0.667,0.0,0.0,,3.0,6.0,0.5,9.0,12.0,21.0,0.0,1.0,2.0,0.0,3.0,19.0,-10.0,https://www.basketball-reference.com/boxscores/201903280NYK.html,2018-19
Mitchell Robinson,2019-03-30,New York Knicks,Miami Heat,1,36.49,4.0,4.0,1.0,0.0,0.0,,1.0,2.0,0.5,3.0,11.0,14.0,0.0,3.0,4.0,1.0,3.0,9.0,-10.0,https://www.basketball-reference.com/boxscores/201903300NYK.html,2018-19
Mitchell Robinson,2020-12-23,New York Knicks,Indiana Pacers,0,21.1,1.0,2.0,0.5,0.0,0.0,,1.0,2.0,0.5,2.0,4.0,6.0,0.0,0.0,3.0,0.0,3.0,3.0,-17.0,https://www.basketball-reference.com/boxscores/202012230IND.html,2020-21
Mitchell Robinson,2020-12-26,New York Knicks,Philadelphia 76ers,1,24.59,5.0,8.0,0.625,0.0,0.0,,1.0,2.0,0.5,5.0,4.0,9.0,0.0,1.0,2.0,0.0,3.0,11.0,-19.0,https://www.basketball-reference.com/boxscores/202012260NYK.html,2020-21
Mitchell Robinson,2020-12-27,New York Knicks,Milwaukee Bucks,1,34.4,4.0,6.0,0.667,0.0,0.0,,1.0,1.0,1.0,0.0,6.0,6.0,1.0,2.0,1.0,1.0,2.0,9.0,16.0,https://www.basketball-reference.com/boxscores/202012270NYK.html,2020-21
Mitchell Robinson,2020-12-29,New York Knicks,Cleveland Cavaliers,0,31.34,4.0,9.0,0.444,0.0,0.0,,1.0,2.0,0.5,4.0,6.0,10.0,0.0,1.0,2.0,1.0,4.0,9.0,8.0,https://www.basketball-reference.com/boxscores/202012290CLE.html,2020-21
Mitchell Robinson,2020-12-31,New York Knicks,Toronto Raptors,0,25.13,2.0,4.0,0.5,0.0,0.0,,0.0,0.0,,2.0,5.0,7.0,0.0,2.0,0.0,1.0,4.0,4.0,0.0,https://www.basketball-reference.com/boxscores/202012310TOR.html,2020-21
Mitchell Robinson,2021-01-02,New York Knicks,Indiana Pacers,0,29.09,8.0,10.0,0.8,0.0,0.0,,0.0,0.0,,6.0,3.0,9.0,1.0,0.0,2.0,0.0,3.0,16.0,10.0,https://www.basketball-reference.com/boxscores/202101020IND.html,2020-21
Mitchell Robinson,2021-01-04,New York Knicks,Atlanta Hawks,0,28.17,4.0,7.0,0.5710000000000001,0.0,0.0,,0.0,0.0,,4.0,3.0,7.0,0.0,4.0,2.0,1.0,3.0,8.0,-5.0,https://www.basketball-reference.com/boxscores/202101040ATL.html,2020-21
Mitchell Robinson,2021-01-06,New York Knicks,Utah Jazz,1,41.26,4.0,6.0,0.667,0.0,0.0,,1.0,2.0,0.5,4.0,10.0,14.0,2.0,2.0,3.0,3.0,2.0,9.0,12.0,https://www.basketball-reference.com/boxscores/202101060NYK.html,2020-21
Mitchell Robinson,2021-01-08,New York Knicks,Oklahoma City Thunder,1,26.43,3.0,4.0,0.75,0.0,0.0,,0.0,2.0,0.0,3.0,2.0,5.0,1.0,2.0,3.0,1.0,3.0,6.0,6.0,https://www.basketball-reference.com/boxscores/202101080NYK.html,2020-21
Mitchell Robinson,2021-01-10,New York Knicks,Denver Nuggets,1,34.23,5.0,5.0,1.0,0.0,0.0,,1.0,2.0,0.5,2.0,3.0,5.0,0.0,1.0,1.0,0.0,0.0,11.0,-7.0,https://www.basketball-reference.com/boxscores/202101100NYK.html,2020-21
Mitchell Robinson,2021-01-11,New York Knicks,Charlotte Hornets,0,33.03,5.0,5.0,1.0,0.0,0.0,,2.0,4.0,0.5,7.0,4.0,11.0,0.0,2.0,2.0,1.0,1.0,12.0,-27.0,https://www.basketball-reference.com/boxscores/202101110CHO.html,2020-21
Mitchell Robinson,2021-01-13,New York Knicks,Brooklyn Nets,1,33.11,5.0,9.0,0.556,0.0,0.0,,0.0,0.0,,8.0,4.0,12.0,2.0,0.0,2.0,1.0,2.0,10.0,5.0,https://www.basketball-reference.com/boxscores/202101130NYK.html,2020-21
Mitchell Robinson,2021-01-15,New York Knicks,Cleveland Cavaliers,0,28.01,2.0,5.0,0.4,0.0,0.0,,1.0,2.0,0.5,2.0,4.0,6.0,0.0,3.0,1.0,0.0,4.0,5.0,-19.0,https://www.basketball-reference.com/boxscores/202101150CLE.html,2020-21
Mitchell Robinson,2021-01-17,New York Knicks,Boston Celtics,0,24.13,4.0,5.0,0.8,0.0,0.0,,0.0,0.0,,4.0,3.0,7.0,0.0,0.0,2.0,1.0,4.0,8.0,28.0,https://www.basketball-reference.com/boxscores/202101170BOS.html,2020-21
Mitchell Robinson,2021-01-18,New York Knicks,Orlando Magic,1,34.27,2.0,5.0,0.4,0.0,0.0,,2.0,6.0,0.333,5.0,5.0,10.0,0.0,1.0,1.0,0.0,3.0,6.0,13.0,https://www.basketball-reference.com/boxscores/202101180NYK.html,2020-21
Mitchell Robinson,2021-01-21,New York Knicks,Golden State Warriors,0,27.23,8.0,11.0,0.727,0.0,0.0,,2.0,2.0,1.0,4.0,4.0,8.0,1.0,1.0,2.0,0.0,4.0,18.0,9.0,https://www.basketball-reference.com/boxscores/202101210GSW.html,2020-21
Mitchell Robinson,2021-01-22,New York Knicks,Sacramento Kings,0,28.42,6.0,8.0,0.75,0.0,0.0,,0.0,1.0,0.0,5.0,5.0,10.0,0.0,0.0,1.0,2.0,1.0,12.0,-13.0,https://www.basketball-reference.com/boxscores/202101220SAC.html,2020-21
Mitchell Robinson,2021-01-24,New York Knicks,Portland Trail Blazers,0,25.38,4.0,7.0,0.5710000000000001,0.0,0.0,,0.0,0.0,,5.0,4.0,9.0,0.0,0.0,0.0,0.0,3.0,8.0,0.0,https://www.basketball-reference.com/boxscores/202101240POR.html,2020-21
Mitchell Robinson,2021-01-26,New York Knicks,Utah Jazz,0,30.41,3.0,4.0,0.75,0.0,0.0,,1.0,4.0,0.25,1.0,7.0,8.0,1.0,0.0,2.0,0.0,2.0,7.0,-15.0,https://www.basketball-reference.com/boxscores/202101260UTA.html,2020-21
Mitchell Robinson,2021-01-29,New York Knicks,Cleveland Cavaliers,1,22.16,2.0,3.0,0.667,0.0,0.0,,2.0,2.0,1.0,2.0,2.0,4.0,1.0,1.0,3.0,2.0,5.0,6.0,-6.0,https://www.basketball-reference.com/boxscores/202101290NYK.html,2020-21
Mitchell Robinson,2021-01-31,New York Knicks,Los Angeles Clippers,1,29.39,4.0,6.0,0.667,0.0,0.0,,1.0,2.0,0.5,3.0,3.0,6.0,0.0,0.0,1.0,0.0,2.0,9.0,-3.0,https://www.basketball-reference.com/boxscores/202101310NYK.html,2020-21
Mitchell Robinson,2021-02-01,New York Knicks,Chicago Bulls,0,20.22,4.0,6.0,0.667,0.0,0.0,,1.0,2.0,0.5,6.0,2.0,8.0,0.0,0.0,1.0,0.0,3.0,9.0,2.0,https://www.basketball-reference.com/boxscores/202102010CHI.html,2020-21
Mitchell Robinson,2021-02-03,New York Knicks,Chicago Bulls,0,28.08,3.0,5.0,0.6,0.0,0.0,,2.0,2.0,1.0,3.0,8.0,11.0,0.0,2.0,0.0,1.0,3.0,8.0,9.0,https://www.basketball-reference.com/boxscores/202102030CHI.html,2020-21
Mitchell Robinson,2021-02-06,New York Knicks,Portland Trail Blazers,1,33.46,3.0,4.0,0.75,0.0,0.0,,0.0,0.0,,0.0,10.0,10.0,1.0,2.0,2.0,4.0,3.0,6.0,6.0,https://www.basketball-reference.com/boxscores/202102060NYK.html,2020-21
Mitchell Robinson,2021-02-07,New York Knicks,Miami Heat,1,31.55,2.0,4.0,0.5,0.0,0.0,,2.0,2.0,1.0,3.0,4.0,7.0,0.0,0.0,1.0,0.0,5.0,6.0,-10.0,https://www.basketball-reference.com/boxscores/202102070NYK.html,2020-21
Mitchell Robinson,2021-02-09,New York Knicks,Miami Heat,0,28.55,1.0,2.0,0.5,0.0,0.0,,0.0,0.0,,2.0,5.0,7.0,2.0,3.0,1.0,1.0,5.0,2.0,-14.0,https://www.basketball-reference.com/boxscores/202102090MIA.html,2020-21
Mitchell Robinson,2021-02-12,New York Knicks,Washington Wizards,0,19.48,5.0,6.0,0.833,0.0,0.0,,0.0,4.0,0.0,5.0,9.0,14.0,1.0,2.0,0.0,1.0,1.0,10.0,16.0,https://www.basketball-reference.com/boxscores/202102120WAS.html,2020-21
Mitchell Robinson,2021-03-23,New York Knicks,Washington Wizards,1,30.42,7.0,9.0,0.778,0.0,0.0,,2.0,2.0,1.0,7.0,5.0,12.0,2.0,0.0,3.0,2.0,3.0,16.0,9.0,https://www.basketball-reference.com/boxscores/202103230NYK.html,2020-21
Mitchell Robinson,2021-03-25,New York Knicks,Washington Wizards,1,21.16,2.0,5.0,0.4,0.0,0.0,,2.0,3.0,0.667,4.0,3.0,7.0,0.0,2.0,1.0,1.0,2.0,6.0,-14.0,https://www.basketball-reference.com/boxscores/202103250NYK.html,2020-21
Mitchell Robinson,2021-03-27,New York Knicks,Milwaukee Bucks,0,6.14,1.0,1.0,1.0,0.0,0.0,,0.0,0.0,,1.0,0.0,1.0,0.0,1.0,0.0,1.0,1.0,2.0,6.0,https://www.basketball-reference.com/boxscores/202103270MIL.html,2020-21
