Player,Date,Team,Against,Home,MP,FG,FGA,FG%,3P,3PA,3P%,FT,FTA,FT%,ORB,DRB,TRB,AST,STL,BLK,TOV,PF,PTS,+/-,GameLink,season
Nikola Peković,2014-12-01,Minnesota Timberwolves,Los Angeles Clippers,0,,,,,,,,,,,,,,,,,,,,,https://www.basketball-reference.com/boxscores/201412010LAC.html,2014-15
Nikola Peković,2014-12-03,Minnesota Timberwolves,Philadelphia 76ers,1,,,,,,,,,,,,,,,,,,,,,https://www.basketball-reference.com/boxscores/201412030MIN.html,2014-15
Nikola Peković,2014-12-06,Minnesota Timberwolves,San Antonio Spurs,0,,,,,,,,,,,,,,,,,,,,,https://www.basketball-reference.com/boxscores/201412060SAS.html,2014-15
Nikola Peković,2014-12-08,Minnesota Timberwolves,Golden State Warriors,1,,,,,,,,,,,,,,,,,,,,,https://www.basketball-reference.com/boxscores/201412080MIN.html,2014-15
Nikola Peković,2014-12-10,Minnesota Timberwolves,Portland Trail Blazers,1,,,,,,,,,,,,,,,,,,,,,https://www.basketball-reference.com/boxscores/201412100MIN.html,2014-15
Nikola Peković,2014-12-12,Minnesota Timberwolves,Oklahoma City Thunder,1,,,,,,,,,,,,,,,,,,,,,https://www.basketball-reference.com/boxscores/201412120MIN.html,2014-15
Nikola Peković,2014-12-14,Minnesota Timberwolves,Los Angeles Lakers,1,,,,,,,,,,,,,,,,,,,,,https://www.basketball-reference.com/boxscores/201412140MIN.html,2014-15
Nikola Peković,2014-12-16,Minnesota Timberwolves,Washington Wizards,0,,,,,,,,,,,,,,,,,,,,,https://www.basketball-reference.com/boxscores/201412160WAS.html,2014-15
Nikola Peković,2015-01-21,Minnesota Timberwolves,Dallas Mavericks,1,22.53,5.0,11.0,0.455,0.0,0.0,,4.0,4.0,1.0,0.0,4.0,4.0,0.0,0.0,0.0,1.0,0.0,14.0,-11.0,https://www.basketball-reference.com/boxscores/201501210MIN.html,2014-15
Nikola Peković,2015-01-23,Minnesota Timberwolves,New Orleans Pelicans,1,21.21,5.0,11.0,0.455,0.0,0.0,,3.0,4.0,0.75,3.0,6.0,9.0,0.0,0.0,2.0,2.0,3.0,13.0,-7.0,https://www.basketball-reference.com/boxscores/201501230MIN.html,2014-15
Nikola Peković,2015-01-25,Minnesota Timberwolves,Atlanta Hawks,0,36.08,4.0,10.0,0.4,0.0,0.0,,7.0,8.0,0.875,1.0,2.0,3.0,1.0,0.0,0.0,0.0,2.0,15.0,-8.0,https://www.basketball-reference.com/boxscores/201501250ATL.html,2014-15
Nikola Peković,2015-01-26,Minnesota Timberwolves,Oklahoma City Thunder,0,29.52,3.0,12.0,0.25,0.0,0.0,,2.0,4.0,0.5,2.0,5.0,7.0,2.0,0.0,0.0,1.0,1.0,8.0,2.0,https://www.basketball-reference.com/boxscores/201501260OKC.html,2014-15
Nikola Peković,2015-01-28,Minnesota Timberwolves,Boston Celtics,1,26.43,5.0,8.0,0.625,0.0,0.0,,4.0,5.0,0.8,0.0,2.0,2.0,2.0,1.0,0.0,1.0,2.0,14.0,18.0,https://www.basketball-reference.com/boxscores/201501280MIN.html,2014-15
Nikola Peković,2015-01-30,Minnesota Timberwolves,Philadelphia 76ers,0,31.13,6.0,9.0,0.667,0.0,0.0,,6.0,7.0,0.857,3.0,4.0,7.0,2.0,1.0,1.0,1.0,1.0,18.0,-9.0,https://www.basketball-reference.com/boxscores/201501300PHI.html,2014-15
Nikola Peković,2015-01-31,Minnesota Timberwolves,Cleveland Cavaliers,1,27.32,4.0,11.0,0.364,0.0,0.0,,6.0,6.0,1.0,3.0,9.0,12.0,3.0,0.0,0.0,2.0,1.0,14.0,-12.0,https://www.basketball-reference.com/boxscores/201501310MIN.html,2014-15
Nikola Peković,2015-02-02,Minnesota Timberwolves,Dallas Mavericks,0,26.52,4.0,11.0,0.364,0.0,0.0,,0.0,0.0,,3.0,7.0,10.0,0.0,1.0,0.0,3.0,4.0,8.0,5.0,https://www.basketball-reference.com/boxscores/201502020DAL.html,2014-15
Nikola Peković,2015-02-04,Minnesota Timberwolves,Miami Heat,1,20.42,5.0,7.0,0.7140000000000001,0.0,0.0,,3.0,4.0,0.75,0.0,4.0,4.0,0.0,0.0,0.0,1.0,0.0,13.0,-3.0,https://www.basketball-reference.com/boxscores/201502040MIN.html,2014-15
Nikola Peković,2015-02-06,Minnesota Timberwolves,Memphis Grizzlies,1,21.49,6.0,13.0,0.462,0.0,0.0,,1.0,2.0,0.5,1.0,2.0,3.0,0.0,1.0,1.0,2.0,4.0,13.0,6.0,https://www.basketball-reference.com/boxscores/201502060MIN.html,2014-15
Nikola Peković,2015-02-08,Minnesota Timberwolves,Detroit Pistons,0,32.3,9.0,16.0,0.563,0.0,0.0,,11.0,12.0,0.917,1.0,2.0,3.0,1.0,2.0,0.0,0.0,1.0,29.0,18.0,https://www.basketball-reference.com/boxscores/201502080DET.html,2014-15
Nikola Peković,2015-02-09,Minnesota Timberwolves,Atlanta Hawks,1,24.1,6.0,13.0,0.462,0.0,0.0,,2.0,2.0,1.0,5.0,3.0,8.0,1.0,0.0,0.0,2.0,3.0,14.0,-15.0,https://www.basketball-reference.com/boxscores/201502090MIN.html,2014-15
Nikola Peković,2015-02-11,Minnesota Timberwolves,Golden State Warriors,1,34.22,6.0,13.0,0.462,0.0,0.0,,5.0,7.0,0.7140000000000001,4.0,9.0,13.0,4.0,0.0,2.0,0.0,0.0,17.0,9.0,https://www.basketball-reference.com/boxscores/201502110MIN.html,2014-15
Nikola Peković,2015-02-20,Minnesota Timberwolves,Phoenix Suns,1,35.54,5.0,16.0,0.313,0.0,0.0,,6.0,8.0,0.75,5.0,6.0,11.0,0.0,0.0,2.0,3.0,5.0,16.0,4.0,https://www.basketball-reference.com/boxscores/201502200MIN.html,2014-15
Nikola Peković,2015-02-23,Minnesota Timberwolves,Houston Rockets,0,34.24,6.0,18.0,0.333,0.0,0.0,,4.0,4.0,1.0,7.0,6.0,13.0,2.0,2.0,0.0,4.0,4.0,16.0,-8.0,https://www.basketball-reference.com/boxscores/201502230HOU.html,2014-15
Nikola Peković,2015-02-25,Minnesota Timberwolves,Washington Wizards,1,34.54,6.0,14.0,0.429,0.0,0.0,,3.0,4.0,0.75,6.0,7.0,13.0,1.0,1.0,0.0,1.0,1.0,15.0,16.0,https://www.basketball-reference.com/boxscores/201502250MIN.html,2014-15
Nikola Peković,2015-02-27,Minnesota Timberwolves,Chicago Bulls,0,29.05,4.0,8.0,0.5,0.0,0.0,,4.0,4.0,1.0,4.0,7.0,11.0,0.0,0.0,0.0,1.0,1.0,12.0,-4.0,https://www.basketball-reference.com/boxscores/201502270CHI.html,2014-15
Nikola Peković,2015-02-28,Minnesota Timberwolves,Memphis Grizzlies,1,12.09,0.0,5.0,0.0,0.0,0.0,,1.0,2.0,0.5,3.0,1.0,4.0,1.0,1.0,1.0,2.0,3.0,1.0,-8.0,https://www.basketball-reference.com/boxscores/201502280MIN.html,2014-15
Nikola Peković,2015-03-02,Minnesota Timberwolves,Los Angeles Clippers,1,,,,,,,,,,,,,,,,,,,,,https://www.basketball-reference.com/boxscores/201503020MIN.html,2014-15
Nikola Peković,2015-03-04,Minnesota Timberwolves,Denver Nuggets,1,15.25,2.0,6.0,0.333,0.0,0.0,,2.0,2.0,1.0,0.0,5.0,5.0,0.0,2.0,0.0,0.0,1.0,6.0,-9.0,https://www.basketball-reference.com/boxscores/201503040MIN.html,2014-15
Nikola Peković,2015-03-07,Minnesota Timberwolves,Portland Trail Blazers,1,25.47,5.0,11.0,0.455,0.0,0.0,,1.0,1.0,1.0,6.0,2.0,8.0,0.0,0.0,1.0,0.0,1.0,11.0,16.0,https://www.basketball-reference.com/boxscores/201503070MIN.html,2014-15
Nikola Peković,2015-03-09,Minnesota Timberwolves,Los Angeles Clippers,0,23.31,5.0,12.0,0.417,0.0,0.0,,2.0,4.0,0.5,4.0,6.0,10.0,0.0,1.0,0.0,2.0,4.0,12.0,-16.0,https://www.basketball-reference.com/boxscores/201503090LAC.html,2014-15
Nikola Peković,2015-03-11,Minnesota Timberwolves,Phoenix Suns,0,7.52,0.0,3.0,0.0,0.0,0.0,,0.0,0.0,,1.0,0.0,1.0,1.0,0.0,0.0,1.0,0.0,0.0,-6.0,https://www.basketball-reference.com/boxscores/201503110PHO.html,2014-15
Nikola Peković,2015-03-13,Minnesota Timberwolves,Oklahoma City Thunder,0,,,,,,,,,,,,,,,,,,,,,https://www.basketball-reference.com/boxscores/201503130OKC.html,2014-15
Nikola Peković,2015-03-15,Minnesota Timberwolves,San Antonio Spurs,0,,,,,,,,,,,,,,,,,,,,,https://www.basketball-reference.com/boxscores/201503150SAS.html,2014-15
Nikola Peković,2015-03-16,Minnesota Timberwolves,Brooklyn Nets,1,,,,,,,,,,,,,,,,,,,,,https://www.basketball-reference.com/boxscores/201503160MIN.html,2014-15
Nikola Peković,2015-03-18,Minnesota Timberwolves,Toronto Raptors,0,,,,,,,,,,,,,,,,,,,,,https://www.basketball-reference.com/boxscores/201503180TOR.html,2014-15
Nikola Peković,2012-12-04,Minnesota Timberwolves,Philadelphia 76ers,0,26.5,3.0,7.0,0.429,0.0,0.0,,0.0,0.0,,1.0,4.0,5.0,2.0,0.0,0.0,2.0,1.0,6.0,11.0,https://www.basketball-reference.com/boxscores/201212040PHI.html,2012-13
Nikola Peković,2012-12-05,Minnesota Timberwolves,Boston Celtics,0,31.55,6.0,13.0,0.462,0.0,0.0,,2.0,2.0,1.0,4.0,5.0,9.0,1.0,2.0,0.0,0.0,1.0,14.0,-10.0,https://www.basketball-reference.com/boxscores/201212050BOS.html,2012-13
Nikola Peković,2012-12-07,Minnesota Timberwolves,Cleveland Cavaliers,1,24.3,0.0,3.0,0.0,0.0,0.0,,4.0,4.0,1.0,1.0,0.0,1.0,1.0,0.0,1.0,2.0,4.0,4.0,15.0,https://www.basketball-reference.com/boxscores/201212070MIN.html,2012-13
Nikola Peković,2012-12-12,Minnesota Timberwolves,Denver Nuggets,1,31.33,7.0,10.0,0.7,0.0,0.0,,8.0,8.0,1.0,5.0,6.0,11.0,2.0,0.0,2.0,2.0,2.0,22.0,8.0,https://www.basketball-reference.com/boxscores/201212120MIN.html,2012-13
Nikola Peković,2012-12-14,Minnesota Timberwolves,New Orleans Hornets,0,31.5,14.0,18.0,0.778,0.0,0.0,,3.0,4.0,0.75,4.0,1.0,5.0,1.0,1.0,0.0,2.0,3.0,31.0,14.0,https://www.basketball-reference.com/boxscores/201212140NOH.html,2012-13
Nikola Peković,2012-12-17,Minnesota Timberwolves,Orlando Magic,0,35.4,8.0,18.0,0.444,0.0,0.0,,3.0,5.0,0.6,7.0,5.0,12.0,0.0,0.0,0.0,4.0,4.0,19.0,-6.0,https://www.basketball-reference.com/boxscores/201212170ORL.html,2012-13
Nikola Peković,2012-12-18,Minnesota Timberwolves,Miami Heat,0,33.17,9.0,19.0,0.474,0.0,0.0,,0.0,0.0,,9.0,3.0,12.0,0.0,1.0,0.0,6.0,2.0,18.0,-20.0,https://www.basketball-reference.com/boxscores/201212180MIA.html,2012-13
Nikola Peković,2012-12-20,Minnesota Timberwolves,Oklahoma City Thunder,1,37.42,10.0,18.0,0.556,0.0,0.0,,4.0,4.0,1.0,2.0,8.0,10.0,0.0,1.0,2.0,2.0,2.0,24.0,12.0,https://www.basketball-reference.com/boxscores/201212200MIN.html,2012-13
Nikola Peković,2012-12-23,Minnesota Timberwolves,New York Knicks,0,39.53,7.0,16.0,0.438,0.0,0.0,,7.0,8.0,0.875,6.0,11.0,17.0,2.0,0.0,0.0,1.0,2.0,21.0,1.0,https://www.basketball-reference.com/boxscores/201212230NYK.html,2012-13
Nikola Peković,2012-12-26,Minnesota Timberwolves,Houston Rockets,1,23.02,1.0,7.0,0.14300000000000002,0.0,0.0,,0.0,0.0,,2.0,5.0,7.0,0.0,0.0,0.0,1.0,1.0,2.0,3.0,https://www.basketball-reference.com/boxscores/201212260MIN.html,2012-13
Nikola Peković,2012-12-29,Minnesota Timberwolves,Phoenix Suns,1,34.2,13.0,20.0,0.65,0.0,0.0,,2.0,4.0,0.5,6.0,5.0,11.0,1.0,1.0,1.0,0.0,1.0,28.0,5.0,https://www.basketball-reference.com/boxscores/201212290MIN.html,2012-13
Nikola Peković,2013-01-02,Minnesota Timberwolves,Utah Jazz,0,29.42,4.0,9.0,0.444,0.0,0.0,,3.0,4.0,0.75,3.0,1.0,4.0,0.0,1.0,4.0,1.0,1.0,11.0,-1.0,https://www.basketball-reference.com/boxscores/201301020UTA.html,2012-13
Nikola Peković,2013-01-03,Minnesota Timberwolves,Denver Nuggets,0,28.58,4.0,9.0,0.444,0.0,0.0,,3.0,5.0,0.6,3.0,3.0,6.0,0.0,0.0,0.0,0.0,5.0,11.0,-13.0,https://www.basketball-reference.com/boxscores/201301030DEN.html,2012-13
Nikola Peković,2013-01-05,Minnesota Timberwolves,Portland Trail Blazers,1,21.49,9.0,14.0,0.643,0.0,0.0,,3.0,3.0,1.0,8.0,7.0,15.0,0.0,0.0,2.0,0.0,2.0,21.0,-4.0,https://www.basketball-reference.com/boxscores/201301050MIN.html,2012-13
Nikola Peković,2013-01-08,Minnesota Timberwolves,Atlanta Hawks,1,35.2,9.0,15.0,0.6,0.0,0.0,,7.0,8.0,0.875,6.0,12.0,18.0,1.0,0.0,1.0,1.0,2.0,25.0,4.0,https://www.basketball-reference.com/boxscores/201301080MIN.html,2012-13
Nikola Peković,2013-01-09,Minnesota Timberwolves,Oklahoma City Thunder,0,27.07,6.0,10.0,0.6,0.0,0.0,,5.0,6.0,0.833,5.0,5.0,10.0,0.0,0.0,0.0,0.0,1.0,17.0,-3.0,https://www.basketball-reference.com/boxscores/201301090OKC.html,2012-13
Nikola Peković,2013-01-11,Minnesota Timberwolves,New Orleans Hornets,0,28.34,7.0,13.0,0.5379999999999999,0.0,0.0,,4.0,7.0,0.5710000000000001,2.0,4.0,6.0,2.0,0.0,2.0,1.0,1.0,18.0,-10.0,https://www.basketball-reference.com/boxscores/201301110NOH.html,2012-13
Nikola Peković,2013-01-13,Minnesota Timberwolves,San Antonio Spurs,0,28.47,6.0,12.0,0.5,0.0,0.0,,2.0,2.0,1.0,1.0,3.0,4.0,0.0,0.0,2.0,2.0,0.0,14.0,-3.0,https://www.basketball-reference.com/boxscores/201301130SAS.html,2012-13
Nikola Peković,2013-01-14,Minnesota Timberwolves,Dallas Mavericks,0,32.06,8.0,11.0,0.727,0.0,0.0,,4.0,10.0,0.4,4.0,8.0,12.0,0.0,1.0,0.0,1.0,3.0,20.0,-24.0,https://www.basketball-reference.com/boxscores/201301140DAL.html,2012-13
Nikola Peković,2013-01-17,Minnesota Timberwolves,Los Angeles Clippers,1,25.43,1.0,8.0,0.125,0.0,0.0,,2.0,4.0,0.5,3.0,6.0,9.0,0.0,0.0,0.0,1.0,1.0,4.0,-3.0,https://www.basketball-reference.com/boxscores/201301170MIN.html,2012-13
Nikola Peković,2013-01-19,Minnesota Timberwolves,Houston Rockets,1,,,,,,,,,,,,,,,,,,,,,https://www.basketball-reference.com/boxscores/201301190MIN.html,2012-13
Nikola Peković,2013-01-21,Minnesota Timberwolves,Atlanta Hawks,0,,,,,,,,,,,,,,,,,,,,,https://www.basketball-reference.com/boxscores/201301210ATL.html,2012-13
Nikola Peković,2013-01-23,Minnesota Timberwolves,Brooklyn Nets,1,,,,,,,,,,,,,,,,,,,,,https://www.basketball-reference.com/boxscores/201301230MIN.html,2012-13
Nikola Peković,2013-01-25,Minnesota Timberwolves,Washington Wizards,0,,,,,,,,,,,,,,,,,,,,,https://www.basketball-reference.com/boxscores/201301250WAS.html,2012-13
Nikola Peković,2013-01-26,Minnesota Timberwolves,Charlotte Bobcats,0,,,,,,,,,,,,,,,,,,,,,https://www.basketball-reference.com/boxscores/201301260CHA.html,2012-13
Nikola Peković,2013-01-30,Minnesota Timberwolves,Los Angeles Clippers,1,37.07,8.0,15.0,0.5329999999999999,0.0,0.0,,1.0,2.0,0.5,2.0,10.0,12.0,1.0,0.0,1.0,1.0,3.0,17.0,-14.0,https://www.basketball-reference.com/boxscores/201301300MIN.html,2012-13
Nikola Peković,2013-02-01,Minnesota Timberwolves,Los Angeles Lakers,1,34.05,6.0,13.0,0.462,0.0,0.0,,2.0,5.0,0.4,1.0,8.0,9.0,0.0,1.0,1.0,0.0,1.0,14.0,-10.0,https://www.basketball-reference.com/boxscores/201302010MIN.html,2012-13
Nikola Peković,2013-02-02,Minnesota Timberwolves,New Orleans Hornets,1,23.51,5.0,10.0,0.5,0.0,0.0,,4.0,5.0,0.8,3.0,4.0,7.0,0.0,1.0,1.0,3.0,4.0,14.0,13.0,https://www.basketball-reference.com/boxscores/201302020MIN.html,2012-13
Nikola Peković,2013-02-04,Minnesota Timberwolves,Portland Trail Blazers,1,35.15,5.0,11.0,0.455,0.0,0.0,,3.0,3.0,1.0,4.0,7.0,11.0,1.0,1.0,0.0,2.0,3.0,13.0,-8.0,https://www.basketball-reference.com/boxscores/201302040MIN.html,2012-13
Nikola Peković,2013-02-06,Minnesota Timberwolves,San Antonio Spurs,1,35.17,5.0,9.0,0.556,0.0,0.0,,11.0,12.0,0.917,4.0,6.0,10.0,0.0,0.0,1.0,4.0,2.0,21.0,-6.0,https://www.basketball-reference.com/boxscores/201302060MIN.html,2012-13
Nikola Peković,2013-02-08,Minnesota Timberwolves,New York Knicks,1,36.05,6.0,10.0,0.6,0.0,0.0,,4.0,5.0,0.8,6.0,5.0,11.0,1.0,1.0,0.0,3.0,1.0,16.0,-11.0,https://www.basketball-reference.com/boxscores/201302080MIN.html,2012-13
Nikola Peković,2013-02-10,Minnesota Timberwolves,Memphis Grizzlies,0,30.08,2.0,5.0,0.4,0.0,0.0,,4.0,6.0,0.667,1.0,5.0,6.0,2.0,1.0,0.0,3.0,3.0,8.0,-18.0,https://www.basketball-reference.com/boxscores/201302100MEM.html,2012-13
Nikola Peković,2013-02-11,Minnesota Timberwolves,Cleveland Cavaliers,0,40.28,6.0,14.0,0.429,0.0,0.0,,4.0,6.0,0.667,5.0,5.0,10.0,2.0,2.0,0.0,2.0,0.0,16.0,12.0,https://www.basketball-reference.com/boxscores/201302110CLE.html,2012-13
Nikola Peković,2013-02-13,Minnesota Timberwolves,Utah Jazz,1,39.42,7.0,16.0,0.438,0.0,0.0,,5.0,8.0,0.625,7.0,6.0,13.0,0.0,1.0,1.0,1.0,2.0,19.0,10.0,https://www.basketball-reference.com/boxscores/201302130MIN.html,2012-13
Nikola Peković,2013-02-20,Minnesota Timberwolves,Philadelphia 76ers,1,41.1,9.0,16.0,0.563,0.0,0.0,,9.0,15.0,0.6,7.0,11.0,18.0,0.0,1.0,2.0,2.0,5.0,27.0,10.0,https://www.basketball-reference.com/boxscores/201302200MIN.html,2012-13
Nikola Peković,2013-02-22,Minnesota Timberwolves,Oklahoma City Thunder,0,22.19,1.0,4.0,0.25,0.0,0.0,,3.0,4.0,0.75,1.0,1.0,2.0,0.0,2.0,0.0,0.0,1.0,5.0,-20.0,https://www.basketball-reference.com/boxscores/201302220OKC.html,2012-13
Nikola Peković,2013-02-24,Minnesota Timberwolves,Golden State Warriors,1,33.25,10.0,18.0,0.556,0.0,0.0,,1.0,3.0,0.333,5.0,3.0,8.0,1.0,2.0,1.0,3.0,5.0,21.0,8.0,https://www.basketball-reference.com/boxscores/201302240MIN.html,2012-13
Nikola Peković,2013-02-26,Phoenix Suns,Minnesota Timberwolves,1,40.15,6.0,11.0,0.545,0.0,0.0,,6.0,6.0,1.0,5.0,7.0,12.0,2.0,3.0,3.0,1.0,4.0,18.0,11.0,https://www.basketball-reference.com/boxscores/201302260PHO.html,2012-13
Nikola Peković,2013-02-28,Minnesota Timberwolves,Los Angeles Lakers,0,9.19,4.0,6.0,0.667,0.0,0.0,,0.0,0.0,,1.0,2.0,3.0,0.0,0.0,0.0,1.0,0.0,8.0,-3.0,https://www.basketball-reference.com/boxscores/201302280LAL.html,2012-13
Nikola Peković,2013-03-02,Minnesota Timberwolves,Portland Trail Blazers,0,,,,,,,,,,,,,,,,,,,,,https://www.basketball-reference.com/boxscores/201303020POR.html,2012-13
Nikola Peković,2013-03-04,Minnesota Timberwolves,Miami Heat,1,,,,,,,,,,,,,,,,,,,,,https://www.basketball-reference.com/boxscores/201303040MIN.html,2012-13
Nikola Peković,2013-03-06,Minnesota Timberwolves,Washington Wizards,1,,,,,,,,,,,,,,,,,,,,,https://www.basketball-reference.com/boxscores/201303060MIN.html,2012-13
Nikola Peković,2013-03-09,Minnesota Timberwolves,Denver Nuggets,0,,,,,,,,,,,,,,,,,,,,,https://www.basketball-reference.com/boxscores/201303090DEN.html,2012-13
Nikola Peković,2013-03-10,Minnesota Timberwolves,Dallas Mavericks,1,,,,,,,,,,,,,,,,,,,,,https://www.basketball-reference.com/boxscores/201303100MIN.html,2012-13
Nikola Peković,2013-03-12,Minnesota Timberwolves,San Antonio Spurs,1,,,,,,,,,,,,,,,,,,,,,https://www.basketball-reference.com/boxscores/201303120MIN.html,2012-13
Nikola Peković,2013-03-13,Minnesota Timberwolves,Indiana Pacers,0,,,,,,,,,,,,,,,,,,,,,https://www.basketball-reference.com/boxscores/201303130IND.html,2012-13
Nikola Peković,2013-03-15,Minnesota Timberwolves,Houston Rockets,0,,,,,,,,,,,,,,,,,,,,,https://www.basketball-reference.com/boxscores/201303150HOU.html,2012-13
Nikola Peković,2013-03-17,Minnesota Timberwolves,New Orleans Hornets,1,24.22,5.0,8.0,0.625,0.0,0.0,,3.0,6.0,0.5,4.0,2.0,6.0,0.0,0.0,2.0,2.0,4.0,13.0,-14.0,https://www.basketball-reference.com/boxscores/201303170MIN.html,2012-13
Nikola Peković,2013-03-18,Minnesota Timberwolves,Memphis Grizzlies,0,24.14,3.0,9.0,0.333,0.0,0.0,,3.0,4.0,0.75,3.0,2.0,5.0,0.0,0.0,1.0,0.0,2.0,9.0,-22.0,https://www.basketball-reference.com/boxscores/201303180MEM.html,2012-13
Nikola Peković,2013-03-21,Minnesota Timberwolves,Sacramento Kings,0,34.07,6.0,12.0,0.5,0.0,0.0,,6.0,8.0,0.75,7.0,5.0,12.0,0.0,1.0,0.0,1.0,4.0,18.0,-7.0,https://www.basketball-reference.com/boxscores/201303210SAC.html,2012-13
Nikola Peković,2013-03-22,Minnesota Timberwolves,Phoenix Suns,0,13.45,5.0,7.0,0.7140000000000001,0.0,0.0,,1.0,4.0,0.25,1.0,1.0,2.0,0.0,1.0,0.0,0.0,5.0,11.0,14.0,https://www.basketball-reference.com/boxscores/201303220PHO.html,2012-13
Nikola Peković,2013-03-24,Minnesota Timberwolves,Chicago Bulls,1,30.59,6.0,9.0,0.667,0.0,0.0,,3.0,3.0,1.0,2.0,6.0,8.0,1.0,0.0,1.0,1.0,2.0,15.0,-3.0,https://www.basketball-reference.com/boxscores/201303240MIN.html,2012-13
Nikola Peković,2013-03-26,Minnesota Timberwolves,Detroit Pistons,0,29.47,7.0,10.0,0.7,0.0,0.0,,4.0,5.0,0.8,3.0,8.0,11.0,2.0,0.0,1.0,2.0,1.0,18.0,28.0,https://www.basketball-reference.com/boxscores/201303260DET.html,2012-13
Nikola Peković,2013-03-27,Minnesota Timberwolves,Los Angeles Lakers,1,41.04,6.0,14.0,0.429,0.0,0.0,,7.0,8.0,0.875,7.0,9.0,16.0,1.0,2.0,1.0,4.0,3.0,19.0,1.0,https://www.basketball-reference.com/boxscores/201303270MIN.html,2012-13
Nikola Peković,2013-03-29,Minnesota Timberwolves,Oklahoma City Thunder,1,36.11,10.0,16.0,0.625,0.0,0.0,,2.0,2.0,1.0,7.0,8.0,15.0,1.0,0.0,0.0,1.0,1.0,22.0,10.0,https://www.basketball-reference.com/boxscores/201303290MIN.html,2012-13
Nikola Peković,2013-03-30,Minnesota Timberwolves,Memphis Grizzlies,1,,,,,,,,,,,,,,,,,,,,,https://www.basketball-reference.com/boxscores/201303300MIN.html,2012-13
Nikola Peković,2010-12-04,Minnesota Timberwolves,Cleveland Cavaliers,1,11.47,3.0,5.0,0.6,0.0,0.0,,1.0,2.0,0.5,1.0,6.0,7.0,1.0,0.0,0.0,2.0,3.0,7.0,0.0,https://www.basketball-reference.com/boxscores/201012040MIN.html,2010-11
Nikola Peković,2010-12-06,Minnesota Timberwolves,New York Knicks,0,8.55,0.0,3.0,0.0,0.0,0.0,,1.0,2.0,0.5,0.0,0.0,0.0,0.0,0.0,0.0,0.0,2.0,1.0,-13.0,https://www.basketball-reference.com/boxscores/201012060NYK.html,2010-11
Nikola Peković,2010-12-08,Minnesota Timberwolves,Oklahoma City Thunder,1,24.56,6.0,10.0,0.6,0.0,0.0,,3.0,4.0,0.75,3.0,0.0,3.0,1.0,1.0,3.0,1.0,4.0,15.0,-7.0,https://www.basketball-reference.com/boxscores/201012080MIN.html,2010-11
Nikola Peković,2010-12-10,Minnesota Timberwolves,Detroit Pistons,1,10.36,2.0,3.0,0.667,0.0,0.0,,2.0,2.0,1.0,1.0,0.0,1.0,0.0,0.0,2.0,1.0,2.0,6.0,8.0,https://www.basketball-reference.com/boxscores/201012100MIN.html,2010-11
Nikola Peković,2010-12-11,Minnesota Timberwolves,Chicago Bulls,0,23.59,2.0,5.0,0.4,0.0,0.0,,1.0,2.0,0.5,3.0,1.0,4.0,0.0,0.0,4.0,6.0,4.0,5.0,-22.0,https://www.basketball-reference.com/boxscores/201012110CHI.html,2010-11
Nikola Peković,2010-12-14,Minnesota Timberwolves,Golden State Warriors,0,6.28,1.0,2.0,0.5,0.0,0.0,,0.0,1.0,0.0,2.0,1.0,3.0,0.0,0.0,0.0,2.0,2.0,2.0,0.0,https://www.basketball-reference.com/boxscores/201012140GSW.html,2010-11
Nikola Peković,2010-12-15,Minnesota Timberwolves,Phoenix Suns,0,5.09,1.0,1.0,1.0,0.0,0.0,,1.0,2.0,0.5,0.0,0.0,0.0,1.0,1.0,0.0,0.0,0.0,3.0,5.0,https://www.basketball-reference.com/boxscores/201012150PHO.html,2010-11
Nikola Peković,2010-12-17,Minnesota Timberwolves,Portland Trail Blazers,0,2.01,0.0,0.0,,0.0,0.0,,0.0,0.0,,0.0,0.0,0.0,0.0,0.0,0.0,0.0,0.0,0.0,-5.0,https://www.basketball-reference.com/boxscores/201012170POR.html,2010-11
Nikola Peković,2010-12-27,Minnesota Timberwolves,New Orleans Hornets,1,12.46,0.0,2.0,0.0,0.0,0.0,,0.0,0.0,,0.0,5.0,5.0,0.0,1.0,2.0,0.0,3.0,0.0,11.0,https://www.basketball-reference.com/boxscores/201012270MIN.html,2010-11
Nikola Peković,2010-12-29,Minnesota Timberwolves,Denver Nuggets,1,19.38,2.0,5.0,0.4,0.0,0.0,,0.0,0.0,,2.0,4.0,6.0,2.0,0.0,3.0,2.0,3.0,4.0,1.0,https://www.basketball-reference.com/boxscores/201012290MIN.html,2010-11
Nikola Peković,2011-01-01,Minnesota Timberwolves,New Jersey Nets,1,20.12,2.0,5.0,0.4,0.0,0.0,,4.0,4.0,1.0,3.0,2.0,5.0,0.0,1.0,0.0,1.0,5.0,8.0,4.0,https://www.basketball-reference.com/boxscores/201101010MIN.html,2010-11
Nikola Peković,2011-01-03,Minnesota Timberwolves,Boston Celtics,0,21.11,1.0,6.0,0.16699999999999998,0.0,0.0,,2.0,2.0,1.0,1.0,0.0,1.0,0.0,0.0,0.0,0.0,3.0,4.0,-9.0,https://www.basketball-reference.com/boxscores/201101030BOS.html,2010-11
Nikola Peković,2011-01-07,Minnesota Timberwolves,Portland Trail Blazers,1,,,,,,,,,,,,,,,,,,,,,https://www.basketball-reference.com/boxscores/201101070MIN.html,2010-11
Nikola Peković,2011-01-09,Minnesota Timberwolves,San Antonio Spurs,0,9.3,1.0,2.0,0.5,0.0,0.0,,3.0,4.0,0.75,2.0,1.0,3.0,0.0,0.0,0.0,0.0,2.0,5.0,-3.0,https://www.basketball-reference.com/boxscores/201101090SAS.html,2010-11
Nikola Peković,2011-01-11,Minnesota Timberwolves,San Antonio Spurs,1,8.21,2.0,3.0,0.667,0.0,0.0,,1.0,1.0,1.0,1.0,2.0,3.0,1.0,1.0,0.0,3.0,2.0,5.0,3.0,https://www.basketball-reference.com/boxscores/201101110MIN.html,2010-11
Nikola Peković,2011-01-13,Minnesota Timberwolves,Washington Wizards,1,10.06,1.0,2.0,0.5,0.0,0.0,,0.0,0.0,,2.0,0.0,2.0,0.0,1.0,0.0,3.0,3.0,2.0,-6.0,https://www.basketball-reference.com/boxscores/201101130MIN.html,2010-11
Nikola Peković,2011-01-15,Minnesota Timberwolves,Orlando Magic,1,17.51,3.0,6.0,0.5,0.0,0.0,,2.0,2.0,1.0,3.0,3.0,6.0,0.0,0.0,0.0,2.0,6.0,8.0,-6.0,https://www.basketball-reference.com/boxscores/201101150MIN.html,2010-11
Nikola Peković,2011-01-17,Minnesota Timberwolves,Portland Trail Blazers,0,10.13,3.0,3.0,1.0,0.0,0.0,,3.0,6.0,0.5,1.0,0.0,1.0,1.0,0.0,0.0,1.0,3.0,9.0,4.0,https://www.basketball-reference.com/boxscores/201101170POR.html,2010-11
Nikola Peković,2011-01-24,Minnesota Timberwolves,Houston Rockets,1,17.38,3.0,4.0,0.75,0.0,0.0,,2.0,2.0,1.0,0.0,4.0,4.0,0.0,0.0,1.0,1.0,2.0,8.0,-10.0,https://www.basketball-reference.com/boxscores/201101240MIN.html,2010-11
Nikola Peković,2011-01-28,Minnesota Timberwolves,Utah Jazz,0,6.22,0.0,0.0,,0.0,0.0,,0.0,0.0,,0.0,0.0,0.0,0.0,0.0,0.0,0.0,1.0,0.0,0.0,https://www.basketball-reference.com/boxscores/201101280UTA.html,2010-11
Nikola Peković,2011-01-29,Minnesota Timberwolves,Toronto Raptors,1,21.23,3.0,5.0,0.6,0.0,0.0,,0.0,0.0,,1.0,2.0,3.0,0.0,1.0,3.0,2.0,3.0,6.0,-4.0,https://www.basketball-reference.com/boxscores/201101290MIN.html,2010-11
Nikola Peković,2011-02-02,Minnesota Timberwolves,Memphis Grizzlies,1,14.2,3.0,5.0,0.6,0.0,0.0,,0.0,0.0,,1.0,1.0,2.0,0.0,0.0,1.0,1.0,4.0,6.0,-9.0,https://www.basketball-reference.com/boxscores/201102020MIN.html,2010-11
Nikola Peković,2011-02-04,Minnesota Timberwolves,Toronto Raptors,0,3.51,1.0,1.0,1.0,0.0,0.0,,0.0,0.0,,1.0,0.0,1.0,0.0,0.0,0.0,0.0,0.0,2.0,-3.0,https://www.basketball-reference.com/boxscores/201102040TOR.html,2010-11
Nikola Peković,2011-02-05,Minnesota Timberwolves,Denver Nuggets,1,9.31,0.0,2.0,0.0,0.0,0.0,,1.0,2.0,0.5,2.0,1.0,3.0,0.0,0.0,1.0,1.0,4.0,1.0,-1.0,https://www.basketball-reference.com/boxscores/201102050MIN.html,2010-11
Nikola Peković,2011-02-07,Minnesota Timberwolves,New Orleans Hornets,0,13.07,4.0,4.0,1.0,0.0,0.0,,4.0,4.0,1.0,1.0,2.0,3.0,1.0,1.0,1.0,2.0,4.0,12.0,-2.0,https://www.basketball-reference.com/boxscores/201102070NOH.html,2010-11
Nikola Peković,2011-02-08,Minnesota Timberwolves,Houston Rockets,0,19.07,2.0,6.0,0.333,0.0,0.0,,2.0,2.0,1.0,4.0,3.0,7.0,1.0,0.0,0.0,0.0,3.0,6.0,-7.0,https://www.basketball-reference.com/boxscores/201102080HOU.html,2010-11
Nikola Peković,2011-02-11,Minnesota Timberwolves,Indiana Pacers,0,22.44,6.0,9.0,0.667,0.0,0.0,,3.0,3.0,1.0,4.0,2.0,6.0,0.0,0.0,0.0,1.0,5.0,15.0,-15.0,https://www.basketball-reference.com/boxscores/201102110IND.html,2010-11
Nikola Peković,2011-02-12,Minnesota Timberwolves,Philadelphia 76ers,1,28.31,2.0,2.0,1.0,0.0,0.0,,2.0,2.0,1.0,2.0,7.0,9.0,2.0,0.0,3.0,3.0,3.0,6.0,-10.0,https://www.basketball-reference.com/boxscores/201102120MIN.html,2010-11
Nikola Peković,2011-02-14,Minnesota Timberwolves,Portland Trail Blazers,1,9.55,2.0,4.0,0.5,0.0,0.0,,0.0,0.0,,1.0,1.0,2.0,1.0,0.0,0.0,0.0,3.0,4.0,6.0,https://www.basketball-reference.com/boxscores/201102140MIN.html,2010-11
Nikola Peković,2011-02-16,Minnesota Timberwolves,Los Angeles Clippers,1,7.08,0.0,2.0,0.0,0.0,0.0,,4.0,4.0,1.0,2.0,3.0,5.0,0.0,0.0,1.0,0.0,1.0,4.0,6.0,https://www.basketball-reference.com/boxscores/201102160MIN.html,2010-11
Nikola Peković,2011-02-22,Minnesota Timberwolves,Milwaukee Bucks,0,14.14,2.0,3.0,0.667,0.0,0.0,,1.0,4.0,0.25,1.0,1.0,2.0,1.0,0.0,0.0,0.0,2.0,5.0,-1.0,https://www.basketball-reference.com/boxscores/201102220MIL.html,2010-11
Nikola Peković,2011-02-23,Minnesota Timberwolves,Memphis Grizzlies,1,16.41,1.0,4.0,0.25,0.0,0.0,,0.0,0.0,,5.0,2.0,7.0,1.0,1.0,0.0,2.0,3.0,2.0,2.0,https://www.basketball-reference.com/boxscores/201102230MIN.html,2010-11
Nikola Peković,2011-02-25,Minnesota Timberwolves,New Orleans Hornets,1,13.45,1.0,4.0,0.25,0.0,0.0,,0.0,0.0,,1.0,2.0,3.0,1.0,1.0,0.0,1.0,1.0,2.0,-7.0,https://www.basketball-reference.com/boxscores/201102250MIN.html,2010-11
Nikola Peković,2011-02-27,Minnesota Timberwolves,Golden State Warriors,1,8.42,4.0,5.0,0.8,0.0,0.0,,3.0,3.0,1.0,2.0,0.0,2.0,0.0,0.0,0.0,1.0,3.0,11.0,-16.0,https://www.basketball-reference.com/boxscores/201102270MIN.html,2010-11
Nikola Peković,2011-03-01,Minnesota Timberwolves,Los Angeles Lakers,1,8.25,0.0,0.0,,0.0,0.0,,0.0,0.0,,0.0,1.0,1.0,0.0,0.0,1.0,3.0,4.0,0.0,6.0,https://www.basketball-reference.com/boxscores/201103010MIN.html,2010-11
Nikola Peković,2011-03-02,Minnesota Timberwolves,Detroit Pistons,0,12.25,1.0,3.0,0.333,0.0,0.0,,0.0,0.0,,0.0,1.0,1.0,0.0,0.0,0.0,2.0,3.0,2.0,0.0,https://www.basketball-reference.com/boxscores/201103020DET.html,2010-11
Nikola Peković,2011-03-04,Minnesota Timberwolves,Philadelphia 76ers,0,13.46,6.0,8.0,0.75,0.0,0.0,,4.0,4.0,1.0,0.0,1.0,1.0,0.0,0.0,1.0,2.0,4.0,16.0,6.0,https://www.basketball-reference.com/boxscores/201103040PHI.html,2010-11
Nikola Peković,2011-03-05,Minnesota Timberwolves,Washington Wizards,0,26.22,6.0,7.0,0.857,0.0,0.0,,1.0,2.0,0.5,4.0,4.0,8.0,1.0,0.0,0.0,3.0,4.0,13.0,-3.0,https://www.basketball-reference.com/boxscores/201103050WAS.html,2010-11
Nikola Peković,2011-03-07,Minnesota Timberwolves,Dallas Mavericks,1,13.29,2.0,4.0,0.5,0.0,0.0,,2.0,4.0,0.5,0.0,2.0,2.0,1.0,0.0,0.0,2.0,2.0,6.0,3.0,https://www.basketball-reference.com/boxscores/201103070MIN.html,2010-11
Nikola Peković,2011-03-09,Minnesota Timberwolves,Indiana Pacers,1,4.35,3.0,3.0,1.0,0.0,0.0,,0.0,0.0,,0.0,0.0,0.0,0.0,0.0,0.0,0.0,4.0,6.0,-3.0,https://www.basketball-reference.com/boxscores/201103090MIN.html,2010-11
Nikola Peković,2011-03-11,Minnesota Timberwolves,Utah Jazz,1,15.03,2.0,5.0,0.4,0.0,0.0,,5.0,6.0,0.833,0.0,2.0,2.0,1.0,1.0,0.0,1.0,2.0,9.0,10.0,https://www.basketball-reference.com/boxscores/201103110MIN.html,2010-11
Nikola Peković,2011-03-13,Minnesota Timberwolves,Golden State Warriors,0,4.43,0.0,1.0,0.0,0.0,0.0,,0.0,0.0,,0.0,0.0,0.0,0.0,0.0,0.0,1.0,2.0,0.0,-2.0,https://www.basketball-reference.com/boxscores/201103130GSW.html,2010-11
Nikola Peković,2011-03-16,Minnesota Timberwolves,Utah Jazz,0,5.16,0.0,3.0,0.0,0.0,0.0,,0.0,0.0,,1.0,0.0,1.0,0.0,0.0,0.0,1.0,3.0,0.0,-16.0,https://www.basketball-reference.com/boxscores/201103160UTA.html,2010-11
Nikola Peković,2011-03-18,Minnesota Timberwolves,Los Angeles Lakers,0,15.5,4.0,8.0,0.5,0.0,0.0,,1.0,2.0,0.5,1.0,1.0,2.0,1.0,1.0,0.0,1.0,3.0,9.0,-1.0,https://www.basketball-reference.com/boxscores/201103180LAL.html,2010-11
Nikola Peković,2011-03-20,Minnesota Timberwolves,Sacramento Kings,1,19.51,1.0,3.0,0.333,0.0,0.0,,0.0,0.0,,1.0,2.0,3.0,0.0,0.0,1.0,3.0,4.0,2.0,-13.0,https://www.basketball-reference.com/boxscores/201103200MIN.html,2010-11
Nikola Peković,2011-03-24,Minnesota Timberwolves,Dallas Mavericks,0,17.47,1.0,2.0,0.5,0.0,0.0,,0.0,2.0,0.0,0.0,2.0,2.0,0.0,0.0,0.0,0.0,2.0,2.0,-1.0,https://www.basketball-reference.com/boxscores/201103240DAL.html,2010-11
Nikola Peković,2011-03-25,Minnesota Timberwolves,Oklahoma City Thunder,0,13.15,1.0,4.0,0.25,0.0,0.0,,1.0,2.0,0.5,2.0,2.0,4.0,1.0,0.0,1.0,2.0,3.0,3.0,-6.0,https://www.basketball-reference.com/boxscores/201103250OKC.html,2010-11
Nikola Peković,2016-01-06,Minnesota Timberwolves,Denver Nuggets,1,15.53,3.0,4.0,0.75,0.0,0.0,,6.0,6.0,1.0,0.0,2.0,2.0,0.0,0.0,0.0,2.0,3.0,12.0,-5.0,https://www.basketball-reference.com/boxscores/201601060MIN.html,2015-16
Nikola Peković,2016-01-08,Minnesota Timberwolves,Cleveland Cavaliers,1,15.27,1.0,4.0,0.25,0.0,0.0,,0.0,0.0,,0.0,2.0,2.0,3.0,0.0,0.0,2.0,3.0,2.0,-19.0,https://www.basketball-reference.com/boxscores/201601080MIN.html,2015-16
Nikola Peković,2016-01-10,Minnesota Timberwolves,Dallas Mavericks,1,15.19,2.0,5.0,0.4,0.0,0.0,,0.0,0.0,,0.0,1.0,1.0,0.0,0.0,0.0,1.0,4.0,4.0,-8.0,https://www.basketball-reference.com/boxscores/201601100MIN.html,2015-16
Nikola Peković,2016-01-13,Minnesota Timberwolves,Houston Rockets,0,15.52,4.0,9.0,0.444,0.0,0.0,,0.0,0.0,,4.0,1.0,5.0,1.0,0.0,0.0,1.0,3.0,8.0,4.0,https://www.basketball-reference.com/boxscores/201601130HOU.html,2015-16
Nikola Peković,2016-01-15,Minnesota Timberwolves,Oklahoma City Thunder,0,17.33,2.0,3.0,0.667,0.0,0.0,,6.0,6.0,1.0,1.0,2.0,3.0,1.0,0.0,0.0,0.0,2.0,10.0,-5.0,https://www.basketball-reference.com/boxscores/201601150OKC.html,2015-16
Nikola Peković,2016-01-17,Minnesota Timberwolves,Phoenix Suns,1,6.56,1.0,2.0,0.5,0.0,0.0,,2.0,4.0,0.5,0.0,0.0,0.0,0.0,0.0,0.0,0.0,0.0,4.0,0.0,https://www.basketball-reference.com/boxscores/201601170MIN.html,2015-16
Nikola Peković,2016-01-20,Dallas Mavericks,Minnesota Timberwolves,1,14.19,2.0,5.0,0.4,0.0,0.0,,0.0,0.0,,0.0,1.0,1.0,1.0,0.0,0.0,1.0,2.0,4.0,-5.0,https://www.basketball-reference.com/boxscores/201601200DAL.html,2015-16
Nikola Peković,2016-01-23,Minnesota Timberwolves,Memphis Grizzlies,1,13.29,2.0,5.0,0.4,0.0,0.0,,1.0,2.0,0.5,0.0,0.0,0.0,1.0,0.0,0.0,0.0,1.0,5.0,-1.0,https://www.basketball-reference.com/boxscores/201601230MIN.html,2015-16
Nikola Peković,2016-01-25,Minnesota Timberwolves,Cleveland Cavaliers,0,12.34,2.0,6.0,0.333,0.0,0.0,,0.0,0.0,,0.0,2.0,2.0,0.0,0.0,0.0,1.0,2.0,4.0,-5.0,https://www.basketball-reference.com/boxscores/201601250CLE.html,2015-16
Nikola Peković,2016-01-27,Minnesota Timberwolves,Oklahoma City Thunder,1,12.01,0.0,5.0,0.0,0.0,0.0,,1.0,2.0,0.5,1.0,0.0,1.0,3.0,0.0,0.0,0.0,1.0,1.0,-1.0,https://www.basketball-reference.com/boxscores/201601270MIN.html,2015-16
Nikola Peković,2016-01-29,Minnesota Timberwolves,Utah Jazz,0,10.31,0.0,1.0,0.0,0.0,0.0,,0.0,0.0,,0.0,1.0,1.0,1.0,1.0,0.0,1.0,0.0,0.0,-13.0,https://www.basketball-reference.com/boxscores/201601290UTA.html,2015-16
Nikola Peković,2016-01-31,Minnesota Timberwolves,Portland Trail Blazers,0,6.25,0.0,1.0,0.0,0.0,0.0,,0.0,0.0,,1.0,2.0,3.0,0.0,0.0,0.0,0.0,1.0,0.0,-5.0,https://www.basketball-reference.com/boxscores/201601310POR.html,2015-16
Nikola Peković,2013-12-01,Minnesota Timberwolves,Oklahoma City Thunder,0,37.38,8.0,17.0,0.471,0.0,0.0,,6.0,9.0,0.667,4.0,6.0,10.0,3.0,1.0,0.0,0.0,1.0,22.0,-5.0,https://www.basketball-reference.com/boxscores/201312010OKC.html,2013-14
Nikola Peković,2013-12-07,Minnesota Timberwolves,Miami Heat,1,38.14,7.0,18.0,0.389,0.0,0.0,,4.0,7.0,0.5710000000000001,7.0,5.0,12.0,0.0,0.0,0.0,3.0,1.0,18.0,-13.0,https://www.basketball-reference.com/boxscores/201312070MIN.html,2013-14
Nikola Peković,2013-12-10,Minnesota Timberwolves,Detroit Pistons,0,32.51,7.0,14.0,0.5,0.0,0.0,,4.0,6.0,0.667,2.0,3.0,5.0,0.0,0.0,0.0,2.0,2.0,18.0,16.0,https://www.basketball-reference.com/boxscores/201312100DET.html,2013-14
Nikola Peković,2013-12-11,Minnesota Timberwolves,Philadelphia 76ers,1,38.19,9.0,15.0,0.6,0.0,0.0,,2.0,2.0,1.0,7.0,3.0,10.0,3.0,0.0,1.0,3.0,2.0,20.0,16.0,https://www.basketball-reference.com/boxscores/201312110MIN.html,2013-14
Nikola Peković,2013-12-13,Minnesota Timberwolves,San Antonio Spurs,0,37.25,7.0,13.0,0.5379999999999999,0.0,0.0,,4.0,4.0,1.0,4.0,7.0,11.0,1.0,0.0,0.0,2.0,2.0,18.0,-3.0,https://www.basketball-reference.com/boxscores/201312130SAS.html,2013-14
Nikola Peković,2013-12-15,Minnesota Timberwolves,Memphis Grizzlies,0,27.41,6.0,12.0,0.5,0.0,0.0,,7.0,8.0,0.875,2.0,3.0,5.0,1.0,0.0,1.0,0.0,5.0,19.0,11.0,https://www.basketball-reference.com/boxscores/201312150MEM.html,2013-14
Nikola Peković,2013-12-16,Minnesota Timberwolves,Boston Celtics,0,25.08,6.0,16.0,0.375,0.0,0.0,,1.0,4.0,0.25,4.0,3.0,7.0,1.0,1.0,0.0,1.0,4.0,13.0,-8.0,https://www.basketball-reference.com/boxscores/201312160BOS.html,2013-14
Nikola Peković,2013-12-18,Minnesota Timberwolves,Portland Trail Blazers,1,29.0,14.0,19.0,0.737,0.0,0.0,,2.0,3.0,0.667,5.0,4.0,9.0,1.0,0.0,0.0,1.0,4.0,30.0,-7.0,https://www.basketball-reference.com/boxscores/201312180MIN.html,2013-14
Nikola Peković,2013-12-20,Minnesota Timberwolves,Los Angeles Lakers,0,35.24,7.0,18.0,0.389,0.0,0.0,,8.0,12.0,0.667,10.0,3.0,13.0,1.0,2.0,0.0,3.0,3.0,22.0,-15.0,https://www.basketball-reference.com/boxscores/201312200LAL.html,2013-14
Nikola Peković,2013-12-22,Los Angeles Clippers,Minnesota Timberwolves,1,46.09,16.0,28.0,0.5710000000000001,0.0,0.0,,2.0,3.0,0.667,8.0,6.0,14.0,1.0,0.0,1.0,2.0,5.0,34.0,2.0,https://www.basketball-reference.com/boxscores/201312220LAC.html,2013-14
Nikola Peković,2013-12-27,Minnesota Timberwolves,Washington Wizards,1,33.4,6.0,13.0,0.462,0.0,0.0,,6.0,8.0,0.75,6.0,4.0,10.0,0.0,0.0,0.0,0.0,2.0,18.0,21.0,https://www.basketball-reference.com/boxscores/201312270MIN.html,2013-14
Nikola Peković,2013-12-28,Minnesota Timberwolves,Milwaukee Bucks,0,32.47,7.0,12.0,0.583,0.0,0.0,,5.0,8.0,0.625,6.0,5.0,11.0,3.0,1.0,1.0,3.0,2.0,19.0,14.0,https://www.basketball-reference.com/boxscores/201312280MIL.html,2013-14
Nikola Peković,2013-12-30,Minnesota Timberwolves,Dallas Mavericks,1,41.42,6.0,13.0,0.462,0.0,0.0,,6.0,6.0,1.0,3.0,7.0,10.0,1.0,1.0,1.0,1.0,2.0,18.0,-1.0,https://www.basketball-reference.com/boxscores/201312300MIN.html,2013-14
Nikola Peković,2014-01-01,Minnesota Timberwolves,New Orleans Pelicans,1,33.51,7.0,12.0,0.583,0.0,0.0,,8.0,11.0,0.727,3.0,4.0,7.0,0.0,1.0,0.0,1.0,3.0,22.0,9.0,https://www.basketball-reference.com/boxscores/201401010MIN.html,2013-14
Nikola Peković,2014-01-04,Minnesota Timberwolves,Oklahoma City Thunder,1,38.06,13.0,22.0,0.591,0.0,0.0,,5.0,8.0,0.625,5.0,6.0,11.0,0.0,0.0,0.0,0.0,2.0,31.0,4.0,https://www.basketball-reference.com/boxscores/201401040MIN.html,2013-14
Nikola Peković,2014-01-06,Minnesota Timberwolves,Philadelphia 76ers,0,22.41,7.0,15.0,0.467,0.0,0.0,,2.0,2.0,1.0,5.0,9.0,14.0,1.0,0.0,1.0,3.0,1.0,16.0,19.0,https://www.basketball-reference.com/boxscores/201401060PHI.html,2013-14
Nikola Peković,2014-01-08,Minnesota Timberwolves,Phoenix Suns,1,33.23,6.0,16.0,0.375,0.0,0.0,,5.0,5.0,1.0,8.0,4.0,12.0,2.0,1.0,2.0,2.0,1.0,17.0,-6.0,https://www.basketball-reference.com/boxscores/201401080MIN.html,2013-14
Nikola Peković,2014-01-10,Minnesota Timberwolves,Charlotte Bobc,1,27.17,10.0,14.0,0.7140000000000001,0.0,0.0,,6.0,6.0,1.0,3.0,3.0,6.0,3.0,2.0,0.0,1.0,2.0,26.0,15.0,https://www.basketball-reference.com/boxscores/201401100MIN.html,2013-14
Nikola Peković,2014-01-12,Minnesota Timberwolves,San Antonio Spurs,0,28.41,10.0,15.0,0.667,0.0,0.0,,2.0,2.0,1.0,5.0,1.0,6.0,0.0,2.0,0.0,1.0,3.0,22.0,-17.0,https://www.basketball-reference.com/boxscores/201401120SAS.html,2013-14
Nikola Peković,2014-01-15,Minnesota Timberwolves,Sacramento Kings,1,36.05,5.0,12.0,0.417,0.0,0.0,,4.0,5.0,0.8,2.0,6.0,8.0,2.0,1.0,3.0,3.0,5.0,14.0,0.0,https://www.basketball-reference.com/boxscores/201401150MIN.html,2013-14
Nikola Peković,2014-01-17,Minnesota Timberwolves,Toronto Raptors,0,25.16,6.0,12.0,0.5,0.0,0.0,,1.0,2.0,0.5,3.0,3.0,6.0,1.0,0.0,2.0,1.0,2.0,13.0,-9.0,https://www.basketball-reference.com/boxscores/201401170TOR.html,2013-14
Nikola Peković,2014-01-18,Minnesota Timberwolves,Utah Jazz,1,29.09,12.0,17.0,0.706,0.0,0.0,,3.0,3.0,1.0,3.0,11.0,14.0,1.0,1.0,1.0,1.0,2.0,27.0,30.0,https://www.basketball-reference.com/boxscores/201401180MIN.html,2013-14
Nikola Peković,2014-01-21,Minnesota Timberwolves,Utah Jazz,0,32.09,7.0,14.0,0.5,0.0,0.0,,4.0,4.0,1.0,2.0,7.0,9.0,2.0,0.0,0.0,2.0,4.0,18.0,26.0,https://www.basketball-reference.com/boxscores/201401210UTA.html,2013-14
Nikola Peković,2014-01-24,Minnesota Timberwolves,Golden State Warriors,0,32.56,11.0,18.0,0.611,0.0,0.0,,0.0,0.0,,5.0,9.0,14.0,1.0,0.0,0.0,1.0,1.0,22.0,14.0,https://www.basketball-reference.com/boxscores/201401240GSW.html,2013-14
Nikola Peković,2014-01-25,Minnesota Timberwolves,Portland Trail Blazers,0,34.45,9.0,18.0,0.5,0.0,0.0,,5.0,5.0,1.0,3.0,8.0,11.0,2.0,0.0,0.0,0.0,2.0,23.0,7.0,https://www.basketball-reference.com/boxscores/201401250POR.html,2013-14
Nikola Peković,2014-01-27,Minnesota Timberwolves,Chicago Bulls,0,6.0,0.0,1.0,0.0,0.0,0.0,,1.0,2.0,0.5,0.0,1.0,1.0,0.0,0.0,0.0,1.0,0.0,1.0,6.0,https://www.basketball-reference.com/boxscores/201401270CHI.html,2013-14
Nikola Peković,2014-03-01,Minnesota Timberwolves,Sacramento Kings,0,27.49,8.0,12.0,0.667,0.0,0.0,,4.0,6.0,0.667,7.0,2.0,9.0,0.0,0.0,1.0,1.0,5.0,20.0,18.0,https://www.basketball-reference.com/boxscores/201403010SAC.html,2013-14
Nikola Peković,2014-03-03,Minnesota Timberwolves,Denver Nuggets,0,23.57,5.0,8.0,0.625,0.0,0.0,,6.0,9.0,0.667,3.0,6.0,9.0,1.0,0.0,0.0,2.0,1.0,16.0,5.0,https://www.basketball-reference.com/boxscores/201403030DEN.html,2013-14
Nikola Peković,2014-03-05,Minnesota Timberwolves,New York Knicks,1,25.32,8.0,12.0,0.667,0.0,0.0,,1.0,1.0,1.0,2.0,4.0,6.0,0.0,0.0,0.0,0.0,2.0,17.0,-5.0,https://www.basketball-reference.com/boxscores/201403050MIN.html,2013-14
Nikola Peković,2014-03-07,Minnesota Timberwolves,Detroit Pistons,1,28.51,5.0,14.0,0.35700000000000004,0.0,0.0,,7.0,10.0,0.7,2.0,7.0,9.0,0.0,2.0,0.0,1.0,3.0,17.0,24.0,https://www.basketball-reference.com/boxscores/201403070MIN.html,2013-14
Nikola Peković,2014-03-09,Minnesota Timberwolves,Toronto Raptors,1,33.01,8.0,13.0,0.615,0.0,0.0,,1.0,1.0,1.0,5.0,6.0,11.0,0.0,0.0,0.0,5.0,3.0,17.0,-6.0,https://www.basketball-reference.com/boxscores/201403090MIN.html,2013-14
Nikola Peković,2014-03-11,Minnesota Timberwolves,Milwaukee Bucks,1,22.57,6.0,9.0,0.667,0.0,0.0,,2.0,4.0,0.5,5.0,3.0,8.0,1.0,1.0,0.0,0.0,5.0,14.0,2.0,https://www.basketball-reference.com/boxscores/201403110MIN.html,2013-14
Nikola Peković,2014-03-14,Minnesota Timberwolves,Charlotte Bobcats,0,16.52,4.0,11.0,0.364,0.0,0.0,,0.0,0.0,,0.0,4.0,4.0,0.0,1.0,0.0,1.0,1.0,8.0,1.0,https://www.basketball-reference.com/boxscores/201403140CHA.html,2013-14
Nikola Peković,2014-03-16,Minnesota Timberwolves,Sacramento Kings,1,,,,,,,,,,,,,,,,,,,,,https://www.basketball-reference.com/boxscores/201403160MIN.html,2013-14
Nikola Peković,2014-03-19,Dallas Mavericks,Minnesota Timberwolves,1,,,,,,,,,,,,,,,,,,,,,https://www.basketball-reference.com/boxscores/201403190DAL.html,2013-14
Nikola Peković,2014-03-20,Minnesota Timberwolves,Houston Rockets,0,,,,,,,,,,,,,,,,,,,,,https://www.basketball-reference.com/boxscores/201403200HOU.html,2013-14
Nikola Peković,2014-03-23,Minnesota Timberwolves,Phoenix Suns,1,,,,,,,,,,,,,,,,,,,,,https://www.basketball-reference.com/boxscores/201403230MIN.html,2013-14
Nikola Peković,2014-03-24,Minnesota Timberwolves,Memphis Grizzlies,0,,,,,,,,,,,,,,,,,,,,,https://www.basketball-reference.com/boxscores/201403240MEM.html,2013-14
Nikola Peković,2014-03-26,Minnesota Timberwolves,Atlanta Hawks,1,,,,,,,,,,,,,,,,,,,,,https://www.basketball-reference.com/boxscores/201403260MIN.html,2013-14
Nikola Peković,2014-03-28,Minnesota Timberwolves,Los Angeles Lakers,1,21.37,9.0,10.0,0.9,0.0,0.0,,8.0,8.0,1.0,1.0,2.0,3.0,0.0,0.0,0.0,3.0,3.0,26.0,38.0,https://www.basketball-reference.com/boxscores/201403280MIN.html,2013-14
Nikola Peković,2014-03-30,Minnesota Timberwolves,Brooklyn Nets,0,26.48,5.0,7.0,0.7140000000000001,0.0,0.0,,3.0,5.0,0.6,2.0,4.0,6.0,1.0,2.0,0.0,3.0,1.0,13.0,8.0,https://www.basketball-reference.com/boxscores/201403300BRK.html,2013-14
Nikola Peković,2014-03-31,Minnesota Timberwolves,Los Angeles Clippers,1,6.53,0.0,3.0,0.0,0.0,0.0,,0.0,0.0,,0.0,1.0,1.0,0.0,0.0,0.0,0.0,1.0,0.0,-5.0,https://www.basketball-reference.com/boxscores/201403310MIN.html,2013-14
