Player,Date,Team,Against,Home,MP,FG,FGA,FG%,3P,3PA,3P%,FT,FTA,FT%,ORB,DRB,TRB,AST,STL,BLK,TOV,PF,PTS,+/-,GameLink,season
Okaro White,2017-01-17,Miami Heat,Houston Rockets,1,,,,,,,,,,,,,,,,,,,,,https://www.basketball-reference.com/boxscores/201701170MIA.html,2016-17
Okaro White,2017-01-19,Miami Heat,Dallas Mavericks,1,8.32,0.0,1.0,0.0,0.0,1.0,0.0,0.0,0.0,,0.0,1.0,1.0,0.0,0.0,0.0,1.0,1.0,0.0,-11.0,https://www.basketball-reference.com/boxscores/201701190MIA.html,2016-17
Okaro White,2017-01-21,Miami Heat,Milwaukee Bucks,1,18.53,0.0,2.0,0.0,0.0,0.0,,0.0,0.0,,0.0,3.0,3.0,0.0,1.0,0.0,1.0,2.0,0.0,6.0,https://www.basketball-reference.com/boxscores/201701210MIA.html,2016-17
Okaro White,2017-01-23,Miami Heat,Golden State Warriors,1,10.56,2.0,3.0,0.667,0.0,1.0,0.0,1.0,1.0,1.0,1.0,0.0,1.0,0.0,0.0,0.0,0.0,0.0,5.0,3.0,https://www.basketball-reference.com/boxscores/201701230MIA.html,2016-17
Okaro White,2017-01-25,Miami Heat,Brooklyn Nets,0,27.09,3.0,4.0,0.75,2.0,3.0,0.667,2.0,2.0,1.0,0.0,7.0,7.0,1.0,1.0,4.0,1.0,4.0,10.0,12.0,https://www.basketball-reference.com/boxscores/201701250BRK.html,2016-17
Okaro White,2017-01-27,Miami Heat,Chicago Bulls,0,21.29,1.0,2.0,0.5,1.0,1.0,1.0,0.0,0.0,,0.0,4.0,4.0,0.0,1.0,0.0,0.0,3.0,3.0,-1.0,https://www.basketball-reference.com/boxscores/201701270CHI.html,2016-17
Okaro White,2017-01-28,Miami Heat,Detroit Pistons,1,18.58,2.0,3.0,0.667,1.0,2.0,0.5,2.0,2.0,1.0,0.0,2.0,2.0,0.0,0.0,0.0,0.0,2.0,7.0,10.0,https://www.basketball-reference.com/boxscores/201701280MIA.html,2016-17
Okaro White,2017-01-30,Miami Heat,Brooklyn Nets,1,14.28,2.0,4.0,0.5,1.0,3.0,0.333,2.0,2.0,1.0,1.0,1.0,2.0,0.0,0.0,0.0,0.0,1.0,7.0,7.0,https://www.basketball-reference.com/boxscores/201701300MIA.html,2016-17
Okaro White,2017-02-01,Miami Heat,Atlanta Hawks,1,2.36,0.0,0.0,,0.0,0.0,,0.0,0.0,,0.0,0.0,0.0,0.0,0.0,0.0,0.0,0.0,0.0,-3.0,https://www.basketball-reference.com/boxscores/201702010MIA.html,2016-17
Okaro White,2017-02-04,Miami Heat,Philadelphia 76ers,1,24.33,2.0,6.0,0.333,1.0,2.0,0.5,0.0,0.0,,1.0,2.0,3.0,2.0,0.0,0.0,2.0,1.0,5.0,0.0,https://www.basketball-reference.com/boxscores/201702040MIA.html,2016-17
Okaro White,2017-02-06,Miami Heat,Minnesota Timberwolves,0,5.39,1.0,1.0,1.0,0.0,0.0,,1.0,1.0,1.0,1.0,0.0,1.0,1.0,0.0,0.0,2.0,4.0,3.0,1.0,https://www.basketball-reference.com/boxscores/201702060MIN.html,2016-17
Okaro White,2017-02-08,Miami Heat,Milwaukee Bucks,0,16.47,2.0,3.0,0.667,1.0,2.0,0.5,2.0,2.0,1.0,1.0,4.0,5.0,1.0,0.0,0.0,0.0,2.0,7.0,0.0,https://www.basketball-reference.com/boxscores/201702080MIL.html,2016-17
Okaro White,2017-02-10,Miami Heat,Brooklyn Nets,0,30.36,2.0,6.0,0.333,1.0,2.0,0.5,5.0,6.0,0.833,4.0,1.0,5.0,1.0,0.0,0.0,2.0,4.0,10.0,16.0,https://www.basketball-reference.com/boxscores/201702100BRK.html,2016-17
Okaro White,2017-02-11,Miami Heat,Philadelphia 76ers,0,18.18,1.0,2.0,0.5,0.0,1.0,0.0,0.0,0.0,,0.0,0.0,0.0,0.0,0.0,0.0,0.0,2.0,2.0,1.0,https://www.basketball-reference.com/boxscores/201702110PHI.html,2016-17
Okaro White,2017-02-13,Miami Heat,Orlando Magic,1,7.23,0.0,2.0,0.0,0.0,1.0,0.0,0.0,0.0,,0.0,1.0,1.0,0.0,0.0,0.0,0.0,2.0,0.0,-5.0,https://www.basketball-reference.com/boxscores/201702130MIA.html,2016-17
Okaro White,2017-02-15,Miami Heat,Houston Rockets,0,,,,,,,,,,,,,,,,,,,,,https://www.basketball-reference.com/boxscores/201702150HOU.html,2016-17
Okaro White,2017-02-24,Miami Heat,Atlanta Hawks,0,17.46,1.0,3.0,0.333,1.0,1.0,1.0,1.0,2.0,0.5,2.0,6.0,8.0,2.0,2.0,0.0,0.0,1.0,4.0,2.0,https://www.basketball-reference.com/boxscores/201702240ATL.html,2016-17
Okaro White,2017-02-25,Miami Heat,Indiana Pacers,1,5.13,0.0,0.0,,0.0,0.0,,0.0,0.0,,1.0,0.0,1.0,2.0,0.0,0.0,0.0,0.0,0.0,7.0,https://www.basketball-reference.com/boxscores/201702250MIA.html,2016-17
Okaro White,2017-02-27,Miami Heat,Dallas Mavericks,0,10.26,1.0,1.0,1.0,1.0,1.0,1.0,0.0,0.0,,0.0,0.0,0.0,0.0,1.0,0.0,0.0,1.0,3.0,-2.0,https://www.basketball-reference.com/boxscores/201702270DAL.html,2016-17
Okaro White,2017-03-01,Miami Heat,Philadelphia 76ers,1,25.28,2.0,6.0,0.333,0.0,0.0,,0.0,0.0,,1.0,2.0,3.0,2.0,1.0,3.0,0.0,3.0,4.0,20.0,https://www.basketball-reference.com/boxscores/201703010MIA.html,2016-17
Okaro White,2017-03-03,Miami Heat,Orlando Magic,0,4.53,0.0,3.0,0.0,0.0,1.0,0.0,0.0,0.0,,1.0,1.0,2.0,0.0,0.0,0.0,0.0,1.0,0.0,-4.0,https://www.basketball-reference.com/boxscores/201703030ORL.html,2016-17
Okaro White,2017-03-04,Miami Heat,Cleveland Cavaliers,1,24.38,2.0,5.0,0.4,0.0,0.0,,2.0,2.0,1.0,3.0,4.0,7.0,0.0,0.0,0.0,3.0,3.0,6.0,7.0,https://www.basketball-reference.com/boxscores/201703040MIA.html,2016-17
Okaro White,2017-03-06,Miami Heat,Cleveland Cavaliers,0,22.01,1.0,6.0,0.16699999999999998,0.0,2.0,0.0,0.0,0.0,,2.0,3.0,5.0,3.0,0.0,1.0,1.0,3.0,2.0,4.0,https://www.basketball-reference.com/boxscores/201703060CLE.html,2016-17
Okaro White,2017-03-08,Miami Heat,Charlotte Hornets,1,,,,,,,,,,,,,,,,,,,,,https://www.basketball-reference.com/boxscores/201703080MIA.html,2016-17
Okaro White,2017-03-11,Miami Heat,Toronto Raptors,1,,,,,,,,,,,,,,,,,,,,,https://www.basketball-reference.com/boxscores/201703110MIA.html,2016-17
Okaro White,2017-03-12,Miami Heat,Indiana Pacers,0,5.19,0.0,0.0,,0.0,0.0,,0.0,0.0,,0.0,1.0,1.0,0.0,0.0,0.0,0.0,2.0,0.0,-5.0,https://www.basketball-reference.com/boxscores/201703120IND.html,2016-17
Okaro White,2017-03-15,Miami Heat,New Orleans Pelicans,1,9.57,0.0,1.0,0.0,0.0,0.0,,0.0,0.0,,1.0,1.0,2.0,0.0,0.0,0.0,0.0,2.0,0.0,-4.0,https://www.basketball-reference.com/boxscores/201703150MIA.html,2016-17
Okaro White,2017-03-17,Miami Heat,Minnesota Timberwolves,1,1.12,0.0,0.0,,0.0,0.0,,0.0,0.0,,0.0,0.0,0.0,0.0,0.0,0.0,0.0,0.0,0.0,0.0,https://www.basketball-reference.com/boxscores/201703170MIA.html,2016-17
Okaro White,2017-03-19,Miami Heat,Portland Trail Blazers,1,,,,,,,,,,,,,,,,,,,,,https://www.basketball-reference.com/boxscores/201703190MIA.html,2016-17
Okaro White,2017-03-21,Miami Heat,Phoenix Suns,1,8.5,1.0,3.0,0.333,0.0,0.0,,2.0,2.0,1.0,3.0,1.0,4.0,1.0,0.0,0.0,2.0,0.0,4.0,1.0,https://www.basketball-reference.com/boxscores/201703210MIA.html,2016-17
Okaro White,2017-03-23,Miami Heat,Toronto Raptors,1,2.14,0.0,0.0,,0.0,0.0,,0.0,0.0,,0.0,1.0,1.0,0.0,0.0,0.0,0.0,1.0,0.0,-6.0,https://www.basketball-reference.com/boxscores/201703230MIA.html,2016-17
Okaro White,2017-03-26,Miami Heat,Boston Celtics,0,,,,,,,,,,,,,,,,,,,,,https://www.basketball-reference.com/boxscores/201703260BOS.html,2016-17
Okaro White,2017-03-28,Miami Heat,Detroit Pistons,0,4.17,0.0,0.0,,0.0,0.0,,0.0,0.0,,0.0,0.0,0.0,0.0,1.0,0.0,0.0,0.0,0.0,0.0,https://www.basketball-reference.com/boxscores/201703280DET.html,2016-17
Okaro White,2017-03-29,Miami Heat,New York Knicks,0,20.0,3.0,3.0,1.0,1.0,1.0,1.0,0.0,0.0,,1.0,4.0,5.0,0.0,0.0,0.0,1.0,2.0,7.0,9.0,https://www.basketball-reference.com/boxscores/201703290NYK.html,2016-17
Okaro White,2017-03-31,Miami Heat,New York Knicks,1,5.08,1.0,2.0,0.5,0.0,1.0,0.0,0.0,0.0,,1.0,1.0,2.0,0.0,0.0,0.0,1.0,0.0,2.0,-2.0,https://www.basketball-reference.com/boxscores/201703310MIA.html,2016-17
Okaro White,2018-12-03,Washington Wizards,New York Knicks,0,,,,,,,,,,,,,,,,,,,,,https://www.basketball-reference.com/boxscores/201812030NYK.html,2018-19
Okaro White,2018-12-05,Washington Wizards,Atlanta Hawks,0,0.56,0.0,0.0,,0.0,0.0,,0.0,0.0,,0.0,0.0,0.0,0.0,0.0,0.0,0.0,0.0,0.0,-3.0,https://www.basketball-reference.com/boxscores/201812050ATL.html,2018-19
Okaro White,2018-12-16,Washington Wizards,Los Angeles Lakers,1,2.07,0.0,1.0,0.0,0.0,1.0,0.0,0.0,0.0,,0.0,0.0,0.0,0.0,0.0,0.0,0.0,0.0,0.0,-1.0,https://www.basketball-reference.com/boxscores/201812160WAS.html,2018-19
