Player,Date,Team,Against,Home,MP,FG,FGA,FG%,3P,3PA,3P%,FT,FTA,FT%,ORB,DRB,TRB,AST,STL,BLK,TOV,PF,PTS,+/-,GameLink,season
Othella Harrington,2006-12-01,Charlotte Bobc,Washington Wizards,0,,,,,,,,,,,,,,,,,,,,,https://www.basketball-reference.com/boxscores/200612010WAS.html,2006-07
Othella Harrington,2006-12-03,Charlotte Bobcats,Detroit Pistons,1,7.36,0.0,1.0,0.0,0.0,0.0,,0.0,0.0,,0.0,1.0,1.0,0.0,0.0,0.0,0.0,1.0,0.0,4.0,https://www.basketball-reference.com/boxscores/200612030CHA.html,2006-07
Othella Harrington,2006-12-06,Charlotte Bobcats,San Antonio Spurs,1,13.42,3.0,4.0,0.75,0.0,0.0,,0.0,0.0,,2.0,0.0,2.0,0.0,0.0,0.0,0.0,1.0,6.0,-3.0,https://www.basketball-reference.com/boxscores/200612060CHA.html,2006-07
Othella Harrington,2006-12-08,Charlotte Bobcats,Houston Rockets,1,11.4,1.0,4.0,0.25,0.0,0.0,,0.0,0.0,,1.0,3.0,4.0,0.0,0.0,0.0,0.0,1.0,2.0,-4.0,https://www.basketball-reference.com/boxscores/200612080CHA.html,2006-07
Othella Harrington,2006-12-10,Charlotte Bobcats,Phoenix Suns,1,2.12,0.0,1.0,0.0,0.0,0.0,,0.0,0.0,,0.0,0.0,0.0,0.0,0.0,0.0,0.0,0.0,0.0,-2.0,https://www.basketball-reference.com/boxscores/200612100CHA.html,2006-07
Othella Harrington,2006-12-14,Charlotte Bobcats,Orlando Magic,1,,,,,,,,,,,,,,,,,,,,,https://www.basketball-reference.com/boxscores/200612140CHA.html,2006-07
Othella Harrington,2006-12-16,Charlotte Bobcats,Boston Celtics,1,,,,,,,,,,,,,,,,,,,,,https://www.basketball-reference.com/boxscores/200612160CHA.html,2006-07
Othella Harrington,2006-12-20,New York Knicks,Charlotte Bobc,1,9.43,0.0,2.0,0.0,0.0,0.0,,0.0,0.0,,1.0,3.0,4.0,0.0,1.0,0.0,1.0,3.0,0.0,-1.0,https://www.basketball-reference.com/boxscores/200612200NYK.html,2006-07
Othella Harrington,2006-12-22,Charlotte Bobcats,Utah Jazz,1,6.45,0.0,3.0,0.0,0.0,0.0,,1.0,2.0,0.5,1.0,1.0,2.0,0.0,0.0,0.0,1.0,2.0,1.0,2.0,https://www.basketball-reference.com/boxscores/200612220CHA.html,2006-07
Othella Harrington,2006-12-23,Charlotte Bobc,Chicago Bulls,0,14.32,1.0,2.0,0.5,0.0,0.0,,3.0,4.0,0.75,0.0,1.0,1.0,1.0,0.0,0.0,1.0,2.0,5.0,-20.0,https://www.basketball-reference.com/boxscores/200612230CHI.html,2006-07
Othella Harrington,2006-12-26,Charlotte Bobc,Dallas Mavericks,0,,,,,,,,,,,,,,,,,,,,,https://www.basketball-reference.com/boxscores/200612260DAL.html,2006-07
Othella Harrington,2006-12-27,Charlotte Bobcats,Washington Wizards,1,,,,,,,,,,,,,,,,,,,,,https://www.basketball-reference.com/boxscores/200612270CHA.html,2006-07
Othella Harrington,2006-12-30,Charlotte Bobc,Indiana Pacers,0,5.33,0.0,0.0,,0.0,0.0,,0.0,0.0,,0.0,0.0,0.0,0.0,0.0,0.0,0.0,1.0,0.0,-7.0,https://www.basketball-reference.com/boxscores/200612300IND.html,2006-07
Othella Harrington,2007-01-01,Charlotte Bobcats,Minnesota Timberwolves,1,2.07,0.0,0.0,,0.0,0.0,,0.0,0.0,,0.0,0.0,0.0,0.0,0.0,0.0,1.0,3.0,0.0,-9.0,https://www.basketball-reference.com/boxscores/200701010CHA.html,2006-07
Othella Harrington,2007-01-05,Charlotte Bobc,Orlando Magic,0,,,,,,,,,,,,,,,,,,,,,https://www.basketball-reference.com/boxscores/200701050ORL.html,2006-07
Othella Harrington,2007-01-10,Charlotte Bobc,Detroit Pistons,0,,,,,,,,,,,,,,,,,,,,,https://www.basketball-reference.com/boxscores/200701100DET.html,2006-07
Othella Harrington,2007-01-12,Charlotte Bobc,New York Knicks,0,,,,,,,,,,,,,,,,,,,,,https://www.basketball-reference.com/boxscores/200701120NYK.html,2006-07
Othella Harrington,2007-01-13,Charlotte Bobcats,Philadelphia 76ers,1,,,,,,,,,,,,,,,,,,,,,https://www.basketball-reference.com/boxscores/200701130CHA.html,2006-07
Othella Harrington,2007-01-15,Charlotte Bobcats,Milwaukee Bucks,1,3.5,1.0,2.0,0.5,0.0,0.0,,0.0,0.0,,0.0,2.0,2.0,0.0,0.0,0.0,0.0,1.0,2.0,3.0,https://www.basketball-reference.com/boxscores/200701150CHA.html,2006-07
Othella Harrington,2007-01-17,Charlotte Bobcats,New Jersey Nets,1,2.3,1.0,1.0,1.0,0.0,0.0,,0.0,0.0,,0.0,0.0,0.0,0.0,0.0,0.0,0.0,1.0,2.0,-7.0,https://www.basketball-reference.com/boxscores/200701170CHA.html,2006-07
Othella Harrington,2007-01-19,Charlotte Bobc,Atlanta Hawks,0,,,,,,,,,,,,,,,,,,,,,https://www.basketball-reference.com/boxscores/200701190ATL.html,2006-07
Othella Harrington,2007-01-20,Charlotte Bobcats,Atlanta Hawks,1,2.32,0.0,0.0,,0.0,0.0,,0.0,0.0,,0.0,0.0,0.0,0.0,0.0,0.0,1.0,4.0,0.0,1.0,https://www.basketball-reference.com/boxscores/200701200CHA.html,2006-07
Othella Harrington,2007-01-22,Charlotte Bobc,Toronto Raptors,0,,,,,,,,,,,,,,,,,,,,,https://www.basketball-reference.com/boxscores/200701220TOR.html,2006-07
Othella Harrington,2007-01-24,Charlotte Bobcats,Detroit Pistons,1,,,,,,,,,,,,,,,,,,,,,https://www.basketball-reference.com/boxscores/200701240CHA.html,2006-07
Othella Harrington,2007-01-27,Charlotte Bobc,Golden State Warriors,0,4.39,2.0,2.0,1.0,0.0,0.0,,2.0,2.0,1.0,2.0,0.0,2.0,0.0,0.0,0.0,1.0,0.0,6.0,-5.0,https://www.basketball-reference.com/boxscores/200701270GSW.html,2006-07
Othella Harrington,2007-01-29,Charlotte Bobc,Denver Nuggets,0,,,,,,,,,,,,,,,,,,,,,https://www.basketball-reference.com/boxscores/200701290DEN.html,2006-07
Othella Harrington,2007-03-16,Charlotte Bobcats,Los Angeles Clippers,1,,,,,,,,,,,,,,,,,,,,,https://www.basketball-reference.com/boxscores/200703160CHA.html,2006-07
Othella Harrington,2007-03-21,Charlotte Bobc,Boston Celtics,0,,,,,,,,,,,,,,,,,,,,,https://www.basketball-reference.com/boxscores/200703210BOS.html,2006-07
Othella Harrington,2007-03-23,Charlotte Bobc,Philadelphia 76ers,0,,,,,,,,,,,,,,,,,,,,,https://www.basketball-reference.com/boxscores/200703230PHI.html,2006-07
Othella Harrington,2007-03-28,Charlotte Bobcats,Atlanta Hawks,1,,,,,,,,,,,,,,,,,,,,,https://www.basketball-reference.com/boxscores/200703280CHA.html,2006-07
Othella Harrington,2002-12-02,New York Knicks,Cleveland Cavaliers,1,23.01,3.0,5.0,0.6,0.0,0.0,,0.0,0.0,,1.0,6.0,7.0,1.0,0.0,0.0,1.0,3.0,6.0,3.0,https://www.basketball-reference.com/boxscores/200212020NYK.html,2002-03
Othella Harrington,2002-12-04,New York Knicks,Orlando Magic,1,30.57,4.0,11.0,0.364,0.0,0.0,,0.0,1.0,0.0,4.0,4.0,8.0,1.0,0.0,2.0,0.0,2.0,8.0,21.0,https://www.basketball-reference.com/boxscores/200212040NYK.html,2002-03
Othella Harrington,2002-12-06,New York Knicks,Boston Celtics,0,24.13,1.0,7.0,0.14300000000000002,0.0,0.0,,4.0,4.0,1.0,3.0,5.0,8.0,0.0,1.0,0.0,1.0,5.0,6.0,-14.0,https://www.basketball-reference.com/boxscores/200212060BOS.html,2002-03
Othella Harrington,2002-12-07,New York Knicks,Washington Wizards,0,29.3,4.0,9.0,0.444,0.0,0.0,,2.0,2.0,1.0,4.0,6.0,10.0,0.0,0.0,0.0,0.0,4.0,10.0,6.0,https://www.basketball-reference.com/boxscores/200212070WAS.html,2002-03
Othella Harrington,2002-12-10,New York Knicks,Seattle SuperSonics,1,19.5,4.0,7.0,0.5710000000000001,0.0,0.0,,0.0,0.0,,4.0,4.0,8.0,0.0,0.0,0.0,0.0,4.0,8.0,9.0,https://www.basketball-reference.com/boxscores/200212100NYK.html,2002-03
Othella Harrington,2002-12-13,New York Knicks,Miami Heat,0,17.2,1.0,1.0,1.0,0.0,0.0,,1.0,2.0,0.5,1.0,2.0,3.0,0.0,0.0,0.0,0.0,4.0,3.0,5.0,https://www.basketball-reference.com/boxscores/200212130MIA.html,2002-03
Othella Harrington,2002-12-14,New York Knicks,Boston Celtics,1,29.58,0.0,5.0,0.0,0.0,0.0,,8.0,8.0,1.0,3.0,2.0,5.0,1.0,0.0,0.0,1.0,1.0,8.0,-15.0,https://www.basketball-reference.com/boxscores/200212140NYK.html,2002-03
Othella Harrington,2002-12-17,New York Knicks,New Jersey Nets,1,22.51,1.0,4.0,0.25,0.0,0.0,,1.0,2.0,0.5,5.0,8.0,13.0,2.0,0.0,0.0,3.0,2.0,3.0,5.0,https://www.basketball-reference.com/boxscores/200212170NYK.html,2002-03
Othella Harrington,2002-12-21,New York Knicks,Milwaukee Bucks,0,25.46,1.0,4.0,0.25,0.0,0.0,,1.0,3.0,0.333,2.0,5.0,7.0,1.0,0.0,0.0,0.0,3.0,3.0,2.0,https://www.basketball-reference.com/boxscores/200212210MIL.html,2002-03
Othella Harrington,2002-12-22,New York Knicks,Miami Heat,1,18.42,3.0,6.0,0.5,0.0,0.0,,1.0,1.0,1.0,1.0,2.0,3.0,0.0,0.0,0.0,1.0,2.0,7.0,-3.0,https://www.basketball-reference.com/boxscores/200212220NYK.html,2002-03
Othella Harrington,2002-12-27,New York Knicks,Houston Rockets,0,19.0,0.0,3.0,0.0,0.0,0.0,,2.0,2.0,1.0,3.0,5.0,8.0,0.0,0.0,0.0,2.0,4.0,2.0,-7.0,https://www.basketball-reference.com/boxscores/200212270HOU.html,2002-03
Othella Harrington,2002-12-28,New York Knicks,Dallas Mavericks,0,26.34,6.0,12.0,0.5,0.0,0.0,,2.0,3.0,0.667,5.0,5.0,10.0,1.0,0.0,0.0,1.0,3.0,14.0,-17.0,https://www.basketball-reference.com/boxscores/200212280DAL.html,2002-03
Othella Harrington,2002-12-30,New York Knicks,San Antonio Spurs,1,16.39,0.0,1.0,0.0,0.0,0.0,,2.0,2.0,1.0,1.0,0.0,1.0,0.0,0.0,1.0,2.0,5.0,2.0,-14.0,https://www.basketball-reference.com/boxscores/200212300NYK.html,2002-03
Othella Harrington,2003-01-01,New York Knicks,Toronto Raptors,1,10.41,2.0,2.0,1.0,0.0,0.0,,0.0,0.0,,0.0,3.0,3.0,0.0,0.0,0.0,2.0,4.0,4.0,1.0,https://www.basketball-reference.com/boxscores/200301010NYK.html,2002-03
Othella Harrington,2003-01-03,New York Knicks,Indiana Pacers,1,21.26,5.0,7.0,0.7140000000000001,0.0,0.0,,1.0,1.0,1.0,3.0,6.0,9.0,1.0,0.0,0.0,1.0,2.0,11.0,-3.0,https://www.basketball-reference.com/boxscores/200301030NYK.html,2002-03
Othella Harrington,2003-01-05,New York Knicks,Portland Trail Blazers,1,22.45,1.0,4.0,0.25,0.0,0.0,,2.0,2.0,1.0,1.0,4.0,5.0,1.0,0.0,0.0,0.0,3.0,4.0,-17.0,https://www.basketball-reference.com/boxscores/200301050NYK.html,2002-03
Othella Harrington,2003-01-06,New York Knicks,Orlando Magic,0,28.57,4.0,7.0,0.5710000000000001,0.0,0.0,,3.0,3.0,1.0,3.0,5.0,8.0,1.0,1.0,0.0,1.0,6.0,11.0,9.0,https://www.basketball-reference.com/boxscores/200301060ORL.html,2002-03
Othella Harrington,2003-01-08,New York Knicks,Indiana Pacers,0,30.39,5.0,10.0,0.5,0.0,0.0,,2.0,3.0,0.667,3.0,7.0,10.0,0.0,0.0,3.0,0.0,3.0,12.0,-4.0,https://www.basketball-reference.com/boxscores/200301080IND.html,2002-03
Othella Harrington,2003-01-10,New York Knicks,Philadelphia 76ers,0,25.38,3.0,4.0,0.75,0.0,0.0,,2.0,2.0,1.0,3.0,6.0,9.0,1.0,1.0,1.0,1.0,3.0,8.0,5.0,https://www.basketball-reference.com/boxscores/200301100PHI.html,2002-03
Othella Harrington,2003-01-11,New York Knicks,Washington Wizards,1,24.0,2.0,5.0,0.4,0.0,0.0,,0.0,0.0,,4.0,4.0,8.0,0.0,0.0,0.0,4.0,5.0,4.0,-7.0,https://www.basketball-reference.com/boxscores/200301110NYK.html,2002-03
Othella Harrington,2003-01-13,New York Knicks,Chicago Bulls,0,25.53,2.0,7.0,0.28600000000000003,0.0,0.0,,2.0,2.0,1.0,6.0,3.0,9.0,1.0,0.0,0.0,1.0,4.0,6.0,1.0,https://www.basketball-reference.com/boxscores/200301130CHI.html,2002-03
Othella Harrington,2003-01-14,New York Knicks,Chicago Bulls,1,18.07,2.0,5.0,0.4,0.0,0.0,,0.0,0.0,,3.0,2.0,5.0,3.0,0.0,0.0,2.0,5.0,4.0,15.0,https://www.basketball-reference.com/boxscores/200301140NYK.html,2002-03
Othella Harrington,2003-01-17,New York Knicks,Detroit Pistons,0,20.24,1.0,2.0,0.5,0.0,0.0,,0.0,0.0,,1.0,5.0,6.0,1.0,0.0,1.0,0.0,3.0,2.0,-10.0,https://www.basketball-reference.com/boxscores/200301170DET.html,2002-03
Othella Harrington,2003-01-18,New York Knicks,Atlanta Hawks,0,29.31,4.0,5.0,0.8,0.0,0.0,,4.0,5.0,0.8,1.0,10.0,11.0,2.0,0.0,0.0,2.0,2.0,12.0,4.0,https://www.basketball-reference.com/boxscores/200301180ATL.html,2002-03
Othella Harrington,2003-01-20,New York Knicks,Miami Heat,1,33.35,1.0,4.0,0.25,0.0,0.0,,2.0,4.0,0.5,1.0,6.0,7.0,0.0,0.0,0.0,0.0,3.0,4.0,8.0,https://www.basketball-reference.com/boxscores/200301200NYK.html,2002-03
Othella Harrington,2003-01-22,New York Knicks,Denver Nuggets,1,33.18,3.0,8.0,0.375,0.0,0.0,,0.0,0.0,,1.0,5.0,6.0,1.0,1.0,2.0,1.0,4.0,6.0,18.0,https://www.basketball-reference.com/boxscores/200301220NYK.html,2002-03
Othella Harrington,2003-01-24,New York Knicks,Dallas Mavericks,1,26.52,3.0,7.0,0.429,0.0,0.0,,0.0,0.0,,2.0,4.0,6.0,1.0,0.0,1.0,0.0,2.0,6.0,-13.0,https://www.basketball-reference.com/boxscores/200301240NYK.html,2002-03
Othella Harrington,2003-01-26,New York Knicks,Phoenix Suns,1,41.57,5.0,10.0,0.5,0.0,0.0,,1.0,2.0,0.5,3.0,9.0,12.0,2.0,0.0,0.0,1.0,4.0,11.0,15.0,https://www.basketball-reference.com/boxscores/200301260NYK.html,2002-03
Othella Harrington,2003-01-28,New York Knicks,Atlanta Hawks,1,20.28,3.0,5.0,0.6,0.0,0.0,,0.0,0.0,,1.0,2.0,3.0,0.0,0.0,0.0,0.0,3.0,6.0,-4.0,https://www.basketball-reference.com/boxscores/200301280NYK.html,2002-03
Othella Harrington,2003-01-29,New York Knicks,Miami Heat,0,16.37,0.0,2.0,0.0,0.0,0.0,,2.0,2.0,1.0,0.0,0.0,0.0,0.0,0.0,0.0,0.0,3.0,2.0,-6.0,https://www.basketball-reference.com/boxscores/200301290MIA.html,2002-03
Othella Harrington,2003-01-31,New York Knicks,Memphis Grizzlies,0,32.25,2.0,7.0,0.28600000000000003,0.0,0.0,,4.0,4.0,1.0,4.0,9.0,13.0,0.0,0.0,1.0,2.0,2.0,8.0,9.0,https://www.basketball-reference.com/boxscores/200301310MEM.html,2002-03
Othella Harrington,2003-02-01,New York Knicks,Milwaukee Bucks,0,28.58,5.0,7.0,0.7140000000000001,0.0,0.0,,0.0,0.0,,1.0,6.0,7.0,1.0,0.0,1.0,1.0,5.0,10.0,-4.0,https://www.basketball-reference.com/boxscores/200302010MIL.html,2002-03
Othella Harrington,2003-02-04,New York Knicks,Los Angeles Clippers,1,30.05,5.0,9.0,0.556,0.0,0.0,,0.0,0.0,,2.0,6.0,8.0,0.0,0.0,0.0,1.0,3.0,10.0,15.0,https://www.basketball-reference.com/boxscores/200302040NYK.html,2002-03
Othella Harrington,2003-02-06,New York Knicks,Los Angeles Lakers,1,36.06,6.0,12.0,0.5,0.0,0.0,,1.0,2.0,0.5,2.0,7.0,9.0,2.0,1.0,0.0,5.0,3.0,13.0,8.0,https://www.basketball-reference.com/boxscores/200302060NYK.html,2002-03
Othella Harrington,2003-02-12,New York Knicks,Golden State Warriors,1,30.2,7.0,9.0,0.778,0.0,0.0,,2.0,2.0,1.0,4.0,3.0,7.0,1.0,1.0,0.0,0.0,5.0,16.0,1.0,https://www.basketball-reference.com/boxscores/200302120NYK.html,2002-03
Othella Harrington,2003-02-14,New York Knicks,Phoenix Suns,0,22.15,3.0,4.0,0.75,0.0,0.0,,5.0,6.0,0.833,5.0,3.0,8.0,2.0,0.0,0.0,2.0,6.0,11.0,9.0,https://www.basketball-reference.com/boxscores/200302140PHO.html,2002-03
Othella Harrington,2003-02-16,New York Knicks,Los Angeles Lakers,0,19.09,5.0,7.0,0.7140000000000001,0.0,0.0,,0.0,0.0,,1.0,2.0,3.0,0.0,0.0,0.0,0.0,1.0,10.0,1.0,https://www.basketball-reference.com/boxscores/200302160LAL.html,2002-03
Othella Harrington,2003-02-17,New York Knicks,Portland Trail Blazers,0,31.0,6.0,10.0,0.6,0.0,0.0,,0.0,0.0,,4.0,4.0,8.0,3.0,0.0,0.0,2.0,4.0,12.0,8.0,https://www.basketball-reference.com/boxscores/200302170POR.html,2002-03
Othella Harrington,2003-02-19,New York Knicks,Seattle SuperSonics,0,23.14,3.0,4.0,0.75,0.0,0.0,,0.0,0.0,,0.0,1.0,1.0,0.0,0.0,1.0,0.0,4.0,6.0,-12.0,https://www.basketball-reference.com/boxscores/200302190SEA.html,2002-03
Othella Harrington,2003-02-21,New York Knicks,Golden State Warriors,0,19.41,4.0,8.0,0.5,0.0,0.0,,2.0,2.0,1.0,3.0,0.0,3.0,1.0,0.0,0.0,1.0,1.0,10.0,7.0,https://www.basketball-reference.com/boxscores/200302210GSW.html,2002-03
Othella Harrington,2003-02-23,New York Knicks,Sacramento Kings,0,16.57,3.0,4.0,0.75,0.0,0.0,,0.0,0.0,,0.0,5.0,5.0,0.0,0.0,0.0,0.0,3.0,6.0,-10.0,https://www.basketball-reference.com/boxscores/200302230SAC.html,2002-03
Othella Harrington,2003-02-25,New York Knicks,Houston Rockets,1,34.5,3.0,6.0,0.5,0.0,0.0,,0.0,0.0,,1.0,8.0,9.0,1.0,0.0,0.0,3.0,3.0,6.0,6.0,https://www.basketball-reference.com/boxscores/200302250NYK.html,2002-03
Othella Harrington,2003-02-26,New York Knicks,New Jersey Nets,0,15.0,1.0,3.0,0.333,0.0,0.0,,4.0,4.0,1.0,3.0,2.0,5.0,2.0,0.0,0.0,0.0,4.0,6.0,-8.0,https://www.basketball-reference.com/boxscores/200302260NJN.html,2002-03
Othella Harrington,2003-03-02,New York Knicks,Minnesota Timberwolves,0,29.11,5.0,9.0,0.556,0.0,0.0,,0.0,1.0,0.0,2.0,5.0,7.0,3.0,0.0,0.0,0.0,4.0,10.0,-20.0,https://www.basketball-reference.com/boxscores/200303020MIN.html,2002-03
Othella Harrington,2003-03-04,New York Knicks,Cleveland Cavaliers,1,29.28,1.0,5.0,0.2,0.0,0.0,,2.0,4.0,0.5,2.0,4.0,6.0,3.0,1.0,0.0,2.0,0.0,4.0,13.0,https://www.basketball-reference.com/boxscores/200303040NYK.html,2002-03
Othella Harrington,2003-03-05,New York Knicks,Boston Celtics,0,27.0,3.0,6.0,0.5,0.0,0.0,,4.0,4.0,1.0,3.0,4.0,7.0,0.0,0.0,0.0,2.0,4.0,10.0,-5.0,https://www.basketball-reference.com/boxscores/200303050BOS.html,2002-03
Othella Harrington,2003-03-07,New York Knicks,Orlando Magic,0,20.05,2.0,2.0,1.0,0.0,0.0,,2.0,2.0,1.0,1.0,3.0,4.0,2.0,0.0,0.0,1.0,4.0,6.0,0.0,https://www.basketball-reference.com/boxscores/200303070ORL.html,2002-03
Othella Harrington,2003-03-09,New York Knicks,Washington Wizards,1,26.09,3.0,8.0,0.375,0.0,0.0,,2.0,4.0,0.5,1.0,8.0,9.0,1.0,0.0,1.0,0.0,3.0,8.0,10.0,https://www.basketball-reference.com/boxscores/200303090NYK.html,2002-03
Othella Harrington,2003-03-11,New York Knicks,Memphis Grizzlies,1,30.48,9.0,13.0,0.6920000000000001,0.0,0.0,,0.0,0.0,,5.0,9.0,14.0,2.0,1.0,0.0,3.0,5.0,18.0,3.0,https://www.basketball-reference.com/boxscores/200303110NYK.html,2002-03
Othella Harrington,2003-03-14,New York Knicks,Atlanta Hawks,0,24.04,4.0,6.0,0.667,0.0,0.0,,1.0,2.0,0.5,2.0,3.0,5.0,0.0,0.0,0.0,1.0,4.0,9.0,-15.0,https://www.basketball-reference.com/boxscores/200303140ATL.html,2002-03
Othella Harrington,2003-03-16,New York Knicks,Milwaukee Bucks,1,33.22,3.0,6.0,0.5,0.0,0.0,,7.0,7.0,1.0,5.0,5.0,10.0,2.0,0.0,0.0,1.0,4.0,13.0,6.0,https://www.basketball-reference.com/boxscores/200303160NYK.html,2002-03
Othella Harrington,2003-03-18,New York Knicks,San Antonio Spurs,0,28.11,2.0,3.0,0.667,0.0,0.0,,2.0,2.0,1.0,3.0,4.0,7.0,1.0,0.0,1.0,2.0,3.0,6.0,-3.0,https://www.basketball-reference.com/boxscores/200303180SAS.html,2002-03
Othella Harrington,2003-03-19,New York Knicks,New Orleans Hornets,0,27.51,5.0,8.0,0.625,0.0,0.0,,5.0,5.0,1.0,3.0,1.0,4.0,2.0,1.0,0.0,1.0,3.0,15.0,0.0,https://www.basketball-reference.com/boxscores/200303190NOH.html,2002-03
Othella Harrington,2003-03-21,New York Knicks,Detroit Pistons,1,33.44,4.0,11.0,0.364,0.0,0.0,,6.0,7.0,0.857,2.0,5.0,7.0,1.0,0.0,0.0,2.0,3.0,14.0,10.0,https://www.basketball-reference.com/boxscores/200303210NYK.html,2002-03
Othella Harrington,2003-03-22,New York Knicks,Chicago Bulls,0,24.48,4.0,9.0,0.444,0.0,0.0,,4.0,4.0,1.0,2.0,5.0,7.0,0.0,0.0,1.0,0.0,4.0,12.0,-4.0,https://www.basketball-reference.com/boxscores/200303220CHI.html,2002-03
Othella Harrington,2003-03-24,New York Knicks,Toronto Raptors,1,28.25,1.0,5.0,0.2,0.0,0.0,,0.0,0.0,,0.0,6.0,6.0,0.0,0.0,0.0,2.0,2.0,2.0,2.0,https://www.basketball-reference.com/boxscores/200303240NYK.html,2002-03
Othella Harrington,2003-03-26,New York Knicks,New Jersey Nets,0,20.41,1.0,4.0,0.25,0.0,0.0,,0.0,0.0,,2.0,3.0,5.0,1.0,0.0,2.0,2.0,3.0,2.0,12.0,https://www.basketball-reference.com/boxscores/200303260NJN.html,2002-03
Othella Harrington,2003-03-28,New York Knicks,New Jersey Nets,1,20.58,2.0,2.0,1.0,0.0,0.0,,0.0,0.0,,0.0,2.0,2.0,0.0,0.0,0.0,0.0,2.0,4.0,-9.0,https://www.basketball-reference.com/boxscores/200303280NYK.html,2002-03
Othella Harrington,2003-03-30,New York Knicks,Toronto Raptors,0,22.04,4.0,8.0,0.5,0.0,0.0,,0.0,0.0,,1.0,2.0,3.0,3.0,0.0,0.0,2.0,1.0,8.0,-15.0,https://www.basketball-reference.com/boxscores/200303300TOR.html,2002-03
Othella Harrington,2007-12-01,Charlotte Bobc,Chicago Bulls,0,,,,,,,,,,,,,,,,,,,,,https://www.basketball-reference.com/boxscores/200712010CHI.html,2007-08
Othella Harrington,2007-12-03,Charlotte Bobc,Toronto Raptors,0,6.3,0.0,1.0,0.0,0.0,0.0,,0.0,0.0,,2.0,1.0,3.0,0.0,0.0,0.0,1.0,2.0,0.0,-7.0,https://www.basketball-reference.com/boxscores/200712030TOR.html,2007-08
Othella Harrington,2007-12-05,Charlotte Bobcats,Chicago Bulls,1,,,,,,,,,,,,,,,,,,,,,https://www.basketball-reference.com/boxscores/200712050CHA.html,2007-08
Othella Harrington,2007-12-08,Charlotte Bobcats,Cleveland Cavaliers,1,,,,,,,,,,,,,,,,,,,,,https://www.basketball-reference.com/boxscores/200712080CHA.html,2007-08
Othella Harrington,2007-12-09,Charlotte Bobc,Detroit Pistons,0,9.18,2.0,4.0,0.5,0.0,0.0,,0.0,0.0,,1.0,1.0,2.0,1.0,0.0,0.0,1.0,2.0,4.0,0.0,https://www.basketball-reference.com/boxscores/200712090DET.html,2007-08
Othella Harrington,2007-12-12,Charlotte Bobcats,Los Angeles Clippers,1,7.4,2.0,4.0,0.5,0.0,0.0,,0.0,0.0,,0.0,1.0,1.0,0.0,0.0,1.0,0.0,0.0,4.0,6.0,https://www.basketball-reference.com/boxscores/200712120CHA.html,2007-08
Othella Harrington,2007-12-14,Charlotte Bobcats,Orlando Magic,1,14.02,2.0,2.0,1.0,0.0,0.0,,1.0,4.0,0.25,0.0,4.0,4.0,0.0,0.0,1.0,0.0,3.0,5.0,1.0,https://www.basketball-reference.com/boxscores/200712140CHA.html,2007-08
Othella Harrington,2007-12-15,Charlotte Bobc,Atlanta Hawks,0,2.32,0.0,1.0,0.0,0.0,0.0,,0.0,0.0,,0.0,1.0,1.0,0.0,0.0,0.0,1.0,1.0,0.0,-5.0,https://www.basketball-reference.com/boxscores/200712150ATL.html,2007-08
Othella Harrington,2007-12-19,Charlotte Bobcats,Utah Jazz,1,,,,,,,,,,,,,,,,,,,,,https://www.basketball-reference.com/boxscores/200712190CHA.html,2007-08
Othella Harrington,2007-12-21,Charlotte Bobcats,New York Knicks,1,,,,,,,,,,,,,,,,,,,,,https://www.basketball-reference.com/boxscores/200712210CHA.html,2007-08
Othella Harrington,2007-12-22,Charlotte Bobc,Milwaukee Bucks,0,,,,,,,,,,,,,,,,,,,,,https://www.basketball-reference.com/boxscores/200712220MIL.html,2007-08
Othella Harrington,2007-12-26,Charlotte Bobcats,Washington Wizards,1,,,,,,,,,,,,,,,,,,,,,https://www.basketball-reference.com/boxscores/200712260CHA.html,2007-08
Othella Harrington,2007-12-28,Charlotte Bobcats,New Orleans Hornets,1,,,,,,,,,,,,,,,,,,,,,https://www.basketball-reference.com/boxscores/200712280CHA.html,2007-08
Othella Harrington,2007-12-29,Charlotte Bobc,Orlando Magic,0,,,,,,,,,,,,,,,,,,,,,https://www.basketball-reference.com/boxscores/200712290ORL.html,2007-08
Othella Harrington,2008-01-02,Charlotte Bobcats,Chicago Bulls,1,,,,,,,,,,,,,,,,,,,,,https://www.basketball-reference.com/boxscores/200801020CHA.html,2007-08
Othella Harrington,2008-01-04,Charlotte Bobc,New Jersey Nets,0,,,,,,,,,,,,,,,,,,,,,https://www.basketball-reference.com/boxscores/200801040NJN.html,2007-08
Othella Harrington,2008-01-06,Charlotte Bobcats,Milwaukee Bucks,1,,,,,,,,,,,,,,,,,,,,,https://www.basketball-reference.com/boxscores/200801060CHA.html,2007-08
Othella Harrington,2008-01-08,Charlotte Bobcats,New Jersey Nets,1,,,,,,,,,,,,,,,,,,,,,https://www.basketball-reference.com/boxscores/200801080CHA.html,2007-08
Othella Harrington,2008-01-09,Charlotte Bobc,Boston Celtics,0,,,,,,,,,,,,,,,,,,,,,https://www.basketball-reference.com/boxscores/200801090BOS.html,2007-08
Othella Harrington,2008-01-11,Cleveland Cavaliers,Charlotte Bobc,1,,,,,,,,,,,,,,,,,,,,,https://www.basketball-reference.com/boxscores/200801110CLE.html,2007-08
Othella Harrington,2008-01-14,Charlotte Bobcats,Denver Nuggets,1,,,,,,,,,,,,,,,,,,,,,https://www.basketball-reference.com/boxscores/200801140CHA.html,2007-08
Othella Harrington,2008-01-16,Charlotte Bobcats,Orlando Magic,1,,,,,,,,,,,,,,,,,,,,,https://www.basketball-reference.com/boxscores/200801160CHA.html,2007-08
Othella Harrington,2008-01-18,Charlotte Bobc,New Orleans Hornets,0,,,,,,,,,,,,,,,,,,,,,https://www.basketball-reference.com/boxscores/200801180NOH.html,2007-08
Othella Harrington,2008-01-19,Charlotte Bobcats,Memphis Grizzlies,1,,,,,,,,,,,,,,,,,,,,,https://www.basketball-reference.com/boxscores/200801190CHA.html,2007-08
Othella Harrington,2008-01-21,Charlotte Bobcats,San Antonio Spurs,1,,,,,,,,,,,,,,,,,,,,,https://www.basketball-reference.com/boxscores/200801210CHA.html,2007-08
Othella Harrington,2008-01-23,Charlotte Bobcats,Dallas Mavericks,1,,,,,,,,,,,,,,,,,,,,,https://www.basketball-reference.com/boxscores/200801230CHA.html,2007-08
Othella Harrington,2008-01-25,Charlotte Bobc,Chicago Bulls,0,,,,,,,,,,,,,,,,,,,,,https://www.basketball-reference.com/boxscores/200801250CHI.html,2007-08
Othella Harrington,2008-01-26,Charlotte Bobcats,Philadelphia 76ers,1,,,,,,,,,,,,,,,,,,,,,https://www.basketball-reference.com/boxscores/200801260CHA.html,2007-08
Othella Harrington,2008-01-28,Charlotte Bobc,Los Angeles Clippers,0,2.56,0.0,1.0,0.0,0.0,0.0,,0.0,0.0,,0.0,1.0,1.0,0.0,0.0,0.0,0.0,0.0,0.0,0.0,https://www.basketball-reference.com/boxscores/200801280LAC.html,2007-08
Othella Harrington,2008-01-30,Charlotte Bobc,Sacramento Kings,0,5.08,1.0,1.0,1.0,0.0,0.0,,0.0,0.0,,0.0,0.0,0.0,0.0,0.0,0.0,1.0,1.0,2.0,-4.0,https://www.basketball-reference.com/boxscores/200801300SAC.html,2007-08
Othella Harrington,2008-02-01,Charlotte Bobc,Golden State Warriors,0,,,,,,,,,,,,,,,,,,,,,https://www.basketball-reference.com/boxscores/200802010GSW.html,2007-08
Othella Harrington,2008-02-02,Charlotte Bobc,Denver Nuggets,0,12.16,1.0,3.0,0.333,0.0,0.0,,0.0,0.0,,2.0,3.0,5.0,1.0,0.0,0.0,1.0,2.0,2.0,0.0,https://www.basketball-reference.com/boxscores/200802020DEN.html,2007-08
Othella Harrington,2008-02-04,Charlotte Bobc,Phoenix Suns,0,4.56,1.0,2.0,0.5,0.0,0.0,,1.0,2.0,0.5,0.0,1.0,1.0,0.0,0.0,0.0,0.0,0.0,3.0,7.0,https://www.basketball-reference.com/boxscores/200802040PHO.html,2007-08
Othella Harrington,2008-02-08,Charlotte Bobcats,New Jersey Nets,1,,,,,,,,,,,,,,,,,,,,,https://www.basketball-reference.com/boxscores/200802080CHA.html,2007-08
Othella Harrington,2008-02-10,Charlotte Bobc,Detroit Pistons,0,12.29,3.0,5.0,0.6,0.0,0.0,,0.0,0.0,,0.0,1.0,1.0,0.0,0.0,0.0,1.0,5.0,6.0,-5.0,https://www.basketball-reference.com/boxscores/200802100DET.html,2007-08
Othella Harrington,2008-02-11,Charlotte Bobcats,Los Angeles Lakers,1,,,,,,,,,,,,,,,,,,,,,https://www.basketball-reference.com/boxscores/200802110CHA.html,2007-08
Othella Harrington,2008-02-19,Charlotte Bobc,San Antonio Spurs,0,,,,,,,,,,,,,,,,,,,,,https://www.basketball-reference.com/boxscores/200802190SAS.html,2007-08
Othella Harrington,2008-02-23,Charlotte Bobc,Washington Wizards,0,,,,,,,,,,,,,,,,,,,,,https://www.basketball-reference.com/boxscores/200802230WAS.html,2007-08
Othella Harrington,2008-02-27,Charlotte Bobc,New York Knicks,0,3.38,0.0,2.0,0.0,0.0,0.0,,0.0,0.0,,0.0,0.0,0.0,0.0,0.0,0.0,0.0,0.0,0.0,-4.0,https://www.basketball-reference.com/boxscores/200802270NYK.html,2007-08
Othella Harrington,2008-02-29,Charlotte Bobc,Boston Celtics,0,,,,,,,,,,,,,,,,,,,,,https://www.basketball-reference.com/boxscores/200802290BOS.html,2007-08
Othella Harrington,2008-03-02,Charlotte Bobcats,Toronto Raptors,1,6.26,1.0,2.0,0.5,0.0,0.0,,0.0,0.0,,2.0,2.0,4.0,2.0,0.0,0.0,0.0,2.0,2.0,6.0,https://www.basketball-reference.com/boxscores/200803020CHA.html,2007-08
Othella Harrington,2008-03-04,Charlotte Bobc,Minnesota Timberwolves,0,13.29,2.0,2.0,1.0,0.0,0.0,,1.0,2.0,0.5,1.0,2.0,3.0,0.0,0.0,0.0,0.0,2.0,5.0,11.0,https://www.basketball-reference.com/boxscores/200803040MIN.html,2007-08
Othella Harrington,2008-03-05,Charlotte Bobcats,Golden State Warriors,1,,,,,,,,,,,,,,,,,,,,,https://www.basketball-reference.com/boxscores/200803050CHA.html,2007-08
Othella Harrington,2008-03-07,Charlotte Bobcats,Atlanta Hawks,1,9.43,0.0,1.0,0.0,0.0,0.0,,2.0,2.0,1.0,0.0,2.0,2.0,0.0,0.0,1.0,1.0,2.0,2.0,4.0,https://www.basketball-reference.com/boxscores/200803070CHA.html,2007-08
Othella Harrington,2008-03-08,Charlotte Bobc,Washington Wizards,0,8.47,0.0,0.0,,0.0,0.0,,0.0,0.0,,0.0,4.0,4.0,0.0,0.0,0.0,1.0,2.0,0.0,8.0,https://www.basketball-reference.com/boxscores/200803080WAS.html,2007-08
Othella Harrington,2008-03-12,Charlotte Bobc,Dallas Mavericks,0,,,,,,,,,,,,,,,,,,,,,https://www.basketball-reference.com/boxscores/200803120DAL.html,2007-08
Othella Harrington,2008-03-14,Charlotte Bobc,Houston Rockets,0,5.24,0.0,0.0,,0.0,0.0,,0.0,0.0,,0.0,1.0,1.0,0.0,0.0,0.0,0.0,1.0,0.0,13.0,https://www.basketball-reference.com/boxscores/200803140HOU.html,2007-08
Othella Harrington,2008-03-16,Charlotte Bobc,Cleveland Cavaliers,0,,,,,,,,,,,,,,,,,,,,,https://www.basketball-reference.com/boxscores/200803160CLE.html,2007-08
Othella Harrington,2008-03-17,Charlotte Bobc,Memphis Grizzlies,0,,,,,,,,,,,,,,,,,,,,,https://www.basketball-reference.com/boxscores/200803170MEM.html,2007-08
Othella Harrington,2008-03-19,Charlotte Bobc,Indiana Pacers,0,9.4,1.0,4.0,0.25,0.0,0.0,,2.0,2.0,1.0,1.0,4.0,5.0,0.0,1.0,0.0,0.0,0.0,4.0,-1.0,https://www.basketball-reference.com/boxscores/200803190IND.html,2007-08
Othella Harrington,2008-03-22,Charlotte Bobcats,Miami Heat,1,,,,,,,,,,,,,,,,,,,,,https://www.basketball-reference.com/boxscores/200803220CHA.html,2007-08
Othella Harrington,2008-03-25,Charlotte Bobc,Utah Jazz,0,,,,,,,,,,,,,,,,,,,,,https://www.basketball-reference.com/boxscores/200803250UTA.html,2007-08
Othella Harrington,2008-03-26,Charlotte Bobc,Los Angeles Lakers,0,,,,,,,,,,,,,,,,,,,,,https://www.basketball-reference.com/boxscores/200803260LAL.html,2007-08
Othella Harrington,2008-03-28,Charlotte Bobc,Seattle SuperSonics,0,,,,,,,,,,,,,,,,,,,,,https://www.basketball-reference.com/boxscores/200803280SEA.html,2007-08
Othella Harrington,2008-03-29,Charlotte Bobc,Portland Trail Blazers,0,,,,,,,,,,,,,,,,,,,,,https://www.basketball-reference.com/boxscores/200803290POR.html,2007-08
Othella Harrington,2008-03-31,Charlotte Bobcats,Toronto Raptors,1,,,,,,,,,,,,,,,,,,,,,https://www.basketball-reference.com/boxscores/200803310CHA.html,2007-08
Othella Harrington,2000-12-03,Vancouver Grizzlies,San Antonio Spurs,1,25.37,3.0,9.0,0.333,0.0,0.0,,0.0,0.0,,1.0,2.0,3.0,1.0,1.0,1.0,2.0,3.0,6.0,-8.0,https://www.basketball-reference.com/boxscores/200012030VAN.html,2000-01
Othella Harrington,2000-12-05,Vancouver Grizzlies,Detroit Pistons,1,30.21,6.0,9.0,0.667,0.0,1.0,0.0,1.0,2.0,0.5,1.0,4.0,5.0,2.0,0.0,1.0,3.0,4.0,13.0,16.0,https://www.basketball-reference.com/boxscores/200012050VAN.html,2000-01
Othella Harrington,2000-12-07,Vancouver Grizzlies,Utah Jazz,0,17.3,3.0,4.0,0.75,0.0,0.0,,0.0,0.0,,2.0,1.0,3.0,1.0,0.0,1.0,1.0,6.0,6.0,-10.0,https://www.basketball-reference.com/boxscores/200012070UTA.html,2000-01
Othella Harrington,2000-12-09,Vancouver Grizzlies,Philadelphia 76ers,1,32.13,3.0,9.0,0.333,0.0,0.0,,2.0,2.0,1.0,4.0,6.0,10.0,3.0,1.0,0.0,3.0,1.0,8.0,-6.0,https://www.basketball-reference.com/boxscores/200012090VAN.html,2000-01
Othella Harrington,2000-12-11,Vancouver Grizzlies,Houston Rockets,1,30.49,1.0,8.0,0.125,0.0,0.0,,3.0,4.0,0.75,3.0,5.0,8.0,1.0,0.0,0.0,1.0,2.0,5.0,-2.0,https://www.basketball-reference.com/boxscores/200012110VAN.html,2000-01
Othella Harrington,2000-12-13,Vancouver Grizzlies,Seattle SuperSonics,1,27.19,5.0,10.0,0.5,0.0,0.0,,5.0,8.0,0.625,2.0,3.0,5.0,1.0,0.0,0.0,1.0,1.0,15.0,-2.0,https://www.basketball-reference.com/boxscores/200012130VAN.html,2000-01
Othella Harrington,2000-12-15,Vancouver Grizzlies,Los Angeles Lakers,0,11.45,2.0,3.0,0.667,0.0,0.0,,0.0,0.0,,1.0,0.0,1.0,0.0,0.0,0.0,3.0,4.0,4.0,-10.0,https://www.basketball-reference.com/boxscores/200012150LAL.html,2000-01
Othella Harrington,2000-12-17,Vancouver Grizzlies,Orlando Magic,1,27.24,6.0,10.0,0.6,0.0,1.0,0.0,3.0,4.0,0.75,1.0,2.0,3.0,1.0,0.0,0.0,0.0,2.0,15.0,-13.0,https://www.basketball-reference.com/boxscores/200012170VAN.html,2000-01
Othella Harrington,2000-12-20,Vancouver Grizzlies,Washington Wizards,1,29.48,6.0,9.0,0.667,0.0,0.0,,5.0,6.0,0.833,3.0,4.0,7.0,0.0,1.0,0.0,3.0,4.0,17.0,2.0,https://www.basketball-reference.com/boxscores/200012200VAN.html,2000-01
Othella Harrington,2000-12-22,Vancouver Grizzlies,Sacramento Kings,1,39.46,9.0,14.0,0.643,0.0,0.0,,6.0,9.0,0.667,8.0,12.0,20.0,0.0,0.0,1.0,1.0,4.0,24.0,5.0,https://www.basketball-reference.com/boxscores/200012220VAN.html,2000-01
Othella Harrington,2000-12-23,Vancouver Grizzlies,Los Angeles Clippers,0,36.24,3.0,8.0,0.375,0.0,0.0,,5.0,7.0,0.7140000000000001,3.0,6.0,9.0,1.0,0.0,3.0,4.0,4.0,11.0,-1.0,https://www.basketball-reference.com/boxscores/200012230LAC.html,2000-01
Othella Harrington,2000-12-26,Vancouver Grizzlies,Phoenix Suns,1,41.24,4.0,9.0,0.444,0.0,0.0,,4.0,4.0,1.0,2.0,10.0,12.0,2.0,0.0,0.0,2.0,3.0,12.0,1.0,https://www.basketball-reference.com/boxscores/200012260VAN.html,2000-01
Othella Harrington,2000-12-29,Vancouver Grizzlies,Portland Trail Blazers,0,28.21,2.0,5.0,0.4,0.0,0.0,,4.0,4.0,1.0,1.0,2.0,3.0,0.0,2.0,0.0,0.0,3.0,8.0,-13.0,https://www.basketball-reference.com/boxscores/200012290POR.html,2000-01
Othella Harrington,2000-12-30,Vancouver Grizzlies,Golden State Warriors,1,23.56,3.0,10.0,0.3,0.0,0.0,,3.0,3.0,1.0,1.0,2.0,3.0,0.0,1.0,2.0,4.0,6.0,9.0,-8.0,https://www.basketball-reference.com/boxscores/200012300VAN.html,2000-01
Othella Harrington,2001-01-03,Vancouver Grizzlies,Charlotte Hornets,1,35.0,5.0,6.0,0.833,0.0,0.0,,5.0,6.0,0.833,1.0,12.0,13.0,0.0,0.0,0.0,2.0,2.0,15.0,11.0,https://www.basketball-reference.com/boxscores/200101030VAN.html,2000-01
Othella Harrington,2001-01-05,Vancouver Grizzlies,Phoenix Suns,0,20.3,4.0,9.0,0.444,0.0,0.0,,2.0,3.0,0.667,3.0,4.0,7.0,1.0,1.0,2.0,1.0,4.0,10.0,-15.0,https://www.basketball-reference.com/boxscores/200101050PHO.html,2000-01
Othella Harrington,2001-01-07,Vancouver Grizzlies,Milwaukee Bucks,1,13.44,2.0,2.0,1.0,0.0,0.0,,8.0,9.0,0.889,0.0,1.0,1.0,1.0,1.0,0.0,4.0,3.0,12.0,-8.0,https://www.basketball-reference.com/boxscores/200101070VAN.html,2000-01
Othella Harrington,2001-01-09,Vancouver Grizzlies,Denver Nuggets,1,33.3,4.0,8.0,0.5,0.0,0.0,,0.0,0.0,,2.0,8.0,10.0,1.0,0.0,0.0,3.0,4.0,8.0,7.0,https://www.basketball-reference.com/boxscores/200101090VAN.html,2000-01
Othella Harrington,2001-01-12,Vancouver Grizzlies,Seattle SuperSonics,0,29.52,3.0,7.0,0.429,0.0,0.0,,1.0,2.0,0.5,2.0,3.0,5.0,0.0,0.0,1.0,2.0,2.0,7.0,3.0,https://www.basketball-reference.com/boxscores/200101120SEA.html,2000-01
Othella Harrington,2001-01-13,Vancouver Grizzlies,Cleveland Cavaliers,1,14.19,4.0,6.0,0.667,0.0,0.0,,2.0,3.0,0.667,1.0,2.0,3.0,1.0,0.0,0.0,2.0,5.0,10.0,3.0,https://www.basketball-reference.com/boxscores/200101130VAN.html,2000-01
Othella Harrington,2001-01-15,Los Angeles Lakers,Vancouver Grizzlies,1,25.46,3.0,6.0,0.5,0.0,0.0,,3.0,4.0,0.75,1.0,4.0,5.0,0.0,0.0,0.0,3.0,4.0,9.0,-9.0,https://www.basketball-reference.com/boxscores/200101150LAL.html,2000-01
Othella Harrington,2001-01-17,Vancouver Grizzlies,Denver Nuggets,0,20.22,1.0,6.0,0.16699999999999998,0.0,0.0,,4.0,7.0,0.5710000000000001,2.0,1.0,3.0,0.0,0.0,0.0,0.0,2.0,6.0,-20.0,https://www.basketball-reference.com/boxscores/200101170DEN.html,2000-01
Othella Harrington,2001-01-19,Vancouver Grizzlies,Miami Heat,1,32.21,7.0,10.0,0.7,0.0,0.0,,1.0,2.0,0.5,4.0,5.0,9.0,2.0,0.0,0.0,3.0,1.0,15.0,-4.0,https://www.basketball-reference.com/boxscores/200101190VAN.html,2000-01
Othella Harrington,2001-01-21,Vancouver Grizzlies,Minnesota Timberwolves,1,39.21,5.0,12.0,0.417,0.0,0.0,,2.0,2.0,1.0,0.0,4.0,4.0,1.0,1.0,4.0,0.0,3.0,12.0,12.0,https://www.basketball-reference.com/boxscores/200101210VAN.html,2000-01
Othella Harrington,2001-01-23,Vancouver Grizzlies,San Antonio Spurs,0,29.45,4.0,10.0,0.4,0.0,0.0,,3.0,4.0,0.75,3.0,3.0,6.0,0.0,2.0,2.0,3.0,2.0,11.0,-36.0,https://www.basketball-reference.com/boxscores/200101230SAS.html,2000-01
Othella Harrington,2001-01-25,Vancouver Grizzlies,Dallas Mavericks,0,21.48,3.0,6.0,0.5,0.0,0.0,,0.0,0.0,,2.0,4.0,6.0,0.0,1.0,1.0,3.0,2.0,6.0,-16.0,https://www.basketball-reference.com/boxscores/200101250DAL.html,2000-01
Othella Harrington,2001-01-26,Vancouver Grizzlies,Houston Rockets,0,31.05,2.0,6.0,0.333,0.0,0.0,,0.0,0.0,,4.0,3.0,7.0,1.0,0.0,0.0,2.0,2.0,4.0,-25.0,https://www.basketball-reference.com/boxscores/200101260HOU.html,2000-01
Othella Harrington,2001-01-29,Vancouver Grizzlies,New Jersey Nets,1,13.53,0.0,2.0,0.0,0.0,0.0,,5.0,6.0,0.833,1.0,3.0,4.0,0.0,1.0,1.0,3.0,4.0,5.0,6.0,https://www.basketball-reference.com/boxscores/200101290VAN.html,2000-01
Othella Harrington,2001-02-01,New York Knicks,Philadelphia 76ers,1,13.16,1.0,1.0,1.0,0.0,0.0,,0.0,0.0,,0.0,2.0,2.0,0.0,1.0,0.0,0.0,2.0,2.0,3.0,https://www.basketball-reference.com/boxscores/200102010NYK.html,2000-01
Othella Harrington,2001-02-02,New York Knicks,New Jersey Nets,0,29.03,3.0,8.0,0.375,0.0,0.0,,2.0,4.0,0.5,3.0,6.0,9.0,1.0,0.0,1.0,2.0,3.0,8.0,18.0,https://www.basketball-reference.com/boxscores/200102020NJN.html,2000-01
Othella Harrington,2001-02-04,Miami Heat,New York Knicks,1,15.46,1.0,2.0,0.5,0.0,0.0,,1.0,1.0,1.0,3.0,3.0,6.0,1.0,0.0,0.0,3.0,5.0,3.0,3.0,https://www.basketball-reference.com/boxscores/200102040MIA.html,2000-01
Othella Harrington,2001-02-05,New York Knicks,Houston Rockets,0,17.59,0.0,0.0,,0.0,0.0,,0.0,0.0,,1.0,5.0,6.0,0.0,0.0,1.0,1.0,3.0,0.0,-1.0,https://www.basketball-reference.com/boxscores/200102050HOU.html,2000-01
Othella Harrington,2001-02-13,New York Knicks,Denver Nuggets,0,9.57,1.0,2.0,0.5,0.0,0.0,,1.0,2.0,0.5,2.0,0.0,2.0,3.0,0.0,0.0,1.0,3.0,3.0,-5.0,https://www.basketball-reference.com/boxscores/200102130DEN.html,2000-01
Othella Harrington,2001-02-14,New York Knicks,Utah Jazz,0,4.3,0.0,0.0,,0.0,0.0,,0.0,0.0,,0.0,1.0,1.0,0.0,0.0,0.0,0.0,2.0,0.0,-5.0,https://www.basketball-reference.com/boxscores/200102140UTA.html,2000-01
Othella Harrington,2001-02-16,New York Knicks,New Jersey Nets,1,,,,,,,,,,,,,,,,,,,,,https://www.basketball-reference.com/boxscores/200102160NYK.html,2000-01
Othella Harrington,2001-02-18,New York Knicks,Orlando Magic,0,,,,,,,,,,,,,,,,,,,,,https://www.basketball-reference.com/boxscores/200102180ORL.html,2000-01
Othella Harrington,2001-02-20,New York Knicks,Miami Heat,1,,,,,,,,,,,,,,,,,,,,,https://www.basketball-reference.com/boxscores/200102200NYK.html,2000-01
Othella Harrington,2001-02-21,New York Knicks,Detroit Pistons,0,5.26,0.0,1.0,0.0,0.0,0.0,,0.0,0.0,,0.0,0.0,0.0,0.0,0.0,0.0,1.0,1.0,0.0,3.0,https://www.basketball-reference.com/boxscores/200102210DET.html,2000-01
Othella Harrington,2001-02-25,New York Knicks,Sacramento Kings,1,,,,,,,,,,,,,,,,,,,,,https://www.basketball-reference.com/boxscores/200102250NYK.html,2000-01
Othella Harrington,2001-02-27,New York Knicks,Seattle SuperSonics,1,,,,,,,,,,,,,,,,,,,,,https://www.basketball-reference.com/boxscores/200102270NYK.html,2000-01
Othella Harrington,2001-03-01,New York Knicks,Boston Celtics,1,,,,,,,,,,,,,,,,,,,,,https://www.basketball-reference.com/boxscores/200103010NYK.html,2000-01
Othella Harrington,2001-03-02,New York Knicks,Chicago Bulls,0,16.47,3.0,5.0,0.6,0.0,0.0,,1.0,4.0,0.25,2.0,2.0,4.0,2.0,0.0,1.0,1.0,4.0,7.0,1.0,https://www.basketball-reference.com/boxscores/200103020CHI.html,2000-01
Othella Harrington,2001-03-04,New York Knicks,Toronto Raptors,0,18.57,3.0,4.0,0.75,0.0,0.0,,2.0,4.0,0.5,2.0,0.0,2.0,0.0,0.0,1.0,1.0,3.0,8.0,-7.0,https://www.basketball-reference.com/boxscores/200103040TOR.html,2000-01
Othella Harrington,2001-03-06,New York Knicks,Indiana Pacers,1,8.29,0.0,1.0,0.0,0.0,0.0,,0.0,0.0,,0.0,1.0,1.0,0.0,0.0,0.0,0.0,3.0,0.0,-5.0,https://www.basketball-reference.com/boxscores/200103060NYK.html,2000-01
Othella Harrington,2001-03-07,New York Knicks,Indiana Pacers,0,16.13,1.0,3.0,0.333,0.0,0.0,,4.0,4.0,1.0,0.0,1.0,1.0,0.0,0.0,0.0,2.0,3.0,6.0,-2.0,https://www.basketball-reference.com/boxscores/200103070IND.html,2000-01
Othella Harrington,2001-03-09,New York Knicks,New Jersey Nets,0,11.31,1.0,3.0,0.333,0.0,0.0,,0.0,0.0,,0.0,0.0,0.0,0.0,1.0,1.0,0.0,2.0,2.0,-4.0,https://www.basketball-reference.com/boxscores/200103090NJN.html,2000-01
Othella Harrington,2001-03-11,New York Knicks,Miami Heat,1,16.2,3.0,4.0,0.75,0.0,0.0,,0.0,0.0,,0.0,0.0,0.0,1.0,1.0,1.0,1.0,5.0,6.0,3.0,https://www.basketball-reference.com/boxscores/200103110NYK.html,2000-01
Othella Harrington,2001-03-13,New York Knicks,Cleveland Cavaliers,1,25.31,5.0,8.0,0.625,0.0,0.0,,2.0,4.0,0.5,2.0,5.0,7.0,0.0,1.0,3.0,2.0,3.0,12.0,10.0,https://www.basketball-reference.com/boxscores/200103130NYK.html,2000-01
Othella Harrington,2001-03-15,New York Knicks,Toronto Raptors,1,21.02,3.0,8.0,0.375,0.0,0.0,,0.0,0.0,,3.0,2.0,5.0,0.0,1.0,0.0,0.0,4.0,6.0,8.0,https://www.basketball-reference.com/boxscores/200103150NYK.html,2000-01
Othella Harrington,2001-03-17,New York Knicks,Chicago Bulls,1,26.55,4.0,5.0,0.8,0.0,0.0,,2.0,3.0,0.667,0.0,5.0,5.0,0.0,0.0,1.0,3.0,3.0,10.0,7.0,https://www.basketball-reference.com/boxscores/200103170NYK.html,2000-01
Othella Harrington,2001-03-20,New York Knicks,Cleveland Cavaliers,0,28.38,4.0,5.0,0.8,0.0,0.0,,6.0,6.0,1.0,2.0,3.0,5.0,2.0,0.0,2.0,1.0,5.0,14.0,23.0,https://www.basketball-reference.com/boxscores/200103200CLE.html,2000-01
Othella Harrington,2001-03-23,New York Knicks,New Jersey Nets,1,36.24,4.0,10.0,0.4,0.0,0.0,,5.0,7.0,0.7140000000000001,2.0,3.0,5.0,0.0,4.0,3.0,3.0,6.0,13.0,-4.0,https://www.basketball-reference.com/boxscores/200103230NYK.html,2000-01
Othella Harrington,2001-03-26,Golden State Warriors,New York Knicks,1,,,,,,,,,,,,,,,,,,,,,https://www.basketball-reference.com/boxscores/200103260GSW.html,2000-01
Othella Harrington,2001-03-27,Sacramento Kings,New York Knicks,1,13.08,1.0,2.0,0.5,0.0,0.0,,3.0,3.0,1.0,0.0,0.0,0.0,1.0,0.0,0.0,0.0,4.0,5.0,1.0,https://www.basketball-reference.com/boxscores/200103270SAC.html,2000-01
Othella Harrington,2001-03-29,New York Knicks,Vancouver Grizzlies,0,12.0,0.0,3.0,0.0,0.0,0.0,,1.0,2.0,0.5,2.0,2.0,4.0,1.0,1.0,0.0,0.0,4.0,1.0,7.0,https://www.basketball-reference.com/boxscores/200103290VAN.html,2000-01
Othella Harrington,2001-03-30,New York Knicks,Portland Trail Blazers,0,4.04,0.0,0.0,,0.0,0.0,,2.0,2.0,1.0,0.0,0.0,0.0,0.0,0.0,0.0,1.0,0.0,2.0,-1.0,https://www.basketball-reference.com/boxscores/200103300POR.html,2000-01
Othella Harrington,2003-12-03,New York Knicks,Seattle SuperSonics,0,,,,,,,,,,,,,,,,,,,,,https://www.basketball-reference.com/boxscores/200312030SEA.html,2003-04
Othella Harrington,2003-12-05,New York Knicks,Portland Trail Blazers,0,,,,,,,,,,,,,,,,,,,,,https://www.basketball-reference.com/boxscores/200312050POR.html,2003-04
Othella Harrington,2003-12-06,New York Knicks,Golden State Warriors,0,2.57,0.0,0.0,,0.0,0.0,,0.0,0.0,,0.0,0.0,0.0,0.0,0.0,0.0,2.0,1.0,0.0,-4.0,https://www.basketball-reference.com/boxscores/200312060GSW.html,2003-04
Othella Harrington,2003-12-09,New York Knicks,Los Angeles Lakers,0,3.38,0.0,0.0,,0.0,0.0,,0.0,0.0,,0.0,1.0,1.0,0.0,0.0,0.0,0.0,1.0,0.0,-7.0,https://www.basketball-reference.com/boxscores/200312090LAL.html,2003-04
Othella Harrington,2003-12-10,New York Knicks,Utah Jazz,0,,,,,,,,,,,,,,,,,,,,,https://www.basketball-reference.com/boxscores/200312100UTA.html,2003-04
Othella Harrington,2003-12-13,New York Knicks,Denver Nuggets,1,,,,,,,,,,,,,,,,,,,,,https://www.basketball-reference.com/boxscores/200312130NYK.html,2003-04
Othella Harrington,2003-12-14,New York Knicks,Washington Wizards,1,,,,,,,,,,,,,,,,,,,,,https://www.basketball-reference.com/boxscores/200312140NYK.html,2003-04
Othella Harrington,2003-12-16,New York Knicks,Golden State Warriors,1,,,,,,,,,,,,,,,,,,,,,https://www.basketball-reference.com/boxscores/200312160NYK.html,2003-04
Othella Harrington,2003-12-19,Toronto Raptors,New York Knicks,1,,,,,,,,,,,,,,,,,,,,,https://www.basketball-reference.com/boxscores/200312190TOR.html,2003-04
Othella Harrington,2003-12-20,New York Knicks,Atlanta Hawks,1,,,,,,,,,,,,,,,,,,,,,https://www.basketball-reference.com/boxscores/200312200NYK.html,2003-04
Othella Harrington,2003-12-23,New York Knicks,Minnesota Timberwolves,1,,,,,,,,,,,,,,,,,,,,,https://www.basketball-reference.com/boxscores/200312230NYK.html,2003-04
Othella Harrington,2003-12-26,New York Knicks,Memphis Grizzlies,0,3.53,0.0,1.0,0.0,0.0,0.0,,0.0,0.0,,0.0,0.0,0.0,1.0,0.0,0.0,0.0,0.0,0.0,-7.0,https://www.basketball-reference.com/boxscores/200312260MEM.html,2003-04
Othella Harrington,2003-12-27,New York Knicks,Miami Heat,0,15.47,3.0,6.0,0.5,0.0,0.0,,2.0,2.0,1.0,3.0,2.0,5.0,0.0,0.0,0.0,1.0,4.0,8.0,-4.0,https://www.basketball-reference.com/boxscores/200312270MIA.html,2003-04
Othella Harrington,2003-12-29,New York Knicks,Orlando Magic,0,17.05,3.0,4.0,0.75,0.0,0.0,,3.0,4.0,0.75,0.0,5.0,5.0,1.0,0.0,0.0,1.0,6.0,9.0,5.0,https://www.basketball-reference.com/boxscores/200312290ORL.html,2003-04
Othella Harrington,2003-12-30,New York Knicks,Miami Heat,1,19.44,3.0,5.0,0.6,0.0,0.0,,3.0,4.0,0.75,0.0,5.0,5.0,2.0,0.0,1.0,1.0,5.0,9.0,8.0,https://www.basketball-reference.com/boxscores/200312300NYK.html,2003-04
Othella Harrington,2004-01-02,New York Knicks,Chicago Bulls,1,5.19,1.0,1.0,1.0,0.0,0.0,,0.0,0.0,,0.0,1.0,1.0,0.0,0.0,0.0,0.0,1.0,2.0,1.0,https://www.basketball-reference.com/boxscores/200401020NYK.html,2003-04
Othella Harrington,2004-01-04,New York Knicks,New Jersey Nets,1,1.0,0.0,0.0,,0.0,0.0,,0.0,0.0,,0.0,0.0,0.0,0.0,0.0,0.0,0.0,1.0,0.0,0.0,https://www.basketball-reference.com/boxscores/200401040NYK.html,2003-04
Othella Harrington,2004-01-06,New York Knicks,Cleveland Cavaliers,0,13.53,1.0,2.0,0.5,0.0,0.0,,0.0,0.0,,0.0,1.0,1.0,1.0,0.0,0.0,0.0,5.0,2.0,0.0,https://www.basketball-reference.com/boxscores/200401060CLE.html,2003-04
Othella Harrington,2004-01-08,New York Knicks,Houston Rockets,1,12.03,1.0,3.0,0.333,0.0,0.0,,0.0,0.0,,2.0,1.0,3.0,0.0,0.0,0.0,0.0,2.0,2.0,-6.0,https://www.basketball-reference.com/boxscores/200401080NYK.html,2003-04
Othella Harrington,2004-01-10,New York Knicks,Milwaukee Bucks,1,6.19,0.0,0.0,,0.0,0.0,,0.0,0.0,,0.0,0.0,0.0,0.0,0.0,0.0,1.0,0.0,0.0,-7.0,https://www.basketball-reference.com/boxscores/200401100NYK.html,2003-04
Othella Harrington,2004-01-14,New York Knicks,Orlando Magic,1,17.37,1.0,3.0,0.333,0.0,0.0,,0.0,0.0,,0.0,2.0,2.0,1.0,0.0,0.0,1.0,2.0,2.0,-4.0,https://www.basketball-reference.com/boxscores/200401140NYK.html,2003-04
Othella Harrington,2004-01-16,New York Knicks,Seattle SuperSonics,1,15.13,1.0,4.0,0.25,0.0,0.0,,2.0,2.0,1.0,0.0,3.0,3.0,2.0,0.0,0.0,2.0,4.0,4.0,-9.0,https://www.basketball-reference.com/boxscores/200401160NYK.html,2003-04
Othella Harrington,2004-01-17,New York Knicks,Chicago Bulls,0,24.32,2.0,3.0,0.667,0.0,0.0,,4.0,4.0,1.0,4.0,0.0,4.0,1.0,0.0,0.0,1.0,3.0,8.0,18.0,https://www.basketball-reference.com/boxscores/200401170CHI.html,2003-04
Othella Harrington,2004-01-19,New York Knicks,Toronto Raptors,1,26.2,4.0,6.0,0.667,0.0,0.0,,2.0,3.0,0.667,2.0,5.0,7.0,2.0,0.0,2.0,2.0,6.0,10.0,24.0,https://www.basketball-reference.com/boxscores/200401190NYK.html,2003-04
Othella Harrington,2004-01-21,New York Knicks,Houston Rockets,0,12.04,1.0,2.0,0.5,0.0,0.0,,0.0,0.0,,0.0,1.0,1.0,1.0,0.0,0.0,3.0,1.0,2.0,-9.0,https://www.basketball-reference.com/boxscores/200401210HOU.html,2003-04
Othella Harrington,2004-01-23,New York Knicks,Atlanta Hawks,0,22.37,2.0,4.0,0.5,0.0,0.0,,0.0,0.0,,4.0,4.0,8.0,1.0,0.0,1.0,4.0,1.0,4.0,8.0,https://www.basketball-reference.com/boxscores/200401230ATL.html,2003-04
Othella Harrington,2004-01-24,New York Knicks,Miami Heat,1,15.08,0.0,0.0,,0.0,0.0,,1.0,2.0,0.5,1.0,0.0,1.0,0.0,1.0,0.0,0.0,3.0,1.0,3.0,https://www.basketball-reference.com/boxscores/200401240NYK.html,2003-04
Othella Harrington,2004-01-27,New York Knicks,San Antonio Spurs,1,26.3,4.0,10.0,0.4,0.0,0.0,,2.0,2.0,1.0,1.0,1.0,2.0,1.0,0.0,0.0,1.0,3.0,10.0,-8.0,https://www.basketball-reference.com/boxscores/200401270NYK.html,2003-04
Othella Harrington,2004-01-30,New York Knicks,Boston Celtics,0,17.29,2.0,6.0,0.333,0.0,0.0,,0.0,0.0,,0.0,2.0,2.0,0.0,1.0,0.0,2.0,6.0,4.0,14.0,https://www.basketball-reference.com/boxscores/200401300BOS.html,2003-04
Othella Harrington,2004-01-31,New York Knicks,Phoenix Suns,1,10.02,1.0,1.0,1.0,0.0,0.0,,0.0,0.0,,0.0,2.0,2.0,1.0,0.0,0.0,0.0,0.0,2.0,10.0,https://www.basketball-reference.com/boxscores/200401310NYK.html,2003-04
Othella Harrington,2004-02-03,New York Knicks,Indiana Pacers,1,13.48,2.0,3.0,0.667,0.0,0.0,,0.0,0.0,,0.0,2.0,2.0,0.0,1.0,0.0,1.0,2.0,4.0,-14.0,https://www.basketball-reference.com/boxscores/200402030NYK.html,2003-04
Othella Harrington,2004-02-07,New York Knicks,Miami Heat,0,25.52,4.0,8.0,0.5,0.0,0.0,,2.0,4.0,0.5,2.0,4.0,6.0,0.0,1.0,1.0,2.0,4.0,10.0,10.0,https://www.basketball-reference.com/boxscores/200402070MIA.html,2003-04
Othella Harrington,2004-02-08,New York Knicks,Los Angeles Clippers,1,23.53,2.0,4.0,0.5,0.0,0.0,,2.0,2.0,1.0,1.0,7.0,8.0,1.0,0.0,0.0,0.0,1.0,6.0,6.0,https://www.basketball-reference.com/boxscores/200402080NYK.html,2003-04
Othella Harrington,2004-02-10,New York Knicks,Dallas Mavericks,0,41.13,5.0,10.0,0.5,0.0,0.0,,1.0,3.0,0.333,5.0,8.0,13.0,0.0,0.0,2.0,1.0,3.0,11.0,-22.0,https://www.basketball-reference.com/boxscores/200402100DAL.html,2003-04
Othella Harrington,2004-02-11,New York Knicks,New Orleans Hornets,0,31.49,3.0,5.0,0.6,0.0,0.0,,3.0,4.0,0.75,3.0,4.0,7.0,2.0,0.0,1.0,2.0,2.0,9.0,-12.0,https://www.basketball-reference.com/boxscores/200402110NOH.html,2003-04
Othella Harrington,2004-02-17,New York Knicks,Detroit Pistons,1,28.03,5.0,8.0,0.625,0.0,0.0,,4.0,4.0,1.0,3.0,6.0,9.0,2.0,0.0,1.0,1.0,4.0,14.0,20.0,https://www.basketball-reference.com/boxscores/200402170NYK.html,2003-04
Othella Harrington,2004-02-20,New York Knicks,Utah Jazz,1,15.21,0.0,1.0,0.0,0.0,0.0,,2.0,2.0,1.0,1.0,2.0,3.0,0.0,2.0,0.0,1.0,2.0,2.0,-10.0,https://www.basketball-reference.com/boxscores/200402200NYK.html,2003-04
Othella Harrington,2004-02-22,New York Knicks,Cleveland Cavaliers,1,15.06,2.0,6.0,0.333,0.0,0.0,,1.0,3.0,0.333,3.0,2.0,5.0,0.0,0.0,0.0,0.0,4.0,5.0,-8.0,https://www.basketball-reference.com/boxscores/200402220NYK.html,2003-04
Othella Harrington,2004-02-24,New York Knicks,Sacramento Kings,0,,,,,,,,,,,,,,,,,,,,,https://www.basketball-reference.com/boxscores/200402240SAC.html,2003-04
Othella Harrington,2004-02-25,New York Knicks,Phoenix Suns,0,22.16,4.0,7.0,0.5710000000000001,0.0,0.0,,2.0,2.0,1.0,1.0,2.0,3.0,0.0,0.0,0.0,0.0,5.0,10.0,-12.0,https://www.basketball-reference.com/boxscores/200402250PHO.html,2003-04
Othella Harrington,2004-02-27,New York Knicks,Los Angeles Clippers,0,25.0,2.0,2.0,1.0,0.0,0.0,,2.0,2.0,1.0,0.0,3.0,3.0,1.0,0.0,0.0,2.0,4.0,6.0,-9.0,https://www.basketball-reference.com/boxscores/200402270LAC.html,2003-04
Othella Harrington,2004-02-29,New York Knicks,Denver Nuggets,0,7.48,0.0,0.0,,0.0,0.0,,2.0,2.0,1.0,0.0,0.0,0.0,0.0,0.0,0.0,2.0,1.0,2.0,-3.0,https://www.basketball-reference.com/boxscores/200402290DEN.html,2003-04
Othella Harrington,2004-03-03,New York Knicks,Philadelphia 76ers,1,13.24,0.0,1.0,0.0,0.0,0.0,,0.0,0.0,,3.0,2.0,5.0,0.0,0.0,0.0,2.0,5.0,0.0,-2.0,https://www.basketball-reference.com/boxscores/200403030NYK.html,2003-04
Othella Harrington,2004-03-05,New York Knicks,Toronto Raptors,0,,,,,,,,,,,,,,,,,,,,,https://www.basketball-reference.com/boxscores/200403050TOR.html,2003-04
Othella Harrington,2004-03-07,New York Knicks,Washington Wizards,0,,,,,,,,,,,,,,,,,,,,,https://www.basketball-reference.com/boxscores/200403070WAS.html,2003-04
Othella Harrington,2004-03-09,New York Knicks,Boston Celtics,1,,,,,,,,,,,,,,,,,,,,,https://www.basketball-reference.com/boxscores/200403090NYK.html,2003-04
Othella Harrington,2004-03-12,Philadelphia 76ers,New York Knicks,1,,,,,,,,,,,,,,,,,,,,,https://www.basketball-reference.com/boxscores/200403120PHI.html,2003-04
Othella Harrington,2004-03-14,New York Knicks,Milwaukee Bucks,0,5.56,0.0,3.0,0.0,0.0,0.0,,0.0,0.0,,0.0,0.0,0.0,1.0,0.0,1.0,0.0,1.0,0.0,7.0,https://www.basketball-reference.com/boxscores/200403140MIL.html,2003-04
Othella Harrington,2004-03-19,New York Knicks,New Jersey Nets,1,10.41,0.0,3.0,0.0,0.0,0.0,,0.0,0.0,,2.0,0.0,2.0,0.0,1.0,0.0,3.0,2.0,0.0,-5.0,https://www.basketball-reference.com/boxscores/200403190NYK.html,2003-04
Othella Harrington,2004-03-20,New York Knicks,Chicago Bulls,0,,,,,,,,,,,,,,,,,,,,,https://www.basketball-reference.com/boxscores/200403200CHI.html,2003-04
Othella Harrington,2004-03-22,New York Knicks,Atlanta Hawks,1,21.53,4.0,6.0,0.667,0.0,0.0,,1.0,1.0,1.0,1.0,1.0,2.0,0.0,0.0,0.0,0.0,3.0,9.0,19.0,https://www.basketball-reference.com/boxscores/200403220NYK.html,2003-04
Othella Harrington,2004-03-24,New York Knicks,Memphis Grizzlies,1,5.54,0.0,0.0,,0.0,0.0,,1.0,2.0,0.5,0.0,0.0,0.0,0.0,1.0,0.0,1.0,0.0,1.0,-14.0,https://www.basketball-reference.com/boxscores/200403240NYK.html,2003-04
Othella Harrington,2004-03-26,New York Knicks,Toronto Raptors,1,6.46,0.0,3.0,0.0,0.0,0.0,,0.0,0.0,,0.0,0.0,0.0,0.0,0.0,0.0,0.0,1.0,0.0,-8.0,https://www.basketball-reference.com/boxscores/200403260NYK.html,2003-04
Othella Harrington,2004-03-27,New York Knicks,Detroit Pistons,0,14.08,0.0,3.0,0.0,0.0,0.0,,2.0,4.0,0.5,2.0,0.0,2.0,2.0,0.0,1.0,1.0,3.0,2.0,8.0,https://www.basketball-reference.com/boxscores/200403270DET.html,2003-04
Othella Harrington,2004-03-29,New York Knicks,Portland Trail Blazers,1,,,,,,,,,,,,,,,,,,,,,https://www.basketball-reference.com/boxscores/200403290NYK.html,2003-04
Othella Harrington,2001-12-01,New York Knicks,Detroit Pistons,1,16.13,2.0,6.0,0.333,0.0,0.0,,2.0,3.0,0.667,4.0,4.0,8.0,1.0,0.0,1.0,2.0,4.0,6.0,1.0,https://www.basketball-reference.com/boxscores/200112010NYK.html,2001-02
Othella Harrington,2001-12-03,New York Knicks,Houston Rockets,1,27.41,7.0,8.0,0.875,0.0,0.0,,0.0,0.0,,1.0,5.0,6.0,1.0,0.0,1.0,0.0,1.0,14.0,10.0,https://www.basketball-reference.com/boxscores/200112030NYK.html,2001-02
Othella Harrington,2001-12-04,New York Knicks,Milwaukee Bucks,0,27.44,3.0,5.0,0.6,0.0,0.0,,4.0,6.0,0.667,3.0,5.0,8.0,1.0,0.0,0.0,2.0,6.0,10.0,5.0,https://www.basketball-reference.com/boxscores/200112040MIL.html,2001-02
Othella Harrington,2001-12-08,New York Knicks,Indiana Pacers,1,14.21,5.0,5.0,1.0,0.0,0.0,,0.0,0.0,,2.0,0.0,2.0,0.0,0.0,0.0,0.0,4.0,10.0,6.0,https://www.basketball-reference.com/boxscores/200112080NYK.html,2001-02
Othella Harrington,2001-12-13,New York Knicks,Detroit Pistons,0,20.51,1.0,3.0,0.333,0.0,0.0,,0.0,0.0,,2.0,1.0,3.0,0.0,0.0,1.0,4.0,4.0,2.0,2.0,https://www.basketball-reference.com/boxscores/200112130DET.html,2001-02
Othella Harrington,2001-12-14,New York Knicks,Washington Wizards,0,31.32,8.0,11.0,0.727,0.0,0.0,,2.0,4.0,0.5,4.0,6.0,10.0,0.0,0.0,1.0,2.0,2.0,18.0,0.0,https://www.basketball-reference.com/boxscores/200112140WAS.html,2001-02
Othella Harrington,2001-12-16,New York Knicks,New Jersey Nets,1,19.02,2.0,5.0,0.4,0.0,0.0,,2.0,4.0,0.5,1.0,3.0,4.0,2.0,2.0,0.0,2.0,4.0,6.0,4.0,https://www.basketball-reference.com/boxscores/200112160NYK.html,2001-02
Othella Harrington,2001-12-18,New York Knicks,Charlotte Hornets,0,20.08,4.0,8.0,0.5,0.0,0.0,,0.0,0.0,,2.0,4.0,6.0,0.0,0.0,0.0,0.0,5.0,8.0,3.0,https://www.basketball-reference.com/boxscores/200112180CHH.html,2001-02
Othella Harrington,2001-12-20,New York Knicks,Memphis Grizzlies,1,21.24,4.0,8.0,0.5,0.0,0.0,,0.0,0.0,,1.0,5.0,6.0,0.0,0.0,0.0,2.0,2.0,8.0,-7.0,https://www.basketball-reference.com/boxscores/200112200NYK.html,2001-02
Othella Harrington,2001-12-22,New York Knicks,Washington Wizards,1,20.12,4.0,7.0,0.5710000000000001,0.0,0.0,,1.0,1.0,1.0,4.0,1.0,5.0,1.0,0.0,0.0,2.0,4.0,9.0,-4.0,https://www.basketball-reference.com/boxscores/200112220NYK.html,2001-02
Othella Harrington,2001-12-25,New York Knicks,Toronto Raptors,1,41.4,7.0,15.0,0.467,0.0,0.0,,2.0,3.0,0.667,0.0,3.0,3.0,0.0,0.0,2.0,1.0,4.0,16.0,10.0,https://www.basketball-reference.com/boxscores/200112250NYK.html,2001-02
Othella Harrington,2001-12-28,New York Knicks,Cleveland Cavaliers,0,25.44,5.0,10.0,0.5,0.0,0.0,,0.0,0.0,,2.0,3.0,5.0,2.0,0.0,2.0,0.0,3.0,10.0,6.0,https://www.basketball-reference.com/boxscores/200112280CLE.html,2001-02
Othella Harrington,2001-12-30,New York Knicks,Orlando Magic,1,26.19,4.0,5.0,0.8,0.0,0.0,,2.0,2.0,1.0,3.0,6.0,9.0,1.0,0.0,0.0,0.0,5.0,10.0,16.0,https://www.basketball-reference.com/boxscores/200112300NYK.html,2001-02
Othella Harrington,2002-01-05,New York Knicks,Boston Celtics,1,12.26,0.0,4.0,0.0,0.0,0.0,,0.0,0.0,,0.0,1.0,1.0,0.0,0.0,0.0,0.0,2.0,0.0,-3.0,https://www.basketball-reference.com/boxscores/200201050NYK.html,2001-02
Othella Harrington,2002-01-07,New York Knicks,San Antonio Spurs,0,11.45,1.0,3.0,0.333,0.0,0.0,,0.0,0.0,,0.0,2.0,2.0,0.0,0.0,0.0,0.0,5.0,2.0,-13.0,https://www.basketball-reference.com/boxscores/200201070SAS.html,2001-02
Othella Harrington,2002-01-08,New York Knicks,Houston Rockets,0,31.34,3.0,9.0,0.333,0.0,0.0,,2.0,2.0,1.0,2.0,5.0,7.0,0.0,0.0,1.0,0.0,2.0,8.0,3.0,https://www.basketball-reference.com/boxscores/200201080HOU.html,2001-02
Othella Harrington,2002-01-10,New York Knicks,Dallas Mavericks,0,28.54,6.0,8.0,0.75,0.0,0.0,,5.0,6.0,0.833,3.0,3.0,6.0,1.0,0.0,0.0,2.0,5.0,17.0,-16.0,https://www.basketball-reference.com/boxscores/200201100DAL.html,2001-02
Othella Harrington,2002-01-12,New York Knicks,Milwaukee Bucks,1,18.05,1.0,4.0,0.25,0.0,1.0,0.0,0.0,0.0,,0.0,2.0,2.0,0.0,0.0,1.0,0.0,1.0,2.0,11.0,https://www.basketball-reference.com/boxscores/200201120NYK.html,2001-02
Othella Harrington,2002-01-16,New York Knicks,Boston Celtics,0,14.39,3.0,3.0,1.0,0.0,0.0,,4.0,4.0,1.0,0.0,1.0,1.0,0.0,0.0,0.0,3.0,3.0,10.0,-9.0,https://www.basketball-reference.com/boxscores/200201160BOS.html,2001-02
Othella Harrington,2002-01-19,New York Knicks,Philadelphia 76ers,0,16.17,3.0,6.0,0.5,0.0,0.0,,1.0,1.0,1.0,1.0,1.0,2.0,0.0,0.0,0.0,0.0,4.0,7.0,4.0,https://www.basketball-reference.com/boxscores/200201190PHI.html,2001-02
Othella Harrington,2002-01-21,New York Knicks,Charlotte Hornets,1,26.52,4.0,10.0,0.4,0.0,0.0,,6.0,7.0,0.857,4.0,3.0,7.0,0.0,0.0,0.0,2.0,3.0,14.0,-20.0,https://www.basketball-reference.com/boxscores/200201210NYK.html,2001-02
Othella Harrington,2002-01-23,New York Knicks,Toronto Raptors,0,17.04,1.0,7.0,0.14300000000000002,0.0,0.0,,0.0,0.0,,1.0,5.0,6.0,0.0,0.0,0.0,1.0,1.0,2.0,1.0,https://www.basketball-reference.com/boxscores/200201230TOR.html,2001-02
Othella Harrington,2002-01-24,New York Knicks,Phoenix Suns,1,5.46,1.0,1.0,1.0,0.0,0.0,,0.0,0.0,,2.0,0.0,2.0,0.0,0.0,1.0,0.0,0.0,2.0,-4.0,https://www.basketball-reference.com/boxscores/200201240NYK.html,2001-02
Othella Harrington,2002-01-26,Milwaukee Bucks,New York Knicks,1,3.32,0.0,2.0,0.0,0.0,0.0,,0.0,0.0,,0.0,0.0,0.0,0.0,0.0,0.0,0.0,1.0,0.0,-3.0,https://www.basketball-reference.com/boxscores/200201260MIL.html,2001-02
Othella Harrington,2002-01-29,New York Knicks,Philadelphia 76ers,1,14.45,1.0,3.0,0.333,0.0,0.0,,0.0,0.0,,3.0,2.0,5.0,1.0,0.0,0.0,0.0,1.0,2.0,0.0,https://www.basketball-reference.com/boxscores/200201290NYK.html,2001-02
Othella Harrington,2002-02-01,New York Knicks,Indiana Pacers,0,10.29,2.0,6.0,0.333,0.0,0.0,,0.0,0.0,,0.0,2.0,2.0,0.0,0.0,0.0,1.0,1.0,4.0,1.0,https://www.basketball-reference.com/boxscores/200202010IND.html,2001-02
Othella Harrington,2002-02-03,New York Knicks,Miami Heat,1,14.32,0.0,3.0,0.0,0.0,0.0,,0.0,2.0,0.0,1.0,2.0,3.0,0.0,0.0,0.0,2.0,3.0,0.0,-2.0,https://www.basketball-reference.com/boxscores/200202030NYK.html,2001-02
Othella Harrington,2002-02-05,New York Knicks,Los Angeles Clippers,1,16.11,5.0,7.0,0.7140000000000001,0.0,0.0,,3.0,4.0,0.75,3.0,3.0,6.0,0.0,0.0,0.0,1.0,4.0,13.0,-4.0,https://www.basketball-reference.com/boxscores/200202050NYK.html,2001-02
Othella Harrington,2002-02-07,New York Knicks,Atlanta Hawks,1,27.16,1.0,6.0,0.16699999999999998,0.0,0.0,,4.0,4.0,1.0,2.0,3.0,5.0,0.0,1.0,0.0,3.0,1.0,6.0,2.0,https://www.basketball-reference.com/boxscores/200202070NYK.html,2001-02
Othella Harrington,2002-02-12,New York Knicks,Orlando Magic,0,18.51,5.0,6.0,0.833,0.0,0.0,,0.0,0.0,,1.0,8.0,9.0,1.0,1.0,1.0,0.0,4.0,10.0,-1.0,https://www.basketball-reference.com/boxscores/200202120ORL.html,2001-02
Othella Harrington,2002-02-13,New York Knicks,Toronto Raptors,1,16.17,4.0,5.0,0.8,0.0,0.0,,0.0,0.0,,0.0,5.0,5.0,1.0,0.0,2.0,1.0,4.0,8.0,10.0,https://www.basketball-reference.com/boxscores/200202130NYK.html,2001-02
Othella Harrington,2002-02-15,New York Knicks,Detroit Pistons,1,27.57,7.0,10.0,0.7,0.0,0.0,,0.0,2.0,0.0,3.0,9.0,12.0,0.0,1.0,1.0,0.0,5.0,14.0,4.0,https://www.basketball-reference.com/boxscores/200202150NYK.html,2001-02
Othella Harrington,2002-02-17,New York Knicks,Utah Jazz,1,8.42,1.0,2.0,0.5,0.0,0.0,,0.0,0.0,,0.0,1.0,1.0,0.0,0.0,0.0,2.0,3.0,2.0,-6.0,https://www.basketball-reference.com/boxscores/200202170NYK.html,2001-02
Othella Harrington,2002-02-20,New York Knicks,Chicago Bulls,0,13.13,3.0,6.0,0.5,0.0,0.0,,0.0,2.0,0.0,4.0,3.0,7.0,0.0,1.0,0.0,2.0,5.0,6.0,9.0,https://www.basketball-reference.com/boxscores/200202200CHI.html,2001-02
Othella Harrington,2002-02-22,New York Knicks,New Jersey Nets,0,27.48,5.0,6.0,0.833,0.0,0.0,,0.0,0.0,,1.0,3.0,4.0,0.0,1.0,3.0,1.0,6.0,10.0,-3.0,https://www.basketball-reference.com/boxscores/200202220NJN.html,2001-02
Othella Harrington,2002-02-24,New York Knicks,Los Angeles Lakers,1,15.2,1.0,4.0,0.25,0.0,0.0,,1.0,1.0,1.0,3.0,1.0,4.0,0.0,0.0,0.0,1.0,3.0,3.0,-4.0,https://www.basketball-reference.com/boxscores/200202240NYK.html,2001-02
Othella Harrington,2002-02-28,New York Knicks,Miami Heat,0,20.57,3.0,6.0,0.5,0.0,0.0,,1.0,4.0,0.25,1.0,4.0,5.0,0.0,1.0,1.0,0.0,0.0,7.0,1.0,https://www.basketball-reference.com/boxscores/200202280MIA.html,2001-02
Othella Harrington,2002-03-01,New York Knicks,Seattle SuperSonics,1,25.0,4.0,8.0,0.5,0.0,0.0,,2.0,6.0,0.333,3.0,4.0,7.0,1.0,0.0,1.0,2.0,2.0,10.0,3.0,https://www.basketball-reference.com/boxscores/200203010NYK.html,2001-02
Othella Harrington,2002-03-03,New York Knicks,San Antonio Spurs,1,23.33,5.0,8.0,0.625,0.0,0.0,,1.0,1.0,1.0,2.0,2.0,4.0,1.0,0.0,1.0,4.0,3.0,11.0,-1.0,https://www.basketball-reference.com/boxscores/200203030NYK.html,2001-02
Othella Harrington,2002-03-05,New York Knicks,Milwaukee Bucks,1,14.38,2.0,6.0,0.333,0.0,0.0,,3.0,3.0,1.0,2.0,1.0,3.0,0.0,0.0,0.0,0.0,1.0,7.0,3.0,https://www.basketball-reference.com/boxscores/200203050NYK.html,2001-02
Othella Harrington,2002-03-07,New York Knicks,Denver Nuggets,0,21.29,2.0,4.0,0.5,0.0,0.0,,0.0,0.0,,0.0,2.0,2.0,0.0,0.0,0.0,1.0,5.0,4.0,-15.0,https://www.basketball-reference.com/boxscores/200203070DEN.html,2001-02
Othella Harrington,2002-03-08,New York Knicks,Utah Jazz,0,10.42,3.0,5.0,0.6,0.0,0.0,,3.0,3.0,1.0,1.0,1.0,2.0,1.0,0.0,0.0,1.0,5.0,9.0,-3.0,https://www.basketball-reference.com/boxscores/200203080UTA.html,2001-02
Othella Harrington,2002-03-10,New York Knicks,Los Angeles Lakers,0,18.31,4.0,6.0,0.667,0.0,0.0,,5.0,6.0,0.833,3.0,2.0,5.0,0.0,0.0,0.0,1.0,2.0,13.0,-9.0,https://www.basketball-reference.com/boxscores/200203100LAL.html,2001-02
Othella Harrington,2002-03-12,New York Knicks,Philadelphia 76ers,1,33.11,4.0,9.0,0.444,0.0,0.0,,2.0,2.0,1.0,2.0,5.0,7.0,1.0,2.0,3.0,2.0,2.0,10.0,-2.0,https://www.basketball-reference.com/boxscores/200203120NYK.html,2001-02
Othella Harrington,2002-03-14,New York Knicks,Sacramento Kings,1,13.17,1.0,2.0,0.5,0.0,0.0,,0.0,0.0,,1.0,4.0,5.0,2.0,0.0,0.0,0.0,5.0,2.0,-9.0,https://www.basketball-reference.com/boxscores/200203140NYK.html,2001-02
Othella Harrington,2002-03-16,New York Knicks,Cleveland Cavaliers,1,8.2,0.0,1.0,0.0,0.0,0.0,,3.0,4.0,0.75,0.0,1.0,1.0,0.0,1.0,0.0,2.0,1.0,3.0,2.0,https://www.basketball-reference.com/boxscores/200203160NYK.html,2001-02
Othella Harrington,2002-03-17,New York Knicks,Cleveland Cavaliers,0,9.33,2.0,2.0,1.0,0.0,0.0,,0.0,0.0,,0.0,2.0,2.0,1.0,0.0,0.0,0.0,2.0,4.0,12.0,https://www.basketball-reference.com/boxscores/200203170CLE.html,2001-02
Othella Harrington,2002-03-19,New York Knicks,Memphis Grizzlies,0,28.03,2.0,4.0,0.5,0.0,0.0,,2.0,2.0,1.0,1.0,3.0,4.0,0.0,1.0,1.0,2.0,3.0,6.0,17.0,https://www.basketball-reference.com/boxscores/200203190MEM.html,2001-02
Othella Harrington,2002-03-21,New York Knicks,Atlanta Hawks,0,16.17,1.0,6.0,0.16699999999999998,0.0,0.0,,8.0,8.0,1.0,0.0,0.0,0.0,1.0,1.0,0.0,2.0,2.0,10.0,-9.0,https://www.basketball-reference.com/boxscores/200203210ATL.html,2001-02
Othella Harrington,2002-03-24,New York Knicks,Philadelphia 76ers,0,,,,,,,,,,,,,,,,,,,,,https://www.basketball-reference.com/boxscores/200203240PHI.html,2001-02
Othella Harrington,2002-03-25,New York Knicks,Denver Nuggets,1,,,,,,,,,,,,,,,,,,,,,https://www.basketball-reference.com/boxscores/200203250NYK.html,2001-02
Othella Harrington,2002-03-27,New York Knicks,Detroit Pistons,0,,,,,,,,,,,,,,,,,,,,,https://www.basketball-reference.com/boxscores/200203270DET.html,2001-02
Othella Harrington,2002-03-29,New York Knicks,Minnesota Timberwolves,1,19.07,2.0,4.0,0.5,0.0,0.0,,1.0,4.0,0.25,0.0,3.0,3.0,1.0,1.0,0.0,0.0,3.0,5.0,3.0,https://www.basketball-reference.com/boxscores/200203290NYK.html,2001-02
Othella Harrington,2002-03-31,New York Knicks,Orlando Magic,0,9.25,0.0,1.0,0.0,0.0,0.0,,2.0,2.0,1.0,2.0,2.0,4.0,0.0,0.0,0.0,1.0,3.0,2.0,1.0,https://www.basketball-reference.com/boxscores/200203310ORL.html,2001-02
