Player,Date,Team,Against,Home,MP,FG,FGA,FG%,3P,3PA,3P%,FT,FTA,FT%,ORB,DRB,TRB,AST,STL,BLK,TOV,PF,PTS,+/-,GameLink,season
Pat Burke,2006-12-01,Phoenix Suns,Milwaukee Bucks,1,,,,,,,,,,,,,,,,,,,,,https://www.basketball-reference.com/boxscores/200612010PHO.html,2006-07
Pat Burke,2006-12-05,Phoenix Suns,Sacramento Kings,1,3.4,3.0,5.0,0.6,3.0,4.0,0.75,0.0,0.0,,0.0,2.0,2.0,0.0,0.0,0.0,0.0,0.0,9.0,3.0,https://www.basketball-reference.com/boxscores/200612050PHO.html,2006-07
Pat Burke,2006-12-07,New Jersey Nets,Phoenix Suns,1,,,,,,,,,,,,,,,,,,,,,https://www.basketball-reference.com/boxscores/200612070NJN.html,2006-07
Pat Burke,2006-12-08,Phoenix Suns,Boston Celtics,0,,,,,,,,,,,,,,,,,,,,,https://www.basketball-reference.com/boxscores/200612080BOS.html,2006-07
Pat Burke,2006-12-10,Phoenix Suns,Charlotte Bobcats,0,2.42,0.0,1.0,0.0,0.0,1.0,0.0,0.0,0.0,,0.0,0.0,0.0,2.0,0.0,0.0,0.0,0.0,0.0,0.0,https://www.basketball-reference.com/boxscores/200612100CHA.html,2006-07
Pat Burke,2006-12-11,Phoenix Suns,Orlando Magic,0,,,,,,,,,,,,,,,,,,,,,https://www.basketball-reference.com/boxscores/200612110ORL.html,2006-07
Pat Burke,2006-12-13,Phoenix Suns,Miami Heat,0,,,,,,,,,,,,,,,,,,,,,https://www.basketball-reference.com/boxscores/200612130MIA.html,2006-07
Pat Burke,2006-12-19,Phoenix Suns,Toronto Raptors,1,7.19,1.0,2.0,0.5,1.0,1.0,1.0,1.0,2.0,0.5,0.0,2.0,2.0,0.0,0.0,0.0,0.0,0.0,4.0,-7.0,https://www.basketball-reference.com/boxscores/200612190PHO.html,2006-07
Pat Burke,2006-12-28,Phoenix Suns,Dallas Mavericks,0,,,,,,,,,,,,,,,,,,,,,https://www.basketball-reference.com/boxscores/200612280DAL.html,2006-07
Pat Burke,2006-12-29,Phoenix Suns,New York Knicks,1,2.21,0.0,1.0,0.0,0.0,1.0,0.0,0.0,0.0,,0.0,0.0,0.0,0.0,0.0,0.0,0.0,0.0,0.0,2.0,https://www.basketball-reference.com/boxscores/200612290PHO.html,2006-07
Pat Burke,2006-12-31,Phoenix Suns,Detroit Pistons,0,,,,,,,,,,,,,,,,,,,,,https://www.basketball-reference.com/boxscores/200612310DET.html,2006-07
Pat Burke,2007-01-02,Phoenix Suns,Chicago Bulls,0,,,,,,,,,,,,,,,,,,,,,https://www.basketball-reference.com/boxscores/200701020CHI.html,2006-07
Pat Burke,2007-01-03,Phoenix Suns,Toronto Raptors,0,,,,,,,,,,,,,,,,,,,,,https://www.basketball-reference.com/boxscores/200701030TOR.html,2006-07
Pat Burke,2007-01-05,Phoenix Suns,Miami Heat,1,3.04,1.0,2.0,0.5,1.0,2.0,0.5,0.0,0.0,,0.0,3.0,3.0,0.0,0.0,0.0,0.0,0.0,3.0,8.0,https://www.basketball-reference.com/boxscores/200701050PHO.html,2006-07
Pat Burke,2007-01-07,Phoenix Suns,Golden State Warriors,1,2.34,0.0,1.0,0.0,0.0,0.0,,0.0,0.0,,0.0,1.0,1.0,1.0,0.0,0.0,0.0,1.0,0.0,-1.0,https://www.basketball-reference.com/boxscores/200701070PHO.html,2006-07
Pat Burke,2007-01-09,Phoenix Suns,Seattle SuperSonics,1,,,,,,,,,,,,,,,,,,,,,https://www.basketball-reference.com/boxscores/200701090PHO.html,2006-07
Pat Burke,2007-01-11,Phoenix Suns,Cleveland Cavaliers,1,3.26,0.0,3.0,0.0,0.0,2.0,0.0,0.0,0.0,,1.0,0.0,1.0,0.0,0.0,0.0,0.0,0.0,0.0,-7.0,https://www.basketball-reference.com/boxscores/200701110PHO.html,2006-07
Pat Burke,2007-01-13,Phoenix Suns,Orlando Magic,1,,,,,,,,,,,,,,,,,,,,,https://www.basketball-reference.com/boxscores/200701130PHO.html,2006-07
Pat Burke,2007-01-15,Phoenix Suns,Memphis Grizzlies,0,,,,,,,,,,,,,,,,,,,,,https://www.basketball-reference.com/boxscores/200701150MEM.html,2006-07
Pat Burke,2007-01-17,Phoenix Suns,Houston Rockets,0,,,,,,,,,,,,,,,,,,,,,https://www.basketball-reference.com/boxscores/200701170HOU.html,2006-07
Pat Burke,2007-01-19,Phoenix Suns,Portland Trail Blazers,1,,,,,,,,,,,,,,,,,,,,,https://www.basketball-reference.com/boxscores/200701190PHO.html,2006-07
Pat Burke,2007-01-21,Phoenix Suns,Minnesota Timberwolves,1,12.0,3.0,5.0,0.6,0.0,0.0,,0.0,1.0,0.0,2.0,3.0,5.0,0.0,0.0,0.0,1.0,1.0,6.0,-4.0,https://www.basketball-reference.com/boxscores/200701210PHO.html,2006-07
Pat Burke,2007-01-23,Phoenix Suns,Washington Wizards,0,,,,,,,,,,,,,,,,,,,,,https://www.basketball-reference.com/boxscores/200701230WAS.html,2006-07
Pat Burke,2007-01-24,Phoenix Suns,New York Knicks,0,,,,,,,,,,,,,,,,,,,,,https://www.basketball-reference.com/boxscores/200701240NYK.html,2006-07
Pat Burke,2007-01-26,Phoenix Suns,Milwaukee Bucks,0,,,,,,,,,,,,,,,,,,,,,https://www.basketball-reference.com/boxscores/200701260MIL.html,2006-07
Pat Burke,2007-01-28,Phoenix Suns,Cleveland Cavaliers,0,,,,,,,,,,,,,,,,,,,,,https://www.basketball-reference.com/boxscores/200701280CLE.html,2006-07
Pat Burke,2007-01-29,Phoenix Suns,Minnesota Timberwolves,0,,,,,,,,,,,,,,,,,,,,,https://www.basketball-reference.com/boxscores/200701290MIN.html,2006-07
Pat Burke,2007-02-01,Phoenix Suns,San Antonio Spurs,1,,,,,,,,,,,,,,,,,,,,,https://www.basketball-reference.com/boxscores/200702010PHO.html,2006-07
Pat Burke,2007-02-03,Phoenix Suns,Utah Jazz,1,,,,,,,,,,,,,,,,,,,,,https://www.basketball-reference.com/boxscores/200702030PHO.html,2006-07
Pat Burke,2007-02-05,Phoenix Suns,Denver Nuggets,0,,,,,,,,,,,,,,,,,,,,,https://www.basketball-reference.com/boxscores/200702050DEN.html,2006-07
Pat Burke,2007-02-06,Portland Trail Blazers,Phoenix Suns,1,4.52,2.0,2.0,1.0,0.0,0.0,,1.0,1.0,1.0,1.0,1.0,2.0,0.0,0.0,0.0,2.0,1.0,5.0,4.0,https://www.basketball-reference.com/boxscores/200702060POR.html,2006-07
Pat Burke,2007-02-09,Phoenix Suns,Atlanta Hawks,1,8.57,0.0,1.0,0.0,0.0,1.0,0.0,0.0,0.0,,0.0,0.0,0.0,0.0,0.0,0.0,0.0,0.0,0.0,-7.0,https://www.basketball-reference.com/boxscores/200702090PHO.html,2006-07
Pat Burke,2007-02-11,Phoenix Suns,Chicago Bulls,1,12.51,1.0,6.0,0.16699999999999998,0.0,2.0,0.0,0.0,0.0,,0.0,0.0,0.0,1.0,1.0,0.0,1.0,1.0,2.0,-17.0,https://www.basketball-reference.com/boxscores/200702110PHO.html,2006-07
Pat Burke,2007-02-14,Phoenix Suns,Seattle SuperSonics,0,15.54,2.0,3.0,0.667,0.0,1.0,0.0,2.0,2.0,1.0,2.0,0.0,2.0,0.0,0.0,0.0,1.0,5.0,6.0,-5.0,https://www.basketball-reference.com/boxscores/200702140SEA.html,2006-07
Pat Burke,2007-02-20,Phoenix Suns,Los Angeles Clippers,0,18.28,3.0,5.0,0.6,0.0,0.0,,1.0,2.0,0.5,1.0,9.0,10.0,1.0,1.0,0.0,1.0,2.0,7.0,4.0,https://www.basketball-reference.com/boxscores/200702200LAC.html,2006-07
Pat Burke,2007-02-21,Phoenix Suns,Boston Celtics,1,4.24,0.0,4.0,0.0,0.0,0.0,,0.0,0.0,,1.0,1.0,2.0,0.0,0.0,0.0,0.0,0.0,0.0,8.0,https://www.basketball-reference.com/boxscores/200702210PHO.html,2006-07
Pat Burke,2007-02-23,Phoenix Suns,Minnesota Timberwolves,0,8.42,2.0,5.0,0.4,0.0,0.0,,0.0,1.0,0.0,2.0,0.0,2.0,0.0,0.0,0.0,1.0,1.0,4.0,7.0,https://www.basketball-reference.com/boxscores/200702230MIN.html,2006-07
Pat Burke,2007-02-25,Phoenix Suns,Atlanta Hawks,0,4.32,0.0,2.0,0.0,0.0,0.0,,0.0,0.0,,0.0,0.0,0.0,0.0,0.0,0.0,0.0,0.0,0.0,-12.0,https://www.basketball-reference.com/boxscores/200702250ATL.html,2006-07
Pat Burke,2007-02-27,Phoenix Suns,Indiana Pacers,0,,,,,,,,,,,,,,,,,,,,,https://www.basketball-reference.com/boxscores/200702270IND.html,2006-07
Pat Burke,2007-02-28,Phoenix Suns,Philadelphia 76ers,0,,,,,,,,,,,,,,,,,,,,,https://www.basketball-reference.com/boxscores/200702280PHI.html,2006-07
Pat Burke,2007-03-02,Phoenix Suns,Indiana Pacers,1,23.49,3.0,5.0,0.6,1.0,1.0,1.0,3.0,4.0,0.75,0.0,4.0,4.0,0.0,1.0,1.0,0.0,3.0,10.0,11.0,https://www.basketball-reference.com/boxscores/200703020PHO.html,2006-07
Pat Burke,2007-03-04,Phoenix Suns,Los Angeles Lakers,1,,,,,,,,,,,,,,,,,,,,,https://www.basketball-reference.com/boxscores/200703040PHO.html,2006-07
Pat Burke,2007-03-09,Phoenix Suns,New Orleans/Oklahoma City Hornets,1,,,,,,,,,,,,,,,,,,,,,https://www.basketball-reference.com/boxscores/200703090PHO.html,2006-07
Pat Burke,2007-03-12,Phoenix Suns,Houston Rockets,1,,,,,,,,,,,,,,,,,,,,,https://www.basketball-reference.com/boxscores/200703120PHO.html,2006-07
Pat Burke,2007-03-14,Dallas Mavericks,Phoenix Suns,1,,,,,,,,,,,,,,,,,,,,,https://www.basketball-reference.com/boxscores/200703140DAL.html,2006-07
Pat Burke,2007-03-16,Phoenix Suns,Detroit Pistons,1,4.5,1.0,3.0,0.333,0.0,1.0,0.0,0.0,0.0,,0.0,2.0,2.0,0.0,0.0,0.0,0.0,1.0,2.0,-3.0,https://www.basketball-reference.com/boxscores/200703160PHO.html,2006-07
Pat Burke,2007-03-17,Phoenix Suns,Denver Nuggets,0,,,,,,,,,,,,,,,,,,,,,https://www.basketball-reference.com/boxscores/200703170DEN.html,2006-07
Pat Burke,2007-03-20,Phoenix Suns,Minnesota Timberwolves,1,2.51,1.0,2.0,0.5,0.0,1.0,0.0,0.0,0.0,,1.0,1.0,2.0,0.0,0.0,1.0,0.0,0.0,2.0,-1.0,https://www.basketball-reference.com/boxscores/200703200PHO.html,2006-07
Pat Burke,2007-03-22,Phoenix Suns,Sacramento Kings,1,,,,,,,,,,,,,,,,,,,,,https://www.basketball-reference.com/boxscores/200703220PHO.html,2006-07
Pat Burke,2007-03-25,Phoenix Suns,Sacramento Kings,0,,,,,,,,,,,,,,,,,,,,,https://www.basketball-reference.com/boxscores/200703250SAC.html,2006-07
Pat Burke,2007-03-26,Phoenix Suns,Memphis Grizzlies,1,,,,,,,,,,,,,,,,,,,,,https://www.basketball-reference.com/boxscores/200703260PHO.html,2006-07
Pat Burke,2007-03-29,Phoenix Suns,Golden State Warriors,0,,,,,,,,,,,,,,,,,,,,,https://www.basketball-reference.com/boxscores/200703290GSW.html,2006-07
Pat Burke,2007-03-30,Phoenix Suns,Denver Nuggets,1,,,,,,,,,,,,,,,,,,,,,https://www.basketball-reference.com/boxscores/200703300PHO.html,2006-07
Pat Burke,2002-12-02,Orlando Magic,Boston Celtics,1,7.14,1.0,5.0,0.2,0.0,0.0,,0.0,0.0,,0.0,1.0,1.0,0.0,0.0,0.0,0.0,0.0,2.0,-5.0,https://www.basketball-reference.com/boxscores/200212020ORL.html,2002-03
Pat Burke,2002-12-04,Orlando Magic,New York Knicks,0,1.12,0.0,0.0,,0.0,0.0,,0.0,0.0,,0.0,0.0,0.0,0.0,0.0,0.0,0.0,0.0,0.0,-1.0,https://www.basketball-reference.com/boxscores/200212040NYK.html,2002-03
Pat Burke,2002-12-06,Orlando Magic,Washington Wizards,1,,,,,,,,,,,,,,,,,,,,,https://www.basketball-reference.com/boxscores/200212060ORL.html,2002-03
Pat Burke,2002-12-07,Orlando Magic,New Jersey Nets,0,12.52,2.0,7.0,0.28600000000000003,0.0,1.0,0.0,3.0,4.0,0.75,2.0,1.0,3.0,0.0,0.0,0.0,2.0,0.0,7.0,-6.0,https://www.basketball-reference.com/boxscores/200212070NJN.html,2002-03
Pat Burke,2002-12-09,Boston Celtics,Orlando Magic,1,,,,,,,,,,,,,,,,,,,,,https://www.basketball-reference.com/boxscores/200212090BOS.html,2002-03
Pat Burke,2002-12-10,Orlando Magic,Chicago Bulls,0,9.21,0.0,3.0,0.0,0.0,0.0,,1.0,2.0,0.5,1.0,1.0,2.0,1.0,0.0,0.0,0.0,1.0,1.0,-3.0,https://www.basketball-reference.com/boxscores/200212100CHI.html,2002-03
Pat Burke,2002-12-13,Orlando Magic,Golden State Warriors,1,24.3,5.0,13.0,0.385,0.0,0.0,,3.0,3.0,1.0,3.0,5.0,8.0,1.0,2.0,0.0,0.0,3.0,13.0,9.0,https://www.basketball-reference.com/boxscores/200212130ORL.html,2002-03
Pat Burke,2002-12-15,Orlando Magic,Los Angeles Lakers,0,11.25,0.0,6.0,0.0,0.0,0.0,,1.0,2.0,0.5,1.0,1.0,2.0,0.0,1.0,0.0,2.0,0.0,1.0,-14.0,https://www.basketball-reference.com/boxscores/200212150LAL.html,2002-03
Pat Burke,2002-12-16,Orlando Magic,Phoenix Suns,0,2.06,0.0,1.0,0.0,0.0,0.0,,0.0,0.0,,0.0,0.0,0.0,0.0,0.0,0.0,0.0,1.0,0.0,-4.0,https://www.basketball-reference.com/boxscores/200212160PHO.html,2002-03
Pat Burke,2002-12-18,Orlando Magic,Utah Jazz,0,10.4,1.0,2.0,0.5,0.0,0.0,,0.0,0.0,,2.0,0.0,2.0,1.0,0.0,0.0,2.0,3.0,2.0,-8.0,https://www.basketball-reference.com/boxscores/200212180UTA.html,2002-03
Pat Burke,2002-12-20,Orlando Magic,Denver Nuggets,0,8.08,1.0,4.0,0.25,0.0,0.0,,0.0,0.0,,0.0,0.0,0.0,0.0,1.0,1.0,0.0,1.0,2.0,0.0,https://www.basketball-reference.com/boxscores/200212200DEN.html,2002-03
Pat Burke,2002-12-23,Orlando Magic,Milwaukee Bucks,1,14.18,2.0,6.0,0.333,0.0,0.0,,3.0,3.0,1.0,1.0,1.0,2.0,1.0,0.0,0.0,0.0,2.0,7.0,-9.0,https://www.basketball-reference.com/boxscores/200212230ORL.html,2002-03
Pat Burke,2002-12-25,Orlando Magic,Detroit Pistons,1,6.14,1.0,2.0,0.5,0.0,0.0,,0.0,0.0,,1.0,2.0,3.0,1.0,0.0,0.0,1.0,0.0,2.0,-5.0,https://www.basketball-reference.com/boxscores/200212250ORL.html,2002-03
Pat Burke,2002-12-27,Orlando Magic,Memphis Grizzlies,0,5.18,0.0,2.0,0.0,0.0,1.0,0.0,0.0,0.0,,0.0,1.0,1.0,1.0,0.0,0.0,0.0,0.0,0.0,3.0,https://www.basketball-reference.com/boxscores/200212270MEM.html,2002-03
Pat Burke,2002-12-28,Orlando Magic,Boston Celtics,1,,,,,,,,,,,,,,,,,,,,,https://www.basketball-reference.com/boxscores/200212280ORL.html,2002-03
Pat Burke,2002-12-30,Orlando Magic,Washington Wizards,1,1.37,1.0,2.0,0.5,0.0,0.0,,0.0,0.0,,0.0,0.0,0.0,0.0,0.0,0.0,0.0,0.0,2.0,0.0,https://www.basketball-reference.com/boxscores/200212300ORL.html,2002-03
Pat Burke,2003-01-03,Orlando Magic,New Orleans Hornets,0,6.41,1.0,3.0,0.333,0.0,0.0,,0.0,0.0,,1.0,2.0,3.0,0.0,0.0,0.0,0.0,0.0,2.0,-9.0,https://www.basketball-reference.com/boxscores/200301030NOH.html,2002-03
Pat Burke,2003-01-04,Orlando Magic,New Jersey Nets,1,21.59,2.0,9.0,0.222,0.0,0.0,,2.0,4.0,0.5,1.0,0.0,1.0,0.0,1.0,0.0,0.0,1.0,6.0,-7.0,https://www.basketball-reference.com/boxscores/200301040ORL.html,2002-03
Pat Burke,2003-01-06,Orlando Magic,New York Knicks,1,6.04,1.0,2.0,0.5,0.0,0.0,,0.0,0.0,,0.0,1.0,1.0,0.0,0.0,0.0,0.0,0.0,2.0,-2.0,https://www.basketball-reference.com/boxscores/200301060ORL.html,2002-03
Pat Burke,2003-01-08,Orlando Magic,Houston Rockets,1,22.47,4.0,10.0,0.4,0.0,0.0,,3.0,3.0,1.0,4.0,1.0,5.0,0.0,1.0,0.0,1.0,0.0,11.0,-12.0,https://www.basketball-reference.com/boxscores/200301080ORL.html,2002-03
Pat Burke,2003-01-12,Orlando Magic,Philadelphia 76ers,0,4.11,0.0,0.0,,0.0,0.0,,0.0,0.0,,0.0,1.0,1.0,0.0,0.0,0.0,1.0,1.0,0.0,-3.0,https://www.basketball-reference.com/boxscores/200301120PHI.html,2002-03
Pat Burke,2003-01-13,Orlando Magic,Detroit Pistons,1,10.17,1.0,2.0,0.5,0.0,0.0,,0.0,0.0,,0.0,0.0,0.0,0.0,0.0,0.0,1.0,2.0,2.0,-7.0,https://www.basketball-reference.com/boxscores/200301130ORL.html,2002-03
Pat Burke,2003-01-16,Orlando Magic,Washington Wizards,0,2.0,0.0,0.0,,0.0,0.0,,0.0,0.0,,0.0,1.0,1.0,0.0,0.0,1.0,0.0,0.0,0.0,0.0,https://www.basketball-reference.com/boxscores/200301160WAS.html,2002-03
Pat Burke,2003-01-19,Orlando Magic,Toronto Raptors,0,14.51,3.0,5.0,0.6,0.0,0.0,,0.0,0.0,,1.0,3.0,4.0,1.0,0.0,3.0,0.0,3.0,6.0,9.0,https://www.basketball-reference.com/boxscores/200301190TOR.html,2002-03
Pat Burke,2003-01-21,Orlando Magic,Cleveland Cavaliers,0,9.2,1.0,5.0,0.2,0.0,0.0,,0.0,0.0,,1.0,2.0,3.0,0.0,0.0,0.0,2.0,1.0,2.0,-11.0,https://www.basketball-reference.com/boxscores/200301210CLE.html,2002-03
Pat Burke,2003-01-22,Orlando Magic,Chicago Bulls,1,12.34,0.0,3.0,0.0,0.0,0.0,,0.0,0.0,,1.0,3.0,4.0,0.0,1.0,0.0,1.0,1.0,0.0,-5.0,https://www.basketball-reference.com/boxscores/200301220ORL.html,2002-03
Pat Burke,2003-01-24,Orlando Magic,Phoenix Suns,1,2.55,1.0,2.0,0.5,0.0,1.0,0.0,0.0,0.0,,1.0,0.0,1.0,0.0,0.0,0.0,0.0,0.0,2.0,-4.0,https://www.basketball-reference.com/boxscores/200301240ORL.html,2002-03
Pat Burke,2003-01-26,Orlando Magic,Boston Celtics,0,5.25,1.0,3.0,0.333,0.0,0.0,,0.0,0.0,,0.0,1.0,1.0,0.0,1.0,0.0,1.0,2.0,2.0,2.0,https://www.basketball-reference.com/boxscores/200301260BOS.html,2002-03
Pat Burke,2003-01-29,Orlando Magic,Cleveland Cavaliers,1,15.01,4.0,8.0,0.5,0.0,0.0,,0.0,0.0,,0.0,1.0,1.0,1.0,1.0,0.0,1.0,3.0,8.0,14.0,https://www.basketball-reference.com/boxscores/200301290ORL.html,2002-03
Pat Burke,2003-01-31,Orlando Magic,San Antonio Spurs,1,11.45,2.0,5.0,0.4,0.0,0.0,,0.0,0.0,,0.0,0.0,0.0,0.0,0.0,2.0,0.0,1.0,4.0,-8.0,https://www.basketball-reference.com/boxscores/200301310ORL.html,2002-03
Pat Burke,2003-02-02,Orlando Magic,Atlanta Hawks,0,11.51,2.0,6.0,0.333,0.0,0.0,,0.0,0.0,,1.0,4.0,5.0,1.0,0.0,1.0,0.0,0.0,4.0,4.0,https://www.basketball-reference.com/boxscores/200302020ATL.html,2002-03
Pat Burke,2003-02-04,Orlando Magic,Portland Trail Blazers,1,3.03,0.0,0.0,,0.0,0.0,,1.0,2.0,0.5,0.0,0.0,0.0,0.0,0.0,1.0,0.0,0.0,1.0,-3.0,https://www.basketball-reference.com/boxscores/200302040ORL.html,2002-03
Pat Burke,2003-02-11,Orlando Magic,New Jersey Nets,1,17.01,2.0,5.0,0.4,0.0,0.0,,1.0,2.0,0.5,3.0,2.0,5.0,0.0,0.0,1.0,0.0,2.0,5.0,8.0,https://www.basketball-reference.com/boxscores/200302110ORL.html,2002-03
Pat Burke,2003-02-13,Orlando Magic,Detroit Pistons,0,5.07,0.0,2.0,0.0,0.0,0.0,,0.0,0.0,,0.0,0.0,0.0,0.0,0.0,0.0,1.0,0.0,0.0,-5.0,https://www.basketball-reference.com/boxscores/200302130DET.html,2002-03
Pat Burke,2003-02-14,Orlando Magic,Philadelphia 76ers,0,12.59,0.0,5.0,0.0,0.0,1.0,0.0,0.0,0.0,,1.0,2.0,3.0,0.0,0.0,1.0,1.0,3.0,0.0,-2.0,https://www.basketball-reference.com/boxscores/200302140PHI.html,2002-03
Pat Burke,2003-02-16,Orlando Magic,Toronto Raptors,0,12.38,0.0,3.0,0.0,0.0,0.0,,0.0,0.0,,0.0,0.0,0.0,0.0,0.0,0.0,0.0,2.0,0.0,-8.0,https://www.basketball-reference.com/boxscores/200302160TOR.html,2002-03
Pat Burke,2003-02-18,Orlando Magic,New Orleans Hornets,1,8.44,1.0,1.0,1.0,0.0,0.0,,0.0,0.0,,1.0,0.0,1.0,0.0,0.0,0.0,0.0,1.0,2.0,7.0,https://www.basketball-reference.com/boxscores/200302180ORL.html,2002-03
Pat Burke,2003-02-21,Orlando Magic,Chicago Bulls,1,2.09,0.0,1.0,0.0,0.0,0.0,,0.0,0.0,,0.0,0.0,0.0,0.0,0.0,0.0,0.0,0.0,0.0,-2.0,https://www.basketball-reference.com/boxscores/200302210ORL.html,2002-03
Pat Burke,2003-02-23,Orlando Magic,New Jersey Nets,0,,,,,,,,,,,,,,,,,,,,,https://www.basketball-reference.com/boxscores/200302230NJN.html,2002-03
Pat Burke,2003-02-25,Orlando Magic,Dallas Mavericks,1,,,,,,,,,,,,,,,,,,,,,https://www.basketball-reference.com/boxscores/200302250ORL.html,2002-03
Pat Burke,2003-02-28,New York Knicks,Orlando Magic,1,,,,,,,,,,,,,,,,,,,,,https://www.basketball-reference.com/boxscores/200302280NYK.html,2002-03
Pat Burke,2003-03-02,Orlando Magic,Cleveland Cavaliers,0,5.22,1.0,5.0,0.2,0.0,0.0,,0.0,0.0,,1.0,1.0,2.0,0.0,0.0,0.0,0.0,0.0,2.0,-3.0,https://www.basketball-reference.com/boxscores/200303020CLE.html,2002-03
Pat Burke,2003-03-03,Orlando Magic,Chicago Bulls,0,,,,,,,,,,,,,,,,,,,,,https://www.basketball-reference.com/boxscores/200303030CHI.html,2002-03
Pat Burke,2003-03-05,Orlando Magic,Milwaukee Bucks,1,,,,,,,,,,,,,,,,,,,,,https://www.basketball-reference.com/boxscores/200303050ORL.html,2002-03
Pat Burke,2003-03-07,Orlando Magic,New York Knicks,1,,,,,,,,,,,,,,,,,,,,,https://www.basketball-reference.com/boxscores/200303070ORL.html,2002-03
Pat Burke,2003-03-09,Orlando Magic,Denver Nuggets,1,7.48,2.0,5.0,0.4,0.0,0.0,,0.0,0.0,,2.0,0.0,2.0,0.0,0.0,0.0,2.0,1.0,4.0,-12.0,https://www.basketball-reference.com/boxscores/200303090ORL.html,2002-03
Pat Burke,2003-03-11,Orlando Magic,Washington Wizards,0,,,,,,,,,,,,,,,,,,,,,https://www.basketball-reference.com/boxscores/200303110WAS.html,2002-03
Pat Burke,2003-03-12,Orlando Magic,Utah Jazz,1,,,,,,,,,,,,,,,,,,,,,https://www.basketball-reference.com/boxscores/200303120ORL.html,2002-03
Pat Burke,2003-03-15,Orlando Magic,New Orleans Hornets,1,,,,,,,,,,,,,,,,,,,,,https://www.basketball-reference.com/boxscores/200303150ORL.html,2002-03
