Unnamed: 0,season,Player,Date,Team,Against,Home,MP,FG,FGA,FG%,3P,3PA,3P%,FT,FTA,FT%,ORB,DRB,TRB,AST,STL,BLK,TOV,PF,PTS,+/-,GameLink,TS%,DD,DT,FPTS
,2020-21,Patrick Williams,2020-12-23,Chicago Bulls,Atlanta Hawks,1.0,33.02,5.0,11.0,0.455,1.0,3.0,0.333,5.0,6.0,0.833,0.0,4.0,4.0,1.0,1.0,1.0,0.0,2.0,16.0,-23.0,https://www.basketball-reference.com/boxscores/202012230CHI.html,109.12,0.0,0.0,27.0
,2020-21,Patrick Williams,2020-12-26,Chicago Bulls,Indiana Pacers,1.0,22.04,2.0,6.0,0.333,1.0,1.0,1.0,4.0,4.0,1.0,1.0,1.0,2.0,1.0,0.0,1.0,4.0,0.0,9.0,-14.0,https://www.basketball-reference.com/boxscores/202012260CHI.html,34.92,0.0,0.0,13.5
,2020-21,Patrick Williams,2020-12-27,Chicago Bulls,Golden State Warriors,1.0,26.21,2.0,5.0,0.4,0.0,1.0,0.0,2.0,2.0,1.0,1.0,3.0,4.0,2.0,0.0,3.0,2.0,1.0,6.0,6.0,https://www.basketball-reference.com/boxscores/202012270CHI.html,17.64,0.0,0.0,19.0
,2020-21,Patrick Williams,2020-12-31,Chicago Bulls,Washington Wizards,0.0,18.24,4.0,5.0,0.8,1.0,2.0,0.5,1.0,2.0,0.5,0.0,1.0,1.0,0.0,0.0,0.0,2.0,4.0,10.0,-15.0,https://www.basketball-reference.com/boxscores/202012310WAS.html,29.4,0.0,0.0,10.75
,2020-21,Patrick Williams,2021-01-01,Chicago Bulls,Milwaukee Bucks,0.0,25.26,4.0,11.0,0.364,0.0,2.0,0.0,0.0,1.0,0.0,0.0,6.0,6.0,0.0,0.0,1.0,3.0,4.0,8.0,-11.0,https://www.basketball-reference.com/boxscores/202101010MIL.html,45.76,0.0,0.0,16.0
,2020-21,Patrick Williams,2021-01-05,Chicago Bulls,Portland Trail Blazers,0.0,24.53,5.0,8.0,0.625,2.0,2.0,1.0,2.0,2.0,1.0,1.0,2.0,3.0,1.0,0.0,0.0,2.0,2.0,14.0,-4.0,https://www.basketball-reference.com/boxscores/202101050POR.html,62.16,0.0,0.0,19.25
,2020-21,Patrick Williams,2021-01-06,Chicago Bulls,Sacramento Kings,0.0,22.11,3.0,6.0,0.5,1.0,2.0,0.5,2.0,2.0,1.0,1.0,1.0,2.0,1.0,1.0,0.0,0.0,5.0,9.0,2.0,https://www.basketball-reference.com/boxscores/202101060SAC.html,30.96,0.0,0.0,15.5
,2020-21,Patrick Williams,2021-01-10,Chicago Bulls,Los Angeles Clippers,0.0,35.47,6.0,9.0,0.667,3.0,5.0,0.6,2.0,2.0,1.0,1.0,1.0,2.0,2.0,2.0,0.0,2.0,1.0,17.0,9.0,https://www.basketball-reference.com/boxscores/202101100LAC.html,83.98,0.0,0.0,27.0
,2020-21,Patrick Williams,2021-01-15,Oklahoma City Thunder,Chicago Bulls,1.0,35.59,5.0,7.0,0.7140000000000001,2.0,3.0,0.667,2.0,2.0,1.0,2.0,5.0,7.0,2.0,0.0,2.0,3.0,3.0,14.0,-7.0,https://www.basketball-reference.com/boxscores/202101150OKC.html,55.16,0.0,0.0,29.25
,2020-21,Patrick Williams,2021-01-22,Chicago Bulls,Charlotte Hornets,0.0,16.04,2.0,7.0,0.28600000000000003,0.0,2.0,0.0,0.0,1.0,0.0,2.0,4.0,6.0,0.0,0.0,0.0,1.0,2.0,4.0,1.0,https://www.basketball-reference.com/boxscores/202101220CHO.html,14.88,0.0,0.0,11.0
,2020-21,Patrick Williams,2021-01-23,Chicago Bulls,Los Angeles Lakers,1.0,30.51,5.0,12.0,0.417,2.0,4.0,0.5,1.0,2.0,0.5,4.0,4.0,8.0,1.0,0.0,1.0,1.0,2.0,13.0,-3.0,https://www.basketball-reference.com/boxscores/202101230CHI.html,83.72,0.0,0.0,27.0
,2020-21,Patrick Williams,2021-01-30,Chicago Bulls,Portland Trail Blazers,1.0,24.18,4.0,7.0,0.5710000000000001,1.0,3.0,0.333,2.0,2.0,1.0,0.0,1.0,1.0,1.0,1.0,0.0,1.0,0.0,11.0,-12.0,https://www.basketball-reference.com/boxscores/202101300CHI.html,43.34,0.0,0.0,15.75
,2020-21,Patrick Williams,2021-02-01,Chicago Bulls,New York Knicks,1.0,28.01,3.0,8.0,0.375,0.0,3.0,0.0,4.0,6.0,0.667,0.0,1.0,1.0,2.0,0.0,0.0,0.0,1.0,10.0,-1.0,https://www.basketball-reference.com/boxscores/202102010CHI.html,53.2,0.0,0.0,14.25
,2020-21,Patrick Williams,2021-02-03,Chicago Bulls,New York Knicks,1.0,32.1,6.0,12.0,0.5,0.0,3.0,0.0,0.0,1.0,0.0,0.0,7.0,7.0,1.0,1.0,0.0,2.0,1.0,12.0,5.0,https://www.basketball-reference.com/boxscores/202102030CHI.html,74.64,0.0,0.0,23.25
,2020-21,Patrick Williams,2021-02-05,Chicago Bulls,Orlando Magic,0.0,33.53,7.0,11.0,0.636,0.0,1.0,0.0,6.0,6.0,1.0,2.0,5.0,7.0,1.0,2.0,1.0,1.0,3.0,20.0,-8.0,https://www.basketball-reference.com/boxscores/202102050ORL.html,136.4,0.0,0.0,35.75
,2020-21,Patrick Williams,2021-02-06,Chicago Bulls,Orlando Magic,0.0,33.27,7.0,13.0,0.5379999999999999,1.0,2.0,0.5,1.0,1.0,1.0,1.0,9.0,10.0,1.0,0.0,1.0,2.0,1.0,16.0,22.0,https://www.basketball-reference.com/boxscores/202102060ORL.html,107.52,1.0,0.0,32.5
,2020-21,Patrick Williams,2021-02-08,Chicago Bulls,Washington Wizards,1.0,35.22,2.0,7.0,0.28600000000000003,2.0,3.0,0.667,4.0,4.0,1.0,0.0,6.0,6.0,1.0,0.0,0.0,2.0,3.0,10.0,6.0,https://www.basketball-reference.com/boxscores/202102080CHI.html,43.8,0.0,0.0,19.0
,2020-21,Patrick Williams,2021-02-10,Chicago Bulls,New Orleans Pelicans,1.0,34.42,2.0,7.0,0.28600000000000003,1.0,2.0,0.5,2.0,4.0,0.5,1.0,4.0,5.0,1.0,2.0,2.0,1.0,4.0,7.0,7.0,https://www.basketball-reference.com/boxscores/202102100CHI.html,30.66,0.0,0.0,22.75
,2020-21,Patrick Williams,2021-02-12,Chicago Bulls,Los Angeles Clippers,1.0,34.59,1.0,5.0,0.2,0.0,1.0,0.0,1.0,2.0,0.5,0.0,4.0,4.0,1.0,0.0,1.0,1.0,2.0,3.0,-19.0,https://www.basketball-reference.com/boxscores/202102120CHI.html,8.82,0.0,0.0,11.0
,2020-21,Patrick Williams,2021-02-15,Indiana Pacers,Chicago Bulls,1.0,26.32,2.0,10.0,0.2,1.0,2.0,0.5,2.0,2.0,1.0,2.0,7.0,9.0,1.0,0.0,1.0,3.0,0.0,7.0,-6.0,https://www.basketball-reference.com/boxscores/202102150IND.html,38.08000000000001,0.0,0.0,20.75
,2020-21,Patrick Williams,2021-02-17,Chicago Bulls,Detroit Pistons,1.0,29.29,5.0,7.0,0.7140000000000001,1.0,2.0,0.5,4.0,5.0,0.8,1.0,4.0,5.0,2.0,1.0,1.0,0.0,3.0,15.0,-10.0,https://www.basketball-reference.com/boxscores/202102170CHI.html,69.0,0.0,0.0,28.75
,2020-21,Patrick Williams,2021-02-19,Chicago Bulls,Philadelphia 76ers,0.0,31.24,2.0,5.0,0.4,0.0,1.0,0.0,2.0,2.0,1.0,0.0,3.0,3.0,2.0,1.0,0.0,3.0,2.0,6.0,-9.0,https://www.basketball-reference.com/boxscores/202102190PHI.html,17.64,0.0,0.0,13.25
,2020-21,Patrick Williams,2021-03-01,Chicago Bulls,Denver Nuggets,1.0,31.59,5.0,11.0,0.455,2.0,4.0,0.5,1.0,3.0,0.333,2.0,2.0,4.0,0.0,0.0,1.0,0.0,1.0,13.0,-23.0,https://www.basketball-reference.com/boxscores/202103010CHI.html,80.08,0.0,0.0,21.0
,2020-21,Patrick Williams,2021-03-11,Chicago Bulls,Philadelphia 76ers,1.0,31.48,1.0,4.0,0.25,1.0,2.0,0.5,1.0,2.0,0.5,0.0,1.0,1.0,4.0,1.0,0.0,1.0,3.0,4.0,0.0,https://www.basketball-reference.com/boxscores/202103110CHI.html,9.76,0.0,0.0,13.25
,2020-21,Patrick Williams,2021-03-14,Chicago Bulls,Toronto Raptors,1.0,26.34,9.0,14.0,0.643,1.0,4.0,0.25,4.0,5.0,0.8,2.0,4.0,6.0,4.0,1.0,1.0,0.0,4.0,23.0,9.0,https://www.basketball-reference.com/boxscores/202103140CHI.html,186.3,0.0,0.0,41.0
,2020-21,Patrick Williams,2021-03-19,Denver Nuggets,Chicago Bulls,1.0,21.29,2.0,7.0,0.28600000000000003,1.0,2.0,0.5,1.0,2.0,0.5,1.0,5.0,6.0,1.0,1.0,1.0,0.0,0.0,6.0,-4.0,https://www.basketball-reference.com/boxscores/202103190DEN.html,23.64,0.0,0.0,19.5
,2020-21,Patrick Williams,2021-03-24,Chicago Bulls,Cleveland Cavaliers,1.0,31.59,2.0,6.0,0.333,0.0,1.0,0.0,1.0,2.0,0.5,1.0,4.0,5.0,1.0,1.0,0.0,1.0,1.0,5.0,-9.0,https://www.basketball-reference.com/boxscores/202103240CHI.html,17.2,0.0,0.0,14.25
