Player,Date,Team,Against,Home,MP,FG,FGA,FG%,3P,3PA,3P%,FT,FTA,FT%,ORB,DRB,TRB,AST,STL,BLK,TOV,PF,PTS,+/-,GameLink,season
Pepe Sánchez,2003-01-06,Detroit Pistons,Toronto Raptors,1,,,,,,,,,,,,,,,,,,,,,https://www.basketball-reference.com/boxscores/200301060DET.html,2002-03
Pepe Sánchez,2003-01-08,Philadelphia 76ers,Detroit Pistons,1,0.2,0.0,0.0,,0.0,0.0,,0.0,0.0,,0.0,0.0,0.0,0.0,0.0,0.0,0.0,0.0,0.0,0.0,https://www.basketball-reference.com/boxscores/200301080PHI.html,2002-03
Pepe Sánchez,2003-01-10,New Orleans Hornets,Detroit Pistons,1,,,,,,,,,,,,,,,,,,,,,https://www.basketball-reference.com/boxscores/200301100NOH.html,2002-03
Pepe Sánchez,2003-01-11,Detroit Pistons,Milwaukee Bucks,1,,,,,,,,,,,,,,,,,,,,,https://www.basketball-reference.com/boxscores/200301110DET.html,2002-03
Pepe Sánchez,2003-01-13,Detroit Pistons,Orlando Magic,0,,,,,,,,,,,,,,,,,,,,,https://www.basketball-reference.com/boxscores/200301130ORL.html,2002-03
Pepe Sánchez,2003-01-14,Detroit Pistons,Miami Heat,0,,,,,,,,,,,,,,,,,,,,,https://www.basketball-reference.com/boxscores/200301140MIA.html,2002-03
Pepe Sánchez,2003-01-17,Detroit Pistons,New York Knicks,1,3.53,0.0,1.0,0.0,0.0,0.0,,0.0,0.0,,0.0,0.0,0.0,2.0,0.0,0.0,0.0,1.0,0.0,-7.0,https://www.basketball-reference.com/boxscores/200301170DET.html,2002-03
Pepe Sánchez,2003-01-18,Detroit Pistons,Indiana Pacers,0,,,,,,,,,,,,,,,,,,,,,https://www.basketball-reference.com/boxscores/200301180IND.html,2002-03
Pepe Sánchez,2003-01-20,Detroit Pistons,Indiana Pacers,1,,,,,,,,,,,,,,,,,,,,,https://www.basketball-reference.com/boxscores/200301200DET.html,2002-03
Pepe Sánchez,2003-01-22,Detroit Pistons,Philadelphia 76ers,1,,,,,,,,,,,,,,,,,,,,,https://www.basketball-reference.com/boxscores/200301220DET.html,2002-03
Pepe Sánchez,2003-01-24,Detroit Pistons,Houston Rockets,0,1.32,0.0,0.0,,0.0,0.0,,0.0,0.0,,0.0,0.0,0.0,2.0,1.0,0.0,0.0,0.0,0.0,2.0,https://www.basketball-reference.com/boxscores/200301240HOU.html,2002-03
Pepe Sánchez,2003-01-25,Detroit Pistons,San Antonio Spurs,0,5.4,0.0,1.0,0.0,0.0,0.0,,0.0,0.0,,1.0,0.0,1.0,1.0,1.0,0.0,1.0,0.0,0.0,-1.0,https://www.basketball-reference.com/boxscores/200301250SAS.html,2002-03
Pepe Sánchez,2003-01-28,Detroit Pistons,Boston Celtics,1,,,,,,,,,,,,,,,,,,,,,https://www.basketball-reference.com/boxscores/200301280DET.html,2002-03
Pepe Sánchez,2003-01-31,Detroit Pistons,Boston Celtics,0,6.26,0.0,1.0,0.0,0.0,0.0,,0.0,0.0,,2.0,1.0,3.0,0.0,2.0,0.0,0.0,0.0,0.0,2.0,https://www.basketball-reference.com/boxscores/200301310BOS.html,2002-03
Pepe Sánchez,2003-02-01,Detroit Pistons,New Jersey Nets,1,,,,,,,,,,,,,,,,,,,,,https://www.basketball-reference.com/boxscores/200302010DET.html,2002-03
Pepe Sánchez,2003-02-05,Detroit Pistons,Los Angeles Clippers,1,,,,,,,,,,,,,,,,,,,,,https://www.basketball-reference.com/boxscores/200302050DET.html,2002-03
Pepe Sánchez,2003-02-11,Detroit Pistons,Chicago Bulls,0,,,,,,,,,,,,,,,,,,,,,https://www.basketball-reference.com/boxscores/200302110CHI.html,2002-03
Pepe Sánchez,2003-03-04,Detroit Pistons,Houston Rockets,1,,,,,,,,,,,,,,,,,,,,,https://www.basketball-reference.com/boxscores/200303040DET.html,2002-03
Pepe Sánchez,2003-03-09,Detroit Pistons,Golden State Warriors,1,4.18,0.0,1.0,0.0,0.0,0.0,,0.0,0.0,,0.0,0.0,0.0,1.0,0.0,0.0,0.0,2.0,0.0,1.0,https://www.basketball-reference.com/boxscores/200303090DET.html,2002-03
Pepe Sánchez,2003-03-12,Detroit Pistons,Los Angeles Lakers,1,5.11,0.0,0.0,,0.0,0.0,,0.0,0.0,,0.0,1.0,1.0,2.0,1.0,0.0,0.0,0.0,0.0,7.0,https://www.basketball-reference.com/boxscores/200303120DET.html,2002-03
Pepe Sánchez,2003-03-14,Detroit Pistons,Washington Wizards,1,2.47,0.0,0.0,,0.0,0.0,,0.0,0.0,,0.0,0.0,0.0,0.0,0.0,0.0,1.0,0.0,0.0,-1.0,https://www.basketball-reference.com/boxscores/200303140DET.html,2002-03
Pepe Sánchez,2003-03-15,Detroit Pistons,Boston Celtics,1,,,,,,,,,,,,,,,,,,,,,https://www.basketball-reference.com/boxscores/200303150DET.html,2002-03
Pepe Sánchez,2003-03-18,Washington Wizards,Detroit Pistons,1,,,,,,,,,,,,,,,,,,,,,https://www.basketball-reference.com/boxscores/200303180WAS.html,2002-03
Pepe Sánchez,2003-03-20,Detroit Pistons,Philadelphia 76ers,1,,,,,,,,,,,,,,,,,,,,,https://www.basketball-reference.com/boxscores/200303200DET.html,2002-03
Pepe Sánchez,2000-12-09,Philadelphia 76ers,Vancouver Grizzlies,0,6.46,0.0,0.0,,0.0,0.0,,0.0,0.0,,0.0,1.0,1.0,1.0,0.0,0.0,0.0,1.0,0.0,4.0,https://www.basketball-reference.com/boxscores/200012090VAN.html,2000-01
Pepe Sánchez,2000-12-13,Philadelphia 76ers,Washington Wizards,0,4.51,2.0,2.0,1.0,0.0,0.0,,0.0,0.0,,0.0,2.0,2.0,3.0,0.0,0.0,0.0,1.0,4.0,7.0,https://www.basketball-reference.com/boxscores/200012130WAS.html,2000-01
Pepe Sánchez,2000-12-15,Philadelphia 76ers,Dallas Mavericks,1,9.24,1.0,3.0,0.333,0.0,1.0,0.0,0.0,0.0,,0.0,1.0,1.0,1.0,0.0,0.0,0.0,1.0,2.0,-1.0,https://www.basketball-reference.com/boxscores/200012150PHI.html,2000-01
Pepe Sánchez,2000-12-16,Philadelphia 76ers,Chicago Bulls,0,8.07,1.0,2.0,0.5,0.0,0.0,,2.0,2.0,1.0,0.0,1.0,1.0,0.0,1.0,0.0,0.0,1.0,4.0,-3.0,https://www.basketball-reference.com/boxscores/200012160CHI.html,2000-01
Pepe Sánchez,2000-12-20,Philadelphia 76ers,Utah Jazz,1,1.08,0.0,0.0,,0.0,0.0,,0.0,0.0,,0.0,0.0,0.0,0.0,0.0,0.0,0.0,1.0,0.0,-4.0,https://www.basketball-reference.com/boxscores/200012200PHI.html,2000-01
Pepe Sánchez,2000-12-22,Philadelphia 76ers,New York Knicks,1,4.5,0.0,1.0,0.0,0.0,0.0,,0.0,0.0,,0.0,0.0,0.0,2.0,0.0,0.0,0.0,1.0,0.0,-1.0,https://www.basketball-reference.com/boxscores/200012220PHI.html,2000-01
Pepe Sánchez,2001-01-06,Philadelphia 76ers,Cleveland Cavaliers,0,,,,,,,,,,,,,,,,,,,,,https://www.basketball-reference.com/boxscores/200101060CLE.html,2000-01
Pepe Sánchez,2001-01-09,Philadelphia 76ers,New Jersey Nets,0,,,,,,,,,,,,,,,,,,,,,https://www.basketball-reference.com/boxscores/200101090NJN.html,2000-01
Pepe Sánchez,2001-01-10,Philadelphia 76ers,Portland Trail Blazers,1,,,,,,,,,,,,,,,,,,,,,https://www.basketball-reference.com/boxscores/200101100PHI.html,2000-01
Pepe Sánchez,2001-01-12,Philadelphia 76ers,Washington Wizards,0,,,,,,,,,,,,,,,,,,,,,https://www.basketball-reference.com/boxscores/200101120WAS.html,2000-01
Pepe Sánchez,2001-01-13,Philadelphia 76ers,San Antonio Spurs,1,1.2,0.0,0.0,,0.0,0.0,,0.0,0.0,,0.0,0.0,0.0,0.0,0.0,0.0,0.0,0.0,0.0,1.0,https://www.basketball-reference.com/boxscores/200101130PHI.html,2000-01
Pepe Sánchez,2001-01-15,Philadelphia 76ers,Charlotte Hornets,1,,,,,,,,,,,,,,,,,,,,,https://www.basketball-reference.com/boxscores/200101150PHI.html,2000-01
Pepe Sánchez,2001-01-17,Philadelphia 76ers,Chicago Bulls,1,1.39,0.0,0.0,,0.0,0.0,,0.0,0.0,,0.0,0.0,0.0,0.0,1.0,0.0,0.0,0.0,0.0,-2.0,https://www.basketball-reference.com/boxscores/200101170PHI.html,2000-01
Pepe Sánchez,2001-01-19,Philadelphia 76ers,New Jersey Nets,1,5.17,1.0,1.0,1.0,0.0,0.0,,0.0,0.0,,0.0,1.0,1.0,1.0,0.0,0.0,0.0,0.0,2.0,-5.0,https://www.basketball-reference.com/boxscores/200101190PHI.html,2000-01
Pepe Sánchez,2001-01-23,Philadelphia 76ers,Dallas Mavericks,0,,,,,,,,,,,,,,,,,,,,,https://www.basketball-reference.com/boxscores/200101230DAL.html,2000-01
Pepe Sánchez,2001-01-24,Houston Rockets,Philadelphia 76ers,1,,,,,,,,,,,,,,,,,,,,,https://www.basketball-reference.com/boxscores/200101240HOU.html,2000-01
Pepe Sánchez,2001-01-26,Philadelphia 76ers,Detroit Pistons,1,7.52,0.0,1.0,0.0,0.0,0.0,,0.0,0.0,,0.0,1.0,1.0,3.0,0.0,0.0,1.0,3.0,0.0,4.0,https://www.basketball-reference.com/boxscores/200101260PHI.html,2000-01
Pepe Sánchez,2001-01-28,Philadelphia 76ers,Indiana Pacers,0,,,,,,,,,,,,,,,,,,,,,https://www.basketball-reference.com/boxscores/200101280IND.html,2000-01
Pepe Sánchez,2001-01-30,Philadelphia 76ers,Toronto Raptors,0,,,,,,,,,,,,,,,,,,,,,https://www.basketball-reference.com/boxscores/200101300TOR.html,2000-01
Pepe Sánchez,2001-02-01,Philadelphia 76ers,New York Knicks,0,,,,,,,,,,,,,,,,,,,,,https://www.basketball-reference.com/boxscores/200102010NYK.html,2000-01
Pepe Sánchez,2001-02-04,Philadelphia 76ers,New Jersey Nets,0,,,,,,,,,,,,,,,,,,,,,https://www.basketball-reference.com/boxscores/200102040NJN.html,2000-01
Pepe Sánchez,2001-02-05,Philadelphia 76ers,Denver Nuggets,1,15.56,0.0,1.0,0.0,0.0,0.0,,0.0,0.0,,0.0,2.0,2.0,6.0,2.0,0.0,0.0,1.0,0.0,4.0,https://www.basketball-reference.com/boxscores/200102050PHI.html,2000-01
Pepe Sánchez,2001-02-07,Philadelphia 76ers,Houston Rockets,1,11.43,1.0,3.0,0.333,0.0,0.0,,0.0,0.0,,2.0,1.0,3.0,6.0,1.0,1.0,1.0,2.0,2.0,-11.0,https://www.basketball-reference.com/boxscores/200102070PHI.html,2000-01
Pepe Sánchez,2001-02-14,Philadelphia 76ers,Los Angeles Lakers,1,,,,,,,,,,,,,,,,,,,,,https://www.basketball-reference.com/boxscores/200102140PHI.html,2000-01
Pepe Sánchez,2001-02-16,Philadelphia 76ers,Los Angeles Clippers,1,,,,,,,,,,,,,,,,,,,,,https://www.basketball-reference.com/boxscores/200102160PHI.html,2000-01
Pepe Sánchez,2001-02-21,Philadelphia 76ers,Vancouver Grizzlies,1,,,,,,,,,,,,,,,,,,,,,https://www.basketball-reference.com/boxscores/200102210PHI.html,2000-01
Pepe Sánchez,2001-02-23,Atlanta Hawks,Los Angeles Lakers,0,3.02,0.0,1.0,0.0,0.0,0.0,,0.0,0.0,,0.0,0.0,0.0,1.0,0.0,0.0,0.0,0.0,0.0,-2.0,https://www.basketball-reference.com/boxscores/200102230LAL.html,2000-01
Pepe Sánchez,2001-02-24,Atlanta Hawks,Denver Nuggets,0,,,,,,,,,,,,,,,,,,,,,https://www.basketball-reference.com/boxscores/200102240DEN.html,2000-01
Pepe Sánchez,2001-02-26,Atlanta Hawks,Utah Jazz,0,7.42,0.0,1.0,0.0,0.0,0.0,,0.0,0.0,,0.0,0.0,0.0,0.0,2.0,0.0,1.0,1.0,0.0,-4.0,https://www.basketball-reference.com/boxscores/200102260UTA.html,2000-01
Pepe Sánchez,2001-02-28,Atlanta Hawks,Toronto Raptors,1,,,,,,,,,,,,,,,,,,,,,https://www.basketball-reference.com/boxscores/200102280ATL.html,2000-01
Pepe Sánchez,2001-03-02,Atlanta Hawks,Charlotte Hornets,1,5.37,0.0,1.0,0.0,0.0,0.0,,0.0,0.0,,0.0,0.0,0.0,1.0,0.0,0.0,0.0,2.0,0.0,-4.0,https://www.basketball-reference.com/boxscores/200103020ATL.html,2000-01
Pepe Sánchez,2001-03-03,Atlanta Hawks,San Antonio Spurs,0,15.2,0.0,2.0,0.0,0.0,0.0,,0.0,0.0,,0.0,0.0,0.0,3.0,0.0,0.0,2.0,0.0,0.0,-7.0,https://www.basketball-reference.com/boxscores/200103030SAS.html,2000-01
Pepe Sánchez,2001-03-05,Atlanta Hawks,Utah Jazz,1,,,,,,,,,,,,,,,,,,,,,https://www.basketball-reference.com/boxscores/200103050ATL.html,2000-01
Pepe Sánchez,2001-03-07,Atlanta Hawks,Houston Rockets,1,,,,,,,,,,,,,,,,,,,,,https://www.basketball-reference.com/boxscores/200103070ATL.html,2000-01
Pepe Sánchez,2001-03-09,Atlanta Hawks,Philadelphia 76ers,0,2.24,0.0,2.0,0.0,0.0,0.0,,0.0,0.0,,1.0,0.0,1.0,0.0,0.0,0.0,0.0,0.0,0.0,1.0,https://www.basketball-reference.com/boxscores/200103090PHI.html,2000-01
Pepe Sánchez,2001-03-10,Atlanta Hawks,Chicago Bulls,1,,,,,,,,,,,,,,,,,,,,,https://www.basketball-reference.com/boxscores/200103100ATL.html,2000-01
Pepe Sánchez,2001-03-16,Philadelphia 76ers,Sacramento Kings,1,,,,,,,,,,,,,,,,,,,,,https://www.basketball-reference.com/boxscores/200103160PHI.html,2000-01
Pepe Sánchez,2001-03-17,Philadelphia 76ers,Milwaukee Bucks,0,,,,,,,,,,,,,,,,,,,,,https://www.basketball-reference.com/boxscores/200103170MIL.html,2000-01
Pepe Sánchez,2001-03-19,Philadelphia 76ers,Seattle SuperSonics,0,,,,,,,,,,,,,,,,,,,,,https://www.basketball-reference.com/boxscores/200103190SEA.html,2000-01
Pepe Sánchez,2001-03-20,Philadelphia 76ers,Los Angeles Clippers,0,,,,,,,,,,,,,,,,,,,,,https://www.basketball-reference.com/boxscores/200103200LAC.html,2000-01
Pepe Sánchez,2001-03-23,Philadelphia 76ers,Phoenix Suns,0,,,,,,,,,,,,,,,,,,,,,https://www.basketball-reference.com/boxscores/200103230PHO.html,2000-01
Pepe Sánchez,2001-03-26,Philadelphia 76ers,Milwaukee Bucks,1,1.19,0.0,0.0,,0.0,0.0,,0.0,0.0,,0.0,0.0,0.0,0.0,0.0,0.0,0.0,0.0,0.0,-3.0,https://www.basketball-reference.com/boxscores/200103260PHI.html,2000-01
Pepe Sánchez,2001-03-28,Philadelphia 76ers,Orlando Magic,1,,,,,,,,,,,,,,,,,,,,,https://www.basketball-reference.com/boxscores/200103280PHI.html,2000-01
Pepe Sánchez,2001-03-30,Philadelphia 76ers,Golden State Warriors,1,1.37,1.0,2.0,0.5,0.0,0.0,,0.0,0.0,,0.0,0.0,0.0,1.0,0.0,0.0,0.0,1.0,2.0,-1.0,https://www.basketball-reference.com/boxscores/200103300PHI.html,2000-01
