Unnamed: 0,season,Player,Date,Team,Against,Home,MP,FG,FGA,FG%,3P,3PA,3P%,FT,FTA,FT%,ORB,DRB,TRB,AST,STL,BLK,TOV,PF,PTS,+/-,GameLink,TS%,DD,DT,FPTS
,2019-20,Raul Neto,2019-12-15,Philadelphia 76ers,Brooklyn Nets,0.0,21.24,3.0,6.0,0.5,1.0,2.0,0.5,1.0,2.0,0.5,0.0,3.0,3.0,3.0,2.0,0.0,3.0,1.0,8.0,-15.0,https://www.basketball-reference.com/boxscores/201912150BRK.html,27.52,0.0,0.0,19.25
,2019-20,Raul Neto,2019-12-18,Philadelphia 76ers,Miami Heat,1.0,5.32,0.0,1.0,0.0,0.0,1.0,0.0,2.0,2.0,1.0,0.0,0.0,0.0,2.0,1.0,0.0,0.0,0.0,2.0,-8.0,https://www.basketball-reference.com/boxscores/201912180PHI.html,1.88,0.0,0.0,7.0
,2019-20,Raul Neto,2020-01-13,Philadelphia 76ers,Indiana Pacers,0.0,3.37,2.0,2.0,1.0,1.0,1.0,1.0,2.0,2.0,1.0,0.0,0.0,0.0,0.0,0.0,0.0,1.0,0.0,7.0,-3.0,https://www.basketball-reference.com/boxscores/202001130IND.html,10.08,0.0,0.0,7.0
,2019-20,Raul Neto,2020-01-15,Philadelphia 76ers,Brooklyn Nets,1.0,6.53,1.0,4.0,0.25,0.0,1.0,0.0,2.0,2.0,1.0,0.0,0.0,0.0,2.0,0.0,0.0,0.0,1.0,4.0,3.0,https://www.basketball-reference.com/boxscores/202001150PHI.html,9.76,0.0,0.0,7.0
,2019-20,Raul Neto,2020-01-25,Philadelphia 76ers,Los Angeles Lakers,1.0,18.59,3.0,5.0,0.6,2.0,3.0,0.667,1.0,2.0,0.5,1.0,1.0,2.0,3.0,1.0,1.0,3.0,4.0,9.0,6.0,https://www.basketball-reference.com/boxscores/202001250PHI.html,26.46,0.0,0.0,19.5
,2019-20,Raul Neto,2020-01-28,Philadelphia 76ers,Golden State Warriors,1.0,20.44,7.0,10.0,0.7,3.0,5.0,0.6,2.0,2.0,1.0,0.0,2.0,2.0,2.0,1.0,0.0,0.0,3.0,19.0,15.0,https://www.basketball-reference.com/boxscores/202001280PHI.html,103.36,0.0,0.0,28.0
,2019-20,Raul Neto,2020-02-01,Philadelphia 76ers,Boston Celtics,0.0,10.34,0.0,3.0,0.0,0.0,2.0,0.0,1.0,2.0,0.5,3.0,1.0,4.0,1.0,0.0,0.0,1.0,0.0,1.0,-5.0,https://www.basketball-reference.com/boxscores/202002010BOS.html,1.94,0.0,0.0,7.0
,2019-20,Raul Neto,2020-03-05,Philadelphia 76ers,Sacramento Kings,0.0,20.47,5.0,8.0,0.625,2.0,3.0,0.667,4.0,5.0,0.8,0.0,2.0,2.0,2.0,1.0,0.0,2.0,2.0,16.0,-2.0,https://www.basketball-reference.com/boxscores/202003050SAC.html,81.6,0.0,0.0,23.5
,2019-20,Raul Neto,2020-03-07,Philadelphia 76ers,Golden State Warriors,0.0,18.37,3.0,4.0,0.75,1.0,1.0,1.0,4.0,4.0,1.0,0.0,0.0,0.0,3.0,0.0,0.0,2.0,3.0,11.0,2.0,https://www.basketball-reference.com/boxscores/202003070GSW.html,31.68,0.0,0.0,15.0
,2018-19,Raul Neto,2018-12-06,Utah Jazz,Houston Rockets,1.0,9.16,2.0,4.0,0.5,0.0,2.0,0.0,1.0,2.0,0.5,1.0,0.0,1.0,1.0,1.0,0.0,0.0,1.0,5.0,-10.0,https://www.basketball-reference.com/boxscores/201812060UTA.html,12.2,0.0,0.0,9.75
,2018-19,Raul Neto,2018-12-09,Utah Jazz,San Antonio Spurs,0.0,5.38,1.0,2.0,0.5,0.0,1.0,0.0,2.0,2.0,1.0,0.0,0.0,0.0,1.0,1.0,0.0,0.0,1.0,4.0,5.0,https://www.basketball-reference.com/boxscores/201812090SAS.html,5.76,0.0,0.0,7.5
,2018-19,Raul Neto,2019-01-09,Utah Jazz,Orlando Magic,1.0,30.34,4.0,11.0,0.364,0.0,5.0,0.0,2.0,2.0,1.0,0.0,3.0,3.0,3.0,1.0,0.0,2.0,4.0,10.0,22.0,https://www.basketball-reference.com/boxscores/201901090UTA.html,59.40000000000001,0.0,0.0,19.25
,2018-19,Raul Neto,2019-02-12,Utah Jazz,Golden State Warriors,0.0,9.16,3.0,4.0,0.75,0.0,1.0,0.0,4.0,6.0,0.667,0.0,0.0,0.0,2.0,0.0,0.0,1.0,2.0,10.0,3.0,https://www.basketball-reference.com/boxscores/201902120GSW.html,33.2,0.0,0.0,12.5
,2018-19,Raul Neto,2019-03-16,Utah Jazz,Brooklyn Nets,1.0,14.46,3.0,8.0,0.375,1.0,4.0,0.25,2.0,2.0,1.0,0.0,4.0,4.0,2.0,0.0,0.0,1.0,4.0,9.0,6.0,https://www.basketball-reference.com/boxscores/201903160UTA.html,39.96,0.0,0.0,17.0
,2018-19,Raul Neto,2019-03-23,Utah Jazz,Chicago Bulls,0.0,14.44,3.0,5.0,0.6,2.0,3.0,0.667,2.0,2.0,1.0,0.0,2.0,2.0,2.0,0.0,0.0,1.0,2.0,10.0,17.0,https://www.basketball-reference.com/boxscores/201903230CHI.html,29.4,0.0,0.0,16.0
,2018-19,Raul Neto,2019-03-25,Utah Jazz,Phoenix Suns,1.0,17.12,2.0,4.0,0.5,0.0,1.0,0.0,4.0,5.0,0.8,1.0,4.0,5.0,3.0,0.0,0.0,1.0,3.0,8.0,20.0,https://www.basketball-reference.com/boxscores/201903250UTA.html,24.8,0.0,0.0,18.25
,2020-21,Raul Neto,2020-12-31,Washington Wizards,Chicago Bulls,1.0,21.48,5.0,7.0,0.7140000000000001,3.0,3.0,1.0,2.0,2.0,1.0,0.0,4.0,4.0,1.0,3.0,0.0,0.0,2.0,15.0,3.0,https://www.basketball-reference.com/boxscores/202012310WAS.html,59.1,0.0,0.0,29.0
,2020-21,Raul Neto,2021-01-09,Washington Wizards,Miami Heat,1.0,20.0,2.0,9.0,0.222,0.0,2.0,0.0,2.0,3.0,0.667,1.0,2.0,3.0,3.0,2.0,0.0,2.0,0.0,6.0,-9.0,https://www.basketball-reference.com/boxscores/202101090WAS.html,30.96,0.0,0.0,17.25
,2020-21,Raul Neto,2021-01-11,Washington Wizards,Phoenix Suns,1.0,24.36,7.0,13.0,0.5379999999999999,2.0,6.0,0.333,0.0,1.0,0.0,0.0,2.0,2.0,2.0,0.0,0.0,2.0,2.0,16.0,2.0,https://www.basketball-reference.com/boxscores/202101110WAS.html,107.52,0.0,0.0,21.5
,2020-21,Raul Neto,2021-02-10,Washington Wizards,Toronto Raptors,1.0,27.17,2.0,7.0,0.28600000000000003,1.0,5.0,0.2,1.0,2.0,0.5,0.0,6.0,6.0,4.0,1.0,0.0,1.0,2.0,6.0,-5.0,https://www.basketball-reference.com/boxscores/202102100WAS.html,23.64,0.0,0.0,21.5
,2020-21,Raul Neto,2021-02-14,Washington Wizards,Boston Celtics,1.0,24.28,1.0,3.0,0.333,0.0,1.0,0.0,2.0,2.0,1.0,1.0,2.0,3.0,1.0,1.0,0.0,0.0,1.0,4.0,3.0,https://www.basketball-reference.com/boxscores/202102140WAS.html,7.76,0.0,0.0,11.25
,2020-21,Raul Neto,2021-02-15,Washington Wizards,Houston Rockets,1.0,26.36,4.0,9.0,0.444,0.0,2.0,0.0,4.0,4.0,1.0,1.0,3.0,4.0,0.0,1.0,0.0,1.0,2.0,12.0,10.0,https://www.basketball-reference.com/boxscores/202102150WAS.html,64.56,0.0,0.0,18.5
,2020-21,Raul Neto,2021-02-17,Washington Wizards,Denver Nuggets,1.0,20.17,5.0,5.0,1.0,1.0,1.0,1.0,3.0,3.0,1.0,0.0,2.0,2.0,1.0,1.0,0.0,0.0,0.0,14.0,2.0,https://www.basketball-reference.com/boxscores/202102170WAS.html,44.24,0.0,0.0,20.5
,2020-21,Raul Neto,2021-02-20,Washington Wizards,Portland Trail Blazers,0.0,23.51,1.0,5.0,0.2,1.0,3.0,0.333,2.0,2.0,1.0,0.0,6.0,6.0,3.0,1.0,0.0,1.0,1.0,5.0,2.0,https://www.basketball-reference.com/boxscores/202102200POR.html,14.7,0.0,0.0,19.0
,2020-21,Raul Neto,2021-02-23,Washington Wizards,Los Angeles Clippers,0.0,20.08,4.0,6.0,0.667,2.0,2.0,1.0,1.0,2.0,0.5,0.0,1.0,1.0,1.0,0.0,0.0,0.0,0.0,11.0,-7.0,https://www.basketball-reference.com/boxscores/202102230LAC.html,37.84,0.0,0.0,14.75
,2020-21,Raul Neto,2021-02-25,Washington Wizards,Denver Nuggets,0.0,28.14,5.0,10.0,0.5,1.0,3.0,0.333,4.0,4.0,1.0,0.0,2.0,2.0,4.0,5.0,0.0,0.0,4.0,15.0,5.0,https://www.basketball-reference.com/boxscores/202102250DEN.html,88.2,0.0,0.0,34.0
,2020-21,Raul Neto,2021-03-10,Washington Wizards,Memphis Grizzlies,0.0,24.29,2.0,5.0,0.4,1.0,1.0,1.0,2.0,2.0,1.0,0.0,2.0,2.0,2.0,0.0,1.0,0.0,3.0,7.0,-17.0,https://www.basketball-reference.com/boxscores/202103100MEM.html,20.58,0.0,0.0,15.0
,2020-21,Raul Neto,2021-03-13,Washington Wizards,Milwaukee Bucks,1.0,26.01,3.0,11.0,0.273,3.0,6.0,0.5,1.0,2.0,0.5,0.0,2.0,2.0,6.0,1.0,0.0,1.0,1.0,10.0,-11.0,https://www.basketball-reference.com/boxscores/202103130WAS.html,59.40000000000001,0.0,0.0,24.5
,2020-21,Raul Neto,2021-03-15,Washington Wizards,Milwaukee Bucks,1.0,19.52,2.0,6.0,0.333,0.0,3.0,0.0,2.0,2.0,1.0,0.0,1.0,1.0,1.0,1.0,0.0,2.0,2.0,6.0,3.0,https://www.basketball-reference.com/boxscores/202103150WAS.html,20.64,0.0,0.0,9.75
,2020-21,Raul Neto,2021-03-17,Washington Wizards,Sacramento Kings,1.0,26.5,5.0,10.0,0.5,0.0,3.0,0.0,2.0,2.0,1.0,0.0,3.0,3.0,4.0,2.0,0.0,1.0,3.0,12.0,11.0,https://www.basketball-reference.com/boxscores/202103170WAS.html,65.28,0.0,0.0,25.25
,2020-21,Raul Neto,2021-03-23,Washington Wizards,New York Knicks,0.0,18.36,3.0,8.0,0.375,1.0,2.0,0.5,1.0,2.0,0.5,0.0,3.0,3.0,1.0,1.0,0.0,0.0,0.0,8.0,-8.0,https://www.basketball-reference.com/boxscores/202103230NYK.html,35.52,0.0,0.0,15.75
,2020-21,Raul Neto,2021-03-25,Washington Wizards,New York Knicks,0.0,16.26,4.0,7.0,0.5710000000000001,1.0,3.0,0.333,0.0,1.0,0.0,1.0,3.0,4.0,2.0,2.0,0.0,0.0,2.0,9.0,-6.0,https://www.basketball-reference.com/boxscores/202103250NYK.html,33.480000000000004,0.0,0.0,21.5
