Unnamed: 0,season,Player,Date,Team,Against,Home,MP,FG,FGA,FG%,3P,3PA,3P%,FT,FTA,FT%,ORB,DRB,TRB,AST,STL,BLK,TOV,PF,PTS,+/-,GameLink,TS%,DD,DT,FPTS
,2020-21,Richaun Holmes,2021-01-06,Sacramento Kings,Chicago Bulls,1.0,29.41,10.0,11.0,0.909,0.0,1.0,0.0,4.0,6.0,0.667,3.0,5.0,8.0,5.0,1.0,0.0,1.0,5.0,24.0,10.0,https://www.basketball-reference.com/boxscores/202101060SAC.html,163.68,0.0,0.0,43.0
,2020-21,Richaun Holmes,2021-01-11,Sacramento Kings,Indiana Pacers,1.0,35.51,6.0,11.0,0.545,1.0,1.0,1.0,3.0,4.0,0.75,6.0,4.0,10.0,3.0,1.0,6.0,3.0,5.0,16.0,12.0,https://www.basketball-reference.com/boxscores/202101110SAC.html,102.08,1.0,0.0,47.0
,2020-21,Richaun Holmes,2021-01-15,Sacramento Kings,Los Angeles Clippers,1.0,30.29,8.0,11.0,0.727,0.0,1.0,0.0,1.0,1.0,1.0,1.0,4.0,5.0,1.0,0.0,0.0,1.0,4.0,17.0,-27.0,https://www.basketball-reference.com/boxscores/202101150SAC.html,97.24,0.0,0.0,24.25
,2020-21,Richaun Holmes,2021-01-17,Sacramento Kings,New Orleans Pelicans,1.0,42.11,7.0,12.0,0.583,0.0,1.0,0.0,2.0,2.0,1.0,2.0,5.0,7.0,1.0,1.0,2.0,0.0,5.0,16.0,4.0,https://www.basketball-reference.com/boxscores/202101170SAC.html,103.04,0.0,0.0,32.25
,2020-21,Richaun Holmes,2021-02-03,Sacramento Kings,Boston Celtics,1.0,30.15,3.0,8.0,0.375,0.0,1.0,0.0,1.0,1.0,1.0,1.0,6.0,7.0,0.0,0.0,1.0,1.0,5.0,7.0,-4.0,https://www.basketball-reference.com/boxscores/202102030SAC.html,29.54,0.0,0.0,17.25
,2020-21,Richaun Holmes,2021-02-28,Sacramento Kings,Charlotte Hornets,1.0,33.42,5.0,8.0,0.625,0.0,1.0,0.0,3.0,3.0,1.0,1.0,7.0,8.0,1.0,2.0,1.0,0.0,4.0,13.0,0.0,https://www.basketball-reference.com/boxscores/202102280SAC.html,60.58,0.0,0.0,30.5
,2020-21,Richaun Holmes,2021-03-19,Sacramento Kings,Boston Celtics,0.0,32.13,7.0,11.0,0.636,1.0,1.0,1.0,10.0,12.0,0.833,4.0,7.0,11.0,2.0,2.0,3.0,0.0,2.0,25.0,8.0,https://www.basketball-reference.com/boxscores/202103190BOS.html,203.5,1.0,0.0,53.25
,2020-21,Richaun Holmes,2021-03-24,Sacramento Kings,Atlanta Hawks,1.0,29.44,7.0,12.0,0.583,0.0,1.0,0.0,2.0,2.0,1.0,4.0,4.0,8.0,1.0,1.0,2.0,0.0,4.0,16.0,5.0,https://www.basketball-reference.com/boxscores/202103240SAC.html,103.04,0.0,0.0,33.5
