Player,Date,Team,Against,Home,MP,FG,FGA,FG%,3P,3PA,3P%,FT,FTA,FT%,ORB,DRB,TRB,AST,STL,BLK,TOV,PF,PTS,+/-,GameLink,season
Rick Brunson,2003-01-20,Chicago Bulls,Atlanta Hawks,0,24.28,5.0,7.0,0.7140000000000001,2.0,2.0,1.0,0.0,2.0,0.0,0.0,0.0,0.0,7.0,3.0,0.0,0.0,4.0,12.0,15.0,https://www.basketball-reference.com/boxscores/200301200ATL.html,2002-03
Rick Brunson,2003-01-22,Chicago Bulls,Orlando Magic,0,20.35,7.0,10.0,0.7,1.0,2.0,0.5,2.0,2.0,1.0,0.0,2.0,2.0,3.0,0.0,0.0,0.0,5.0,17.0,4.0,https://www.basketball-reference.com/boxscores/200301220ORL.html,2002-03
Rick Brunson,2003-01-24,Chicago Bulls,Washington Wizards,1,29.02,4.0,6.0,0.667,0.0,1.0,0.0,2.0,2.0,1.0,0.0,3.0,3.0,10.0,1.0,0.0,2.0,1.0,10.0,7.0,https://www.basketball-reference.com/boxscores/200301240CHI.html,2002-03
Rick Brunson,2003-01-26,Chicago Bulls,Houston Rockets,1,28.38,3.0,6.0,0.5,1.0,1.0,1.0,0.0,0.0,,0.0,3.0,3.0,3.0,1.0,0.0,2.0,3.0,7.0,-12.0,https://www.basketball-reference.com/boxscores/200301260CHI.html,2002-03
Rick Brunson,2003-01-29,Chicago Bulls,Los Angeles Clippers,0,15.0,0.0,3.0,0.0,0.0,0.0,,0.0,0.0,,0.0,2.0,2.0,0.0,0.0,0.0,2.0,2.0,0.0,-9.0,https://www.basketball-reference.com/boxscores/200301290LAC.html,2002-03
Rick Brunson,2003-01-31,Chicago Bulls,Portland Trail Blazers,0,1.33,0.0,1.0,0.0,0.0,0.0,,0.0,0.0,,0.0,0.0,0.0,0.0,0.0,0.0,0.0,0.0,0.0,2.0,https://www.basketball-reference.com/boxscores/200301310POR.html,2002-03
Rick Brunson,2003-02-01,Chicago Bulls,Seattle SuperSonics,0,,,,,,,,,,,,,,,,,,,,,https://www.basketball-reference.com/boxscores/200302010SEA.html,2002-03
Rick Brunson,2003-02-03,Phoenix Suns,Chicago Bulls,1,,,,,,,,,,,,,,,,,,,,,https://www.basketball-reference.com/boxscores/200302030PHO.html,2002-03
Rick Brunson,2003-02-04,Denver Nuggets,Chicago Bulls,1,,,,,,,,,,,,,,,,,,,,,https://www.basketball-reference.com/boxscores/200302040DEN.html,2002-03
Rick Brunson,2003-02-11,Chicago Bulls,Detroit Pistons,1,0.39,0.0,0.0,,0.0,0.0,,0.0,0.0,,0.0,0.0,0.0,0.0,0.0,0.0,0.0,0.0,0.0,0.0,https://www.basketball-reference.com/boxscores/200302110CHI.html,2002-03
Rick Brunson,2003-02-12,Philadelphia 76ers,Chicago Bulls,1,,,,,,,,,,,,,,,,,,,,,https://www.basketball-reference.com/boxscores/200302120PHI.html,2002-03
Rick Brunson,2003-02-14,Chicago Bulls,New Jersey Nets,0,6.38,0.0,1.0,0.0,0.0,0.0,,0.0,0.0,,2.0,0.0,2.0,1.0,0.0,0.0,0.0,1.0,0.0,7.0,https://www.basketball-reference.com/boxscores/200302140NJN.html,2002-03
Rick Brunson,2003-02-15,Chicago Bulls,Denver Nuggets,1,2.51,0.0,0.0,,0.0,0.0,,0.0,0.0,,0.0,0.0,0.0,0.0,0.0,0.0,1.0,1.0,0.0,0.0,https://www.basketball-reference.com/boxscores/200302150CHI.html,2002-03
Rick Brunson,2003-02-18,Chicago Bulls,Cleveland Cavaliers,0,,,,,,,,,,,,,,,,,,,,,https://www.basketball-reference.com/boxscores/200302180CLE.html,2002-03
Rick Brunson,2003-02-19,Chicago Bulls,Philadelphia 76ers,1,6.31,0.0,1.0,0.0,0.0,0.0,,0.0,0.0,,0.0,0.0,0.0,2.0,0.0,0.0,0.0,0.0,0.0,-7.0,https://www.basketball-reference.com/boxscores/200302190CHI.html,2002-03
Rick Brunson,2003-02-22,Chicago Bulls,Miami Heat,0,,,,,,,,,,,,,,,,,,,,,https://www.basketball-reference.com/boxscores/200302220MIA.html,2002-03
Rick Brunson,2003-02-24,Chicago Bulls,Phoenix Suns,1,,,,,,,,,,,,,,,,,,,,,https://www.basketball-reference.com/boxscores/200302240CHI.html,2002-03
Rick Brunson,2003-03-18,Chicago Bulls,Atlanta Hawks,1,17.15,2.0,5.0,0.4,0.0,0.0,,0.0,0.0,,1.0,2.0,3.0,5.0,2.0,0.0,1.0,0.0,4.0,18.0,https://www.basketball-reference.com/boxscores/200303180CHI.html,2002-03
Rick Brunson,2003-03-22,Chicago Bulls,New York Knicks,1,6.28,0.0,2.0,0.0,0.0,0.0,,0.0,0.0,,0.0,0.0,0.0,0.0,1.0,0.0,3.0,2.0,0.0,1.0,https://www.basketball-reference.com/boxscores/200303220CHI.html,2002-03
Rick Brunson,2003-03-23,Chicago Bulls,Detroit Pistons,0,,,,,,,,,,,,,,,,,,,,,https://www.basketball-reference.com/boxscores/200303230DET.html,2002-03
Rick Brunson,2003-03-26,Chicago Bulls,Miami Heat,1,6.22,0.0,1.0,0.0,0.0,0.0,,2.0,2.0,1.0,0.0,0.0,0.0,1.0,0.0,2.0,1.0,0.0,2.0,0.0,https://www.basketball-reference.com/boxscores/200303260CHI.html,2002-03
Rick Brunson,2003-03-28,Chicago Bulls,Indiana Pacers,0,,,,,,,,,,,,,,,,,,,,,https://www.basketball-reference.com/boxscores/200303280IND.html,2002-03
Rick Brunson,2003-03-29,Chicago Bulls,Sacramento Kings,1,3.1,0.0,1.0,0.0,0.0,0.0,,0.0,0.0,,0.0,0.0,0.0,1.0,0.0,0.0,1.0,1.0,0.0,-6.0,https://www.basketball-reference.com/boxscores/200303290CHI.html,2002-03
Rick Brunson,2000-12-01,New York Knicks,Chicago Bulls,0,,,,,,,,,,,,,,,,,,,,,https://www.basketball-reference.com/boxscores/200012010CHI.html,2000-01
Rick Brunson,2000-12-02,New York Knicks,Minnesota Timberwolves,1,,,,,,,,,,,,,,,,,,,,,https://www.basketball-reference.com/boxscores/200012020NYK.html,2000-01
Rick Brunson,2000-12-04,New York Knicks,Los Angeles Clippers,1,5.1,0.0,1.0,0.0,0.0,0.0,,0.0,0.0,,1.0,2.0,3.0,1.0,0.0,0.0,1.0,0.0,0.0,0.0,https://www.basketball-reference.com/boxscores/200012040NYK.html,2000-01
Rick Brunson,2000-12-06,New York Knicks,Dallas Mavericks,0,5.05,1.0,2.0,0.5,0.0,0.0,,2.0,2.0,1.0,0.0,1.0,1.0,0.0,0.0,0.0,0.0,1.0,4.0,11.0,https://www.basketball-reference.com/boxscores/200012060DAL.html,2000-01
Rick Brunson,2000-12-07,New York Knicks,San Antonio Spurs,0,,,,,,,,,,,,,,,,,,,,,https://www.basketball-reference.com/boxscores/200012070SAS.html,2000-01
Rick Brunson,2000-12-09,New York Knicks,Denver Nuggets,1,,,,,,,,,,,,,,,,,,,,,https://www.basketball-reference.com/boxscores/200012090NYK.html,2000-01
Rick Brunson,2000-12-14,New York Knicks,Toronto Raptors,0,,,,,,,,,,,,,,,,,,,,,https://www.basketball-reference.com/boxscores/200012140TOR.html,2000-01
Rick Brunson,2000-12-15,New York Knicks,Utah Jazz,1,15.29,3.0,5.0,0.6,0.0,1.0,0.0,0.0,0.0,,0.0,1.0,1.0,2.0,0.0,0.0,4.0,1.0,6.0,-6.0,https://www.basketball-reference.com/boxscores/200012150NYK.html,2000-01
Rick Brunson,2000-12-19,New York Knicks,Atlanta Hawks,0,3.25,0.0,2.0,0.0,0.0,1.0,0.0,0.0,0.0,,0.0,0.0,0.0,0.0,0.0,0.0,0.0,1.0,0.0,-7.0,https://www.basketball-reference.com/boxscores/200012190ATL.html,2000-01
Rick Brunson,2000-12-21,New York Knicks,Boston Celtics,1,0.1,0.0,0.0,,0.0,0.0,,0.0,0.0,,0.0,0.0,0.0,1.0,0.0,0.0,0.0,0.0,0.0,2.0,https://www.basketball-reference.com/boxscores/200012210NYK.html,2000-01
Rick Brunson,2000-12-22,New York Knicks,Philadelphia 76ers,0,1.39,0.0,0.0,,0.0,0.0,,0.0,0.0,,0.0,0.0,0.0,0.0,0.0,0.0,0.0,0.0,0.0,-3.0,https://www.basketball-reference.com/boxscores/200012220PHI.html,2000-01
Rick Brunson,2000-12-27,New York Knicks,Washington Wizards,0,2.2,0.0,1.0,0.0,0.0,1.0,0.0,0.0,0.0,,0.0,1.0,1.0,0.0,0.0,0.0,1.0,1.0,0.0,-6.0,https://www.basketball-reference.com/boxscores/200012270WAS.html,2000-01
Rick Brunson,2000-12-29,New York Knicks,Chicago Bulls,1,,,,,,,,,,,,,,,,,,,,,https://www.basketball-reference.com/boxscores/200012290NYK.html,2000-01
Rick Brunson,2000-12-30,New York Knicks,Minnesota Timberwolves,0,,,,,,,,,,,,,,,,,,,,,https://www.basketball-reference.com/boxscores/200012300MIN.html,2000-01
Rick Brunson,2001-01-03,New York Knicks,Boston Celtics,0,6.15,0.0,0.0,,0.0,0.0,,0.0,0.0,,0.0,0.0,0.0,0.0,0.0,0.0,0.0,0.0,0.0,6.0,https://www.basketball-reference.com/boxscores/200101030BOS.html,2000-01
Rick Brunson,2001-02-25,New York Knicks,Sacramento Kings,1,,,,,,,,,,,,,,,,,,,,,https://www.basketball-reference.com/boxscores/200102250NYK.html,2000-01
Rick Brunson,2001-02-27,New York Knicks,Seattle SuperSonics,1,,,,,,,,,,,,,,,,,,,,,https://www.basketball-reference.com/boxscores/200102270NYK.html,2000-01
Rick Brunson,2001-03-01,New York Knicks,Boston Celtics,1,0.29,0.0,0.0,,0.0,0.0,,0.0,0.0,,0.0,0.0,0.0,0.0,0.0,0.0,0.0,0.0,0.0,-2.0,https://www.basketball-reference.com/boxscores/200103010NYK.html,2000-01
Rick Brunson,2001-03-02,New York Knicks,Chicago Bulls,0,,,,,,,,,,,,,,,,,,,,,https://www.basketball-reference.com/boxscores/200103020CHI.html,2000-01
Rick Brunson,2001-03-04,New York Knicks,Toronto Raptors,0,,,,,,,,,,,,,,,,,,,,,https://www.basketball-reference.com/boxscores/200103040TOR.html,2000-01
Rick Brunson,2003-12-16,Chicago Bulls,Orlando Magic,1,9.45,2.0,5.0,0.4,1.0,1.0,1.0,0.0,0.0,,0.0,3.0,3.0,3.0,0.0,0.0,0.0,3.0,5.0,1.0,https://www.basketball-reference.com/boxscores/200312160CHI.html,2003-04
Rick Brunson,2003-12-17,Chicago Bulls,Detroit Pistons,0,28.36,5.0,9.0,0.556,2.0,3.0,0.667,0.0,0.0,,2.0,2.0,4.0,5.0,2.0,0.0,2.0,3.0,12.0,3.0,https://www.basketball-reference.com/boxscores/200312170DET.html,2003-04
Rick Brunson,2003-12-20,Chicago Bulls,Cleveland Cavaliers,1,18.11,1.0,5.0,0.2,0.0,2.0,0.0,4.0,4.0,1.0,0.0,1.0,1.0,4.0,4.0,1.0,1.0,2.0,6.0,-12.0,https://www.basketball-reference.com/boxscores/200312200CHI.html,2003-04
Rick Brunson,2003-12-22,Chicago Bulls,Utah Jazz,1,27.47,2.0,8.0,0.25,0.0,1.0,0.0,7.0,7.0,1.0,1.0,2.0,3.0,3.0,1.0,0.0,2.0,4.0,11.0,-13.0,https://www.basketball-reference.com/boxscores/200312220CHI.html,2003-04
Rick Brunson,2003-12-23,Chicago Bulls,New Jersey Nets,0,10.21,1.0,5.0,0.2,1.0,1.0,1.0,0.0,0.0,,0.0,1.0,1.0,1.0,1.0,0.0,1.0,2.0,3.0,-8.0,https://www.basketball-reference.com/boxscores/200312230NJN.html,2003-04
Rick Brunson,2003-12-26,Chicago Bulls,Cleveland Cavaliers,0,9.42,0.0,1.0,0.0,0.0,0.0,,0.0,0.0,,0.0,0.0,0.0,4.0,1.0,0.0,0.0,0.0,0.0,-2.0,https://www.basketball-reference.com/boxscores/200312260CLE.html,2003-04
Rick Brunson,2003-12-27,Chicago Bulls,Washington Wizards,1,5.39,0.0,1.0,0.0,0.0,0.0,,2.0,2.0,1.0,0.0,1.0,1.0,1.0,0.0,0.0,0.0,1.0,2.0,-7.0,https://www.basketball-reference.com/boxscores/200312270CHI.html,2003-04
Rick Brunson,2003-12-29,Chicago Bulls,Miami Heat,1,8.12,0.0,1.0,0.0,0.0,0.0,,0.0,0.0,,0.0,1.0,1.0,2.0,1.0,0.0,2.0,0.0,0.0,-1.0,https://www.basketball-reference.com/boxscores/200312290CHI.html,2003-04
Rick Brunson,2003-12-30,Chicago Bulls,Minnesota Timberwolves,0,,,,,,,,,,,,,,,,,,,,,https://www.basketball-reference.com/boxscores/200312300MIN.html,2003-04
Rick Brunson,2004-01-02,Chicago Bulls,New York Knicks,0,10.27,0.0,2.0,0.0,0.0,0.0,,1.0,2.0,0.5,0.0,0.0,0.0,2.0,2.0,0.0,0.0,1.0,1.0,3.0,https://www.basketball-reference.com/boxscores/200401020NYK.html,2003-04
Rick Brunson,2004-01-03,Chicago Bulls,Boston Celtics,1,4.2,0.0,0.0,,0.0,0.0,,0.0,0.0,,0.0,0.0,0.0,1.0,0.0,0.0,1.0,0.0,0.0,6.0,https://www.basketball-reference.com/boxscores/200401030CHI.html,2003-04
Rick Brunson,2004-01-05,Chicago Bulls,Phoenix Suns,1,20.26,1.0,5.0,0.2,1.0,2.0,0.5,2.0,2.0,1.0,0.0,2.0,2.0,5.0,2.0,0.0,5.0,2.0,5.0,-5.0,https://www.basketball-reference.com/boxscores/200401050CHI.html,2003-04
Rick Brunson,2004-01-07,Chicago Bulls,Miami Heat,0,3.1,0.0,0.0,,0.0,0.0,,0.0,0.0,,0.0,0.0,0.0,1.0,0.0,1.0,0.0,0.0,0.0,-4.0,https://www.basketball-reference.com/boxscores/200401070MIA.html,2003-04
Rick Brunson,2004-01-09,Chicago Bulls,Portland Trail Blazers,1,,,,,,,,,,,,,,,,,,,,,https://www.basketball-reference.com/boxscores/200401090CHI.html,2003-04
Rick Brunson,2004-01-10,Chicago Bulls,New Orleans Hornets,1,5.58,0.0,2.0,0.0,0.0,0.0,,2.0,2.0,1.0,0.0,0.0,0.0,1.0,0.0,0.0,2.0,2.0,2.0,-2.0,https://www.basketball-reference.com/boxscores/200401100CHI.html,2003-04
Rick Brunson,2004-01-13,Chicago Bulls,Detroit Pistons,1,3.27,2.0,2.0,1.0,0.0,0.0,,0.0,0.0,,1.0,0.0,1.0,1.0,0.0,0.0,0.0,1.0,4.0,3.0,https://www.basketball-reference.com/boxscores/200401130CHI.html,2003-04
Rick Brunson,2004-01-15,Chicago Bulls,Memphis Grizzlies,0,11.07,2.0,3.0,0.667,0.0,0.0,,1.0,1.0,1.0,0.0,1.0,1.0,3.0,1.0,0.0,3.0,4.0,5.0,6.0,https://www.basketball-reference.com/boxscores/200401150MEM.html,2003-04
Rick Brunson,2004-01-17,Chicago Bulls,New York Knicks,1,0.12,0.0,0.0,,0.0,0.0,,0.0,0.0,,0.0,0.0,0.0,0.0,0.0,0.0,0.0,0.0,0.0,3.0,https://www.basketball-reference.com/boxscores/200401170CHI.html,2003-04
Rick Brunson,2004-01-19,Chicago Bulls,Washington Wizards,0,3.06,0.0,0.0,,0.0,0.0,,0.0,0.0,,0.0,0.0,0.0,2.0,0.0,0.0,0.0,0.0,0.0,3.0,https://www.basketball-reference.com/boxscores/200401190WAS.html,2003-04
Rick Brunson,2004-01-21,Chicago Bulls,Atlanta Hawks,0,11.08,2.0,2.0,1.0,0.0,0.0,,0.0,0.0,,0.0,0.0,0.0,3.0,1.0,0.0,0.0,0.0,4.0,8.0,https://www.basketball-reference.com/boxscores/200401210ATL.html,2003-04
Rick Brunson,2004-01-23,Chicago Bulls,Dallas Mavericks,1,7.06,2.0,2.0,1.0,1.0,1.0,1.0,0.0,0.0,,0.0,0.0,0.0,0.0,0.0,0.0,0.0,0.0,5.0,-9.0,https://www.basketball-reference.com/boxscores/200401230CHI.html,2003-04
Rick Brunson,2004-01-25,Chicago Bulls,Toronto Raptors,1,7.57,0.0,0.0,,0.0,0.0,,2.0,2.0,1.0,0.0,0.0,0.0,1.0,1.0,0.0,0.0,3.0,2.0,3.0,https://www.basketball-reference.com/boxscores/200401250CHI.html,2003-04
Rick Brunson,2004-01-27,Chicago Bulls,Los Angeles Clippers,0,22.2,2.0,6.0,0.333,1.0,1.0,1.0,0.0,0.0,,1.0,1.0,2.0,10.0,2.0,0.0,1.0,1.0,5.0,-1.0,https://www.basketball-reference.com/boxscores/200401270LAC.html,2003-04
Rick Brunson,2004-01-28,Chicago Bulls,Denver Nuggets,0,23.0,3.0,5.0,0.6,0.0,0.0,,0.0,0.0,,1.0,1.0,2.0,7.0,1.0,0.0,0.0,1.0,6.0,-7.0,https://www.basketball-reference.com/boxscores/200401280DEN.html,2003-04
Rick Brunson,2004-01-30,Chicago Bulls,Golden State Warriors,0,21.1,4.0,6.0,0.667,0.0,0.0,,0.0,1.0,0.0,1.0,1.0,2.0,1.0,1.0,0.0,0.0,2.0,8.0,5.0,https://www.basketball-reference.com/boxscores/200401300GSW.html,2003-04
Rick Brunson,2004-01-31,Portland Trail Blazers,Chicago Bulls,1,,,,,,,,,,,,,,,,,,,,,https://www.basketball-reference.com/boxscores/200401310POR.html,2003-04
Rick Brunson,2004-02-02,Chicago Bulls,Seattle SuperSonics,0,5.35,1.0,1.0,1.0,1.0,1.0,1.0,0.0,0.0,,0.0,0.0,0.0,0.0,1.0,0.0,0.0,0.0,3.0,3.0,https://www.basketball-reference.com/boxscores/200402020SEA.html,2003-04
Rick Brunson,2004-02-04,Chicago Bulls,Utah Jazz,0,17.42,3.0,5.0,0.6,1.0,1.0,1.0,0.0,0.0,,0.0,4.0,4.0,4.0,0.0,1.0,4.0,4.0,7.0,3.0,https://www.basketball-reference.com/boxscores/200402040UTA.html,2003-04
Rick Brunson,2004-02-06,Chicago Bulls,Houston Rockets,0,5.04,0.0,0.0,,0.0,0.0,,0.0,0.0,,0.0,1.0,1.0,0.0,0.0,0.0,0.0,2.0,0.0,-12.0,https://www.basketball-reference.com/boxscores/200402060HOU.html,2003-04
Rick Brunson,2004-02-10,Chicago Bulls,Indiana Pacers,1,17.11,1.0,6.0,0.16699999999999998,1.0,3.0,0.333,0.0,0.0,,1.0,2.0,3.0,4.0,0.0,0.0,2.0,1.0,3.0,-1.0,https://www.basketball-reference.com/boxscores/200402100CHI.html,2003-04
Rick Brunson,2004-02-12,Chicago Bulls,Boston Celtics,1,8.44,0.0,1.0,0.0,0.0,1.0,0.0,0.0,0.0,,0.0,1.0,1.0,2.0,0.0,0.0,1.0,0.0,0.0,-8.0,https://www.basketball-reference.com/boxscores/200402120CHI.html,2003-04
Rick Brunson,2004-02-17,Chicago Bulls,Toronto Raptors,1,,,,,,,,,,,,,,,,,,,,,https://www.basketball-reference.com/boxscores/200402170CHI.html,2003-04
Rick Brunson,2004-02-20,Chicago Bulls,Sacramento Kings,1,4.18,0.0,1.0,0.0,0.0,0.0,,0.0,0.0,,0.0,0.0,0.0,1.0,0.0,0.0,0.0,0.0,0.0,-7.0,https://www.basketball-reference.com/boxscores/200402200CHI.html,2003-04
Rick Brunson,2004-02-21,Chicago Bulls,Memphis Grizzlies,1,7.12,0.0,0.0,,0.0,0.0,,0.0,0.0,,0.0,0.0,0.0,1.0,0.0,0.0,1.0,1.0,0.0,-3.0,https://www.basketball-reference.com/boxscores/200402210CHI.html,2003-04
Rick Brunson,2004-02-25,Chicago Bulls,Detroit Pistons,1,13.08,1.0,4.0,0.25,0.0,1.0,0.0,1.0,2.0,0.5,0.0,1.0,1.0,2.0,0.0,0.0,0.0,1.0,3.0,-10.0,https://www.basketball-reference.com/boxscores/200402250CHI.html,2003-04
Rick Brunson,2004-02-26,Chicago Bulls,Washington Wizards,0,3.34,1.0,2.0,0.5,0.0,0.0,,0.0,0.0,,0.0,1.0,1.0,0.0,0.0,0.0,0.0,1.0,2.0,4.0,https://www.basketball-reference.com/boxscores/200402260WAS.html,2003-04
Rick Brunson,2004-03-01,Chicago Bulls,Cleveland Cavaliers,1,0.59,0.0,0.0,,0.0,0.0,,0.0,0.0,,0.0,0.0,0.0,0.0,0.0,0.0,0.0,0.0,0.0,0.0,https://www.basketball-reference.com/boxscores/200403010CHI.html,2003-04
Rick Brunson,2004-03-03,New Orleans Hornets,Chicago Bulls,1,12.29,0.0,2.0,0.0,0.0,0.0,,5.0,6.0,0.833,1.0,0.0,1.0,1.0,1.0,0.0,1.0,1.0,5.0,2.0,https://www.basketball-reference.com/boxscores/200403030NOH.html,2003-04
Rick Brunson,2004-03-06,Chicago Bulls,Philadelphia 76ers,0,6.49,1.0,2.0,0.5,1.0,1.0,1.0,0.0,0.0,,0.0,1.0,1.0,1.0,1.0,0.0,1.0,0.0,3.0,7.0,https://www.basketball-reference.com/boxscores/200403060PHI.html,2003-04
Rick Brunson,2004-03-09,Chicago Bulls,Philadelphia 76ers,1,,,,,,,,,,,,,,,,,,,,,https://www.basketball-reference.com/boxscores/200403090CHI.html,2003-04
Rick Brunson,2004-03-10,Chicago Bulls,Detroit Pistons,0,20.23,1.0,7.0,0.14300000000000002,0.0,3.0,0.0,0.0,0.0,,0.0,0.0,0.0,3.0,1.0,0.0,3.0,1.0,2.0,-17.0,https://www.basketball-reference.com/boxscores/200403100DET.html,2003-04
Rick Brunson,2004-03-12,Chicago Bulls,New Jersey Nets,0,1.13,0.0,0.0,,0.0,0.0,,0.0,0.0,,0.0,0.0,0.0,0.0,0.0,0.0,0.0,0.0,0.0,2.0,https://www.basketball-reference.com/boxscores/200403120NJN.html,2003-04
Rick Brunson,2004-03-13,Chicago Bulls,Los Angeles Lakers,1,,,,,,,,,,,,,,,,,,,,,https://www.basketball-reference.com/boxscores/200403130CHI.html,2003-04
Rick Brunson,2001-12-01,Portland Trail Blazers,Phoenix Suns,1,8.47,0.0,0.0,,0.0,0.0,,0.0,0.0,,0.0,1.0,1.0,1.0,0.0,0.0,1.0,0.0,0.0,-2.0,https://www.basketball-reference.com/boxscores/200112010POR.html,2001-02
Rick Brunson,2001-12-06,Portland Trail Blazers,Charlotte Hornets,1,4.28,0.0,2.0,0.0,0.0,0.0,,0.0,0.0,,1.0,1.0,2.0,0.0,0.0,0.0,2.0,0.0,0.0,-6.0,https://www.basketball-reference.com/boxscores/200112060POR.html,2001-02
Rick Brunson,2001-12-08,Portland Trail Blazers,Seattle SuperSonics,1,2.11,0.0,0.0,,0.0,0.0,,0.0,0.0,,0.0,0.0,0.0,0.0,0.0,0.0,1.0,0.0,0.0,2.0,https://www.basketball-reference.com/boxscores/200112080POR.html,2001-02
Rick Brunson,2001-12-11,Portland Trail Blazers,Dallas Mavericks,0,10.12,2.0,2.0,1.0,0.0,0.0,,2.0,2.0,1.0,0.0,0.0,0.0,2.0,1.0,0.0,0.0,2.0,6.0,-4.0,https://www.basketball-reference.com/boxscores/200112110DAL.html,2001-02
Rick Brunson,2001-12-14,Portland Trail Blazers,Utah Jazz,0,17.58,0.0,5.0,0.0,0.0,0.0,,3.0,4.0,0.75,0.0,0.0,0.0,2.0,1.0,0.0,0.0,3.0,3.0,-8.0,https://www.basketball-reference.com/boxscores/200112140UTA.html,2001-02
Rick Brunson,2001-12-15,Portland Trail Blazers,Orlando Magic,1,19.2,2.0,4.0,0.5,0.0,0.0,,0.0,0.0,,1.0,2.0,3.0,8.0,1.0,1.0,2.0,4.0,4.0,3.0,https://www.basketball-reference.com/boxscores/200112150POR.html,2001-02
Rick Brunson,2001-12-18,Portland Trail Blazers,Houston Rockets,0,6.53,1.0,3.0,0.333,1.0,1.0,1.0,0.0,0.0,,0.0,2.0,2.0,3.0,0.0,0.0,0.0,0.0,3.0,7.0,https://www.basketball-reference.com/boxscores/200112180HOU.html,2001-02
Rick Brunson,2001-12-19,Portland Trail Blazers,San Antonio Spurs,0,11.56,1.0,4.0,0.25,0.0,0.0,,0.0,0.0,,2.0,0.0,2.0,2.0,1.0,0.0,4.0,1.0,2.0,-2.0,https://www.basketball-reference.com/boxscores/200112190SAS.html,2001-02
Rick Brunson,2001-12-21,Portland Trail Blazers,Detroit Pistons,1,7.02,1.0,2.0,0.5,0.0,0.0,,0.0,0.0,,0.0,1.0,1.0,3.0,0.0,0.0,0.0,0.0,2.0,-1.0,https://www.basketball-reference.com/boxscores/200112210POR.html,2001-02
Rick Brunson,2001-12-22,Portland Trail Blazers,Phoenix Suns,0,2.38,0.0,0.0,,0.0,0.0,,0.0,0.0,,1.0,0.0,1.0,0.0,0.0,0.0,1.0,0.0,0.0,-4.0,https://www.basketball-reference.com/boxscores/200112220PHO.html,2001-02
Rick Brunson,2001-12-26,Portland Trail Blazers,Sacramento Kings,0,15.26,1.0,3.0,0.333,0.0,0.0,,3.0,4.0,0.75,0.0,1.0,1.0,4.0,1.0,0.0,1.0,1.0,5.0,-2.0,https://www.basketball-reference.com/boxscores/200112260SAC.html,2001-02
Rick Brunson,2001-12-27,Portland Trail Blazers,Utah Jazz,1,7.21,0.0,0.0,,0.0,0.0,,0.0,0.0,,0.0,0.0,0.0,2.0,0.0,0.0,0.0,2.0,0.0,-8.0,https://www.basketball-reference.com/boxscores/200112270POR.html,2001-02
Rick Brunson,2001-12-30,Portland Trail Blazers,Minnesota Timberwolves,1,6.55,0.0,1.0,0.0,0.0,0.0,,0.0,0.0,,1.0,1.0,2.0,2.0,0.0,0.0,0.0,0.0,0.0,7.0,https://www.basketball-reference.com/boxscores/200112300POR.html,2001-02
Rick Brunson,2002-01-01,Portland Trail Blazers,Los Angeles Clippers,0,8.26,2.0,3.0,0.667,0.0,0.0,,0.0,0.0,,0.0,0.0,0.0,0.0,0.0,0.0,0.0,1.0,4.0,-9.0,https://www.basketball-reference.com/boxscores/200201010LAC.html,2001-02
Rick Brunson,2002-01-02,Portland Trail Blazers,Toronto Raptors,1,2.16,0.0,0.0,,0.0,0.0,,1.0,2.0,0.5,0.0,1.0,1.0,1.0,0.0,0.0,0.0,0.0,1.0,1.0,https://www.basketball-reference.com/boxscores/200201020POR.html,2001-02
Rick Brunson,2002-01-05,Portland Trail Blazers,Philadelphia 76ers,1,1.2,0.0,0.0,,0.0,0.0,,0.0,0.0,,0.0,0.0,0.0,0.0,0.0,0.0,1.0,0.0,0.0,-4.0,https://www.basketball-reference.com/boxscores/200201050POR.html,2001-02
Rick Brunson,2002-01-07,Portland Trail Blazers,Cleveland Cavaliers,0,16.39,2.0,4.0,0.5,0.0,0.0,,0.0,0.0,,0.0,1.0,1.0,4.0,0.0,0.0,2.0,0.0,4.0,-3.0,https://www.basketball-reference.com/boxscores/200201070CLE.html,2001-02
Rick Brunson,2002-01-08,Portland Trail Blazers,Atlanta Hawks,0,4.4,0.0,0.0,,0.0,0.0,,0.0,0.0,,0.0,0.0,0.0,2.0,2.0,0.0,0.0,0.0,0.0,8.0,https://www.basketball-reference.com/boxscores/200201080ATL.html,2001-02
Rick Brunson,2002-01-10,Portland Trail Blazers,Miami Heat,0,,,,,,,,,,,,,,,,,,,,,https://www.basketball-reference.com/boxscores/200201100MIA.html,2001-02
Rick Brunson,2002-01-11,Portland Trail Blazers,Orlando Magic,0,,,,,,,,,,,,,,,,,,,,,https://www.basketball-reference.com/boxscores/200201110ORL.html,2001-02
Rick Brunson,2002-01-13,Portland Trail Blazers,Cleveland Cavaliers,1,13.59,2.0,4.0,0.5,0.0,0.0,,2.0,2.0,1.0,1.0,2.0,3.0,3.0,2.0,0.0,2.0,0.0,6.0,7.0,https://www.basketball-reference.com/boxscores/200201130POR.html,2001-02
Rick Brunson,2002-01-16,Portland Trail Blazers,Phoenix Suns,0,5.34,1.0,1.0,1.0,0.0,0.0,,5.0,8.0,0.625,0.0,0.0,0.0,2.0,1.0,0.0,1.0,0.0,7.0,0.0,https://www.basketball-reference.com/boxscores/200201160PHO.html,2001-02
Rick Brunson,2002-01-19,Portland Trail Blazers,Los Angeles Clippers,1,10.24,0.0,0.0,,0.0,0.0,,0.0,0.0,,0.0,2.0,2.0,3.0,0.0,0.0,2.0,2.0,0.0,-8.0,https://www.basketball-reference.com/boxscores/200201190POR.html,2001-02
Rick Brunson,2002-01-24,Portland Trail Blazers,Memphis Grizzlies,1,14.18,1.0,6.0,0.16699999999999998,0.0,0.0,,0.0,0.0,,3.0,0.0,3.0,4.0,0.0,0.0,1.0,1.0,2.0,-7.0,https://www.basketball-reference.com/boxscores/200201240POR.html,2001-02
Rick Brunson,2002-01-29,Portland Trail Blazers,Seattle SuperSonics,0,,,,,,,,,,,,,,,,,,,,,https://www.basketball-reference.com/boxscores/200201290SEA.html,2001-02
Rick Brunson,2002-01-31,Portland Trail Blazers,Phoenix Suns,1,0.19,0.0,0.0,,0.0,0.0,,0.0,0.0,,0.0,0.0,0.0,0.0,0.0,0.0,0.0,0.0,0.0,0.0,https://www.basketball-reference.com/boxscores/200201310POR.html,2001-02
Rick Brunson,2002-02-02,Portland Trail Blazers,Utah Jazz,0,7.1,2.0,2.0,1.0,1.0,1.0,1.0,0.0,0.0,,0.0,1.0,1.0,2.0,0.0,0.0,2.0,1.0,5.0,4.0,https://www.basketball-reference.com/boxscores/200202020UTA.html,2001-02
Rick Brunson,2002-02-03,Portland Trail Blazers,Chicago Bulls,1,13.34,0.0,2.0,0.0,0.0,0.0,,0.0,0.0,,0.0,1.0,1.0,6.0,1.0,0.0,1.0,2.0,0.0,11.0,https://www.basketball-reference.com/boxscores/200202030POR.html,2001-02
Rick Brunson,2002-02-05,Portland Trail Blazers,Denver Nuggets,0,7.03,1.0,2.0,0.5,0.0,0.0,,0.0,0.0,,0.0,2.0,2.0,1.0,1.0,0.0,1.0,1.0,2.0,3.0,https://www.basketball-reference.com/boxscores/200202050DEN.html,2001-02
Rick Brunson,2002-02-06,Portland Trail Blazers,Minnesota Timberwolves,0,5.09,0.0,1.0,0.0,0.0,0.0,,0.0,0.0,,0.0,0.0,0.0,0.0,0.0,0.0,1.0,0.0,0.0,1.0,https://www.basketball-reference.com/boxscores/200202060MIN.html,2001-02
Rick Brunson,2002-02-13,Portland Trail Blazers,Dallas Mavericks,1,,,,,,,,,,,,,,,,,,,,,https://www.basketball-reference.com/boxscores/200202130POR.html,2001-02
Rick Brunson,2002-02-15,Portland Trail Blazers,Boston Celtics,1,2.04,0.0,0.0,,0.0,0.0,,0.0,0.0,,0.0,0.0,0.0,0.0,0.0,0.0,0.0,1.0,0.0,2.0,https://www.basketball-reference.com/boxscores/200202150POR.html,2001-02
Rick Brunson,2002-02-17,Portland Trail Blazers,Los Angeles Lakers,1,0.03,0.0,0.0,,0.0,0.0,,0.0,0.0,,0.0,0.0,0.0,0.0,0.0,0.0,0.0,0.0,0.0,-2.0,https://www.basketball-reference.com/boxscores/200202170POR.html,2001-02
Rick Brunson,2002-02-18,Portland Trail Blazers,Los Angeles Clippers,0,,,,,,,,,,,,,,,,,,,,,https://www.basketball-reference.com/boxscores/200202180LAC.html,2001-02
Rick Brunson,2002-02-20,Portland Trail Blazers,Seattle SuperSonics,0,13.48,3.0,4.0,0.75,1.0,1.0,1.0,0.0,0.0,,0.0,1.0,1.0,3.0,0.0,0.0,0.0,1.0,7.0,7.0,https://www.basketball-reference.com/boxscores/200202200SEA.html,2001-02
Rick Brunson,2002-02-21,Portland Trail Blazers,Atlanta Hawks,1,13.57,0.0,3.0,0.0,0.0,0.0,,0.0,0.0,,2.0,1.0,3.0,6.0,0.0,1.0,0.0,0.0,0.0,-2.0,https://www.basketball-reference.com/boxscores/200202210POR.html,2001-02
Rick Brunson,2002-02-23,Portland Trail Blazers,Denver Nuggets,1,10.25,1.0,1.0,1.0,0.0,0.0,,2.0,2.0,1.0,0.0,1.0,1.0,1.0,0.0,0.0,1.0,0.0,4.0,-3.0,https://www.basketball-reference.com/boxscores/200202230POR.html,2001-02
Rick Brunson,2002-02-25,Portland Trail Blazers,Philadelphia 76ers,0,2.43,0.0,0.0,,0.0,0.0,,1.0,2.0,0.5,1.0,0.0,1.0,0.0,0.0,0.0,1.0,0.0,1.0,0.0,https://www.basketball-reference.com/boxscores/200202250PHI.html,2001-02
Rick Brunson,2002-02-27,Portland Trail Blazers,Washington Wizards,0,6.06,1.0,2.0,0.5,0.0,0.0,,0.0,0.0,,0.0,1.0,1.0,1.0,0.0,0.0,0.0,0.0,2.0,5.0,https://www.basketball-reference.com/boxscores/200202270WAS.html,2001-02
Rick Brunson,2002-03-01,Portland Trail Blazers,Toronto Raptors,0,2.19,0.0,0.0,,0.0,0.0,,0.0,0.0,,0.0,0.0,0.0,0.0,0.0,0.0,0.0,0.0,0.0,-4.0,https://www.basketball-reference.com/boxscores/200203010TOR.html,2001-02
Rick Brunson,2002-03-02,Milwaukee Bucks,Portland Trail Blazers,1,4.54,0.0,0.0,,0.0,0.0,,0.0,0.0,,0.0,0.0,0.0,2.0,1.0,0.0,0.0,1.0,0.0,-2.0,https://www.basketball-reference.com/boxscores/200203020MIL.html,2001-02
Rick Brunson,2002-03-04,Portland Trail Blazers,Sacramento Kings,1,1.1,0.0,0.0,,0.0,0.0,,0.0,0.0,,0.0,0.0,0.0,0.0,0.0,0.0,0.0,0.0,0.0,-2.0,https://www.basketball-reference.com/boxscores/200203040POR.html,2001-02
Rick Brunson,2002-03-06,Portland Trail Blazers,Minnesota Timberwolves,1,7.5,1.0,2.0,0.5,0.0,0.0,,2.0,2.0,1.0,0.0,0.0,0.0,2.0,1.0,0.0,1.0,1.0,4.0,3.0,https://www.basketball-reference.com/boxscores/200203060POR.html,2001-02
Rick Brunson,2002-03-08,Portland Trail Blazers,New Jersey Nets,1,4.08,0.0,0.0,,0.0,0.0,,0.0,0.0,,0.0,0.0,0.0,0.0,0.0,0.0,0.0,1.0,0.0,-2.0,https://www.basketball-reference.com/boxscores/200203080POR.html,2001-02
Rick Brunson,2002-03-09,Denver Nuggets,Portland Trail Blazers,1,3.23,0.0,0.0,,0.0,0.0,,1.0,2.0,0.5,0.0,2.0,2.0,1.0,0.0,0.0,3.0,2.0,1.0,-3.0,https://www.basketball-reference.com/boxscores/200203090DEN.html,2001-02
Rick Brunson,2002-03-14,Portland Trail Blazers,Dallas Mavericks,1,10.17,0.0,3.0,0.0,0.0,1.0,0.0,0.0,0.0,,0.0,0.0,0.0,2.0,0.0,0.0,1.0,1.0,0.0,-16.0,https://www.basketball-reference.com/boxscores/200203140POR.html,2001-02
Rick Brunson,2002-03-16,Portland Trail Blazers,Washington Wizards,1,0.43,0.0,0.0,,0.0,0.0,,0.0,0.0,,0.0,0.0,0.0,0.0,0.0,0.0,0.0,0.0,0.0,2.0,https://www.basketball-reference.com/boxscores/200203160POR.html,2001-02
Rick Brunson,2002-03-18,Portland Trail Blazers,Boston Celtics,0,4.58,1.0,1.0,1.0,0.0,0.0,,0.0,0.0,,0.0,0.0,0.0,1.0,1.0,0.0,0.0,1.0,2.0,11.0,https://www.basketball-reference.com/boxscores/200203180BOS.html,2001-02
Rick Brunson,2002-03-20,Portland Trail Blazers,New Jersey Nets,0,5.2,0.0,0.0,,0.0,0.0,,0.0,0.0,,0.0,0.0,0.0,2.0,0.0,0.0,0.0,0.0,0.0,2.0,https://www.basketball-reference.com/boxscores/200203200NJN.html,2001-02
Rick Brunson,2002-03-22,Portland Trail Blazers,Chicago Bulls,0,4.04,1.0,1.0,1.0,0.0,0.0,,0.0,0.0,,0.0,0.0,0.0,1.0,0.0,0.0,0.0,0.0,2.0,-3.0,https://www.basketball-reference.com/boxscores/200203220CHI.html,2001-02
Rick Brunson,2002-03-23,Portland Trail Blazers,Minnesota Timberwolves,0,7.37,1.0,2.0,0.5,0.0,1.0,0.0,0.0,0.0,,4.0,1.0,5.0,3.0,0.0,0.0,1.0,0.0,2.0,-4.0,https://www.basketball-reference.com/boxscores/200203230MIN.html,2001-02
Rick Brunson,2002-03-25,Portland Trail Blazers,Memphis Grizzlies,1,3.1,0.0,1.0,0.0,0.0,0.0,,0.0,0.0,,0.0,0.0,0.0,0.0,0.0,0.0,0.0,0.0,0.0,4.0,https://www.basketball-reference.com/boxscores/200203250POR.html,2001-02
Rick Brunson,2002-03-27,Portland Trail Blazers,San Antonio Spurs,1,1.47,0.0,0.0,,0.0,0.0,,0.0,0.0,,0.0,0.0,0.0,0.0,0.0,0.0,0.0,0.0,0.0,-3.0,https://www.basketball-reference.com/boxscores/200203270POR.html,2001-02
Rick Brunson,2002-03-29,Portland Trail Blazers,Los Angeles Lakers,0,1.54,0.0,0.0,,0.0,0.0,,0.0,0.0,,0.0,0.0,0.0,0.0,0.0,0.0,1.0,0.0,0.0,1.0,https://www.basketball-reference.com/boxscores/200203290LAL.html,2001-02
Rick Brunson,2002-03-30,Portland Trail Blazers,Seattle SuperSonics,1,10.06,1.0,3.0,0.333,0.0,0.0,,0.0,0.0,,0.0,0.0,0.0,1.0,2.0,0.0,1.0,2.0,2.0,4.0,https://www.basketball-reference.com/boxscores/200203300POR.html,2001-02
