Unnamed: 0,season,Player,Date,Team,Against,Home,MP,FG,FGA,FG%,3P,3PA,3P%,FT,FTA,FT%,ORB,DRB,TRB,AST,STL,BLK,TOV,PF,PTS,+/-,GameLink,TS%,DD,DT,FPTS
,2019-20,Rodions Kurucs,2019-12-14,Brooklyn Nets,Toronto Raptors,0.0,17.57,0.0,3.0,0.0,0.0,1.0,0.0,1.0,2.0,0.5,1.0,6.0,7.0,3.0,0.0,1.0,2.0,3.0,1.0,2.0,https://www.basketball-reference.com/boxscores/201912140TOR.html,1.94,0.0,0.0,15.25
,2019-20,Rodions Kurucs,2019-12-26,Brooklyn Nets,New York Knicks,1.0,18.58,2.0,4.0,0.5,2.0,2.0,1.0,2.0,2.0,1.0,1.0,2.0,3.0,0.0,0.0,0.0,1.0,3.0,8.0,1.0,https://www.basketball-reference.com/boxscores/201912260BRK.html,19.52,0.0,0.0,12.25
,2019-20,Rodions Kurucs,2020-01-02,Brooklyn Nets,Dallas Mavericks,0.0,17.38,3.0,10.0,0.3,1.0,6.0,0.16699999999999998,1.0,2.0,0.5,1.0,2.0,3.0,3.0,2.0,0.0,0.0,2.0,8.0,7.0,https://www.basketball-reference.com/boxscores/202001020DAL.html,43.52,0.0,0.0,20.75
,2019-20,Rodions Kurucs,2020-01-04,Brooklyn Nets,Toronto Raptors,1.0,17.25,2.0,5.0,0.4,1.0,3.0,0.333,2.0,2.0,1.0,0.0,3.0,3.0,1.0,0.0,1.0,2.0,3.0,7.0,-5.0,https://www.basketball-reference.com/boxscores/202001040BRK.html,20.58,0.0,0.0,13.75
,2019-20,Rodions Kurucs,2020-01-10,Brooklyn Nets,Miami Heat,1.0,23.22,7.0,9.0,0.778,4.0,5.0,0.8,1.0,2.0,0.5,1.0,2.0,3.0,0.0,1.0,0.0,0.0,4.0,19.0,4.0,https://www.basketball-reference.com/boxscores/202001100BRK.html,93.86,0.0,0.0,26.75
,2019-20,Rodions Kurucs,2020-01-20,Brooklyn Nets,Philadelphia 76ers,1.0,17.06,1.0,1.0,1.0,1.0,1.0,1.0,2.0,2.0,1.0,0.0,0.0,0.0,1.0,1.0,0.0,2.0,3.0,5.0,-2.0,https://www.basketball-reference.com/boxscores/202001200BRK.html,4.699999999999998,0.0,0.0,8.0
,2019-20,Rodions Kurucs,2020-02-05,Brooklyn Nets,Golden State Warriors,1.0,26.31,4.0,9.0,0.444,2.0,6.0,0.333,2.0,2.0,1.0,1.0,4.0,5.0,0.0,0.0,0.0,0.0,3.0,12.0,15.0,https://www.basketball-reference.com/boxscores/202002050BRK.html,59.28,0.0,0.0,19.25
,2019-20,Rodions Kurucs,2020-02-29,Brooklyn Nets,Miami Heat,0.0,12.34,1.0,2.0,0.5,0.0,1.0,0.0,0.0,1.0,0.0,0.0,2.0,2.0,1.0,1.0,0.0,0.0,3.0,2.0,-15.0,https://www.basketball-reference.com/boxscores/202002290MIA.html,2.44,0.0,0.0,8.0
,2019-20,Rodions Kurucs,2020-03-03,Boston Celtics,Brooklyn Nets,1.0,21.31,2.0,6.0,0.333,0.0,3.0,0.0,1.0,1.0,1.0,2.0,5.0,7.0,1.0,1.0,0.0,1.0,4.0,5.0,25.0,https://www.basketball-reference.com/boxscores/202003030BOS.html,16.1,0.0,0.0,16.75
,2019-20,Rodions Kurucs,2020-03-04,Brooklyn Nets,Memphis Grizzlies,1.0,13.28,0.0,3.0,0.0,0.0,2.0,0.0,1.0,2.0,0.5,0.0,1.0,1.0,1.0,0.0,0.0,1.0,1.0,1.0,-22.0,https://www.basketball-reference.com/boxscores/202003040BRK.html,1.94,0.0,0.0,3.25
,2019-20,Rodions Kurucs,2020-03-06,Brooklyn Nets,San Antonio Spurs,1.0,5.01,0.0,2.0,0.0,0.0,2.0,0.0,1.0,2.0,0.5,0.0,1.0,1.0,1.0,0.0,0.0,0.0,0.0,1.0,-1.0,https://www.basketball-reference.com/boxscores/202003060BRK.html,1.44,0.0,0.0,3.75
,2018-19,Rodions Kurucs,2018-12-01,Brooklyn Nets,Washington Wizards,0.0,14.19,2.0,7.0,0.28600000000000003,0.0,4.0,0.0,4.0,4.0,1.0,1.0,4.0,5.0,0.0,0.0,0.0,1.0,5.0,8.0,6.0,https://www.basketball-reference.com/boxscores/201812010WAS.html,35.04,0.0,0.0,13.75
,2018-19,Rodions Kurucs,2018-12-12,Brooklyn Nets,Philadelphia 76ers,0.0,19.09,4.0,6.0,0.667,1.0,1.0,1.0,4.0,5.0,0.8,0.0,1.0,1.0,0.0,3.0,0.0,2.0,3.0,13.0,5.0,https://www.basketball-reference.com/boxscores/201812120PHI.html,53.3,0.0,0.0,19.75
,2018-19,Rodions Kurucs,2018-12-14,Brooklyn Nets,Washington Wizards,1.0,29.49,5.0,6.0,0.833,1.0,1.0,1.0,4.0,4.0,1.0,1.0,5.0,6.0,1.0,0.0,0.0,0.0,1.0,15.0,5.0,https://www.basketball-reference.com/boxscores/201812140BRK.html,58.2,0.0,0.0,24.5
,2018-19,Rodions Kurucs,2018-12-16,Brooklyn Nets,Atlanta Hawks,1.0,28.24,4.0,9.0,0.444,1.0,5.0,0.2,2.0,2.0,1.0,1.0,5.0,6.0,4.0,0.0,0.0,3.0,1.0,11.0,21.0,https://www.basketball-reference.com/boxscores/201812160BRK.html,54.34,0.0,0.0,23.5
,2018-19,Rodions Kurucs,2018-12-19,Brooklyn Nets,Chicago Bulls,0.0,23.13,3.0,5.0,0.6,0.0,2.0,0.0,2.0,2.0,1.0,1.0,3.0,4.0,0.0,1.0,1.0,0.0,2.0,8.0,-2.0,https://www.basketball-reference.com/boxscores/201812190CHI.html,23.52,0.0,0.0,17.0
,2018-19,Rodions Kurucs,2018-12-21,Brooklyn Nets,Indiana Pacers,1.0,34.22,6.0,11.0,0.545,4.0,5.0,0.8,8.0,10.0,0.8,0.0,3.0,3.0,0.0,1.0,1.0,0.0,4.0,24.0,-6.0,https://www.basketball-reference.com/boxscores/201812210BRK.html,184.8,0.0,0.0,33.75
,2018-19,Rodions Kurucs,2018-12-23,Brooklyn Nets,Phoenix Suns,1.0,32.59,7.0,15.0,0.467,0.0,1.0,0.0,2.0,2.0,1.0,3.0,7.0,10.0,2.0,0.0,1.0,2.0,2.0,16.0,-2.0,https://www.basketball-reference.com/boxscores/201812230BRK.html,127.04,1.0,0.0,33.5
,2018-19,Rodions Kurucs,2018-12-28,Brooklyn Nets,Charlotte Hornets,0.0,20.19,2.0,6.0,0.333,0.0,3.0,0.0,1.0,2.0,0.5,1.0,2.0,3.0,0.0,0.0,1.0,1.0,3.0,5.0,-22.0,https://www.basketball-reference.com/boxscores/201812280CHO.html,17.2,0.0,0.0,10.25
,2018-19,Rodions Kurucs,2018-12-29,Brooklyn Nets,Milwaukee Bucks,0.0,22.02,0.0,5.0,0.0,0.0,3.0,0.0,2.0,2.0,1.0,0.0,1.0,1.0,2.0,0.0,0.0,3.0,2.0,2.0,11.0,https://www.basketball-reference.com/boxscores/201812290MIL.html,5.88,0.0,0.0,4.75
,2018-19,Rodions Kurucs,2019-01-04,Brooklyn Nets,Memphis Grizzlies,0.0,13.09,2.0,7.0,0.28600000000000003,0.0,3.0,0.0,1.0,1.0,1.0,0.0,1.0,1.0,0.0,1.0,0.0,1.0,1.0,5.0,-17.0,https://www.basketball-reference.com/boxscores/201901040MEM.html,18.6,0.0,0.0,7.75
,2018-19,Rodions Kurucs,2019-01-07,Brooklyn Nets,Boston Celtics,0.0,28.13,8.0,15.0,0.5329999999999999,5.0,8.0,0.625,3.0,3.0,1.0,0.0,1.0,1.0,1.0,0.0,0.0,1.0,2.0,24.0,-8.0,https://www.basketball-reference.com/boxscores/201901070BOS.html,195.84,0.0,0.0,28.75
,2018-19,Rodions Kurucs,2019-01-11,Brooklyn Nets,Toronto Raptors,0.0,22.01,1.0,3.0,0.333,0.0,1.0,0.0,2.0,2.0,1.0,1.0,2.0,3.0,0.0,0.0,0.0,3.0,0.0,4.0,-18.0,https://www.basketball-reference.com/boxscores/201901110TOR.html,7.76,0.0,0.0,6.25
,2018-19,Rodions Kurucs,2019-01-14,Brooklyn Nets,Boston Celtics,1.0,33.13,7.0,11.0,0.636,2.0,4.0,0.5,3.0,3.0,1.0,3.0,1.0,4.0,1.0,2.0,0.0,1.0,3.0,19.0,-7.0,https://www.basketball-reference.com/boxscores/201901140BRK.html,117.04,0.0,0.0,30.0
,2018-19,Rodions Kurucs,2019-01-21,Brooklyn Nets,Sacramento Kings,1.0,23.24,7.0,10.0,0.7,0.0,2.0,0.0,2.0,2.0,1.0,0.0,2.0,2.0,0.0,0.0,0.0,1.0,1.0,16.0,27.0,https://www.basketball-reference.com/boxscores/201901210BRK.html,87.04,0.0,0.0,18.0
,2018-19,Rodions Kurucs,2019-01-23,Brooklyn Nets,Orlando Magic,1.0,22.11,6.0,9.0,0.667,0.0,1.0,0.0,1.0,2.0,0.5,1.0,3.0,4.0,0.0,1.0,0.0,2.0,4.0,13.0,12.0,https://www.basketball-reference.com/boxscores/201901230BRK.html,64.22,0.0,0.0,19.0
,2018-19,Rodions Kurucs,2019-01-28,Brooklyn Nets,Boston Celtics,0.0,26.17,1.0,9.0,0.111,1.0,3.0,0.333,2.0,2.0,1.0,0.0,2.0,2.0,0.0,1.0,0.0,0.0,1.0,5.0,-2.0,https://www.basketball-reference.com/boxscores/201901280BOS.html,24.700000000000006,0.0,0.0,10.0
,2018-19,Rodions Kurucs,2019-01-29,Brooklyn Nets,Chicago Bulls,1.0,24.49,2.0,11.0,0.182,0.0,5.0,0.0,2.0,2.0,1.0,3.0,3.0,6.0,0.0,1.0,0.0,0.0,4.0,6.0,-7.0,https://www.basketball-reference.com/boxscores/201901290BRK.html,35.64,0.0,0.0,15.5
,2018-19,Rodions Kurucs,2019-01-31,Brooklyn Nets,San Antonio Spurs,0.0,26.57,4.0,8.0,0.5,0.0,3.0,0.0,1.0,2.0,0.5,3.0,7.0,10.0,1.0,1.0,0.0,3.0,3.0,9.0,-5.0,https://www.basketball-reference.com/boxscores/201901310SAS.html,39.96,0.0,0.0,23.5
,2018-19,Rodions Kurucs,2019-02-06,Brooklyn Nets,Denver Nuggets,1.0,17.12,3.0,6.0,0.5,1.0,3.0,0.333,0.0,1.0,0.0,0.0,0.0,0.0,0.0,1.0,1.0,1.0,1.0,7.0,-1.0,https://www.basketball-reference.com/boxscores/201902060BRK.html,22.540000000000006,0.0,0.0,11.0
,2018-19,Rodions Kurucs,2019-02-25,Brooklyn Nets,San Antonio Spurs,1.0,10.57,2.0,4.0,0.5,1.0,2.0,0.5,2.0,2.0,1.0,1.0,3.0,4.0,2.0,1.0,0.0,2.0,2.0,7.0,1.0,https://www.basketball-reference.com/boxscores/201902250BRK.html,17.08,0.0,0.0,16.5
,2018-19,Rodions Kurucs,2019-03-02,Brooklyn Nets,Miami Heat,0.0,27.41,3.0,9.0,0.333,1.0,5.0,0.2,4.0,4.0,1.0,0.0,7.0,7.0,0.0,0.0,1.0,1.0,0.0,11.0,-7.0,https://www.basketball-reference.com/boxscores/201903020MIA.html,59.18,0.0,0.0,21.75
,2018-19,Rodions Kurucs,2019-03-06,Brooklyn Nets,Cleveland Cavaliers,1.0,28.21,4.0,7.0,0.5710000000000001,1.0,4.0,0.25,1.0,2.0,0.5,2.0,5.0,7.0,1.0,0.0,3.0,0.0,2.0,10.0,9.0,https://www.basketball-reference.com/boxscores/201903060BRK.html,39.4,0.0,0.0,26.75
,2018-19,Rodions Kurucs,2019-03-09,Brooklyn Nets,Atlanta Hawks,0.0,20.43,5.0,7.0,0.7140000000000001,4.0,5.0,0.8,2.0,2.0,1.0,2.0,4.0,6.0,1.0,1.0,0.0,1.0,4.0,16.0,-2.0,https://www.basketball-reference.com/boxscores/201903090ATL.html,63.04,0.0,0.0,28.5
,2018-19,Rodions Kurucs,2019-03-13,Brooklyn Nets,Oklahoma City Thunder,0.0,27.08,3.0,9.0,0.333,1.0,4.0,0.25,1.0,4.0,0.25,1.0,4.0,5.0,1.0,2.0,1.0,4.0,4.0,8.0,-15.0,https://www.basketball-reference.com/boxscores/201903130OKC.html,43.04,0.0,0.0,20.25
,2018-19,Rodions Kurucs,2019-03-19,Brooklyn Nets,Sacramento Kings,0.0,32.32,2.0,9.0,0.222,0.0,5.0,0.0,2.0,4.0,0.5,1.0,3.0,4.0,0.0,2.0,2.0,1.0,2.0,6.0,13.0,https://www.basketball-reference.com/boxscores/201903190SAC.html,32.28,0.0,0.0,18.5
,2018-19,Rodions Kurucs,2019-03-28,Brooklyn Nets,Philadelphia 76ers,0.0,23.05,0.0,3.0,0.0,0.0,2.0,0.0,0.0,4.0,0.0,0.0,5.0,5.0,1.0,0.0,0.0,1.0,3.0,0.0,-10.0,https://www.basketball-reference.com/boxscores/201903280PHI.html,0.0,0.0,0.0,7.25
,2020-21,Rodions Kurucs,2021-02-04,Houston Rockets,Memphis Grizzlies,0.0,4.11,1.0,2.0,0.5,1.0,2.0,0.5,1.0,2.0,0.5,0.0,0.0,0.0,0.0,0.0,0.0,0.0,1.0,4.0,-10.0,https://www.basketball-reference.com/boxscores/202102040MEM.html,5.76,0.0,0.0,4.5
