Player,Date,Team,Against,Home,MP,FG,FGA,FG%,3P,3PA,3P%,FT,FTA,FT%,ORB,DRB,TRB,AST,STL,BLK,TOV,PF,PTS,+/-,GameLink,season
Rodney Purvis,2018-03-09,Orlando Magic,Sacramento Kings,0,10.18,1.0,4.0,0.25,0.0,3.0,0.0,0.0,0.0,,0.0,1.0,1.0,0.0,0.0,0.0,0.0,2.0,2.0,-2.0,https://www.basketball-reference.com/boxscores/201803090SAC.html,2017-18
Rodney Purvis,2018-03-10,Orlando Magic,Los Angeles Clippers,0,13.03,2.0,3.0,0.667,0.0,1.0,0.0,2.0,2.0,1.0,0.0,0.0,0.0,1.0,0.0,0.0,0.0,1.0,6.0,-13.0,https://www.basketball-reference.com/boxscores/201803100LAC.html,2017-18
Rodney Purvis,2018-03-13,Orlando Magic,San Antonio Spurs,0,14.43,0.0,3.0,0.0,0.0,1.0,0.0,2.0,2.0,1.0,0.0,1.0,1.0,0.0,1.0,0.0,3.0,1.0,2.0,-5.0,https://www.basketball-reference.com/boxscores/201803130SAS.html,2017-18
Rodney Purvis,2018-03-14,Orlando Magic,Milwaukee Bucks,1,5.41,2.0,3.0,0.667,1.0,2.0,0.5,0.0,0.0,,0.0,0.0,0.0,0.0,0.0,1.0,1.0,1.0,5.0,-12.0,https://www.basketball-reference.com/boxscores/201803140ORL.html,2017-18
Rodney Purvis,2018-03-16,Orlando Magic,Boston Celtics,1,13.37,1.0,3.0,0.333,1.0,3.0,0.333,1.0,1.0,1.0,0.0,1.0,1.0,0.0,0.0,1.0,1.0,1.0,4.0,8.0,https://www.basketball-reference.com/boxscores/201803160ORL.html,2017-18
Rodney Purvis,2018-03-20,Orlando Magic,Toronto Raptors,1,,,,,,,,,,,,,,,,,,,,,https://www.basketball-reference.com/boxscores/201803200ORL.html,2017-18
Rodney Purvis,2018-03-22,Orlando Magic,Philadelphia 76ers,1,21.58,8.0,12.0,0.667,3.0,5.0,0.6,0.0,0.0,,0.0,0.0,0.0,1.0,0.0,0.0,0.0,2.0,19.0,7.0,https://www.basketball-reference.com/boxscores/201803220ORL.html,2017-18
Rodney Purvis,2018-03-24,Orlando Magic,Phoenix Suns,1,16.38,2.0,6.0,0.333,2.0,4.0,0.5,0.0,0.0,,0.0,2.0,2.0,1.0,0.0,0.0,1.0,2.0,6.0,-12.0,https://www.basketball-reference.com/boxscores/201803240ORL.html,2017-18
Rodney Purvis,2018-03-28,Orlando Magic,Brooklyn Nets,1,23.43,0.0,6.0,0.0,0.0,4.0,0.0,2.0,2.0,1.0,0.0,3.0,3.0,1.0,1.0,0.0,0.0,3.0,2.0,-16.0,https://www.basketball-reference.com/boxscores/201803280ORL.html,2017-18
Rodney Purvis,2018-03-30,Orlando Magic,Chicago Bulls,1,22.49,2.0,7.0,0.28600000000000003,1.0,5.0,0.2,0.0,0.0,,0.0,2.0,2.0,1.0,1.0,0.0,0.0,0.0,5.0,-1.0,https://www.basketball-reference.com/boxscores/201803300ORL.html,2017-18
