Player,Date,Team,Against,Home,MP,FG,FGA,FG%,3P,3PA,3P%,FT,FTA,FT%,ORB,DRB,TRB,AST,STL,BLK,TOV,PF,PTS,+/-,GameLink,season
Roy Hibbert,2016-12-01,Charlotte Hornets,Dallas Mavericks,1,17.15,5.0,7.0,0.7140000000000001,0.0,0.0,,1.0,5.0,0.2,0.0,4.0,4.0,2.0,0.0,2.0,0.0,3.0,11.0,8.0,https://www.basketball-reference.com/boxscores/201612010CHO.html,2016-17
Roy Hibbert,2016-12-05,Charlotte Hornets,Dallas Mavericks,0,21.33,2.0,3.0,0.667,0.0,0.0,,2.0,2.0,1.0,2.0,3.0,5.0,0.0,0.0,1.0,0.0,3.0,6.0,11.0,https://www.basketball-reference.com/boxscores/201612050DAL.html,2016-17
Roy Hibbert,2016-12-07,Charlotte Hornets,Detroit Pistons,1,15.49,1.0,5.0,0.2,0.0,0.0,,0.0,0.0,,1.0,6.0,7.0,1.0,0.0,0.0,0.0,2.0,2.0,6.0,https://www.basketball-reference.com/boxscores/201612070CHO.html,2016-17
Roy Hibbert,2016-12-09,Charlotte Hornets,Orlando Magic,1,17.52,0.0,6.0,0.0,0.0,0.0,,3.0,6.0,0.5,1.0,4.0,5.0,0.0,0.0,3.0,0.0,2.0,3.0,16.0,https://www.basketball-reference.com/boxscores/201612090CHO.html,2016-17
Roy Hibbert,2016-12-10,Charlotte Hornets,Cleveland Cavaliers,0,12.45,0.0,0.0,,0.0,0.0,,4.0,4.0,1.0,1.0,1.0,2.0,2.0,0.0,0.0,1.0,3.0,4.0,-11.0,https://www.basketball-reference.com/boxscores/201612100CLE.html,2016-17
Roy Hibbert,2016-12-12,Charlotte Hornets,Indiana Pacers,0,16.41,2.0,3.0,0.667,0.0,0.0,,2.0,2.0,1.0,1.0,2.0,3.0,0.0,0.0,1.0,1.0,2.0,6.0,-12.0,https://www.basketball-reference.com/boxscores/201612120IND.html,2016-17
Roy Hibbert,2016-12-14,Charlotte Hornets,Washington Wizards,0,18.09,0.0,0.0,,0.0,0.0,,4.0,4.0,1.0,2.0,4.0,6.0,2.0,1.0,3.0,0.0,3.0,4.0,1.0,https://www.basketball-reference.com/boxscores/201612140WAS.html,2016-17
Roy Hibbert,2016-12-16,Charlotte Hornets,Boston Celtics,0,,,,,,,,,,,,,,,,,,,,,https://www.basketball-reference.com/boxscores/201612160BOS.html,2016-17
Roy Hibbert,2016-12-17,Charlotte Hornets,Atlanta Hawks,0,9.58,0.0,1.0,0.0,0.0,0.0,,1.0,2.0,0.5,0.0,2.0,2.0,0.0,0.0,1.0,1.0,3.0,1.0,5.0,https://www.basketball-reference.com/boxscores/201612170ATL.html,2016-17
Roy Hibbert,2016-12-20,Charlotte Hornets,Los Angeles Lakers,1,8.43,2.0,3.0,0.667,0.0,0.0,,2.0,2.0,1.0,0.0,2.0,2.0,0.0,0.0,1.0,0.0,1.0,6.0,-10.0,https://www.basketball-reference.com/boxscores/201612200CHO.html,2016-17
Roy Hibbert,2016-12-23,Charlotte Hornets,Chicago Bulls,1,15.5,2.0,2.0,1.0,0.0,0.0,,0.0,0.0,,0.0,5.0,5.0,0.0,0.0,4.0,2.0,3.0,4.0,9.0,https://www.basketball-reference.com/boxscores/201612230CHO.html,2016-17
Roy Hibbert,2016-12-26,Charlotte Hornets,Brooklyn Nets,0,19.18,2.0,3.0,0.667,0.0,0.0,,0.0,0.0,,2.0,2.0,4.0,2.0,2.0,0.0,2.0,4.0,4.0,-2.0,https://www.basketball-reference.com/boxscores/201612260BRK.html,2016-17
Roy Hibbert,2016-12-28,Charlotte Hornets,Orlando Magic,0,15.43,2.0,4.0,0.5,0.0,0.0,,0.0,0.0,,1.0,2.0,3.0,0.0,0.0,2.0,2.0,3.0,4.0,-4.0,https://www.basketball-reference.com/boxscores/201612280ORL.html,2016-17
Roy Hibbert,2016-12-29,Charlotte Hornets,Miami Heat,1,14.51,2.0,3.0,0.667,0.0,0.0,,0.0,0.0,,3.0,1.0,4.0,0.0,0.0,1.0,1.0,2.0,4.0,-3.0,https://www.basketball-reference.com/boxscores/201612290CHO.html,2016-17
Roy Hibbert,2016-12-31,Charlotte Hornets,Cleveland Cavaliers,1,13.47,0.0,2.0,0.0,0.0,0.0,,0.0,0.0,,1.0,1.0,2.0,0.0,1.0,0.0,0.0,2.0,0.0,-9.0,https://www.basketball-reference.com/boxscores/201612310CHO.html,2016-17
Roy Hibbert,2017-01-02,Charlotte Hornets,Chicago Bulls,0,21.41,2.0,4.0,0.5,0.0,0.0,,2.0,2.0,1.0,0.0,1.0,1.0,0.0,0.0,0.0,1.0,2.0,6.0,8.0,https://www.basketball-reference.com/boxscores/201701020CHI.html,2016-17
Roy Hibbert,2017-01-04,Charlotte Hornets,Oklahoma City Thunder,1,21.11,0.0,1.0,0.0,0.0,0.0,,3.0,4.0,0.75,1.0,1.0,2.0,0.0,1.0,2.0,0.0,5.0,3.0,-6.0,https://www.basketball-reference.com/boxscores/201701040CHO.html,2016-17
Roy Hibbert,2017-01-05,Charlotte Hornets,Detroit Pistons,0,18.54,3.0,3.0,1.0,0.0,0.0,,2.0,2.0,1.0,2.0,4.0,6.0,1.0,0.0,3.0,0.0,4.0,8.0,-1.0,https://www.basketball-reference.com/boxscores/201701050DET.html,2016-17
Roy Hibbert,2017-01-07,Charlotte Hornets,San Antonio Spurs,0,15.22,4.0,6.0,0.667,0.0,0.0,,2.0,2.0,1.0,1.0,4.0,5.0,0.0,0.0,0.0,1.0,1.0,10.0,-19.0,https://www.basketball-reference.com/boxscores/201701070SAS.html,2016-17
Roy Hibbert,2017-01-10,Charlotte Hornets,Houston Rockets,0,18.33,2.0,2.0,1.0,0.0,0.0,,0.0,0.0,,2.0,3.0,5.0,0.0,0.0,2.0,0.0,3.0,4.0,2.0,https://www.basketball-reference.com/boxscores/201701100HOU.html,2016-17
Roy Hibbert,2017-01-13,Charlotte Hornets,Philadelphia 76ers,0,10.09,0.0,1.0,0.0,0.0,0.0,,4.0,4.0,1.0,1.0,0.0,1.0,0.0,0.0,0.0,0.0,4.0,4.0,-5.0,https://www.basketball-reference.com/boxscores/201701130PHI.html,2016-17
Roy Hibbert,2017-01-16,Charlotte Hornets,Boston Celtics,0,,,,,,,,,,,,,,,,,,,,,https://www.basketball-reference.com/boxscores/201701160BOS.html,2016-17
Roy Hibbert,2017-01-18,Charlotte Hornets,Portland Trail Blazers,1,22.18,7.0,8.0,0.875,0.0,0.0,,2.0,2.0,1.0,2.0,4.0,6.0,0.0,0.0,2.0,0.0,1.0,16.0,19.0,https://www.basketball-reference.com/boxscores/201701180CHO.html,2016-17
Roy Hibbert,2017-01-20,Charlotte Hornets,Toronto Raptors,1,19.24,1.0,2.0,0.5,0.0,0.0,,0.0,0.0,,2.0,2.0,4.0,1.0,0.0,1.0,2.0,3.0,2.0,14.0,https://www.basketball-reference.com/boxscores/201701200CHO.html,2016-17
Roy Hibbert,2017-01-21,Charlotte Hornets,Brooklyn Nets,1,14.15,1.0,2.0,0.5,0.0,0.0,,0.0,0.0,,0.0,0.0,0.0,0.0,0.0,0.0,0.0,1.0,2.0,2.0,https://www.basketball-reference.com/boxscores/201701210CHO.html,2016-17
Roy Hibbert,2017-01-23,Charlotte Hornets,Washington Wizards,1,12.09,2.0,2.0,1.0,0.0,0.0,,1.0,1.0,1.0,1.0,1.0,2.0,0.0,0.0,0.0,1.0,2.0,5.0,-9.0,https://www.basketball-reference.com/boxscores/201701230CHO.html,2016-17
Roy Hibbert,2017-01-25,Charlotte Hornets,Golden State Warriors,1,17.03,2.0,3.0,0.667,0.0,0.0,,2.0,2.0,1.0,2.0,1.0,3.0,0.0,0.0,0.0,2.0,2.0,6.0,9.0,https://www.basketball-reference.com/boxscores/201701250CHO.html,2016-17
Roy Hibbert,2017-01-27,Charlotte Hornets,New York Knicks,0,17.59,1.0,3.0,0.333,0.0,0.0,,0.0,0.0,,0.0,4.0,4.0,0.0,0.0,0.0,0.0,2.0,2.0,3.0,https://www.basketball-reference.com/boxscores/201701270NYK.html,2016-17
Roy Hibbert,2017-01-28,Charlotte Hornets,Sacramento Kings,1,12.08,2.0,2.0,1.0,0.0,0.0,,2.0,2.0,1.0,1.0,1.0,2.0,1.0,0.0,1.0,1.0,1.0,6.0,5.0,https://www.basketball-reference.com/boxscores/201701280CHO.html,2016-17
Roy Hibbert,2017-01-31,Charlotte Hornets,Portland Trail Blazers,0,12.47,1.0,3.0,0.333,0.0,0.0,,0.0,0.0,,1.0,5.0,6.0,0.0,0.0,2.0,0.0,2.0,2.0,-9.0,https://www.basketball-reference.com/boxscores/201701310POR.html,2016-17
Roy Hibbert,2017-02-01,Charlotte Hornets,Golden State Warriors,0,,,,,,,,,,,,,,,,,,,,,https://www.basketball-reference.com/boxscores/201702010GSW.html,2016-17
Roy Hibbert,2017-02-11,Milwaukee Bucks,Indiana Pacers,0,,,,,,,,,,,,,,,,,,,,,https://www.basketball-reference.com/boxscores/201702110IND.html,2016-17
Roy Hibbert,2017-02-26,Denver Nuggets,Memphis Grizzlies,1,,,,,,,,,,,,,,,,,,,,,https://www.basketball-reference.com/boxscores/201702260DEN.html,2016-17
Roy Hibbert,2017-02-28,Denver Nuggets,Chicago Bulls,0,1.45,0.0,0.0,,0.0,0.0,,0.0,0.0,,0.0,0.0,0.0,0.0,0.0,0.0,0.0,0.0,0.0,-3.0,https://www.basketball-reference.com/boxscores/201702280CHI.html,2016-17
Roy Hibbert,2017-03-01,Denver Nuggets,Milwaukee Bucks,0,,,,,,,,,,,,,,,,,,,,,https://www.basketball-reference.com/boxscores/201703010MIL.html,2016-17
Roy Hibbert,2017-03-04,Denver Nuggets,Charlotte Hornets,1,,,,,,,,,,,,,,,,,,,,,https://www.basketball-reference.com/boxscores/201703040DEN.html,2016-17
Roy Hibbert,2017-03-06,Denver Nuggets,Sacramento Kings,1,,,,,,,,,,,,,,,,,,,,,https://www.basketball-reference.com/boxscores/201703060DEN.html,2016-17
Roy Hibbert,2017-03-08,Denver Nuggets,Washington Wizards,1,,,,,,,,,,,,,,,,,,,,,https://www.basketball-reference.com/boxscores/201703080DEN.html,2016-17
Roy Hibbert,2017-03-10,Denver Nuggets,Boston Celtics,1,1.33,1.0,2.0,0.5,0.0,0.0,,0.0,0.0,,1.0,0.0,1.0,0.0,0.0,0.0,0.0,0.0,2.0,2.0,https://www.basketball-reference.com/boxscores/201703100DEN.html,2016-17
Roy Hibbert,2017-03-11,Denver Nuggets,Sacramento Kings,0,1.14,0.0,0.0,,0.0,0.0,,0.0,0.0,,0.0,1.0,1.0,0.0,0.0,0.0,0.0,0.0,0.0,-4.0,https://www.basketball-reference.com/boxscores/201703110SAC.html,2016-17
Roy Hibbert,2017-03-13,Denver Nuggets,Los Angeles Lakers,1,2.38,1.0,1.0,1.0,0.0,0.0,,0.0,0.0,,0.0,0.0,0.0,1.0,0.0,1.0,0.0,2.0,2.0,0.0,https://www.basketball-reference.com/boxscores/201703130DEN.html,2016-17
Roy Hibbert,2017-03-16,Denver Nuggets,Los Angeles Clippers,1,,,,,,,,,,,,,,,,,,,,,https://www.basketball-reference.com/boxscores/201703160DEN.html,2016-17
Roy Hibbert,2017-03-18,Denver Nuggets,Houston Rockets,1,,,,,,,,,,,,,,,,,,,,,https://www.basketball-reference.com/boxscores/201703180DEN.html,2016-17
Roy Hibbert,2017-03-20,Denver Nuggets,Houston Rockets,0,,,,,,,,,,,,,,,,,,,,,https://www.basketball-reference.com/boxscores/201703200HOU.html,2016-17
Roy Hibbert,2017-03-22,Denver Nuggets,Cleveland Cavaliers,1,,,,,,,,,,,,,,,,,,,,,https://www.basketball-reference.com/boxscores/201703220DEN.html,2016-17
Roy Hibbert,2017-03-24,Denver Nuggets,Indiana Pacers,0,,,,,,,,,,,,,,,,,,,,,https://www.basketball-reference.com/boxscores/201703240IND.html,2016-17
Roy Hibbert,2017-03-28,Denver Nuggets,Portland Trail Blazers,0,,,,,,,,,,,,,,,,,,,,,https://www.basketball-reference.com/boxscores/201703280POR.html,2016-17
Roy Hibbert,2017-03-31,Denver Nuggets,Charlotte Hornets,0,,,,,,,,,,,,,,,,,,,,,https://www.basketball-reference.com/boxscores/201703310CHO.html,2016-17
Roy Hibbert,2014-12-02,Indiana Pacers,Phoenix Suns,0,30.42,6.0,14.0,0.429,0.0,0.0,,3.0,3.0,1.0,4.0,6.0,10.0,1.0,2.0,1.0,2.0,3.0,15.0,-19.0,https://www.basketball-reference.com/boxscores/201412020PHO.html,2014-15
Roy Hibbert,2014-12-04,Indiana Pacers,Portland Trail Blazers,0,30.46,4.0,10.0,0.4,0.0,0.0,,1.0,2.0,0.5,2.0,5.0,7.0,2.0,0.0,1.0,2.0,2.0,9.0,-2.0,https://www.basketball-reference.com/boxscores/201412040POR.html,2014-15
Roy Hibbert,2014-12-05,Sacramento Kings,Indiana Pacers,1,31.42,4.0,11.0,0.364,0.0,0.0,,1.0,2.0,0.5,1.0,6.0,7.0,2.0,0.0,2.0,1.0,5.0,9.0,-3.0,https://www.basketball-reference.com/boxscores/201412050SAC.html,2014-15
Roy Hibbert,2014-12-08,Indiana Pacers,Atlanta Hawks,1,23.41,4.0,9.0,0.444,0.0,0.0,,0.0,0.0,,0.0,5.0,5.0,1.0,0.0,0.0,2.0,2.0,8.0,-8.0,https://www.basketball-reference.com/boxscores/201412080IND.html,2014-15
Roy Hibbert,2014-12-10,Indiana Pacers,Los Angeles Clippers,1,12.12,2.0,4.0,0.5,0.0,0.0,,0.0,0.0,,2.0,1.0,3.0,1.0,0.0,0.0,1.0,4.0,4.0,-20.0,https://www.basketball-reference.com/boxscores/201412100IND.html,2014-15
Roy Hibbert,2014-12-12,Indiana Pacers,Toronto Raptors,0,27.31,2.0,7.0,0.28600000000000003,0.0,0.0,,2.0,2.0,1.0,0.0,2.0,2.0,1.0,0.0,2.0,2.0,5.0,6.0,-9.0,https://www.basketball-reference.com/boxscores/201412120TOR.html,2014-15
Roy Hibbert,2014-12-13,Indiana Pacers,Portland Trail Blazers,1,29.48,4.0,11.0,0.364,0.0,0.0,,2.0,2.0,1.0,2.0,8.0,10.0,1.0,0.0,1.0,2.0,2.0,10.0,-8.0,https://www.basketball-reference.com/boxscores/201412130IND.html,2014-15
Roy Hibbert,2014-12-15,Indiana Pacers,Los Angeles Lakers,1,21.28,5.0,10.0,0.5,0.0,0.0,,0.0,0.0,,0.0,7.0,7.0,0.0,0.0,0.0,2.0,2.0,10.0,10.0,https://www.basketball-reference.com/boxscores/201412150IND.html,2014-15
Roy Hibbert,2014-12-17,Indiana Pacers,Los Angeles Clippers,0,16.26,3.0,10.0,0.3,0.0,0.0,,1.0,2.0,0.5,2.0,1.0,3.0,1.0,0.0,0.0,0.0,4.0,7.0,1.0,https://www.basketball-reference.com/boxscores/201412170LAC.html,2014-15
Roy Hibbert,2014-12-20,Indiana Pacers,Denver Nuggets,0,23.35,0.0,4.0,0.0,0.0,0.0,,0.0,0.0,,2.0,3.0,5.0,0.0,0.0,0.0,4.0,5.0,0.0,0.0,https://www.basketball-reference.com/boxscores/201412200DEN.html,2014-15
Roy Hibbert,2014-12-21,Indiana Pacers,Minnesota Timberwolves,0,27.21,6.0,11.0,0.545,0.0,0.0,,3.0,4.0,0.75,1.0,7.0,8.0,3.0,1.0,4.0,2.0,1.0,15.0,-5.0,https://www.basketball-reference.com/boxscores/201412210MIN.html,2014-15
Roy Hibbert,2014-12-23,Indiana Pacers,New Orleans Pelicans,1,22.37,5.0,10.0,0.5,0.0,0.0,,4.0,6.0,0.667,0.0,4.0,4.0,2.0,0.0,7.0,0.0,3.0,14.0,-1.0,https://www.basketball-reference.com/boxscores/201412230IND.html,2014-15
Roy Hibbert,2014-12-26,Indiana Pacers,Detroit Pistons,0,22.53,5.0,10.0,0.5,0.0,0.0,,9.0,10.0,0.9,1.0,4.0,5.0,0.0,0.0,0.0,0.0,6.0,19.0,4.0,https://www.basketball-reference.com/boxscores/201412260DET.html,2014-15
Roy Hibbert,2014-12-27,Indiana Pacers,Brooklyn Nets,0,21.36,3.0,6.0,0.5,0.0,0.0,,0.0,0.0,,1.0,2.0,3.0,1.0,0.0,2.0,3.0,2.0,6.0,4.0,https://www.basketball-reference.com/boxscores/201412270BRK.html,2014-15
Roy Hibbert,2014-12-29,Indiana Pacers,Chicago Bulls,1,15.44,3.0,8.0,0.375,0.0,0.0,,0.0,1.0,0.0,1.0,2.0,3.0,0.0,0.0,0.0,1.0,4.0,6.0,-6.0,https://www.basketball-reference.com/boxscores/201412290IND.html,2014-15
Roy Hibbert,2014-12-31,Indiana Pacers,Miami Heat,1,29.18,4.0,8.0,0.5,0.0,0.0,,2.0,2.0,1.0,3.0,7.0,10.0,3.0,0.0,0.0,2.0,2.0,10.0,3.0,https://www.basketball-reference.com/boxscores/201412310IND.html,2014-15
Roy Hibbert,2015-01-02,Indiana Pacers,Milwaukee Bucks,0,24.4,6.0,11.0,0.545,0.0,0.0,,6.0,6.0,1.0,3.0,4.0,7.0,0.0,0.0,0.0,3.0,4.0,18.0,1.0,https://www.basketball-reference.com/boxscores/201501020MIL.html,2014-15
Roy Hibbert,2015-01-04,Indiana Pacers,Los Angeles Lakers,0,28.44,5.0,12.0,0.417,0.0,0.0,,2.0,2.0,1.0,3.0,8.0,11.0,0.0,1.0,1.0,1.0,1.0,12.0,1.0,https://www.basketball-reference.com/boxscores/201501040LAL.html,2014-15
Roy Hibbert,2015-01-05,Indiana Pacers,Utah Jazz,0,27.39,8.0,13.0,0.615,0.0,0.0,,6.0,6.0,1.0,1.0,7.0,8.0,2.0,0.0,1.0,0.0,6.0,22.0,-1.0,https://www.basketball-reference.com/boxscores/201501050UTA.html,2014-15
Roy Hibbert,2015-01-07,Indiana Pacers,Golden State Warriors,0,5.39,1.0,2.0,0.5,0.0,0.0,,0.0,0.0,,0.0,1.0,1.0,0.0,0.0,1.0,1.0,1.0,2.0,-4.0,https://www.basketball-reference.com/boxscores/201501070GSW.html,2014-15
Roy Hibbert,2015-01-10,Indiana Pacers,Philadelphia 76ers,0,19.27,3.0,8.0,0.375,0.0,0.0,,1.0,1.0,1.0,7.0,6.0,13.0,0.0,0.0,2.0,1.0,5.0,7.0,0.0,https://www.basketball-reference.com/boxscores/201501100PHI.html,2014-15
Roy Hibbert,2015-01-13,Indiana Pacers,Minnesota Timberwolves,1,20.43,4.0,12.0,0.333,0.0,0.0,,2.0,2.0,1.0,6.0,2.0,8.0,1.0,0.0,1.0,2.0,2.0,10.0,-3.0,https://www.basketball-reference.com/boxscores/201501130IND.html,2014-15
Roy Hibbert,2015-01-16,Indiana Pacers,Detroit Pistons,1,21.17,7.0,11.0,0.636,0.0,0.0,,0.0,0.0,,3.0,0.0,3.0,0.0,0.0,2.0,1.0,2.0,14.0,-3.0,https://www.basketball-reference.com/boxscores/201501160IND.html,2014-15
Roy Hibbert,2015-01-17,Charlotte Hornets,Indiana Pacers,1,31.3,6.0,13.0,0.462,0.0,0.0,,0.0,2.0,0.0,0.0,14.0,14.0,3.0,0.0,6.0,3.0,4.0,12.0,-10.0,https://www.basketball-reference.com/boxscores/201501170CHO.html,2014-15
Roy Hibbert,2015-01-19,Indiana Pacers,Houston Rockets,0,18.52,6.0,10.0,0.6,0.0,0.0,,0.0,0.0,,2.0,2.0,4.0,0.0,0.0,0.0,1.0,4.0,12.0,-15.0,https://www.basketball-reference.com/boxscores/201501190HOU.html,2014-15
Roy Hibbert,2015-01-21,Indiana Pacers,Atlanta Hawks,0,20.0,1.0,4.0,0.25,0.0,0.0,,2.0,2.0,1.0,0.0,1.0,1.0,0.0,0.0,1.0,1.0,2.0,4.0,-23.0,https://www.basketball-reference.com/boxscores/201501210ATL.html,2014-15
Roy Hibbert,2015-01-23,Indiana Pacers,Miami Heat,0,17.51,1.0,4.0,0.25,0.0,0.0,,2.0,2.0,1.0,1.0,1.0,2.0,1.0,0.0,0.0,3.0,4.0,4.0,-9.0,https://www.basketball-reference.com/boxscores/201501230MIA.html,2014-15
Roy Hibbert,2015-01-25,Indiana Pacers,Orlando Magic,0,23.34,5.0,12.0,0.417,0.0,0.0,,1.0,2.0,0.5,3.0,10.0,13.0,0.0,0.0,1.0,0.0,3.0,11.0,5.0,https://www.basketball-reference.com/boxscores/201501250ORL.html,2014-15
Roy Hibbert,2015-01-27,Indiana Pacers,Toronto Raptors,1,24.3,4.0,9.0,0.444,0.0,0.0,,3.0,4.0,0.75,2.0,7.0,9.0,1.0,0.0,2.0,2.0,4.0,11.0,-7.0,https://www.basketball-reference.com/boxscores/201501270IND.html,2014-15
Roy Hibbert,2015-01-29,Indiana Pacers,New York Knicks,1,23.36,9.0,11.0,0.818,0.0,0.0,,0.0,0.0,,2.0,8.0,10.0,1.0,1.0,1.0,2.0,1.0,18.0,18.0,https://www.basketball-reference.com/boxscores/201501290IND.html,2014-15
Roy Hibbert,2015-01-31,Indiana Pacers,Sacramento Kings,1,24.37,4.0,10.0,0.4,0.0,0.0,,3.0,4.0,0.75,1.0,6.0,7.0,1.0,1.0,0.0,0.0,3.0,11.0,6.0,https://www.basketball-reference.com/boxscores/201501310IND.html,2014-15
Roy Hibbert,2015-02-04,Indiana Pacers,Detroit Pistons,1,36.1,8.0,11.0,0.727,0.0,0.0,,0.0,0.0,,5.0,7.0,12.0,3.0,0.0,3.0,2.0,1.0,16.0,12.0,https://www.basketball-reference.com/boxscores/201502040IND.html,2014-15
Roy Hibbert,2015-02-06,Indiana Pacers,Cleveland Cavaliers,1,39.53,5.0,12.0,0.417,0.0,0.0,,0.0,0.0,,2.0,6.0,8.0,0.0,0.0,1.0,2.0,2.0,10.0,-4.0,https://www.basketball-reference.com/boxscores/201502060IND.html,2014-15
Roy Hibbert,2015-02-08,Indiana Pacers,Charlotte Hornets,0,30.02,2.0,9.0,0.222,0.0,0.0,,3.0,3.0,1.0,3.0,4.0,7.0,1.0,0.0,0.0,2.0,5.0,7.0,-13.0,https://www.basketball-reference.com/boxscores/201502080CHO.html,2014-15
Roy Hibbert,2015-02-09,Indiana Pacers,San Antonio Spurs,1,32.44,5.0,13.0,0.385,0.0,0.0,,0.0,0.0,,4.0,4.0,8.0,2.0,0.0,2.0,0.0,0.0,10.0,-7.0,https://www.basketball-reference.com/boxscores/201502090IND.html,2014-15
Roy Hibbert,2015-02-11,Indiana Pacers,New Orleans Pelicans,0,19.03,3.0,6.0,0.5,0.0,0.0,,3.0,3.0,1.0,0.0,6.0,6.0,1.0,1.0,2.0,2.0,5.0,9.0,15.0,https://www.basketball-reference.com/boxscores/201502110NOP.html,2014-15
Roy Hibbert,2015-02-20,Indiana Pacers,Philadelphia 76ers,0,21.55,4.0,9.0,0.444,0.0,0.0,,0.0,0.0,,4.0,3.0,7.0,0.0,0.0,1.0,0.0,3.0,8.0,4.0,https://www.basketball-reference.com/boxscores/201502200PHI.html,2014-15
Roy Hibbert,2015-02-22,Indiana Pacers,Golden State Warriors,1,23.34,2.0,6.0,0.333,0.0,0.0,,4.0,4.0,1.0,1.0,3.0,4.0,0.0,0.0,1.0,1.0,4.0,8.0,-9.0,https://www.basketball-reference.com/boxscores/201502220IND.html,2014-15
Roy Hibbert,2015-02-24,Indiana Pacers,Oklahoma City Thunder,0,24.33,3.0,8.0,0.375,0.0,0.0,,0.0,0.0,,3.0,7.0,10.0,0.0,0.0,1.0,2.0,3.0,6.0,6.0,https://www.basketball-reference.com/boxscores/201502240OKC.html,2014-15
Roy Hibbert,2015-02-27,Indiana Pacers,Cleveland Cavaliers,1,20.5,2.0,7.0,0.28600000000000003,0.0,0.0,,4.0,4.0,1.0,2.0,2.0,4.0,0.0,0.0,0.0,1.0,3.0,8.0,-5.0,https://www.basketball-reference.com/boxscores/201502270IND.html,2014-15
Roy Hibbert,2015-03-01,Indiana Pacers,Philadelphia 76ers,1,31.1,5.0,12.0,0.417,0.0,0.0,,4.0,5.0,0.8,5.0,10.0,15.0,0.0,2.0,5.0,2.0,2.0,14.0,19.0,https://www.basketball-reference.com/boxscores/201503010IND.html,2014-15
Roy Hibbert,2015-03-06,Indiana Pacers,Chicago Bulls,1,20.15,2.0,7.0,0.28600000000000003,0.0,0.0,,2.0,2.0,1.0,0.0,3.0,3.0,0.0,1.0,1.0,0.0,2.0,6.0,20.0,https://www.basketball-reference.com/boxscores/201503060IND.html,2014-15
Roy Hibbert,2015-03-07,Indiana Pacers,New York Knicks,0,34.35,0.0,6.0,0.0,0.0,0.0,,3.0,4.0,0.75,3.0,8.0,11.0,0.0,0.0,2.0,2.0,3.0,3.0,9.0,https://www.basketball-reference.com/boxscores/201503070NYK.html,2014-15
Roy Hibbert,2015-03-10,Indiana Pacers,Orlando Magic,1,14.54,1.0,1.0,1.0,0.0,0.0,,0.0,0.0,,2.0,2.0,4.0,1.0,0.0,1.0,0.0,1.0,2.0,-3.0,https://www.basketball-reference.com/boxscores/201503100IND.html,2014-15
Roy Hibbert,2015-03-14,Indiana Pacers,Boston Celtics,1,24.03,2.0,6.0,0.333,0.0,0.0,,1.0,2.0,0.5,3.0,4.0,7.0,0.0,0.0,1.0,1.0,3.0,5.0,3.0,https://www.basketball-reference.com/boxscores/201503140IND.html,2014-15
Roy Hibbert,2015-03-16,Indiana Pacers,Toronto Raptors,1,28.51,5.0,13.0,0.385,0.0,0.0,,7.0,8.0,0.875,2.0,5.0,7.0,1.0,0.0,2.0,0.0,4.0,17.0,-12.0,https://www.basketball-reference.com/boxscores/201503160IND.html,2014-15
Roy Hibbert,2015-03-18,Indiana Pacers,Chicago Bulls,0,31.06,4.0,8.0,0.5,0.0,0.0,,4.0,4.0,1.0,0.0,4.0,4.0,0.0,0.0,1.0,1.0,4.0,12.0,-2.0,https://www.basketball-reference.com/boxscores/201503180CHI.html,2014-15
Roy Hibbert,2015-03-20,Indiana Pacers,Cleveland Cavaliers,0,35.18,8.0,13.0,0.615,0.0,0.0,,4.0,4.0,1.0,2.0,6.0,8.0,3.0,0.0,1.0,1.0,2.0,20.0,-1.0,https://www.basketball-reference.com/boxscores/201503200CLE.html,2014-15
Roy Hibbert,2015-03-21,Indiana Pacers,Brooklyn Nets,1,27.26,7.0,14.0,0.5,0.0,0.0,,2.0,2.0,1.0,1.0,5.0,6.0,2.0,0.0,1.0,2.0,3.0,16.0,-1.0,https://www.basketball-reference.com/boxscores/201503210IND.html,2014-15
Roy Hibbert,2015-03-23,Indiana Pacers,Houston Rockets,1,31.38,8.0,12.0,0.667,0.0,0.0,,2.0,2.0,1.0,6.0,4.0,10.0,1.0,1.0,1.0,2.0,3.0,18.0,4.0,https://www.basketball-reference.com/boxscores/201503230IND.html,2014-15
Roy Hibbert,2015-03-25,Indiana Pacers,Washington Wizards,0,17.05,0.0,6.0,0.0,0.0,0.0,,0.0,0.0,,1.0,4.0,5.0,2.0,0.0,0.0,1.0,1.0,0.0,1.0,https://www.basketball-reference.com/boxscores/201503250WAS.html,2014-15
Roy Hibbert,2015-03-26,Indiana Pacers,Milwaukee Bucks,0,27.2,3.0,5.0,0.6,0.0,0.0,,4.0,4.0,1.0,1.0,2.0,3.0,0.0,1.0,2.0,1.0,3.0,10.0,-8.0,https://www.basketball-reference.com/boxscores/201503260MIL.html,2014-15
Roy Hibbert,2015-03-29,Indiana Pacers,Dallas Mavericks,1,25.06,5.0,10.0,0.5,0.0,0.0,,4.0,4.0,1.0,0.0,7.0,7.0,2.0,0.0,1.0,1.0,3.0,14.0,-5.0,https://www.basketball-reference.com/boxscores/201503290IND.html,2014-15
Roy Hibbert,2015-03-31,Indiana Pacers,Brooklyn Nets,0,19.36,3.0,11.0,0.273,0.0,1.0,0.0,1.0,1.0,1.0,2.0,1.0,3.0,0.0,1.0,3.0,1.0,1.0,7.0,1.0,https://www.basketball-reference.com/boxscores/201503310BRK.html,2014-15
Roy Hibbert,2012-12-01,Indiana Pacers,Golden State Warriors,0,32.17,6.0,13.0,0.462,0.0,1.0,0.0,3.0,4.0,0.75,1.0,6.0,7.0,2.0,0.0,5.0,4.0,5.0,15.0,-5.0,https://www.basketball-reference.com/boxscores/201212010GSW.html,2012-13
Roy Hibbert,2012-12-04,Indiana Pacers,Chicago Bulls,0,34.11,5.0,11.0,0.455,0.0,0.0,,0.0,0.0,,6.0,5.0,11.0,2.0,2.0,2.0,3.0,2.0,10.0,11.0,https://www.basketball-reference.com/boxscores/201212040CHI.html,2012-13
Roy Hibbert,2012-12-05,Indiana Pacers,Portland Trail Blazers,1,29.04,3.0,13.0,0.231,0.0,0.0,,4.0,4.0,1.0,3.0,4.0,7.0,0.0,0.0,3.0,1.0,4.0,10.0,1.0,https://www.basketball-reference.com/boxscores/201212050IND.html,2012-13
Roy Hibbert,2012-12-07,Indiana Pacers,Denver Nuggets,1,29.48,3.0,10.0,0.3,0.0,0.0,,4.0,6.0,0.667,4.0,5.0,9.0,3.0,1.0,3.0,3.0,2.0,10.0,7.0,https://www.basketball-reference.com/boxscores/201212070IND.html,2012-13
Roy Hibbert,2012-12-09,Indiana Pacers,Oklahoma City Thunder,0,26.31,4.0,9.0,0.444,0.0,0.0,,2.0,2.0,1.0,2.0,4.0,6.0,1.0,0.0,2.0,0.0,2.0,10.0,-1.0,https://www.basketball-reference.com/boxscores/201212090OKC.html,2012-13
Roy Hibbert,2012-12-12,Indiana Pacers,Cleveland Cavaliers,1,28.32,1.0,7.0,0.14300000000000002,0.0,0.0,,2.0,2.0,1.0,5.0,7.0,12.0,1.0,1.0,3.0,5.0,3.0,4.0,15.0,https://www.basketball-reference.com/boxscores/201212120IND.html,2012-13
Roy Hibbert,2012-12-14,Indiana Pacers,Philadelphia 76ers,1,34.01,9.0,16.0,0.563,0.0,0.0,,1.0,2.0,0.5,6.0,7.0,13.0,3.0,0.0,1.0,4.0,5.0,19.0,16.0,https://www.basketball-reference.com/boxscores/201212140IND.html,2012-13
Roy Hibbert,2012-12-15,Indiana Pacers,Detroit Pistons,0,15.01,2.0,4.0,0.5,0.0,0.0,,0.0,0.0,,0.0,3.0,3.0,1.0,1.0,4.0,0.0,1.0,4.0,3.0,https://www.basketball-reference.com/boxscores/201212150DET.html,2012-13
Roy Hibbert,2012-12-18,Indiana Pacers,Milwaukee Bucks,0,27.55,4.0,10.0,0.4,0.0,0.0,,0.0,0.0,,7.0,3.0,10.0,2.0,0.0,0.0,2.0,4.0,8.0,-8.0,https://www.basketball-reference.com/boxscores/201212180MIL.html,2012-13
Roy Hibbert,2012-12-19,Indiana Pacers,Utah Jazz,1,29.49,5.0,10.0,0.5,0.0,0.0,,2.0,2.0,1.0,0.0,4.0,4.0,4.0,1.0,2.0,2.0,4.0,12.0,22.0,https://www.basketball-reference.com/boxscores/201212190IND.html,2012-13
Roy Hibbert,2012-12-21,Indiana Pacers,Cleveland Cavaliers,0,24.06,8.0,12.0,0.667,0.0,0.0,,2.0,2.0,1.0,3.0,3.0,6.0,0.0,0.0,2.0,2.0,5.0,18.0,12.0,https://www.basketball-reference.com/boxscores/201212210CLE.html,2012-13
Roy Hibbert,2012-12-22,Indiana Pacers,New Orleans Hornets,0,28.07,3.0,8.0,0.375,0.0,0.0,,0.0,2.0,0.0,3.0,6.0,9.0,1.0,1.0,5.0,1.0,4.0,6.0,5.0,https://www.basketball-reference.com/boxscores/201212220NOH.html,2012-13
Roy Hibbert,2012-12-28,Indiana Pacers,Phoenix Suns,1,31.56,3.0,9.0,0.333,0.0,0.0,,2.0,4.0,0.5,5.0,9.0,14.0,4.0,0.0,1.0,2.0,4.0,8.0,18.0,https://www.basketball-reference.com/boxscores/201212280IND.html,2012-13
Roy Hibbert,2012-12-29,Indiana Pacers,Atlanta Hawks,0,20.32,0.0,2.0,0.0,0.0,0.0,,0.0,0.0,,0.0,1.0,1.0,0.0,0.0,1.0,0.0,3.0,0.0,-7.0,https://www.basketball-reference.com/boxscores/201212290ATL.html,2012-13
Roy Hibbert,2012-12-31,Indiana Pacers,Memphis Grizzlies,1,32.48,3.0,11.0,0.273,0.0,0.0,,3.0,4.0,0.75,2.0,4.0,6.0,3.0,1.0,4.0,2.0,4.0,9.0,-2.0,https://www.basketball-reference.com/boxscores/201212310IND.html,2012-13
Roy Hibbert,2013-01-02,Indiana Pacers,Washington Wizards,1,24.13,6.0,11.0,0.545,0.0,0.0,,1.0,1.0,1.0,1.0,3.0,4.0,4.0,0.0,1.0,2.0,5.0,13.0,11.0,https://www.basketball-reference.com/boxscores/201301020IND.html,2012-13
Roy Hibbert,2013-01-04,Indiana Pacers,Boston Celtics,0,24.24,3.0,6.0,0.5,0.0,0.0,,1.0,2.0,0.5,2.0,8.0,10.0,0.0,0.0,1.0,3.0,2.0,7.0,-17.0,https://www.basketball-reference.com/boxscores/201301040BOS.html,2012-13
Roy Hibbert,2013-01-05,Indiana Pacers,Milwaukee Bucks,1,30.16,8.0,16.0,0.5,0.0,0.0,,4.0,4.0,1.0,11.0,4.0,15.0,0.0,0.0,5.0,2.0,3.0,20.0,7.0,https://www.basketball-reference.com/boxscores/201301050IND.html,2012-13
Roy Hibbert,2013-01-08,Indiana Pacers,Miami Heat,1,29.25,3.0,12.0,0.25,0.0,0.0,,0.0,0.0,,9.0,5.0,14.0,1.0,0.0,0.0,1.0,4.0,6.0,-10.0,https://www.basketball-reference.com/boxscores/201301080IND.html,2012-13
Roy Hibbert,2013-01-10,Indiana Pacers,New York Knicks,1,18.52,1.0,4.0,0.25,0.0,0.0,,2.0,4.0,0.5,0.0,3.0,3.0,0.0,0.0,2.0,0.0,2.0,4.0,-3.0,https://www.basketball-reference.com/boxscores/201301100IND.html,2012-13
Roy Hibbert,2013-01-12,Indiana Pacers,Charlotte Bobc,1,21.56,4.0,9.0,0.444,0.0,0.0,,1.0,2.0,0.5,8.0,1.0,9.0,1.0,1.0,1.0,3.0,3.0,9.0,-4.0,https://www.basketball-reference.com/boxscores/201301120IND.html,2012-13
Roy Hibbert,2013-01-13,Indiana Pacers,Brooklyn Nets,0,30.32,3.0,5.0,0.6,0.0,0.0,,0.0,0.0,,2.0,5.0,7.0,0.0,0.0,6.0,2.0,5.0,6.0,11.0,https://www.basketball-reference.com/boxscores/201301130BRK.html,2012-13
Roy Hibbert,2013-01-15,Indiana Pacers,Charlotte Bobcats,0,26.36,5.0,11.0,0.455,0.0,0.0,,8.0,8.0,1.0,4.0,3.0,7.0,1.0,0.0,4.0,2.0,3.0,18.0,31.0,https://www.basketball-reference.com/boxscores/201301150CHA.html,2012-13
Roy Hibbert,2013-01-16,Indiana Pacers,Orlando Magic,0,22.38,5.0,7.0,0.7140000000000001,0.0,0.0,,1.0,2.0,0.5,2.0,5.0,7.0,1.0,0.0,2.0,4.0,5.0,11.0,-3.0,https://www.basketball-reference.com/boxscores/201301160ORL.html,2012-13
Roy Hibbert,2013-01-18,Indiana Pacers,Houston Rockets,1,24.31,6.0,12.0,0.5,0.0,0.0,,0.0,0.0,,6.0,3.0,9.0,3.0,1.0,3.0,2.0,5.0,12.0,6.0,https://www.basketball-reference.com/boxscores/201301180IND.html,2012-13
Roy Hibbert,2013-01-21,Indiana Pacers,Memphis Grizzlies,0,32.35,4.0,7.0,0.5710000000000001,0.0,0.0,,2.0,2.0,1.0,1.0,4.0,5.0,2.0,1.0,4.0,2.0,3.0,10.0,-2.0,https://www.basketball-reference.com/boxscores/201301210MEM.html,2012-13
Roy Hibbert,2013-01-23,Indiana Pacers,Portland Trail Blazers,0,31.48,4.0,10.0,0.4,0.0,0.0,,1.0,2.0,0.5,1.0,6.0,7.0,0.0,1.0,1.0,2.0,3.0,9.0,-10.0,https://www.basketball-reference.com/boxscores/201301230POR.html,2012-13
Roy Hibbert,2013-01-26,Utah Jazz,Indiana Pacers,1,34.43,6.0,12.0,0.5,0.0,0.0,,2.0,2.0,1.0,6.0,7.0,13.0,3.0,2.0,1.0,4.0,4.0,14.0,-2.0,https://www.basketball-reference.com/boxscores/201301260UTA.html,2012-13
Roy Hibbert,2013-01-28,Indiana Pacers,Denver Nuggets,0,32.35,3.0,12.0,0.25,0.0,0.0,,2.0,2.0,1.0,4.0,7.0,11.0,2.0,0.0,2.0,3.0,4.0,8.0,2.0,https://www.basketball-reference.com/boxscores/201301280DEN.html,2012-13
Roy Hibbert,2013-01-30,Indiana Pacers,Detroit Pistons,1,26.13,7.0,14.0,0.5,0.0,0.0,,4.0,4.0,1.0,6.0,5.0,11.0,2.0,1.0,1.0,3.0,3.0,18.0,16.0,https://www.basketball-reference.com/boxscores/201301300IND.html,2012-13
Roy Hibbert,2013-02-01,Indiana Pacers,Miami Heat,1,29.59,3.0,8.0,0.375,0.0,0.0,,1.0,2.0,0.5,3.0,3.0,6.0,0.0,0.0,2.0,2.0,5.0,7.0,10.0,https://www.basketball-reference.com/boxscores/201302010IND.html,2012-13
Roy Hibbert,2013-02-04,Indiana Pacers,Chicago Bulls,1,30.18,3.0,11.0,0.273,0.0,0.0,,0.0,0.0,,5.0,4.0,9.0,1.0,0.0,1.0,1.0,1.0,6.0,18.0,https://www.basketball-reference.com/boxscores/201302040IND.html,2012-13
Roy Hibbert,2013-02-05,Indiana Pacers,Atlanta Hawks,1,30.25,6.0,8.0,0.75,0.0,0.0,,0.0,0.0,,2.0,6.0,8.0,4.0,0.0,3.0,2.0,2.0,12.0,9.0,https://www.basketball-reference.com/boxscores/201302050IND.html,2012-13
Roy Hibbert,2013-02-06,Indiana Pacers,Philadelphia 76ers,0,33.55,8.0,19.0,0.421,0.0,1.0,0.0,2.0,3.0,0.667,7.0,8.0,15.0,1.0,2.0,4.0,1.0,0.0,18.0,22.0,https://www.basketball-reference.com/boxscores/201302060PHI.html,2012-13
Roy Hibbert,2013-02-13,Indiana Pacers,Charlotte Bobc,1,18.17,5.0,9.0,0.556,0.0,0.0,,0.0,0.0,,6.0,2.0,8.0,0.0,0.0,3.0,2.0,5.0,10.0,2.0,https://www.basketball-reference.com/boxscores/201302130IND.html,2012-13
Roy Hibbert,2013-02-20,Indiana Pacers,New York Knicks,1,17.39,4.0,5.0,0.8,0.0,0.0,,0.0,0.0,,0.0,4.0,4.0,1.0,0.0,2.0,3.0,6.0,8.0,5.0,https://www.basketball-reference.com/boxscores/201302200IND.html,2012-13
Roy Hibbert,2013-02-22,Indiana Pacers,Detroit Pistons,1,26.14,4.0,8.0,0.5,0.0,0.0,,2.0,3.0,0.667,1.0,5.0,6.0,4.0,1.0,1.0,1.0,2.0,10.0,31.0,https://www.basketball-reference.com/boxscores/201302220IND.html,2012-13
Roy Hibbert,2013-02-23,Indiana Pacers,Detroit Pistons,0,19.59,3.0,6.0,0.5,0.0,0.0,,4.0,4.0,1.0,0.0,1.0,1.0,2.0,0.0,2.0,5.0,6.0,10.0,9.0,https://www.basketball-reference.com/boxscores/201302230DET.html,2012-13
Roy Hibbert,2013-02-26,Indiana Pacers,Golden State Warriors,1,27.51,4.0,8.0,0.5,0.0,0.0,,5.0,6.0,0.833,5.0,4.0,9.0,1.0,1.0,5.0,3.0,2.0,13.0,20.0,https://www.basketball-reference.com/boxscores/201302260IND.html,2012-13
Roy Hibbert,2013-02-28,Indiana Pacers,Los Angeles Clippers,1,,,,,,,,,,,,,,,,,,,,,https://www.basketball-reference.com/boxscores/201302280IND.html,2012-13
Roy Hibbert,2013-03-01,Indiana Pacers,Toronto Raptors,0,23.57,7.0,10.0,0.7,0.0,0.0,,4.0,4.0,1.0,2.0,1.0,3.0,0.0,0.0,2.0,4.0,4.0,18.0,7.0,https://www.basketball-reference.com/boxscores/201303010TOR.html,2012-13
Roy Hibbert,2013-03-03,Indiana Pacers,Chicago Bulls,1,35.28,7.0,14.0,0.5,0.0,0.0,,4.0,6.0,0.667,5.0,5.0,10.0,1.0,2.0,3.0,1.0,4.0,18.0,11.0,https://www.basketball-reference.com/boxscores/201303030IND.html,2012-13
Roy Hibbert,2013-03-06,Indiana Pacers,Boston Celtics,1,32.22,6.0,13.0,0.462,0.0,0.0,,0.0,0.0,,6.0,6.0,12.0,0.0,0.0,6.0,2.0,4.0,12.0,-3.0,https://www.basketball-reference.com/boxscores/201303060IND.html,2012-13
Roy Hibbert,2013-03-08,Indiana Pacers,Orlando Magic,0,27.13,3.0,5.0,0.6,0.0,0.0,,4.0,4.0,1.0,0.0,2.0,2.0,1.0,1.0,5.0,1.0,2.0,10.0,19.0,https://www.basketball-reference.com/boxscores/201303080ORL.html,2012-13
Roy Hibbert,2013-03-10,Indiana Pacers,Miami Heat,0,32.27,7.0,14.0,0.5,0.0,1.0,0.0,2.0,2.0,1.0,1.0,3.0,4.0,2.0,0.0,0.0,3.0,4.0,16.0,-31.0,https://www.basketball-reference.com/boxscores/201303100MIA.html,2012-13
Roy Hibbert,2013-03-13,Indiana Pacers,Minnesota Timberwolves,1,34.24,10.0,15.0,0.667,0.0,0.0,,7.0,8.0,0.875,9.0,3.0,12.0,0.0,0.0,4.0,3.0,2.0,27.0,23.0,https://www.basketball-reference.com/boxscores/201303130IND.html,2012-13
Roy Hibbert,2013-03-15,Indiana Pacers,Los Angeles Lakers,1,23.56,3.0,12.0,0.25,1.0,1.0,1.0,0.0,0.0,,6.0,4.0,10.0,1.0,0.0,0.0,2.0,5.0,7.0,6.0,https://www.basketball-reference.com/boxscores/201303150IND.html,2012-13
Roy Hibbert,2013-03-16,Indiana Pacers,Philadelphia 76ers,0,35.5,9.0,26.0,0.34600000000000003,0.0,0.0,,7.0,8.0,0.875,7.0,3.0,10.0,0.0,0.0,2.0,0.0,3.0,25.0,7.0,https://www.basketball-reference.com/boxscores/201303160PHI.html,2012-13
Roy Hibbert,2013-03-18,Indiana Pacers,Cleveland Cavaliers,0,28.27,4.0,10.0,0.4,0.0,0.0,,4.0,5.0,0.8,3.0,6.0,9.0,2.0,1.0,5.0,2.0,1.0,12.0,24.0,https://www.basketball-reference.com/boxscores/201303180CLE.html,2012-13
Roy Hibbert,2013-03-19,Indiana Pacers,Orlando Magic,1,24.02,3.0,8.0,0.375,0.0,0.0,,3.0,3.0,1.0,1.0,4.0,5.0,1.0,0.0,1.0,1.0,4.0,9.0,10.0,https://www.basketball-reference.com/boxscores/201303190IND.html,2012-13
Roy Hibbert,2013-03-22,Indiana Pacers,Milwaukee Bucks,1,26.06,4.0,7.0,0.5710000000000001,0.0,0.0,,3.0,6.0,0.5,2.0,6.0,8.0,3.0,0.0,7.0,1.0,4.0,11.0,19.0,https://www.basketball-reference.com/boxscores/201303220IND.html,2012-13
Roy Hibbert,2013-03-23,Indiana Pacers,Chicago Bulls,0,35.02,8.0,18.0,0.444,0.0,0.0,,2.0,2.0,1.0,4.0,8.0,12.0,2.0,0.0,2.0,3.0,4.0,18.0,6.0,https://www.basketball-reference.com/boxscores/201303230CHI.html,2012-13
Roy Hibbert,2013-03-25,Indiana Pacers,Atlanta Hawks,1,37.27,8.0,17.0,0.471,0.0,0.0,,1.0,1.0,1.0,4.0,9.0,13.0,1.0,1.0,3.0,1.0,2.0,17.0,16.0,https://www.basketball-reference.com/boxscores/201303250IND.html,2012-13
Roy Hibbert,2013-03-27,Indiana Pacers,Houston Rockets,0,36.35,11.0,17.0,0.647,0.0,0.0,,6.0,8.0,0.75,3.0,10.0,13.0,3.0,0.0,3.0,4.0,3.0,28.0,21.0,https://www.basketball-reference.com/boxscores/201303270HOU.html,2012-13
Roy Hibbert,2013-03-28,Indiana Pacers,Dallas Mavericks,0,24.09,5.0,10.0,0.5,0.0,0.0,,6.0,8.0,0.75,5.0,6.0,11.0,1.0,1.0,1.0,2.0,5.0,16.0,27.0,https://www.basketball-reference.com/boxscores/201303280DAL.html,2012-13
Roy Hibbert,2013-03-30,Indiana Pacers,Phoenix Suns,0,29.08,7.0,17.0,0.412,0.0,0.0,,6.0,10.0,0.6,4.0,3.0,7.0,1.0,0.0,1.0,3.0,5.0,20.0,7.0,https://www.basketball-reference.com/boxscores/201303300PHO.html,2012-13
Roy Hibbert,2010-12-01,Indiana Pacers,Utah Jazz,0,32.09,6.0,8.0,0.75,0.0,0.0,,3.0,4.0,0.75,1.0,4.0,5.0,2.0,0.0,0.0,1.0,2.0,15.0,-17.0,https://www.basketball-reference.com/boxscores/201012010UTA.html,2010-11
Roy Hibbert,2010-12-03,Indiana Pacers,Phoenix Suns,0,18.06,4.0,6.0,0.667,0.0,0.0,,0.0,0.0,,0.0,1.0,1.0,3.0,0.0,1.0,0.0,4.0,8.0,-11.0,https://www.basketball-reference.com/boxscores/201012030PHO.html,2010-11
Roy Hibbert,2010-12-06,Indiana Pacers,Toronto Raptors,1,28.23,6.0,9.0,0.667,0.0,0.0,,1.0,1.0,1.0,2.0,4.0,6.0,6.0,0.0,2.0,5.0,2.0,13.0,14.0,https://www.basketball-reference.com/boxscores/201012060IND.html,2010-11
Roy Hibbert,2010-12-08,Indiana Pacers,Milwaukee Bucks,0,31.03,5.0,8.0,0.625,0.0,0.0,,3.0,7.0,0.429,0.0,5.0,5.0,1.0,1.0,2.0,3.0,4.0,13.0,1.0,https://www.basketball-reference.com/boxscores/201012080MIL.html,2010-11
Roy Hibbert,2010-12-10,Indiana Pacers,Charlotte Bobc,1,26.43,6.0,11.0,0.545,0.0,0.0,,1.0,1.0,1.0,2.0,12.0,14.0,6.0,1.0,3.0,3.0,5.0,13.0,-2.0,https://www.basketball-reference.com/boxscores/201012100IND.html,2010-11
Roy Hibbert,2010-12-11,Indiana Pacers,Atlanta Hawks,0,34.04,3.0,14.0,0.214,0.0,0.0,,0.0,0.0,,3.0,5.0,8.0,2.0,0.0,1.0,0.0,1.0,6.0,-15.0,https://www.basketball-reference.com/boxscores/201012110ATL.html,2010-11
Roy Hibbert,2010-12-13,Indiana Pacers,Chicago Bulls,0,20.01,2.0,7.0,0.28600000000000003,0.0,0.0,,2.0,2.0,1.0,0.0,3.0,3.0,0.0,0.0,0.0,2.0,3.0,6.0,-18.0,https://www.basketball-reference.com/boxscores/201012130CHI.html,2010-11
Roy Hibbert,2010-12-15,Indiana Pacers,Los Angeles Lakers,1,30.43,6.0,14.0,0.429,0.0,1.0,0.0,0.0,1.0,0.0,2.0,4.0,6.0,2.0,0.0,3.0,0.0,5.0,12.0,-15.0,https://www.basketball-reference.com/boxscores/201012150IND.html,2010-11
Roy Hibbert,2010-12-17,Indiana Pacers,Cleveland Cavaliers,1,36.13,6.0,13.0,0.462,0.0,0.0,,3.0,5.0,0.6,2.0,4.0,6.0,3.0,0.0,6.0,4.0,2.0,15.0,7.0,https://www.basketball-reference.com/boxscores/201012170IND.html,2010-11
Roy Hibbert,2010-12-19,Indiana Pacers,Boston Celtics,0,33.08,8.0,23.0,0.348,0.0,0.0,,1.0,1.0,1.0,5.0,9.0,14.0,2.0,0.0,2.0,1.0,2.0,17.0,-12.0,https://www.basketball-reference.com/boxscores/201012190BOS.html,2010-11
Roy Hibbert,2010-12-20,Indiana Pacers,New Orleans Hornets,1,24.38,1.0,10.0,0.1,0.0,0.0,,0.0,0.0,,1.0,2.0,3.0,0.0,1.0,2.0,3.0,2.0,2.0,3.0,https://www.basketball-reference.com/boxscores/201012200IND.html,2010-11
Roy Hibbert,2010-12-26,Indiana Pacers,Memphis Grizzlies,1,30.5,5.0,17.0,0.294,0.0,0.0,,4.0,7.0,0.5710000000000001,3.0,7.0,10.0,0.0,0.0,0.0,0.0,2.0,14.0,-16.0,https://www.basketball-reference.com/boxscores/201012260IND.html,2010-11
Roy Hibbert,2010-12-28,Indiana Pacers,Boston Celtics,1,24.18,3.0,9.0,0.333,0.0,0.0,,2.0,2.0,1.0,0.0,8.0,8.0,2.0,0.0,0.0,2.0,4.0,8.0,-3.0,https://www.basketball-reference.com/boxscores/201012280IND.html,2010-11
Roy Hibbert,2010-12-29,Indiana Pacers,Washington Wizards,0,15.09,2.0,4.0,0.5,0.0,0.0,,1.0,2.0,0.5,2.0,2.0,4.0,1.0,0.0,2.0,0.0,5.0,5.0,-3.0,https://www.basketball-reference.com/boxscores/201012290WAS.html,2010-11
Roy Hibbert,2010-12-31,Indiana Pacers,Washington Wizards,1,31.27,6.0,13.0,0.462,0.0,0.0,,5.0,6.0,0.833,5.0,3.0,8.0,2.0,0.0,2.0,7.0,2.0,17.0,19.0,https://www.basketball-reference.com/boxscores/201012310IND.html,2010-11
Roy Hibbert,2011-01-02,Indiana Pacers,New York Knicks,0,16.11,4.0,9.0,0.444,0.0,0.0,,2.0,4.0,0.5,1.0,3.0,4.0,2.0,0.0,0.0,0.0,2.0,10.0,-6.0,https://www.basketball-reference.com/boxscores/201101020NYK.html,2010-11
Roy Hibbert,2011-01-07,Indiana Pacers,San Antonio Spurs,1,35.48,5.0,17.0,0.294,0.0,0.0,,0.0,0.0,,4.0,10.0,14.0,2.0,0.0,2.0,3.0,1.0,10.0,6.0,https://www.basketball-reference.com/boxscores/201101070IND.html,2010-11
Roy Hibbert,2011-01-08,Indiana Pacers,Atlanta Hawks,0,19.13,3.0,8.0,0.375,0.0,0.0,,2.0,2.0,1.0,2.0,5.0,7.0,0.0,0.0,1.0,4.0,1.0,8.0,-12.0,https://www.basketball-reference.com/boxscores/201101080ATL.html,2010-11
Roy Hibbert,2011-01-11,Indiana Pacers,Philadelphia 76ers,0,23.31,4.0,12.0,0.333,0.0,0.0,,0.0,0.0,,2.0,6.0,8.0,1.0,0.0,2.0,1.0,2.0,8.0,-9.0,https://www.basketball-reference.com/boxscores/201101110PHI.html,2010-11
Roy Hibbert,2011-01-12,Indiana Pacers,Dallas Mavericks,1,16.21,4.0,8.0,0.5,0.0,0.0,,1.0,2.0,0.5,1.0,6.0,7.0,1.0,0.0,1.0,0.0,3.0,9.0,3.0,https://www.basketball-reference.com/boxscores/201101120IND.html,2010-11
Roy Hibbert,2011-01-14,Indiana Pacers,Chicago Bulls,1,22.21,1.0,8.0,0.125,0.0,0.0,,0.0,0.0,,2.0,5.0,7.0,0.0,0.0,3.0,3.0,1.0,2.0,-5.0,https://www.basketball-reference.com/boxscores/201101140IND.html,2010-11
Roy Hibbert,2011-01-17,Indiana Pacers,Los Angeles Clippers,0,11.53,1.0,2.0,0.5,0.0,0.0,,2.0,2.0,1.0,0.0,4.0,4.0,1.0,0.0,2.0,1.0,5.0,4.0,-6.0,https://www.basketball-reference.com/boxscores/201101170LAC.html,2010-11
Roy Hibbert,2011-01-22,Indiana Pacers,Portland Trail Blazers,0,28.5,5.0,13.0,0.385,0.0,0.0,,1.0,2.0,0.5,4.0,6.0,10.0,3.0,1.0,0.0,2.0,1.0,11.0,-1.0,https://www.basketball-reference.com/boxscores/201101220POR.html,2010-11
Roy Hibbert,2011-01-23,Indiana Pacers,Denver Nuggets,0,21.54,6.0,15.0,0.4,0.0,0.0,,0.0,2.0,0.0,1.0,5.0,6.0,1.0,0.0,0.0,1.0,2.0,12.0,-17.0,https://www.basketball-reference.com/boxscores/201101230DEN.html,2010-11
Roy Hibbert,2011-01-26,Indiana Pacers,Orlando Magic,1,14.53,2.0,6.0,0.333,0.0,0.0,,0.0,2.0,0.0,0.0,2.0,2.0,0.0,0.0,0.0,2.0,2.0,4.0,-22.0,https://www.basketball-reference.com/boxscores/201101260IND.html,2010-11
Roy Hibbert,2011-01-28,Indiana Pacers,New Jersey Nets,1,25.02,7.0,12.0,0.583,0.0,0.0,,6.0,7.0,0.857,1.0,5.0,6.0,2.0,0.0,2.0,2.0,4.0,20.0,20.0,https://www.basketball-reference.com/boxscores/201101280IND.html,2010-11
Roy Hibbert,2011-01-29,Indiana Pacers,Chicago Bulls,0,21.07,1.0,5.0,0.2,0.0,0.0,,0.0,0.0,,1.0,4.0,5.0,2.0,0.0,5.0,2.0,3.0,2.0,4.0,https://www.basketball-reference.com/boxscores/201101290CHI.html,2010-11
Roy Hibbert,2011-01-31,Indiana Pacers,Toronto Raptors,1,30.08,9.0,19.0,0.474,0.0,0.0,,6.0,9.0,0.667,5.0,6.0,11.0,1.0,2.0,2.0,5.0,4.0,24.0,-1.0,https://www.basketball-reference.com/boxscores/201101310IND.html,2010-11
Roy Hibbert,2011-02-02,Indiana Pacers,Cleveland Cavaliers,0,30.48,5.0,13.0,0.385,0.0,0.0,,3.0,3.0,1.0,3.0,7.0,10.0,2.0,0.0,2.0,2.0,4.0,13.0,0.0,https://www.basketball-reference.com/boxscores/201102020CLE.html,2010-11
Roy Hibbert,2011-02-04,Indiana Pacers,Portland Trail Blazers,1,21.21,6.0,13.0,0.462,0.0,0.0,,3.0,4.0,0.75,2.0,4.0,6.0,0.0,0.0,1.0,1.0,5.0,15.0,16.0,https://www.basketball-reference.com/boxscores/201102040IND.html,2010-11
Roy Hibbert,2011-02-06,Indiana Pacers,New Jersey Nets,0,26.0,5.0,10.0,0.5,0.0,0.0,,1.0,1.0,1.0,1.0,2.0,3.0,4.0,0.0,2.0,0.0,3.0,11.0,12.0,https://www.basketball-reference.com/boxscores/201102060NJN.html,2010-11
Roy Hibbert,2011-02-08,Indiana Pacers,Miami Heat,0,30.46,8.0,14.0,0.5710000000000001,0.0,0.0,,4.0,6.0,0.667,4.0,6.0,10.0,1.0,3.0,1.0,3.0,6.0,20.0,-7.0,https://www.basketball-reference.com/boxscores/201102080MIA.html,2010-11
Roy Hibbert,2011-02-09,Indiana Pacers,Charlotte Bobc,1,33.56,12.0,19.0,0.632,0.0,0.0,,5.0,7.0,0.7140000000000001,3.0,7.0,10.0,2.0,0.0,2.0,1.0,2.0,29.0,2.0,https://www.basketball-reference.com/boxscores/201102090IND.html,2010-11
Roy Hibbert,2011-02-11,Indiana Pacers,Minnesota Timberwolves,1,29.26,1.0,4.0,0.25,0.0,0.0,,4.0,4.0,1.0,2.0,3.0,5.0,1.0,1.0,1.0,3.0,3.0,6.0,6.0,https://www.basketball-reference.com/boxscores/201102110IND.html,2010-11
Roy Hibbert,2011-02-12,Indiana Pacers,Milwaukee Bucks,0,33.02,5.0,9.0,0.556,0.0,0.0,,3.0,4.0,0.75,0.0,8.0,8.0,6.0,0.0,1.0,3.0,2.0,13.0,12.0,https://www.basketball-reference.com/boxscores/201102120MIL.html,2010-11
Roy Hibbert,2011-02-15,Indiana Pacers,Miami Heat,1,33.08,7.0,16.0,0.438,0.0,0.0,,4.0,6.0,0.667,3.0,4.0,7.0,3.0,0.0,2.0,2.0,2.0,18.0,-15.0,https://www.basketball-reference.com/boxscores/201102150IND.html,2010-11
Roy Hibbert,2011-02-16,Detroit Pistons,Indiana Pacers,1,41.05,12.0,23.0,0.522,0.0,0.0,,5.0,5.0,1.0,4.0,5.0,9.0,3.0,0.0,2.0,3.0,3.0,29.0,-4.0,https://www.basketball-reference.com/boxscores/201102160DET.html,2010-11
Roy Hibbert,2011-02-22,Indiana Pacers,Washington Wizards,0,29.29,5.0,9.0,0.556,0.0,0.0,,6.0,9.0,0.667,1.0,5.0,6.0,0.0,1.0,4.0,2.0,2.0,16.0,11.0,https://www.basketball-reference.com/boxscores/201102220WAS.html,2010-11
Roy Hibbert,2011-02-23,Indiana Pacers,Detroit Pistons,1,30.04,2.0,3.0,0.667,0.0,0.0,,3.0,5.0,0.6,1.0,7.0,8.0,0.0,0.0,0.0,1.0,5.0,7.0,0.0,https://www.basketball-reference.com/boxscores/201102230IND.html,2010-11
Roy Hibbert,2011-02-25,Indiana Pacers,Utah Jazz,1,30.53,6.0,16.0,0.375,0.0,0.0,,2.0,2.0,1.0,5.0,3.0,8.0,2.0,0.0,2.0,3.0,3.0,14.0,-18.0,https://www.basketball-reference.com/boxscores/201102250IND.html,2010-11
Roy Hibbert,2011-03-01,Indiana Pacers,Golden State Warriors,1,33.28,5.0,12.0,0.417,0.0,0.0,,2.0,2.0,1.0,3.0,6.0,9.0,4.0,1.0,4.0,2.0,3.0,12.0,5.0,https://www.basketball-reference.com/boxscores/201103010IND.html,2010-11
Roy Hibbert,2011-03-02,Indiana Pacers,Oklahoma City Thunder,0,26.57,3.0,7.0,0.429,0.0,0.0,,3.0,4.0,0.75,3.0,9.0,12.0,1.0,3.0,2.0,5.0,2.0,9.0,-23.0,https://www.basketball-reference.com/boxscores/201103020OKC.html,2010-11
Roy Hibbert,2011-03-04,Indiana Pacers,Dallas Mavericks,0,30.45,5.0,9.0,0.556,0.0,0.0,,1.0,2.0,0.5,0.0,8.0,8.0,1.0,1.0,0.0,5.0,4.0,11.0,-5.0,https://www.basketball-reference.com/boxscores/201103040DAL.html,2010-11
Roy Hibbert,2011-03-05,Indiana Pacers,Houston Rockets,0,26.58,6.0,14.0,0.429,0.0,0.0,,3.0,4.0,0.75,2.0,4.0,6.0,1.0,2.0,3.0,1.0,2.0,15.0,-15.0,https://www.basketball-reference.com/boxscores/201103050HOU.html,2010-11
Roy Hibbert,2011-03-08,Indiana Pacers,Philadelphia 76ers,1,28.38,3.0,8.0,0.375,0.0,0.0,,7.0,8.0,0.875,2.0,2.0,4.0,2.0,0.0,1.0,4.0,2.0,13.0,-2.0,https://www.basketball-reference.com/boxscores/201103080IND.html,2010-11
Roy Hibbert,2011-03-09,Indiana Pacers,Minnesota Timberwolves,0,19.36,0.0,6.0,0.0,0.0,0.0,,0.0,0.0,,1.0,8.0,9.0,1.0,1.0,1.0,1.0,4.0,0.0,-11.0,https://www.basketball-reference.com/boxscores/201103090MIN.html,2010-11
Roy Hibbert,2011-03-11,Indiana Pacers,Toronto Raptors,0,20.48,2.0,5.0,0.4,0.0,0.0,,0.0,1.0,0.0,0.0,3.0,3.0,1.0,0.0,0.0,2.0,5.0,4.0,-1.0,https://www.basketball-reference.com/boxscores/201103110TOR.html,2010-11
Roy Hibbert,2011-03-13,Indiana Pacers,New York Knicks,0,27.5,5.0,7.0,0.7140000000000001,0.0,0.0,,2.0,2.0,1.0,3.0,5.0,8.0,3.0,1.0,5.0,3.0,5.0,12.0,14.0,https://www.basketball-reference.com/boxscores/201103130NYK.html,2010-11
Roy Hibbert,2011-03-15,Indiana Pacers,New York Knicks,1,30.51,5.0,13.0,0.385,0.0,0.0,,5.0,6.0,0.833,6.0,6.0,12.0,5.0,0.0,3.0,3.0,3.0,15.0,2.0,https://www.basketball-reference.com/boxscores/201103150IND.html,2010-11
Roy Hibbert,2011-03-16,Indiana Pacers,Boston Celtics,0,23.21,3.0,7.0,0.429,0.0,0.0,,0.0,0.0,,5.0,2.0,7.0,2.0,1.0,1.0,4.0,5.0,6.0,0.0,https://www.basketball-reference.com/boxscores/201103160BOS.html,2010-11
Roy Hibbert,2011-03-19,Indiana Pacers,Memphis Grizzlies,0,10.51,0.0,1.0,0.0,0.0,0.0,,2.0,2.0,1.0,0.0,0.0,0.0,1.0,0.0,0.0,2.0,5.0,2.0,-27.0,https://www.basketball-reference.com/boxscores/201103190MEM.html,2010-11
Roy Hibbert,2011-03-21,Indiana Pacers,New Jersey Nets,0,32.02,10.0,14.0,0.7140000000000001,0.0,0.0,,4.0,7.0,0.5710000000000001,1.0,4.0,5.0,0.0,1.0,3.0,4.0,5.0,24.0,11.0,https://www.basketball-reference.com/boxscores/201103210NJN.html,2010-11
Roy Hibbert,2011-03-23,Indiana Pacers,Charlotte Bobcats,0,29.26,5.0,7.0,0.7140000000000001,0.0,0.0,,3.0,3.0,1.0,2.0,12.0,14.0,4.0,1.0,2.0,3.0,4.0,13.0,18.0,https://www.basketball-reference.com/boxscores/201103230CHA.html,2010-11
Roy Hibbert,2011-03-25,Indiana Pacers,Sacramento Kings,1,32.0,4.0,9.0,0.444,0.0,0.0,,3.0,3.0,1.0,3.0,2.0,5.0,0.0,0.0,2.0,2.0,1.0,11.0,-7.0,https://www.basketball-reference.com/boxscores/201103250IND.html,2010-11
Roy Hibbert,2011-03-26,Indiana Pacers,Detroit Pistons,0,30.47,3.0,10.0,0.3,0.0,0.0,,0.0,0.0,,4.0,2.0,6.0,3.0,1.0,2.0,4.0,3.0,6.0,-16.0,https://www.basketball-reference.com/boxscores/201103260DET.html,2010-11
Roy Hibbert,2011-03-28,Indiana Pacers,Boston Celtics,1,32.32,12.0,17.0,0.706,0.0,0.0,,2.0,2.0,1.0,2.0,2.0,4.0,2.0,0.0,1.0,3.0,1.0,26.0,-7.0,https://www.basketball-reference.com/boxscores/201103280IND.html,2010-11
Roy Hibbert,2011-03-30,Indiana Pacers,Detroit Pistons,1,30.37,3.0,5.0,0.6,0.0,0.0,,6.0,7.0,0.857,1.0,3.0,4.0,2.0,0.0,2.0,2.0,3.0,12.0,4.0,https://www.basketball-reference.com/boxscores/201103300IND.html,2010-11
Roy Hibbert,2015-12-01,Los Angeles Lakers,Philadelphia 76ers,0,32.58,2.0,4.0,0.5,0.0,0.0,,2.0,2.0,1.0,4.0,6.0,10.0,2.0,1.0,2.0,0.0,4.0,6.0,-9.0,https://www.basketball-reference.com/boxscores/201512010PHI.html,2015-16
Roy Hibbert,2015-12-02,Los Angeles Lakers,Washington Wizards,0,31.2,1.0,5.0,0.2,0.0,0.0,,0.0,0.0,,2.0,1.0,3.0,1.0,0.0,2.0,2.0,3.0,2.0,-5.0,https://www.basketball-reference.com/boxscores/201512020WAS.html,2015-16
Roy Hibbert,2015-12-04,Los Angeles Lakers,Atlanta Hawks,0,23.13,2.0,5.0,0.4,0.0,0.0,,1.0,2.0,0.5,3.0,2.0,5.0,3.0,1.0,1.0,3.0,1.0,5.0,-8.0,https://www.basketball-reference.com/boxscores/201512040ATL.html,2015-16
Roy Hibbert,2015-12-06,Los Angeles Lakers,Detroit Pistons,0,24.45,3.0,5.0,0.6,0.0,0.0,,2.0,2.0,1.0,2.0,3.0,5.0,2.0,0.0,1.0,2.0,2.0,8.0,-22.0,https://www.basketball-reference.com/boxscores/201512060DET.html,2015-16
Roy Hibbert,2015-12-07,Los Angeles Lakers,Toronto Raptors,0,29.39,2.0,5.0,0.4,0.0,0.0,,2.0,2.0,1.0,1.0,3.0,4.0,4.0,1.0,1.0,2.0,5.0,6.0,-8.0,https://www.basketball-reference.com/boxscores/201512070TOR.html,2015-16
Roy Hibbert,2015-12-09,Minnesota Timberwolves,Los Angeles Lakers,1,31.53,3.0,6.0,0.5,0.0,0.0,,2.0,2.0,1.0,2.0,5.0,7.0,1.0,1.0,1.0,0.0,2.0,8.0,-7.0,https://www.basketball-reference.com/boxscores/201512090MIN.html,2015-16
Roy Hibbert,2015-12-11,Los Angeles Lakers,San Antonio Spurs,0,30.08,2.0,8.0,0.25,0.0,0.0,,0.0,0.0,,3.0,3.0,6.0,1.0,0.0,2.0,2.0,3.0,4.0,-25.0,https://www.basketball-reference.com/boxscores/201512110SAS.html,2015-16
Roy Hibbert,2015-12-12,Los Angeles Lakers,Houston Rockets,0,25.13,5.0,9.0,0.556,0.0,0.0,,0.0,0.0,,1.0,6.0,7.0,0.0,0.0,3.0,0.0,4.0,10.0,6.0,https://www.basketball-reference.com/boxscores/201512120HOU.html,2015-16
Roy Hibbert,2015-12-15,Los Angeles Lakers,Milwaukee Bucks,1,23.52,5.0,9.0,0.556,0.0,0.0,,2.0,3.0,0.667,4.0,7.0,11.0,2.0,0.0,1.0,0.0,2.0,12.0,22.0,https://www.basketball-reference.com/boxscores/201512150LAL.html,2015-16
Roy Hibbert,2015-12-17,Los Angeles Lakers,Houston Rockets,1,21.46,2.0,7.0,0.28600000000000003,0.0,0.0,,0.0,0.0,,2.0,2.0,4.0,1.0,0.0,1.0,0.0,6.0,4.0,-26.0,https://www.basketball-reference.com/boxscores/201512170LAL.html,2015-16
Roy Hibbert,2015-12-19,Los Angeles Lakers,Oklahoma City Thunder,0,22.34,1.0,3.0,0.333,0.0,0.0,,0.0,0.0,,1.0,2.0,3.0,2.0,2.0,2.0,1.0,5.0,2.0,-13.0,https://www.basketball-reference.com/boxscores/201512190OKC.html,2015-16
Roy Hibbert,2015-12-22,Los Angeles Lakers,Denver Nuggets,0,15.12,2.0,2.0,1.0,0.0,0.0,,1.0,1.0,1.0,1.0,5.0,6.0,1.0,0.0,0.0,2.0,5.0,5.0,7.0,https://www.basketball-reference.com/boxscores/201512220DEN.html,2015-16
Roy Hibbert,2015-12-23,Los Angeles Lakers,Oklahoma City Thunder,1,21.3,1.0,4.0,0.25,0.0,0.0,,2.0,2.0,1.0,0.0,1.0,1.0,1.0,0.0,1.0,2.0,4.0,4.0,-28.0,https://www.basketball-reference.com/boxscores/201512230LAL.html,2015-16
Roy Hibbert,2015-12-25,Los Angeles Lakers,Los Angeles Clippers,1,27.12,4.0,10.0,0.4,0.0,0.0,,0.0,0.0,,0.0,3.0,3.0,1.0,0.0,0.0,0.0,1.0,8.0,-18.0,https://www.basketball-reference.com/boxscores/201512250LAL.html,2015-16
Roy Hibbert,2015-12-27,Los Angeles Lakers,Memphis Grizzlies,0,25.48,0.0,3.0,0.0,0.0,0.0,,5.0,6.0,0.833,2.0,2.0,4.0,2.0,0.0,0.0,1.0,4.0,5.0,-20.0,https://www.basketball-reference.com/boxscores/201512270MEM.html,2015-16
Roy Hibbert,2015-12-28,Los Angeles Lakers,Charlotte Hornets,0,28.55,4.0,7.0,0.5710000000000001,0.0,0.0,,0.0,0.0,,1.0,7.0,8.0,2.0,0.0,3.0,1.0,2.0,8.0,-9.0,https://www.basketball-reference.com/boxscores/201512280CHO.html,2015-16
Roy Hibbert,2015-12-30,Los Angeles Lakers,Boston Celtics,0,23.31,0.0,5.0,0.0,0.0,0.0,,0.0,0.0,,2.0,2.0,4.0,2.0,0.0,1.0,1.0,4.0,0.0,10.0,https://www.basketball-reference.com/boxscores/201512300BOS.html,2015-16
Roy Hibbert,2016-01-01,Los Angeles Lakers,Philadelphia 76ers,1,22.51,1.0,6.0,0.16699999999999998,0.0,0.0,,1.0,2.0,0.5,1.0,4.0,5.0,1.0,0.0,2.0,0.0,4.0,3.0,4.0,https://www.basketball-reference.com/boxscores/201601010LAL.html,2015-16
Roy Hibbert,2016-01-03,Los Angeles Lakers,Phoenix Suns,1,28.48,6.0,11.0,0.545,0.0,0.0,,1.0,1.0,1.0,0.0,6.0,6.0,3.0,0.0,3.0,0.0,1.0,13.0,17.0,https://www.basketball-reference.com/boxscores/201601030LAL.html,2015-16
Roy Hibbert,2016-01-05,Los Angeles Lakers,Golden State Warriors,1,23.51,1.0,7.0,0.14300000000000002,0.0,0.0,,0.0,0.0,,0.0,5.0,5.0,0.0,0.0,1.0,1.0,2.0,2.0,-30.0,https://www.basketball-reference.com/boxscores/201601050LAL.html,2015-16
Roy Hibbert,2016-01-07,Los Angeles Lakers,Sacramento Kings,0,11.53,0.0,1.0,0.0,0.0,0.0,,0.0,0.0,,0.0,2.0,2.0,1.0,0.0,0.0,1.0,5.0,0.0,-20.0,https://www.basketball-reference.com/boxscores/201601070SAC.html,2015-16
Roy Hibbert,2016-01-08,Los Angeles Lakers,Oklahoma City Thunder,1,22.56,4.0,5.0,0.8,0.0,0.0,,0.0,0.0,,1.0,1.0,2.0,0.0,1.0,2.0,1.0,4.0,8.0,-6.0,https://www.basketball-reference.com/boxscores/201601080LAL.html,2015-16
Roy Hibbert,2016-01-10,Los Angeles Lakers,Utah Jazz,1,24.31,3.0,7.0,0.429,0.0,0.0,,0.0,0.0,,4.0,4.0,8.0,1.0,0.0,1.0,2.0,6.0,6.0,1.0,https://www.basketball-reference.com/boxscores/201601100LAL.html,2015-16
Roy Hibbert,2016-01-12,Los Angeles Lakers,New Orleans Pelicans,1,25.08,3.0,8.0,0.375,0.0,0.0,,2.0,2.0,1.0,1.0,4.0,5.0,0.0,0.0,2.0,0.0,0.0,8.0,0.0,https://www.basketball-reference.com/boxscores/201601120LAL.html,2015-16
Roy Hibbert,2016-01-14,Los Angeles Lakers,Golden State Warriors,0,20.32,2.0,4.0,0.5,0.0,0.0,,0.0,2.0,0.0,3.0,5.0,8.0,0.0,0.0,0.0,1.0,1.0,4.0,-6.0,https://www.basketball-reference.com/boxscores/201601140GSW.html,2015-16
Roy Hibbert,2016-01-16,Los Angeles Lakers,Utah Jazz,0,26.28,1.0,5.0,0.2,0.0,0.0,,0.0,0.0,,3.0,2.0,5.0,2.0,0.0,1.0,1.0,4.0,2.0,-23.0,https://www.basketball-reference.com/boxscores/201601160UTA.html,2015-16
Roy Hibbert,2016-01-17,Los Angeles Lakers,Houston Rockets,1,25.36,3.0,6.0,0.5,0.0,0.0,,2.0,2.0,1.0,1.0,0.0,1.0,2.0,0.0,4.0,0.0,3.0,8.0,-10.0,https://www.basketball-reference.com/boxscores/201601170LAL.html,2015-16
Roy Hibbert,2016-01-20,Los Angeles Lakers,Sacramento Kings,1,16.15,3.0,5.0,0.6,0.0,0.0,,0.0,0.0,,1.0,1.0,2.0,0.0,3.0,1.0,1.0,5.0,6.0,-5.0,https://www.basketball-reference.com/boxscores/201601200LAL.html,2015-16
Roy Hibbert,2016-01-22,Los Angeles Lakers,San Antonio Spurs,1,22.16,5.0,9.0,0.556,0.0,0.0,,0.0,0.0,,1.0,4.0,5.0,1.0,1.0,0.0,0.0,3.0,10.0,-12.0,https://www.basketball-reference.com/boxscores/201601220LAL.html,2015-16
Roy Hibbert,2016-01-23,Los Angeles Lakers,Portland Trail Blazers,0,23.4,3.0,4.0,0.75,0.0,0.0,,3.0,3.0,1.0,1.0,2.0,3.0,1.0,0.0,2.0,2.0,2.0,9.0,-25.0,https://www.basketball-reference.com/boxscores/201601230POR.html,2015-16
Roy Hibbert,2016-01-26,Los Angeles Lakers,Dallas Mavericks,1,20.36,5.0,7.0,0.7140000000000001,0.0,0.0,,1.0,1.0,1.0,2.0,1.0,3.0,3.0,0.0,2.0,1.0,2.0,11.0,2.0,https://www.basketball-reference.com/boxscores/201601260LAL.html,2015-16
Roy Hibbert,2016-01-28,Los Angeles Lakers,Chicago Bulls,1,19.0,3.0,7.0,0.429,0.0,0.0,,0.0,0.0,,1.0,0.0,1.0,1.0,0.0,1.0,1.0,4.0,6.0,-12.0,https://www.basketball-reference.com/boxscores/201601280LAL.html,2015-16
Roy Hibbert,2016-01-29,Los Angeles Lakers,Los Angeles Clippers,0,28.28,5.0,12.0,0.417,0.0,0.0,,2.0,4.0,0.5,2.0,3.0,5.0,2.0,1.0,2.0,1.0,3.0,12.0,2.0,https://www.basketball-reference.com/boxscores/201601290LAC.html,2015-16
Roy Hibbert,2016-01-31,Los Angeles Lakers,Charlotte Hornets,1,21.19,0.0,4.0,0.0,0.0,0.0,,0.0,0.0,,1.0,1.0,2.0,0.0,0.0,3.0,1.0,2.0,0.0,-13.0,https://www.basketball-reference.com/boxscores/201601310LAL.html,2015-16
Roy Hibbert,2016-02-02,Los Angeles Lakers,Minnesota Timberwolves,1,16.1,1.0,1.0,1.0,0.0,0.0,,0.0,0.0,,1.0,0.0,1.0,1.0,0.0,0.0,0.0,4.0,2.0,-9.0,https://www.basketball-reference.com/boxscores/201602020LAL.html,2015-16
Roy Hibbert,2016-02-04,Los Angeles Lakers,New Orleans Pelicans,0,23.36,1.0,3.0,0.333,0.0,0.0,,0.0,0.0,,2.0,6.0,8.0,1.0,1.0,0.0,0.0,3.0,2.0,11.0,https://www.basketball-reference.com/boxscores/201602040NOP.html,2015-16
Roy Hibbert,2016-02-06,Los Angeles Lakers,San Antonio Spurs,0,8.06,1.0,1.0,1.0,0.0,0.0,,0.0,0.0,,1.0,1.0,2.0,0.0,0.0,0.0,0.0,1.0,2.0,-7.0,https://www.basketball-reference.com/boxscores/201602060SAS.html,2015-16
Roy Hibbert,2016-02-10,Los Angeles Lakers,Cleveland Cavaliers,0,16.54,4.0,6.0,0.667,0.0,0.0,,1.0,2.0,0.5,2.0,1.0,3.0,0.0,0.0,0.0,1.0,2.0,9.0,-17.0,https://www.basketball-reference.com/boxscores/201602100CLE.html,2015-16
Roy Hibbert,2016-02-19,Los Angeles Lakers,San Antonio Spurs,1,22.2,1.0,3.0,0.333,0.0,0.0,,0.0,0.0,,1.0,5.0,6.0,3.0,0.0,1.0,0.0,2.0,2.0,-3.0,https://www.basketball-reference.com/boxscores/201602190LAL.html,2015-16
Roy Hibbert,2016-02-21,Los Angeles Lakers,Chicago Bulls,0,21.09,3.0,5.0,0.6,0.0,0.0,,0.0,0.0,,1.0,2.0,3.0,0.0,0.0,1.0,0.0,4.0,6.0,-18.0,https://www.basketball-reference.com/boxscores/201602210CHI.html,2015-16
Roy Hibbert,2016-02-22,Los Angeles Lakers,Milwaukee Bucks,0,21.24,1.0,5.0,0.2,0.0,0.0,,0.0,0.0,,2.0,0.0,2.0,0.0,0.0,1.0,1.0,2.0,2.0,-19.0,https://www.basketball-reference.com/boxscores/201602220MIL.html,2015-16
Roy Hibbert,2016-02-24,Los Angeles Lakers,Memphis Grizzlies,0,16.0,0.0,1.0,0.0,0.0,0.0,,1.0,2.0,0.5,1.0,3.0,4.0,0.0,2.0,2.0,1.0,4.0,1.0,-16.0,https://www.basketball-reference.com/boxscores/201602240MEM.html,2015-16
Roy Hibbert,2016-02-26,Los Angeles Lakers,Memphis Grizzlies,1,21.33,2.0,5.0,0.4,0.0,0.0,,0.0,1.0,0.0,0.0,1.0,1.0,0.0,0.0,0.0,0.0,2.0,4.0,-21.0,https://www.basketball-reference.com/boxscores/201602260LAL.html,2015-16
Roy Hibbert,2016-03-01,Los Angeles Lakers,Brooklyn Nets,1,25.42,7.0,9.0,0.778,0.0,0.0,,0.0,0.0,,2.0,3.0,5.0,2.0,1.0,0.0,1.0,5.0,14.0,-3.0,https://www.basketball-reference.com/boxscores/201603010LAL.html,2015-16
Roy Hibbert,2016-03-02,Los Angeles Lakers,Denver Nuggets,0,17.44,3.0,6.0,0.5,0.0,0.0,,2.0,2.0,1.0,1.0,1.0,2.0,0.0,0.0,1.0,1.0,4.0,8.0,-20.0,https://www.basketball-reference.com/boxscores/201603020DEN.html,2015-16
Roy Hibbert,2016-03-04,Los Angeles Lakers,Atlanta Hawks,1,18.49,3.0,4.0,0.75,0.0,0.0,,2.0,4.0,0.5,1.0,3.0,4.0,3.0,1.0,0.0,1.0,3.0,8.0,-4.0,https://www.basketball-reference.com/boxscores/201603040LAL.html,2015-16
Roy Hibbert,2016-03-06,Los Angeles Lakers,Golden State Warriors,1,20.38,1.0,3.0,0.333,0.0,0.0,,0.0,0.0,,0.0,5.0,5.0,0.0,1.0,2.0,1.0,2.0,2.0,1.0,https://www.basketball-reference.com/boxscores/201603060LAL.html,2015-16
Roy Hibbert,2016-03-08,Los Angeles Lakers,Orlando Magic,1,21.23,2.0,3.0,0.667,0.0,0.0,,2.0,4.0,0.5,1.0,1.0,2.0,3.0,0.0,1.0,0.0,3.0,6.0,7.0,https://www.basketball-reference.com/boxscores/201603080LAL.html,2015-16
Roy Hibbert,2016-03-10,Los Angeles Lakers,Cleveland Cavaliers,1,15.57,2.0,2.0,1.0,0.0,0.0,,0.0,0.0,,0.0,0.0,0.0,0.0,1.0,0.0,3.0,3.0,4.0,-11.0,https://www.basketball-reference.com/boxscores/201603100LAL.html,2015-16
Roy Hibbert,2016-03-13,Los Angeles Lakers,New York Knicks,1,22.05,3.0,4.0,0.75,0.0,0.0,,1.0,1.0,1.0,2.0,4.0,6.0,0.0,0.0,0.0,0.0,4.0,7.0,-9.0,https://www.basketball-reference.com/boxscores/201603130LAL.html,2015-16
Roy Hibbert,2016-03-15,Los Angeles Lakers,Sacramento Kings,1,13.34,1.0,3.0,0.333,0.0,0.0,,1.0,2.0,0.5,2.0,1.0,3.0,0.0,0.0,1.0,1.0,4.0,3.0,-19.0,https://www.basketball-reference.com/boxscores/201603150LAL.html,2015-16
Roy Hibbert,2016-03-18,Los Angeles Lakers,Phoenix Suns,1,18.25,2.0,2.0,1.0,0.0,0.0,,2.0,2.0,1.0,1.0,7.0,8.0,0.0,1.0,1.0,0.0,3.0,6.0,-3.0,https://www.basketball-reference.com/boxscores/201603180LAL.html,2015-16
Roy Hibbert,2016-03-22,Los Angeles Lakers,Memphis Grizzlies,1,21.14,1.0,2.0,0.5,0.0,0.0,,2.0,2.0,1.0,3.0,1.0,4.0,1.0,0.0,0.0,0.0,3.0,4.0,2.0,https://www.basketball-reference.com/boxscores/201603220LAL.html,2015-16
Roy Hibbert,2016-03-23,Los Angeles Lakers,Phoenix Suns,0,23.29,1.0,6.0,0.16699999999999998,0.0,0.0,,1.0,2.0,0.5,3.0,2.0,5.0,0.0,1.0,1.0,0.0,2.0,3.0,-9.0,https://www.basketball-reference.com/boxscores/201603230PHO.html,2015-16
Roy Hibbert,2016-03-25,Los Angeles Lakers,Denver Nuggets,1,20.32,1.0,5.0,0.2,0.0,0.0,,3.0,4.0,0.75,2.0,3.0,5.0,1.0,0.0,0.0,0.0,4.0,5.0,-11.0,https://www.basketball-reference.com/boxscores/201603250LAL.html,2015-16
Roy Hibbert,2016-03-27,Los Angeles Lakers,Washington Wizards,1,21.06,1.0,3.0,0.333,0.0,0.0,,0.0,0.0,,0.0,5.0,5.0,0.0,1.0,0.0,0.0,5.0,2.0,-6.0,https://www.basketball-reference.com/boxscores/201603270LAL.html,2015-16
Roy Hibbert,2016-03-28,Los Angeles Lakers,Utah Jazz,0,23.4,3.0,6.0,0.5,0.0,0.0,,2.0,2.0,1.0,2.0,4.0,6.0,0.0,0.0,4.0,0.0,3.0,8.0,-38.0,https://www.basketball-reference.com/boxscores/201603280UTA.html,2015-16
Roy Hibbert,2009-12-02,Indiana Pacers,Sacramento Kings,0,15.45,3.0,8.0,0.375,0.0,0.0,,1.0,1.0,1.0,3.0,4.0,7.0,1.0,0.0,1.0,3.0,3.0,7.0,-16.0,https://www.basketball-reference.com/boxscores/200912020SAC.html,2009-10
Roy Hibbert,2009-12-04,Indiana Pacers,Utah Jazz,0,14.42,0.0,3.0,0.0,0.0,0.0,,0.0,0.0,,0.0,1.0,1.0,2.0,0.0,1.0,0.0,2.0,0.0,1.0,https://www.basketball-reference.com/boxscores/200912040UTA.html,2009-10
Roy Hibbert,2009-12-05,Indiana Pacers,Los Angeles Clippers,0,25.21,5.0,8.0,0.625,0.0,0.0,,2.0,4.0,0.5,1.0,3.0,4.0,3.0,0.0,2.0,2.0,3.0,12.0,-2.0,https://www.basketball-reference.com/boxscores/200912050LAC.html,2009-10
Roy Hibbert,2009-12-09,Indiana Pacers,Portland Trail Blazers,1,18.13,3.0,9.0,0.333,0.0,0.0,,0.0,2.0,0.0,2.0,2.0,4.0,1.0,0.0,0.0,1.0,2.0,6.0,-4.0,https://www.basketball-reference.com/boxscores/200912090IND.html,2009-10
Roy Hibbert,2009-12-11,Indiana Pacers,New Jersey Nets,1,26.34,8.0,17.0,0.471,1.0,1.0,1.0,3.0,3.0,1.0,7.0,2.0,9.0,0.0,1.0,3.0,2.0,3.0,20.0,4.0,https://www.basketball-reference.com/boxscores/200912110IND.html,2009-10
Roy Hibbert,2009-12-12,Indiana Pacers,Washington Wizards,0,22.3,1.0,9.0,0.111,0.0,0.0,,2.0,2.0,1.0,3.0,5.0,8.0,0.0,0.0,1.0,2.0,3.0,4.0,-7.0,https://www.basketball-reference.com/boxscores/200912120WAS.html,2009-10
Roy Hibbert,2009-12-14,Indiana Pacers,Orlando Magic,0,15.23,4.0,5.0,0.8,0.0,0.0,,0.0,0.0,,2.0,3.0,5.0,3.0,0.0,0.0,0.0,5.0,8.0,11.0,https://www.basketball-reference.com/boxscores/200912140ORL.html,2009-10
Roy Hibbert,2009-12-16,Indiana Pacers,Charlotte Bobc,1,14.29,4.0,5.0,0.8,0.0,0.0,,0.0,0.0,,0.0,2.0,2.0,1.0,0.0,1.0,1.0,5.0,8.0,17.0,https://www.basketball-reference.com/boxscores/200912160IND.html,2009-10
Roy Hibbert,2009-12-18,Indiana Pacers,Memphis Grizzlies,0,16.28,2.0,3.0,0.667,0.0,0.0,,2.0,2.0,1.0,0.0,1.0,1.0,1.0,0.0,0.0,3.0,4.0,6.0,-13.0,https://www.basketball-reference.com/boxscores/200912180MEM.html,2009-10
Roy Hibbert,2009-12-19,Indiana Pacers,San Antonio Spurs,0,34.42,9.0,15.0,0.6,0.0,0.0,,2.0,2.0,1.0,2.0,5.0,7.0,3.0,1.0,6.0,2.0,4.0,20.0,12.0,https://www.basketball-reference.com/boxscores/200912190SAS.html,2009-10
Roy Hibbert,2009-12-21,Indiana Pacers,Milwaukee Bucks,1,28.44,7.0,15.0,0.467,0.0,1.0,0.0,2.0,2.0,1.0,3.0,4.0,7.0,1.0,1.0,1.0,2.0,1.0,16.0,-2.0,https://www.basketball-reference.com/boxscores/200912210IND.html,2009-10
Roy Hibbert,2009-12-22,Indiana Pacers,Boston Celtics,0,33.14,2.0,8.0,0.25,0.0,0.0,,2.0,4.0,0.5,2.0,1.0,3.0,0.0,0.0,6.0,3.0,5.0,6.0,-9.0,https://www.basketball-reference.com/boxscores/200912220BOS.html,2009-10
Roy Hibbert,2009-12-26,Indiana Pacers,Atlanta Hawks,1,18.56,2.0,6.0,0.333,0.0,0.0,,2.0,2.0,1.0,1.0,3.0,4.0,0.0,0.0,1.0,2.0,2.0,6.0,-22.0,https://www.basketball-reference.com/boxscores/200912260IND.html,2009-10
Roy Hibbert,2009-12-27,Indiana Pacers,Miami Heat,0,16.4,3.0,5.0,0.6,0.0,0.0,,1.0,2.0,0.5,1.0,2.0,3.0,0.0,0.0,0.0,3.0,5.0,7.0,-23.0,https://www.basketball-reference.com/boxscores/200912270MIA.html,2009-10
Roy Hibbert,2009-12-29,Indiana Pacers,Chicago Bulls,0,26.04,6.0,15.0,0.4,0.0,0.0,,5.0,6.0,0.833,2.0,4.0,6.0,2.0,0.0,0.0,3.0,4.0,17.0,-5.0,https://www.basketball-reference.com/boxscores/200912290CHI.html,2009-10
Roy Hibbert,2009-12-30,Indiana Pacers,Memphis Grizzlies,1,29.58,8.0,14.0,0.5710000000000001,0.0,0.0,,9.0,10.0,0.9,3.0,10.0,13.0,2.0,1.0,1.0,4.0,4.0,25.0,7.0,https://www.basketball-reference.com/boxscores/200912300IND.html,2009-10
Roy Hibbert,2010-01-02,Indiana Pacers,Minnesota Timberwolves,1,27.18,10.0,18.0,0.556,0.0,0.0,,1.0,1.0,1.0,2.0,5.0,7.0,4.0,1.0,3.0,1.0,4.0,21.0,-2.0,https://www.basketball-reference.com/boxscores/201001020IND.html,2009-10
Roy Hibbert,2010-01-03,Indiana Pacers,New York Knicks,0,24.43,4.0,10.0,0.4,0.0,0.0,,0.0,0.0,,2.0,1.0,3.0,7.0,0.0,2.0,0.0,6.0,8.0,-10.0,https://www.basketball-reference.com/boxscores/201001030NYK.html,2009-10
Roy Hibbert,2010-01-05,Indiana Pacers,Orlando Magic,1,35.08,10.0,19.0,0.526,0.0,0.0,,6.0,9.0,0.667,4.0,4.0,8.0,3.0,0.0,4.0,2.0,4.0,26.0,12.0,https://www.basketball-reference.com/boxscores/201001050IND.html,2009-10
Roy Hibbert,2010-01-08,Indiana Pacers,Minnesota Timberwolves,0,31.35,7.0,13.0,0.5379999999999999,0.0,0.0,,1.0,1.0,1.0,1.0,5.0,6.0,3.0,1.0,3.0,3.0,5.0,15.0,5.0,https://www.basketball-reference.com/boxscores/201001080MIN.html,2009-10
Roy Hibbert,2010-01-09,Indiana Pacers,Oklahoma City Thunder,0,15.09,4.0,11.0,0.364,0.0,1.0,0.0,1.0,1.0,1.0,3.0,2.0,5.0,0.0,0.0,0.0,1.0,4.0,9.0,-11.0,https://www.basketball-reference.com/boxscores/201001090OKC.html,2009-10
Roy Hibbert,2010-01-11,Indiana Pacers,Toronto Raptors,1,7.22,1.0,4.0,0.25,0.0,0.0,,0.0,0.0,,0.0,0.0,0.0,0.0,0.0,0.0,1.0,2.0,2.0,-14.0,https://www.basketball-reference.com/boxscores/201001110IND.html,2009-10
Roy Hibbert,2010-01-13,Indiana Pacers,Phoenix Suns,1,23.36,4.0,10.0,0.4,0.0,0.0,,6.0,7.0,0.857,2.0,6.0,8.0,0.0,0.0,2.0,2.0,6.0,14.0,11.0,https://www.basketball-reference.com/boxscores/201001130IND.html,2009-10
Roy Hibbert,2010-01-15,Indiana Pacers,New Jersey Nets,0,33.14,5.0,10.0,0.5,0.0,0.0,,2.0,3.0,0.667,1.0,5.0,6.0,4.0,1.0,5.0,2.0,3.0,12.0,11.0,https://www.basketball-reference.com/boxscores/201001150NJN.html,2009-10
Roy Hibbert,2010-01-16,Indiana Pacers,New Orleans Hornets,1,33.38,12.0,19.0,0.632,0.0,0.0,,3.0,3.0,1.0,2.0,8.0,10.0,2.0,1.0,3.0,4.0,4.0,27.0,2.0,https://www.basketball-reference.com/boxscores/201001160IND.html,2009-10
Roy Hibbert,2010-01-19,Indiana Pacers,Miami Heat,0,27.07,6.0,12.0,0.5,0.0,0.0,,0.0,2.0,0.0,2.0,2.0,4.0,2.0,0.0,1.0,2.0,4.0,12.0,-19.0,https://www.basketball-reference.com/boxscores/201001190MIA.html,2009-10
Roy Hibbert,2010-01-20,Indiana Pacers,Orlando Magic,0,18.04,0.0,2.0,0.0,0.0,0.0,,3.0,4.0,0.75,1.0,2.0,3.0,2.0,0.0,2.0,2.0,4.0,3.0,-22.0,https://www.basketball-reference.com/boxscores/201001200ORL.html,2009-10
Roy Hibbert,2010-01-22,Indiana Pacers,Detroit Pistons,0,32.5,6.0,9.0,0.667,0.0,0.0,,2.0,2.0,1.0,1.0,6.0,7.0,2.0,2.0,3.0,4.0,3.0,14.0,29.0,https://www.basketball-reference.com/boxscores/201001220DET.html,2009-10
Roy Hibbert,2010-01-23,Indiana Pacers,Philadelphia 76ers,1,24.01,1.0,6.0,0.16699999999999998,0.0,0.0,,2.0,2.0,1.0,1.0,3.0,4.0,1.0,0.0,1.0,1.0,1.0,4.0,-15.0,https://www.basketball-reference.com/boxscores/201001230IND.html,2009-10
Roy Hibbert,2010-01-25,Indiana Pacers,Philadelphia 76ers,0,18.3,4.0,6.0,0.667,0.0,0.0,,2.0,3.0,0.667,1.0,3.0,4.0,2.0,0.0,0.0,0.0,1.0,10.0,4.0,https://www.basketball-reference.com/boxscores/201001250PHI.html,2009-10
Roy Hibbert,2010-01-27,Indiana Pacers,Los Angeles Lakers,1,28.23,10.0,18.0,0.556,0.0,0.0,,1.0,2.0,0.5,4.0,2.0,6.0,2.0,0.0,2.0,2.0,3.0,21.0,-3.0,https://www.basketball-reference.com/boxscores/201001270IND.html,2009-10
Roy Hibbert,2010-01-29,Indiana Pacers,Cleveland Cavaliers,1,25.13,2.0,9.0,0.222,0.0,0.0,,0.0,0.0,,2.0,2.0,4.0,1.0,1.0,0.0,0.0,6.0,4.0,-6.0,https://www.basketball-reference.com/boxscores/201001290IND.html,2009-10
Roy Hibbert,2010-01-31,Indiana Pacers,Toronto Raptors,0,20.22,5.0,9.0,0.556,0.0,0.0,,2.0,4.0,0.5,1.0,3.0,4.0,2.0,1.0,1.0,0.0,5.0,12.0,8.0,https://www.basketball-reference.com/boxscores/201001310TOR.html,2009-10
Roy Hibbert,2010-02-02,Indiana Pacers,Toronto Raptors,1,29.18,7.0,12.0,0.583,0.0,0.0,,4.0,4.0,1.0,3.0,6.0,9.0,2.0,0.0,1.0,1.0,5.0,18.0,13.0,https://www.basketball-reference.com/boxscores/201002020IND.html,2009-10
Roy Hibbert,2010-02-05,Indiana Pacers,Detroit Pistons,1,30.31,4.0,8.0,0.5,0.0,0.0,,2.0,2.0,1.0,5.0,6.0,11.0,1.0,0.0,1.0,2.0,3.0,10.0,29.0,https://www.basketball-reference.com/boxscores/201002050IND.html,2009-10
Roy Hibbert,2010-02-06,Indiana Pacers,Milwaukee Bucks,0,25.09,5.0,7.0,0.7140000000000001,0.0,0.0,,0.0,0.0,,1.0,3.0,4.0,0.0,1.0,2.0,4.0,5.0,10.0,-8.0,https://www.basketball-reference.com/boxscores/201002060MIL.html,2009-10
Roy Hibbert,2010-02-09,Indiana Pacers,Chicago Bulls,1,29.42,4.0,13.0,0.308,0.0,0.0,,1.0,2.0,0.5,3.0,5.0,8.0,5.0,1.0,0.0,2.0,2.0,9.0,-1.0,https://www.basketball-reference.com/boxscores/201002090IND.html,2009-10
Roy Hibbert,2010-02-17,Indiana Pacers,San Antonio Spurs,1,31.41,6.0,13.0,0.462,0.0,0.0,,2.0,2.0,1.0,3.0,4.0,7.0,2.0,1.0,6.0,2.0,3.0,14.0,9.0,https://www.basketball-reference.com/boxscores/201002170IND.html,2009-10
Roy Hibbert,2010-02-19,Indiana Pacers,New Orleans Hornets,0,31.06,6.0,9.0,0.667,0.0,0.0,,1.0,1.0,1.0,1.0,5.0,6.0,2.0,0.0,4.0,0.0,4.0,13.0,-3.0,https://www.basketball-reference.com/boxscores/201002190NOH.html,2009-10
Roy Hibbert,2010-02-20,Indiana Pacers,Houston Rockets,0,24.49,3.0,8.0,0.375,0.0,0.0,,1.0,3.0,0.333,1.0,8.0,9.0,3.0,0.0,2.0,1.0,1.0,7.0,3.0,https://www.basketball-reference.com/boxscores/201002200HOU.html,2009-10
Roy Hibbert,2010-02-22,Indiana Pacers,Dallas Mavericks,0,22.34,4.0,6.0,0.667,0.0,0.0,,0.0,1.0,0.0,1.0,3.0,4.0,1.0,0.0,2.0,3.0,4.0,8.0,-2.0,https://www.basketball-reference.com/boxscores/201002220DAL.html,2009-10
Roy Hibbert,2010-02-24,Indiana Pacers,Chicago Bulls,0,22.54,3.0,5.0,0.6,0.0,0.0,,2.0,2.0,1.0,2.0,4.0,6.0,1.0,2.0,1.0,1.0,3.0,8.0,0.0,https://www.basketball-reference.com/boxscores/201002240CHI.html,2009-10
Roy Hibbert,2010-02-25,Indiana Pacers,Milwaukee Bucks,1,10.55,6.0,7.0,0.857,0.0,0.0,,0.0,0.0,,1.0,0.0,1.0,0.0,0.0,1.0,0.0,1.0,12.0,-7.0,https://www.basketball-reference.com/boxscores/201002250IND.html,2009-10
Roy Hibbert,2010-02-27,Indiana Pacers,Chicago Bulls,1,19.07,3.0,11.0,0.273,0.0,0.0,,6.0,6.0,1.0,3.0,4.0,7.0,3.0,1.0,1.0,3.0,3.0,12.0,13.0,https://www.basketball-reference.com/boxscores/201002270IND.html,2009-10
Roy Hibbert,2010-03-02,Indiana Pacers,Los Angeles Lakers,0,21.33,6.0,12.0,0.5,0.0,0.0,,0.0,2.0,0.0,3.0,3.0,6.0,0.0,0.0,0.0,1.0,5.0,12.0,7.0,https://www.basketball-reference.com/boxscores/201003020LAL.html,2009-10
Roy Hibbert,2010-03-03,Indiana Pacers,Portland Trail Blazers,0,22.37,2.0,5.0,0.4,0.0,0.0,,0.0,0.0,,1.0,2.0,3.0,1.0,0.0,1.0,3.0,3.0,4.0,-6.0,https://www.basketball-reference.com/boxscores/201003030POR.html,2009-10
Roy Hibbert,2010-03-05,Indiana Pacers,Denver Nuggets,0,27.55,4.0,7.0,0.5710000000000001,0.0,0.0,,4.0,4.0,1.0,0.0,4.0,4.0,3.0,0.0,0.0,4.0,5.0,12.0,-5.0,https://www.basketball-reference.com/boxscores/201003050DEN.html,2009-10
Roy Hibbert,2010-03-06,Indiana Pacers,Phoenix Suns,0,26.21,5.0,11.0,0.455,0.0,0.0,,12.0,12.0,1.0,4.0,2.0,6.0,2.0,0.0,5.0,1.0,6.0,22.0,3.0,https://www.basketball-reference.com/boxscores/201003060PHO.html,2009-10
Roy Hibbert,2010-03-09,Indiana Pacers,Philadelphia 76ers,1,24.54,5.0,14.0,0.35700000000000004,0.0,0.0,,2.0,2.0,1.0,6.0,5.0,11.0,7.0,0.0,1.0,2.0,1.0,12.0,15.0,https://www.basketball-reference.com/boxscores/201003090IND.html,2009-10
Roy Hibbert,2010-03-12,Indiana Pacers,Boston Celtics,0,40.29,9.0,14.0,0.643,0.0,0.0,,5.0,7.0,0.7140000000000001,0.0,3.0,3.0,0.0,0.0,0.0,2.0,2.0,23.0,-9.0,https://www.basketball-reference.com/boxscores/201003120BOS.html,2009-10
Roy Hibbert,2010-03-14,Indiana Pacers,Milwaukee Bucks,0,29.16,1.0,5.0,0.2,0.0,0.0,,4.0,4.0,1.0,1.0,3.0,4.0,1.0,0.0,1.0,3.0,3.0,6.0,-9.0,https://www.basketball-reference.com/boxscores/201003140MIL.html,2009-10
Roy Hibbert,2010-03-16,Indiana Pacers,Charlotte Bobc,1,23.01,4.0,9.0,0.444,0.0,0.0,,1.0,1.0,1.0,4.0,1.0,5.0,3.0,1.0,0.0,0.0,3.0,9.0,2.0,https://www.basketball-reference.com/boxscores/201003160IND.html,2009-10
Roy Hibbert,2010-03-17,Indiana Pacers,Cleveland Cavaliers,0,28.02,8.0,12.0,0.667,0.0,0.0,,4.0,4.0,1.0,3.0,2.0,5.0,2.0,0.0,0.0,1.0,4.0,20.0,-6.0,https://www.basketball-reference.com/boxscores/201003170CLE.html,2009-10
Roy Hibbert,2010-03-19,Indiana Pacers,Detroit Pistons,1,43.1,7.0,13.0,0.5379999999999999,0.0,0.0,,1.0,1.0,1.0,1.0,5.0,6.0,2.0,1.0,1.0,4.0,3.0,15.0,13.0,https://www.basketball-reference.com/boxscores/201003190IND.html,2009-10
Roy Hibbert,2010-03-21,Indiana Pacers,Oklahoma City Thunder,1,25.05,8.0,13.0,0.615,0.0,0.0,,4.0,5.0,0.8,4.0,4.0,8.0,3.0,0.0,1.0,2.0,4.0,20.0,20.0,https://www.basketball-reference.com/boxscores/201003210IND.html,2009-10
Roy Hibbert,2010-03-23,Indiana Pacers,Detroit Pistons,0,29.52,2.0,6.0,0.333,0.0,0.0,,1.0,6.0,0.16699999999999998,2.0,3.0,5.0,0.0,0.0,2.0,3.0,4.0,5.0,1.0,https://www.basketball-reference.com/boxscores/201003230DET.html,2009-10
Roy Hibbert,2010-03-24,Indiana Pacers,Washington Wizards,1,,,,,,,,,,,,,,,,,,,,,https://www.basketball-reference.com/boxscores/201003240IND.html,2009-10
Roy Hibbert,2010-03-26,Indiana Pacers,Utah Jazz,1,36.53,5.0,11.0,0.455,0.0,0.0,,4.0,5.0,0.8,2.0,2.0,4.0,6.0,0.0,5.0,3.0,2.0,14.0,21.0,https://www.basketball-reference.com/boxscores/201003260IND.html,2009-10
Roy Hibbert,2010-03-28,Indiana Pacers,Atlanta Hawks,0,23.22,3.0,9.0,0.333,0.0,0.0,,0.0,1.0,0.0,1.0,1.0,2.0,1.0,1.0,0.0,2.0,4.0,6.0,-7.0,https://www.basketball-reference.com/boxscores/201003280ATL.html,2009-10
Roy Hibbert,2010-03-30,Indiana Pacers,Sacramento Kings,1,29.4,5.0,12.0,0.417,0.0,0.0,,0.0,0.0,,1.0,5.0,6.0,4.0,1.0,3.0,1.0,4.0,10.0,11.0,https://www.basketball-reference.com/boxscores/201003300IND.html,2009-10
Roy Hibbert,2008-12-02,Indiana Pacers,Los Angeles Lakers,1,12.38,1.0,2.0,0.5,0.0,0.0,,0.0,0.0,,1.0,1.0,2.0,0.0,1.0,2.0,1.0,3.0,2.0,3.0,https://www.basketball-reference.com/boxscores/200812020IND.html,2008-09
Roy Hibbert,2008-12-03,Indiana Pacers,Boston Celtics,0,23.55,3.0,6.0,0.5,0.0,0.0,,0.0,2.0,0.0,0.0,3.0,3.0,1.0,0.0,0.0,1.0,5.0,6.0,-2.0,https://www.basketball-reference.com/boxscores/200812030BOS.html,2008-09
Roy Hibbert,2008-12-05,Indiana Pacers,Cleveland Cavaliers,0,17.42,1.0,4.0,0.25,0.0,0.0,,1.0,2.0,0.5,2.0,4.0,6.0,1.0,0.0,0.0,1.0,0.0,3.0,-1.0,https://www.basketball-reference.com/boxscores/200812050CLE.html,2008-09
Roy Hibbert,2008-12-10,Indiana Pacers,Toronto Raptors,0,3.1,0.0,0.0,,0.0,0.0,,3.0,4.0,0.75,0.0,1.0,1.0,0.0,0.0,0.0,0.0,0.0,3.0,-2.0,https://www.basketball-reference.com/boxscores/200812100TOR.html,2008-09
Roy Hibbert,2008-12-12,Indiana Pacers,Detroit Pistons,0,,,,,,,,,,,,,,,,,,,,,https://www.basketball-reference.com/boxscores/200812120DET.html,2008-09
Roy Hibbert,2008-12-13,Indiana Pacers,Milwaukee Bucks,0,18.16,4.0,7.0,0.5710000000000001,0.0,0.0,,0.0,1.0,0.0,1.0,1.0,2.0,0.0,0.0,1.0,1.0,3.0,8.0,0.0,https://www.basketball-reference.com/boxscores/200812130MIL.html,2008-09
Roy Hibbert,2008-12-15,Indiana Pacers,Washington Wizards,0,12.04,0.0,3.0,0.0,0.0,0.0,,2.0,2.0,1.0,1.0,1.0,2.0,1.0,0.0,0.0,1.0,4.0,2.0,-8.0,https://www.basketball-reference.com/boxscores/200812150WAS.html,2008-09
Roy Hibbert,2008-12-17,Indiana Pacers,Golden State Warriors,1,,,,,,,,,,,,,,,,,,,,,https://www.basketball-reference.com/boxscores/200812170IND.html,2008-09
Roy Hibbert,2008-12-20,Indiana Pacers,Philadelphia 76ers,0,21.07,3.0,9.0,0.333,0.0,0.0,,2.0,2.0,1.0,2.0,2.0,4.0,0.0,0.0,0.0,1.0,3.0,8.0,-15.0,https://www.basketball-reference.com/boxscores/200812200PHI.html,2008-09
Roy Hibbert,2008-12-23,Indiana Pacers,New Jersey Nets,1,11.2,2.0,7.0,0.28600000000000003,0.0,0.0,,0.0,0.0,,0.0,1.0,1.0,0.0,0.0,2.0,0.0,3.0,4.0,-4.0,https://www.basketball-reference.com/boxscores/200812230IND.html,2008-09
Roy Hibbert,2008-12-26,Indiana Pacers,Memphis Grizzlies,0,12.06,7.0,7.0,1.0,0.0,0.0,,1.0,1.0,1.0,1.0,1.0,2.0,1.0,0.0,1.0,1.0,5.0,15.0,4.0,https://www.basketball-reference.com/boxscores/200812260MEM.html,2008-09
Roy Hibbert,2008-12-28,Indiana Pacers,New Orleans Hornets,1,17.3,7.0,14.0,0.5,0.0,0.0,,5.0,6.0,0.833,5.0,1.0,6.0,0.0,1.0,0.0,2.0,5.0,19.0,2.0,https://www.basketball-reference.com/boxscores/200812280IND.html,2008-09
Roy Hibbert,2008-12-30,Indiana Pacers,Atlanta Hawks,1,13.01,0.0,2.0,0.0,0.0,0.0,,0.0,0.0,,0.0,0.0,0.0,2.0,0.0,0.0,0.0,1.0,0.0,1.0,https://www.basketball-reference.com/boxscores/200812300IND.html,2008-09
Roy Hibbert,2009-01-02,Indiana Pacers,New York Knicks,0,11.22,5.0,8.0,0.625,0.0,0.0,,0.0,0.0,,1.0,3.0,4.0,0.0,0.0,2.0,0.0,2.0,10.0,7.0,https://www.basketball-reference.com/boxscores/200901020NYK.html,2008-09
Roy Hibbert,2009-01-03,Indiana Pacers,Sacramento Kings,1,18.02,5.0,6.0,0.833,0.0,0.0,,2.0,2.0,1.0,2.0,1.0,3.0,1.0,1.0,0.0,2.0,2.0,12.0,0.0,https://www.basketball-reference.com/boxscores/200901030IND.html,2008-09
Roy Hibbert,2009-01-05,Indiana Pacers,Denver Nuggets,0,18.02,4.0,9.0,0.444,0.0,0.0,,2.0,4.0,0.5,1.0,1.0,2.0,1.0,0.0,1.0,0.0,5.0,10.0,0.0,https://www.basketball-reference.com/boxscores/200901050DEN.html,2008-09
Roy Hibbert,2009-01-07,Indiana Pacers,Phoenix Suns,0,7.3,1.0,2.0,0.5,0.0,0.0,,1.0,2.0,0.5,1.0,1.0,2.0,1.0,0.0,0.0,1.0,2.0,3.0,11.0,https://www.basketball-reference.com/boxscores/200901070PHO.html,2008-09
Roy Hibbert,2009-01-09,Indiana Pacers,Los Angeles Lakers,0,15.03,3.0,6.0,0.5,0.0,0.0,,5.0,6.0,0.833,1.0,0.0,1.0,3.0,1.0,1.0,0.0,3.0,11.0,-10.0,https://www.basketball-reference.com/boxscores/200901090LAL.html,2008-09
Roy Hibbert,2009-01-11,Indiana Pacers,Golden State Warriors,0,,,,,,,,,,,,,,,,,,,,,https://www.basketball-reference.com/boxscores/200901110GSW.html,2008-09
Roy Hibbert,2009-01-12,Indiana Pacers,Utah Jazz,0,5.45,3.0,4.0,0.75,0.0,0.0,,1.0,1.0,1.0,1.0,0.0,1.0,2.0,0.0,0.0,1.0,3.0,7.0,-5.0,https://www.basketball-reference.com/boxscores/200901120UTA.html,2008-09
Roy Hibbert,2009-01-16,Indiana Pacers,Toronto Raptors,1,1.55,1.0,1.0,1.0,0.0,0.0,,0.0,0.0,,0.0,0.0,0.0,0.0,0.0,0.0,0.0,2.0,2.0,1.0,https://www.basketball-reference.com/boxscores/200901160IND.html,2008-09
Roy Hibbert,2009-01-19,Indiana Pacers,New Orleans Hornets,0,,,,,,,,,,,,,,,,,,,,,https://www.basketball-reference.com/boxscores/200901190NOH.html,2008-09
Roy Hibbert,2009-01-20,Indiana Pacers,San Antonio Spurs,0,12.0,2.0,3.0,0.667,0.0,0.0,,3.0,4.0,0.75,0.0,3.0,3.0,1.0,0.0,1.0,1.0,3.0,7.0,6.0,https://www.basketball-reference.com/boxscores/200901200SAS.html,2008-09
Roy Hibbert,2009-01-27,Indiana Pacers,Orlando Magic,0,14.58,6.0,10.0,0.6,0.0,0.0,,0.0,0.0,,2.0,2.0,4.0,1.0,0.0,2.0,0.0,3.0,12.0,-11.0,https://www.basketball-reference.com/boxscores/200901270ORL.html,2008-09
Roy Hibbert,2009-01-28,Indiana Pacers,Milwaukee Bucks,1,1.09,0.0,0.0,,0.0,0.0,,0.0,0.0,,1.0,0.0,1.0,0.0,0.0,0.0,1.0,1.0,0.0,-2.0,https://www.basketball-reference.com/boxscores/200901280IND.html,2008-09
Roy Hibbert,2009-01-31,Indiana Pacers,New York Knicks,1,3.24,0.0,2.0,0.0,0.0,0.0,,1.0,2.0,0.5,0.0,0.0,0.0,0.0,0.0,0.0,0.0,2.0,1.0,-7.0,https://www.basketball-reference.com/boxscores/200901310IND.html,2008-09
Roy Hibbert,2009-02-03,Indiana Pacers,Minnesota Timberwolves,1,,,,,,,,,,,,,,,,,,,,,https://www.basketball-reference.com/boxscores/200902030IND.html,2008-09
Roy Hibbert,2009-02-05,Indiana Pacers,Philadelphia 76ers,0,11.54,2.0,5.0,0.4,0.0,0.0,,4.0,4.0,1.0,4.0,3.0,7.0,0.0,0.0,2.0,1.0,2.0,8.0,11.0,https://www.basketball-reference.com/boxscores/200902050PHI.html,2008-09
Roy Hibbert,2009-02-06,Indiana Pacers,Orlando Magic,1,16.24,4.0,8.0,0.5,0.0,0.0,,2.0,2.0,1.0,0.0,3.0,3.0,1.0,1.0,2.0,1.0,6.0,10.0,6.0,https://www.basketball-reference.com/boxscores/200902060IND.html,2008-09
Roy Hibbert,2009-02-08,Indiana Pacers,Washington Wizards,0,3.54,2.0,3.0,0.667,0.0,0.0,,0.0,0.0,,1.0,0.0,1.0,0.0,0.0,0.0,0.0,2.0,4.0,-5.0,https://www.basketball-reference.com/boxscores/200902080WAS.html,2008-09
Roy Hibbert,2009-02-10,Indiana Pacers,Cleveland Cavaliers,1,23.31,6.0,9.0,0.667,0.0,0.0,,0.0,0.0,,1.0,5.0,6.0,1.0,0.0,1.0,0.0,3.0,12.0,-4.0,https://www.basketball-reference.com/boxscores/200902100IND.html,2008-09
Roy Hibbert,2009-02-11,Indiana Pacers,Milwaukee Bucks,0,10.29,4.0,5.0,0.8,0.0,0.0,,0.0,0.0,,1.0,1.0,2.0,0.0,0.0,1.0,0.0,4.0,8.0,-6.0,https://www.basketball-reference.com/boxscores/200902110MIL.html,2008-09
Roy Hibbert,2009-02-17,Indiana Pacers,Philadelphia 76ers,1,19.42,6.0,11.0,0.545,0.0,0.0,,2.0,2.0,1.0,3.0,2.0,5.0,0.0,0.0,0.0,3.0,3.0,14.0,-2.0,https://www.basketball-reference.com/boxscores/200902170IND.html,2008-09
Roy Hibbert,2009-02-18,Indiana Pacers,Charlotte Bobcats,0,15.4,3.0,7.0,0.429,0.0,0.0,,0.0,2.0,0.0,3.0,1.0,4.0,0.0,0.0,2.0,0.0,5.0,6.0,-1.0,https://www.basketball-reference.com/boxscores/200902180CHA.html,2008-09
Roy Hibbert,2009-02-20,Indiana Pacers,Minnesota Timberwolves,0,14.37,3.0,6.0,0.5,0.0,0.0,,1.0,2.0,0.5,1.0,2.0,3.0,0.0,1.0,2.0,2.0,4.0,7.0,-2.0,https://www.basketball-reference.com/boxscores/200902200MIN.html,2008-09
Roy Hibbert,2009-02-22,Indiana Pacers,Chicago Bulls,1,21.07,1.0,8.0,0.125,0.0,0.0,,4.0,6.0,0.667,4.0,3.0,7.0,2.0,0.0,0.0,1.0,5.0,6.0,5.0,https://www.basketball-reference.com/boxscores/200902220IND.html,2008-09
Roy Hibbert,2009-02-23,Indiana Pacers,New York Knicks,0,15.45,1.0,5.0,0.2,0.0,0.0,,4.0,6.0,0.667,1.0,4.0,5.0,2.0,0.0,1.0,1.0,6.0,6.0,9.0,https://www.basketball-reference.com/boxscores/200902230NYK.html,2008-09
Roy Hibbert,2009-02-25,Indiana Pacers,Memphis Grizzlies,1,16.09,2.0,3.0,0.667,0.0,0.0,,0.0,0.0,,1.0,1.0,2.0,0.0,0.0,2.0,0.0,5.0,4.0,-3.0,https://www.basketball-reference.com/boxscores/200902250IND.html,2008-09
Roy Hibbert,2009-02-27,Indiana Pacers,Boston Celtics,0,13.1,1.0,5.0,0.2,0.0,0.0,,1.0,2.0,0.5,2.0,1.0,3.0,0.0,0.0,1.0,0.0,4.0,3.0,-12.0,https://www.basketball-reference.com/boxscores/200902270BOS.html,2008-09
Roy Hibbert,2009-03-01,Indiana Pacers,Denver Nuggets,1,19.29,5.0,13.0,0.385,0.0,0.0,,0.0,1.0,0.0,5.0,1.0,6.0,1.0,0.0,1.0,0.0,4.0,10.0,-1.0,https://www.basketball-reference.com/boxscores/200903010IND.html,2008-09
Roy Hibbert,2009-03-03,Indiana Pacers,Sacramento Kings,0,16.44,3.0,6.0,0.5,0.0,0.0,,1.0,1.0,1.0,0.0,6.0,6.0,0.0,0.0,2.0,2.0,4.0,7.0,4.0,https://www.basketball-reference.com/boxscores/200903030SAC.html,2008-09
Roy Hibbert,2009-03-04,Indiana Pacers,Portland Trail Blazers,0,14.53,4.0,6.0,0.667,0.0,0.0,,2.0,3.0,0.667,3.0,1.0,4.0,0.0,1.0,3.0,2.0,4.0,10.0,13.0,https://www.basketball-reference.com/boxscores/200903040POR.html,2008-09
Roy Hibbert,2009-03-07,Indiana Pacers,Los Angeles Clippers,0,,,,,,,,,,,,,,,,,,,,,https://www.basketball-reference.com/boxscores/200903070LAC.html,2008-09
Roy Hibbert,2009-03-10,Indiana Pacers,Utah Jazz,1,22.09,4.0,9.0,0.444,0.0,0.0,,4.0,4.0,1.0,1.0,1.0,2.0,0.0,0.0,5.0,2.0,6.0,12.0,-1.0,https://www.basketball-reference.com/boxscores/200903100IND.html,2008-09
Roy Hibbert,2009-03-13,Indiana Pacers,Atlanta Hawks,0,27.55,6.0,11.0,0.545,0.0,0.0,,3.0,4.0,0.75,7.0,0.0,7.0,0.0,0.0,0.0,0.0,2.0,15.0,-14.0,https://www.basketball-reference.com/boxscores/200903130ATL.html,2008-09
Roy Hibbert,2009-03-15,Indiana Pacers,Toronto Raptors,0,10.35,1.0,4.0,0.25,0.0,0.0,,0.0,0.0,,0.0,0.0,0.0,1.0,1.0,0.0,1.0,2.0,2.0,0.0,https://www.basketball-reference.com/boxscores/200903150TOR.html,2008-09
Roy Hibbert,2009-03-18,Indiana Pacers,Portland Trail Blazers,1,29.47,6.0,12.0,0.5,0.0,0.0,,2.0,3.0,0.667,2.0,2.0,4.0,0.0,2.0,2.0,2.0,5.0,14.0,7.0,https://www.basketball-reference.com/boxscores/200903180IND.html,2008-09
Roy Hibbert,2009-03-20,Indiana Pacers,Dallas Mavericks,1,15.35,3.0,6.0,0.5,0.0,0.0,,0.0,2.0,0.0,3.0,0.0,3.0,1.0,0.0,1.0,0.0,3.0,6.0,-12.0,https://www.basketball-reference.com/boxscores/200903200IND.html,2008-09
Roy Hibbert,2009-03-21,Indiana Pacers,Charlotte Bobcats,0,7.45,0.0,5.0,0.0,0.0,0.0,,0.0,0.0,,0.0,0.0,0.0,1.0,0.0,1.0,0.0,3.0,0.0,6.0,https://www.basketball-reference.com/boxscores/200903210CHA.html,2008-09
Roy Hibbert,2009-03-25,Indiana Pacers,Miami Heat,1,15.2,3.0,8.0,0.375,0.0,0.0,,0.0,0.0,,1.0,3.0,4.0,0.0,0.0,1.0,2.0,3.0,6.0,3.0,https://www.basketball-reference.com/boxscores/200903250IND.html,2008-09
Roy Hibbert,2009-03-28,Indiana Pacers,Chicago Bulls,0,19.54,3.0,10.0,0.3,0.0,0.0,,0.0,0.0,,2.0,5.0,7.0,2.0,1.0,1.0,2.0,3.0,6.0,-2.0,https://www.basketball-reference.com/boxscores/200903280CHI.html,2008-09
Roy Hibbert,2009-03-29,Indiana Pacers,Washington Wizards,1,15.59,5.0,10.0,0.5,0.0,0.0,,2.0,3.0,0.667,5.0,3.0,8.0,0.0,1.0,1.0,0.0,6.0,12.0,0.0,https://www.basketball-reference.com/boxscores/200903290IND.html,2008-09
Roy Hibbert,2009-03-31,Indiana Pacers,Chicago Bulls,1,16.53,3.0,10.0,0.3,0.0,0.0,,0.0,0.0,,1.0,4.0,5.0,0.0,1.0,0.0,0.0,5.0,6.0,2.0,https://www.basketball-reference.com/boxscores/200903310IND.html,2008-09
Roy Hibbert,2013-12-01,Indiana Pacers,Los Angeles Clippers,0,36.19,8.0,16.0,0.5,0.0,1.0,0.0,3.0,4.0,0.75,5.0,3.0,8.0,2.0,1.0,1.0,4.0,3.0,19.0,18.0,https://www.basketball-reference.com/boxscores/201312010LAC.html,2013-14
Roy Hibbert,2013-12-02,Indiana Pacers,Portland Trail Blazers,0,36.38,6.0,13.0,0.462,0.0,0.0,,4.0,5.0,0.8,5.0,9.0,14.0,3.0,0.0,1.0,3.0,5.0,16.0,1.0,https://www.basketball-reference.com/boxscores/201312020POR.html,2013-14
Roy Hibbert,2013-12-04,Indiana Pacers,Utah Jazz,0,34.09,6.0,9.0,0.667,0.0,0.0,,1.0,2.0,0.5,1.0,8.0,9.0,1.0,0.0,2.0,0.0,6.0,13.0,13.0,https://www.basketball-reference.com/boxscores/201312040UTA.html,2013-14
Roy Hibbert,2013-12-07,Indiana Pacers,San Antonio Spurs,0,27.02,3.0,4.0,0.75,0.0,0.0,,6.0,6.0,1.0,3.0,7.0,10.0,3.0,0.0,1.0,1.0,2.0,12.0,1.0,https://www.basketball-reference.com/boxscores/201312070SAS.html,2013-14
Roy Hibbert,2013-12-08,Indiana Pacers,Oklahoma City Thunder,0,25.06,6.0,12.0,0.5,0.0,0.0,,0.0,0.0,,6.0,3.0,9.0,2.0,1.0,0.0,1.0,2.0,12.0,-15.0,https://www.basketball-reference.com/boxscores/201312080OKC.html,2013-14
Roy Hibbert,2013-12-10,Indiana Pacers,Miami Heat,1,37.2,10.0,15.0,0.667,0.0,0.0,,4.0,6.0,0.667,2.0,3.0,5.0,0.0,0.0,1.0,1.0,2.0,24.0,5.0,https://www.basketball-reference.com/boxscores/201312100IND.html,2013-14
Roy Hibbert,2013-12-13,Indiana Pacers,Charlotte Bobc,1,34.37,6.0,14.0,0.429,0.0,0.0,,6.0,6.0,1.0,2.0,9.0,11.0,1.0,1.0,3.0,3.0,4.0,18.0,9.0,https://www.basketball-reference.com/boxscores/201312130IND.html,2013-14
Roy Hibbert,2013-12-16,Indiana Pacers,Detroit Pistons,1,35.28,2.0,12.0,0.16699999999999998,0.0,0.0,,2.0,2.0,1.0,1.0,3.0,4.0,0.0,0.0,2.0,0.0,3.0,6.0,0.0,https://www.basketball-reference.com/boxscores/201312160IND.html,2013-14
Roy Hibbert,2013-12-18,Indiana Pacers,Miami Heat,0,22.55,2.0,3.0,0.667,0.0,0.0,,2.0,2.0,1.0,0.0,2.0,2.0,1.0,0.0,1.0,1.0,5.0,6.0,-2.0,https://www.basketball-reference.com/boxscores/201312180MIA.html,2013-14
Roy Hibbert,2013-12-20,Indiana Pacers,Houston Rockets,1,28.2,3.0,8.0,0.375,0.0,0.0,,3.0,6.0,0.5,2.0,4.0,6.0,2.0,1.0,1.0,0.0,2.0,9.0,25.0,https://www.basketball-reference.com/boxscores/201312200IND.html,2013-14
Roy Hibbert,2013-12-22,Indiana Pacers,Boston Celtics,1,26.17,7.0,11.0,0.636,0.0,0.0,,1.0,4.0,0.25,3.0,9.0,12.0,3.0,1.0,3.0,0.0,1.0,15.0,12.0,https://www.basketball-reference.com/boxscores/201312220IND.html,2013-14
Roy Hibbert,2013-12-23,Indiana Pacers,Brooklyn Nets,0,29.12,3.0,6.0,0.5,0.0,0.0,,2.0,2.0,1.0,3.0,6.0,9.0,0.0,0.0,1.0,2.0,4.0,8.0,14.0,https://www.basketball-reference.com/boxscores/201312230BRK.html,2013-14
Roy Hibbert,2013-12-28,Indiana Pacers,Brooklyn Nets,1,31.29,4.0,7.0,0.5710000000000001,0.0,0.0,,3.0,4.0,0.75,2.0,3.0,5.0,3.0,1.0,1.0,5.0,4.0,11.0,15.0,https://www.basketball-reference.com/boxscores/201312280IND.html,2013-14
Roy Hibbert,2013-12-31,Indiana Pacers,Cleveland Cavaliers,1,35.03,8.0,13.0,0.615,0.0,0.0,,3.0,4.0,0.75,2.0,0.0,2.0,1.0,1.0,5.0,2.0,4.0,19.0,13.0,https://www.basketball-reference.com/boxscores/201312310IND.html,2013-14
Roy Hibbert,2014-01-01,Indiana Pacers,Toronto Raptors,0,21.18,6.0,10.0,0.6,0.0,0.0,,4.0,5.0,0.8,2.0,1.0,3.0,0.0,0.0,1.0,4.0,6.0,16.0,-4.0,https://www.basketball-reference.com/boxscores/201401010TOR.html,2013-14
Roy Hibbert,2014-01-04,Indiana Pacers,New Orleans Pelicans,1,33.35,2.0,7.0,0.28600000000000003,0.0,0.0,,2.0,4.0,0.5,3.0,5.0,8.0,2.0,0.0,5.0,3.0,3.0,6.0,8.0,https://www.basketball-reference.com/boxscores/201401040IND.html,2013-14
Roy Hibbert,2014-01-05,Indiana Pacers,Cleveland Cavaliers,0,33.15,5.0,12.0,0.417,0.0,0.0,,5.0,8.0,0.625,3.0,3.0,6.0,1.0,2.0,1.0,1.0,3.0,15.0,1.0,https://www.basketball-reference.com/boxscores/201401050CLE.html,2013-14
Roy Hibbert,2014-01-07,Indiana Pacers,Toronto Raptors,1,35.03,5.0,12.0,0.417,0.0,0.0,,12.0,13.0,0.923,4.0,4.0,8.0,2.0,1.0,3.0,2.0,2.0,22.0,17.0,https://www.basketball-reference.com/boxscores/201401070IND.html,2013-14
Roy Hibbert,2014-01-08,Indiana Pacers,Atlanta Hawks,0,22.22,1.0,8.0,0.125,0.0,0.0,,0.0,0.0,,3.0,1.0,4.0,0.0,0.0,1.0,2.0,1.0,2.0,-21.0,https://www.basketball-reference.com/boxscores/201401080ATL.html,2013-14
Roy Hibbert,2014-01-10,Indiana Pacers,Washington Wizards,1,31.11,4.0,10.0,0.4,1.0,1.0,1.0,3.0,4.0,0.75,2.0,4.0,6.0,2.0,1.0,0.0,0.0,4.0,12.0,23.0,https://www.basketball-reference.com/boxscores/201401100IND.html,2013-14
Roy Hibbert,2014-01-14,Indiana Pacers,Sacramento Kings,1,27.56,4.0,8.0,0.5,0.0,0.0,,2.0,3.0,0.667,1.0,3.0,4.0,2.0,1.0,2.0,1.0,3.0,10.0,11.0,https://www.basketball-reference.com/boxscores/201401140IND.html,2013-14
Roy Hibbert,2014-01-16,Indiana Pacers,New York Knicks,1,26.55,4.0,9.0,0.444,0.0,0.0,,3.0,4.0,0.75,2.0,4.0,6.0,3.0,1.0,1.0,0.0,4.0,11.0,20.0,https://www.basketball-reference.com/boxscores/201401160IND.html,2013-14
Roy Hibbert,2014-01-18,Indiana Pacers,Los Angeles Clippers,1,25.55,2.0,11.0,0.182,0.0,0.0,,0.0,0.0,,5.0,6.0,11.0,2.0,0.0,5.0,2.0,4.0,4.0,12.0,https://www.basketball-reference.com/boxscores/201401180IND.html,2013-14
Roy Hibbert,2014-01-20,Indiana Pacers,Golden State Warriors,0,35.49,7.0,11.0,0.636,0.0,0.0,,0.0,0.0,,4.0,9.0,13.0,1.0,0.0,2.0,1.0,4.0,14.0,9.0,https://www.basketball-reference.com/boxscores/201401200GSW.html,2013-14
Roy Hibbert,2014-01-22,Indiana Pacers,Phoenix Suns,0,28.14,3.0,8.0,0.375,0.0,0.0,,0.0,2.0,0.0,2.0,2.0,4.0,0.0,0.0,2.0,3.0,6.0,6.0,-17.0,https://www.basketball-reference.com/boxscores/201401220PHO.html,2013-14
Roy Hibbert,2014-01-24,Sacramento Kings,Indiana Pacers,1,38.55,3.0,11.0,0.273,0.0,0.0,,4.0,4.0,1.0,3.0,8.0,11.0,3.0,1.0,5.0,1.0,4.0,10.0,12.0,https://www.basketball-reference.com/boxscores/201401240SAC.html,2013-14
Roy Hibbert,2014-01-25,Indiana Pacers,Denver Nuggets,0,19.47,2.0,3.0,0.667,0.0,0.0,,1.0,3.0,0.333,0.0,3.0,3.0,0.0,0.0,1.0,1.0,6.0,5.0,3.0,https://www.basketball-reference.com/boxscores/201401250DEN.html,2013-14
Roy Hibbert,2014-01-28,Indiana Pacers,Los Angeles Lakers,0,29.55,5.0,11.0,0.455,0.0,1.0,0.0,1.0,2.0,0.5,4.0,6.0,10.0,2.0,1.0,0.0,1.0,4.0,11.0,9.0,https://www.basketball-reference.com/boxscores/201401280LAL.html,2013-14
Roy Hibbert,2014-01-30,Indiana Pacers,Phoenix Suns,1,37.45,9.0,17.0,0.529,0.0,0.0,,8.0,11.0,0.727,4.0,2.0,6.0,0.0,0.0,2.0,2.0,2.0,26.0,-2.0,https://www.basketball-reference.com/boxscores/201401300IND.html,2013-14
Roy Hibbert,2014-02-01,Indiana Pacers,Brooklyn Nets,1,34.27,7.0,13.0,0.5379999999999999,0.0,0.0,,6.0,6.0,1.0,3.0,2.0,5.0,1.0,1.0,3.0,5.0,4.0,20.0,6.0,https://www.basketball-reference.com/boxscores/201402010IND.html,2013-14
Roy Hibbert,2014-02-03,Indiana Pacers,Orlando Magic,1,25.44,4.0,6.0,0.667,0.0,0.0,,1.0,2.0,0.5,0.0,8.0,8.0,0.0,0.0,0.0,2.0,2.0,9.0,1.0,https://www.basketball-reference.com/boxscores/201402030IND.html,2013-14
Roy Hibbert,2014-02-04,Indiana Pacers,Atlanta Hawks,0,30.23,4.0,10.0,0.4,0.0,0.0,,0.0,0.0,,2.0,4.0,6.0,1.0,0.0,0.0,1.0,4.0,8.0,5.0,https://www.basketball-reference.com/boxscores/201402040ATL.html,2013-14
Roy Hibbert,2014-02-09,Indiana Pacers,Orlando Magic,0,34.11,3.0,4.0,0.75,0.0,0.0,,0.0,0.0,,2.0,5.0,7.0,3.0,0.0,4.0,3.0,4.0,6.0,3.0,https://www.basketball-reference.com/boxscores/201402090ORL.html,2013-14
Roy Hibbert,2014-02-10,Indiana Pacers,Denver Nuggets,1,26.26,6.0,12.0,0.5,0.0,0.0,,2.0,2.0,1.0,7.0,5.0,12.0,2.0,1.0,4.0,2.0,3.0,14.0,19.0,https://www.basketball-reference.com/boxscores/201402100IND.html,2013-14
Roy Hibbert,2014-02-12,Indiana Pacers,Dallas Mavericks,1,33.23,2.0,6.0,0.333,0.0,0.0,,0.0,0.0,,4.0,3.0,7.0,1.0,0.0,2.0,1.0,2.0,4.0,0.0,https://www.basketball-reference.com/boxscores/201402120IND.html,2013-14
Roy Hibbert,2014-02-18,Indiana Pacers,Atlanta Hawks,1,24.57,4.0,9.0,0.444,0.0,0.0,,2.0,2.0,1.0,0.0,5.0,5.0,0.0,0.0,4.0,0.0,2.0,10.0,16.0,https://www.basketball-reference.com/boxscores/201402180IND.html,2013-14
Roy Hibbert,2014-02-19,Indiana Pacers,Minnesota Timberwolves,0,23.37,2.0,5.0,0.4,0.0,0.0,,0.0,0.0,,1.0,4.0,5.0,2.0,0.0,0.0,1.0,3.0,4.0,-10.0,https://www.basketball-reference.com/boxscores/201402190MIN.html,2013-14
Roy Hibbert,2014-02-22,Indiana Pacers,Milwaukee Bucks,0,34.02,1.0,9.0,0.111,0.0,0.0,,2.0,3.0,0.667,1.0,5.0,6.0,0.0,0.0,3.0,2.0,5.0,4.0,4.0,https://www.basketball-reference.com/boxscores/201402220MIL.html,2013-14
Roy Hibbert,2014-02-25,Indiana Pacers,Los Angeles Lakers,1,24.05,5.0,10.0,0.5,0.0,0.0,,0.0,0.0,,3.0,3.0,6.0,1.0,0.0,4.0,2.0,3.0,10.0,11.0,https://www.basketball-reference.com/boxscores/201402250IND.html,2013-14
Roy Hibbert,2014-02-27,Indiana Pacers,Milwaukee Bucks,1,33.4,10.0,16.0,0.625,0.0,0.0,,4.0,5.0,0.8,3.0,9.0,12.0,1.0,0.0,2.0,4.0,3.0,24.0,-1.0,https://www.basketball-reference.com/boxscores/201402270IND.html,2013-14
Roy Hibbert,2014-03-01,Indiana Pacers,Boston Celtics,0,32.59,6.0,10.0,0.6,0.0,0.0,,3.0,3.0,1.0,1.0,4.0,5.0,0.0,0.0,1.0,3.0,5.0,15.0,9.0,https://www.basketball-reference.com/boxscores/201403010BOS.html,2013-14
Roy Hibbert,2014-03-02,Indiana Pacers,Utah Jazz,1,19.13,1.0,9.0,0.111,0.0,0.0,,0.0,0.0,,2.0,2.0,4.0,1.0,0.0,2.0,1.0,5.0,2.0,-13.0,https://www.basketball-reference.com/boxscores/201403020IND.html,2013-14
Roy Hibbert,2014-03-04,Indiana Pacers,Golden State Warriors,1,34.06,4.0,7.0,0.5710000000000001,0.0,0.0,,4.0,4.0,1.0,1.0,2.0,3.0,1.0,0.0,3.0,2.0,3.0,12.0,7.0,https://www.basketball-reference.com/boxscores/201403040IND.html,2013-14
Roy Hibbert,2014-03-05,Indiana Pacers,Charlotte Bobcats,0,22.13,2.0,8.0,0.25,0.0,0.0,,0.0,0.0,,2.0,2.0,4.0,0.0,0.0,1.0,1.0,3.0,4.0,-16.0,https://www.basketball-reference.com/boxscores/201403050CHA.html,2013-14
Roy Hibbert,2014-03-07,Indiana Pacers,Houston Rockets,0,28.57,4.0,6.0,0.667,0.0,0.0,,1.0,2.0,0.5,1.0,2.0,3.0,1.0,0.0,3.0,0.0,3.0,9.0,-28.0,https://www.basketball-reference.com/boxscores/201403070HOU.html,2013-14
Roy Hibbert,2014-03-09,Indiana Pacers,Dallas Mavericks,0,37.24,6.0,9.0,0.667,0.0,0.0,,2.0,2.0,1.0,3.0,2.0,5.0,0.0,0.0,1.0,4.0,4.0,14.0,-14.0,https://www.basketball-reference.com/boxscores/201403090DAL.html,2013-14
Roy Hibbert,2014-03-11,Indiana Pacers,Boston Celtics,1,32.2,3.0,7.0,0.429,0.0,0.0,,0.0,0.0,,2.0,7.0,9.0,2.0,0.0,2.0,0.0,3.0,6.0,14.0,https://www.basketball-reference.com/boxscores/201403110IND.html,2013-14
Roy Hibbert,2014-03-14,Indiana Pacers,Philadelphia 76ers,0,30.24,2.0,5.0,0.4,0.0,0.0,,0.0,0.0,,1.0,2.0,3.0,1.0,1.0,5.0,3.0,4.0,4.0,13.0,https://www.basketball-reference.com/boxscores/201403140PHI.html,2013-14
Roy Hibbert,2014-03-15,Detroit Pistons,Indiana Pacers,1,32.42,4.0,10.0,0.4,0.0,0.0,,4.0,4.0,1.0,3.0,2.0,5.0,0.0,1.0,2.0,2.0,5.0,12.0,13.0,https://www.basketball-reference.com/boxscores/201403150DET.html,2013-14
Roy Hibbert,2014-03-17,Indiana Pacers,Philadelphia 76ers,1,27.35,3.0,8.0,0.375,0.0,0.0,,2.0,2.0,1.0,2.0,3.0,5.0,1.0,1.0,1.0,3.0,4.0,8.0,-6.0,https://www.basketball-reference.com/boxscores/201403170IND.html,2013-14
Roy Hibbert,2014-03-19,Indiana Pacers,New York Knicks,0,29.53,8.0,10.0,0.8,0.0,0.0,,4.0,4.0,1.0,1.0,2.0,3.0,1.0,0.0,0.0,0.0,3.0,20.0,0.0,https://www.basketball-reference.com/boxscores/201403190NYK.html,2013-14
Roy Hibbert,2014-03-21,Indiana Pacers,Chicago Bulls,1,31.57,3.0,10.0,0.3,0.0,0.0,,6.0,6.0,1.0,5.0,6.0,11.0,2.0,0.0,4.0,1.0,1.0,12.0,11.0,https://www.basketball-reference.com/boxscores/201403210IND.html,2013-14
Roy Hibbert,2014-03-22,Indiana Pacers,Memphis Grizzlies,0,20.37,2.0,5.0,0.4,0.0,0.0,,0.0,0.0,,0.0,0.0,0.0,0.0,0.0,1.0,1.0,5.0,4.0,-9.0,https://www.basketball-reference.com/boxscores/201403220MEM.html,2013-14
Roy Hibbert,2014-03-24,Indiana Pacers,Chicago Bulls,0,26.06,0.0,5.0,0.0,0.0,0.0,,3.0,4.0,0.75,1.0,4.0,5.0,0.0,0.0,0.0,3.0,5.0,3.0,-12.0,https://www.basketball-reference.com/boxscores/201403240CHI.html,2013-14
Roy Hibbert,2014-03-26,Indiana Pacers,Miami Heat,1,33.4,7.0,15.0,0.467,0.0,0.0,,7.0,9.0,0.778,2.0,2.0,4.0,0.0,1.0,0.0,2.0,2.0,21.0,1.0,https://www.basketball-reference.com/boxscores/201403260IND.html,2013-14
Roy Hibbert,2014-03-28,Indiana Pacers,Washington Wizards,0,31.58,3.0,8.0,0.375,0.0,0.0,,2.0,5.0,0.4,1.0,1.0,2.0,1.0,0.0,5.0,3.0,4.0,8.0,-1.0,https://www.basketball-reference.com/boxscores/201403280WAS.html,2013-14
Roy Hibbert,2014-03-30,Indiana Pacers,Cleveland Cavaliers,0,23.31,2.0,9.0,0.222,0.0,0.0,,2.0,3.0,0.667,4.0,1.0,5.0,1.0,0.0,2.0,3.0,5.0,6.0,3.0,https://www.basketball-reference.com/boxscores/201403300CLE.html,2013-14
Roy Hibbert,2014-03-31,Indiana Pacers,San Antonio Spurs,1,33.52,5.0,13.0,0.385,0.0,0.0,,5.0,6.0,0.833,2.0,5.0,7.0,0.0,0.0,0.0,1.0,3.0,15.0,-18.0,https://www.basketball-reference.com/boxscores/201403310IND.html,2013-14
