Unnamed: 0,season,Player,Date,Team,Against,Home,MP,FG,FGA,FG%,3P,3PA,3P%,FT,FTA,FT%,ORB,DRB,TRB,AST,STL,BLK,TOV,PF,PTS,+/-,GameLink,TS%,DD,DT,FPTS
,2019-20,Royce O'Neale,2019-12-04,Utah Jazz,Los Angeles Lakers,1.0,22.54,0.0,4.0,0.0,0.0,3.0,0.0,2.0,2.0,1.0,0.0,5.0,5.0,1.0,1.0,0.0,2.0,3.0,2.0,-18.0,https://www.basketball-reference.com/boxscores/201912040UTA.html,4.88,0.0,0.0,10.75
,2019-20,Royce O'Neale,2019-12-17,Utah Jazz,Orlando Magic,1.0,34.52,4.0,8.0,0.5,3.0,6.0,0.5,0.0,1.0,0.0,0.0,6.0,6.0,1.0,1.0,1.0,3.0,4.0,11.0,9.0,https://www.basketball-reference.com/boxscores/201912170UTA.html,46.42,0.0,0.0,24.0
,2019-20,Royce O'Neale,2019-12-19,Utah Jazz,Atlanta Hawks,0.0,29.23,2.0,4.0,0.5,0.0,1.0,0.0,1.0,1.0,1.0,0.0,7.0,7.0,2.0,3.0,1.0,1.0,4.0,5.0,15.0,https://www.basketball-reference.com/boxscores/201912190ATL.html,11.1,0.0,0.0,24.25
,2019-20,Royce O'Neale,2019-12-21,Utah Jazz,Charlotte Hornets,0.0,35.07,4.0,8.0,0.5,2.0,5.0,0.4,1.0,2.0,0.5,0.0,4.0,4.0,4.0,2.0,0.0,0.0,4.0,11.0,14.0,https://www.basketball-reference.com/boxscores/201912210CHO.html,48.84,0.0,0.0,27.0
,2019-20,Royce O'Neale,2020-01-10,Utah Jazz,Charlotte Hornets,1.0,24.2,2.0,2.0,1.0,1.0,1.0,1.0,2.0,2.0,1.0,2.0,4.0,6.0,3.0,2.0,1.0,1.0,3.0,7.0,22.0,https://www.basketball-reference.com/boxscores/202001100UTA.html,10.08,0.0,0.0,25.0
,2019-20,Royce O'Neale,2020-01-12,Utah Jazz,Washington Wizards,0.0,28.53,3.0,4.0,0.75,2.0,2.0,1.0,2.0,2.0,1.0,1.0,4.0,5.0,1.0,0.0,0.0,0.0,4.0,10.0,10.0,https://www.basketball-reference.com/boxscores/202001120WAS.html,24.4,0.0,0.0,18.75
,2019-20,Royce O'Neale,2020-01-16,New Orleans Pelicans,Utah Jazz,1.0,36.17,3.0,4.0,0.75,1.0,1.0,1.0,2.0,2.0,1.0,0.0,5.0,5.0,3.0,0.0,2.0,0.0,6.0,9.0,-5.0,https://www.basketball-reference.com/boxscores/202001160NOP.html,21.96,0.0,0.0,24.25
,2019-20,Royce O'Neale,2020-01-27,Utah Jazz,Houston Rockets,1.0,26.26,1.0,6.0,0.16699999999999998,0.0,3.0,0.0,1.0,1.0,1.0,1.0,5.0,6.0,5.0,0.0,0.0,1.0,5.0,3.0,-15.0,https://www.basketball-reference.com/boxscores/202001270UTA.html,9.66,0.0,0.0,17.5
,2019-20,Royce O'Neale,2020-01-29,Utah Jazz,San Antonio Spurs,0.0,29.33,2.0,4.0,0.5,2.0,4.0,0.5,2.0,2.0,1.0,1.0,6.0,7.0,4.0,0.0,0.0,0.0,4.0,8.0,8.0,https://www.basketball-reference.com/boxscores/202001290SAS.html,19.52,0.0,0.0,23.75
,2019-20,Royce O'Neale,2020-02-12,Utah Jazz,Miami Heat,1.0,38.54,2.0,7.0,0.28600000000000003,2.0,6.0,0.333,1.0,2.0,0.5,2.0,3.0,5.0,2.0,1.0,0.0,2.0,3.0,7.0,11.0,https://www.basketball-reference.com/boxscores/202002120UTA.html,27.58,0.0,0.0,18.25
,2019-20,Royce O'Neale,2020-02-21,Utah Jazz,San Antonio Spurs,1.0,25.03,3.0,8.0,0.375,1.0,5.0,0.2,2.0,2.0,1.0,1.0,7.0,8.0,3.0,1.0,2.0,0.0,1.0,9.0,-17.0,https://www.basketball-reference.com/boxscores/202002210UTA.html,39.96,0.0,0.0,30.0
,2019-20,Royce O'Neale,2020-02-24,Utah Jazz,Phoenix Suns,1.0,24.58,1.0,2.0,0.5,1.0,2.0,0.5,2.0,4.0,0.5,1.0,8.0,9.0,3.0,2.0,0.0,1.0,3.0,5.0,-4.0,https://www.basketball-reference.com/boxscores/202002240UTA.html,9.4,0.0,0.0,24.75
,2019-20,Royce O'Neale,2020-02-26,Utah Jazz,Boston Celtics,1.0,29.0,4.0,7.0,0.5710000000000001,2.0,5.0,0.4,4.0,5.0,0.8,0.0,4.0,4.0,1.0,3.0,0.0,0.0,3.0,14.0,-2.0,https://www.basketball-reference.com/boxscores/202002260UTA.html,64.39999999999999,0.0,0.0,27.5
,2019-20,Royce O'Neale,2020-02-28,Utah Jazz,Washington Wizards,1.0,32.25,2.0,5.0,0.4,2.0,4.0,0.5,2.0,5.0,0.4,0.0,7.0,7.0,2.0,1.0,1.0,1.0,4.0,8.0,-5.0,https://www.basketball-reference.com/boxscores/202002280UTA.html,28.8,0.0,0.0,24.25
,2019-20,Royce O'Neale,2020-03-06,Utah Jazz,Boston Celtics,0.0,30.26,2.0,6.0,0.333,2.0,6.0,0.333,1.0,2.0,0.5,0.0,7.0,7.0,3.0,0.0,1.0,0.0,2.0,7.0,-17.0,https://www.basketball-reference.com/boxscores/202003060BOS.html,24.08,0.0,0.0,23.25
,2019-20,Royce O'Neale,2020-03-09,Utah Jazz,Toronto Raptors,1.0,32.48,6.0,11.0,0.545,2.0,7.0,0.28600000000000003,1.0,2.0,0.5,0.0,7.0,7.0,2.0,1.0,1.0,1.0,4.0,15.0,-21.0,https://www.basketball-reference.com/boxscores/202003090UTA.html,89.10000000000002,0.0,0.0,31.25
,2018-19,Royce O'Neale,2018-12-04,Utah Jazz,San Antonio Spurs,1.0,16.44,4.0,9.0,0.444,2.0,4.0,0.5,1.0,1.0,1.0,0.0,2.0,2.0,2.0,1.0,1.0,0.0,2.0,11.0,12.0,https://www.basketball-reference.com/boxscores/201812040UTA.html,51.92,0.0,0.0,21.5
,2018-19,Royce O'Neale,2018-12-15,Utah Jazz,Orlando Magic,0.0,11.31,0.0,1.0,0.0,0.0,1.0,0.0,1.0,2.0,0.5,0.0,1.0,1.0,2.0,0.0,0.0,0.0,1.0,1.0,-4.0,https://www.basketball-reference.com/boxscores/201812150ORL.html,0.94,0.0,0.0,5.25
,2018-19,Royce O'Neale,2019-01-07,Utah Jazz,Milwaukee Bucks,0.0,12.03,2.0,2.0,1.0,2.0,2.0,1.0,2.0,2.0,1.0,2.0,2.0,4.0,0.0,0.0,0.0,0.0,2.0,8.0,-1.0,https://www.basketball-reference.com/boxscores/201901070MIL.html,11.52,0.0,0.0,14.0
,2018-19,Royce O'Neale,2019-01-11,Utah Jazz,Los Angeles Lakers,1.0,39.38,5.0,13.0,0.385,5.0,12.0,0.417,2.0,2.0,1.0,0.0,7.0,7.0,1.0,2.0,0.0,2.0,4.0,17.0,10.0,https://www.basketball-reference.com/boxscores/201901110UTA.html,117.98,0.0,0.0,32.75
,2018-19,Royce O'Neale,2019-01-16,Utah Jazz,Los Angeles Clippers,0.0,35.44,3.0,6.0,0.5,0.0,1.0,0.0,4.0,4.0,1.0,0.0,7.0,7.0,1.0,0.0,1.0,0.0,1.0,10.0,26.0,https://www.basketball-reference.com/boxscores/201901160LAC.html,38.8,0.0,0.0,22.25
,2018-19,Royce O'Neale,2019-01-21,Utah Jazz,Portland Trail Blazers,1.0,37.16,4.0,9.0,0.444,1.0,2.0,0.5,2.0,3.0,0.667,1.0,3.0,4.0,1.0,2.0,1.0,0.0,4.0,11.0,-5.0,https://www.basketball-reference.com/boxscores/201901210UTA.html,56.76000000000001,0.0,0.0,24.0
,2018-19,Royce O'Neale,2019-01-25,Utah Jazz,Minnesota Timberwolves,1.0,23.06,2.0,4.0,0.5,0.0,1.0,0.0,1.0,2.0,0.5,0.0,2.0,2.0,2.0,1.0,1.0,0.0,1.0,5.0,3.0,https://www.basketball-reference.com/boxscores/201901250UTA.html,12.2,0.0,0.0,14.5
,2018-19,Royce O'Neale,2019-02-02,Utah Jazz,Houston Rockets,1.0,23.46,4.0,9.0,0.444,1.0,4.0,0.25,1.0,2.0,0.5,2.0,4.0,6.0,1.0,1.0,1.0,2.0,1.0,10.0,-13.0,https://www.basketball-reference.com/boxscores/201902020UTA.html,49.40000000000001,0.0,0.0,22.5
,2018-19,Royce O'Neale,2019-02-06,Utah Jazz,Phoenix Suns,1.0,26.58,5.0,6.0,0.833,3.0,4.0,0.75,2.0,2.0,1.0,1.0,1.0,2.0,4.0,2.0,0.0,1.0,3.0,15.0,31.0,https://www.basketball-reference.com/boxscores/201902060UTA.html,51.6,0.0,0.0,28.5
,2018-19,Royce O'Neale,2019-02-09,Utah Jazz,San Antonio Spurs,1.0,25.23,6.0,7.0,0.857,4.0,4.0,1.0,1.0,1.0,1.0,0.0,5.0,5.0,1.0,0.0,0.0,0.0,1.0,17.0,14.0,https://www.basketball-reference.com/boxscores/201902090UTA.html,63.24,0.0,0.0,26.75
,2018-19,Royce O'Neale,2019-03-08,Utah Jazz,Memphis Grizzlies,0.0,29.01,4.0,7.0,0.5710000000000001,1.0,4.0,0.25,1.0,2.0,0.5,0.0,1.0,1.0,1.0,2.0,0.0,1.0,4.0,10.0,2.0,https://www.basketball-reference.com/boxscores/201903080MEM.html,39.4,0.0,0.0,16.75
,2018-19,Royce O'Neale,2019-03-21,Utah Jazz,Atlanta Hawks,0.0,18.51,3.0,7.0,0.429,1.0,3.0,0.333,3.0,3.0,1.0,1.0,2.0,3.0,1.0,1.0,0.0,0.0,2.0,10.0,1.0,https://www.basketball-reference.com/boxscores/201903210ATL.html,41.6,0.0,0.0,17.75
,2020-21,Royce O'Neale,2020-12-28,Utah Jazz,Oklahoma City Thunder,0.0,33.59,3.0,3.0,1.0,2.0,2.0,1.0,1.0,2.0,0.5,2.0,4.0,6.0,0.0,1.0,1.0,2.0,4.0,9.0,1.0,https://www.basketball-reference.com/boxscores/202012280OKC.html,17.46,0.0,0.0,20.5
,2020-21,Royce O'Neale,2021-01-03,Utah Jazz,San Antonio Spurs,0.0,29.04,3.0,4.0,0.75,3.0,4.0,0.75,2.0,4.0,0.5,1.0,10.0,11.0,5.0,0.0,0.0,0.0,2.0,11.0,17.0,https://www.basketball-reference.com/boxscores/202101030SAS.html,31.68,1.0,0.0,34.75
,2020-21,Royce O'Neale,2021-01-15,Utah Jazz,Atlanta Hawks,1.0,31.1,2.0,3.0,0.667,1.0,2.0,0.5,2.0,2.0,1.0,0.0,6.0,6.0,5.0,0.0,1.0,1.0,2.0,7.0,10.0,https://www.basketball-reference.com/boxscores/202101150UTA.html,13.58,0.0,0.0,24.0
,2020-21,Royce O'Neale,2021-01-17,Utah Jazz,Denver Nuggets,0.0,34.28,2.0,4.0,0.5,2.0,3.0,0.667,2.0,2.0,1.0,0.0,5.0,5.0,3.0,1.0,0.0,1.0,4.0,8.0,-2.0,https://www.basketball-reference.com/boxscores/202101170DEN.html,19.52,0.0,0.0,21.25
,2020-21,Royce O'Neale,2021-01-26,Utah Jazz,New York Knicks,1.0,34.54,7.0,12.0,0.583,2.0,5.0,0.4,4.0,5.0,0.8,2.0,4.0,6.0,3.0,0.0,1.0,0.0,3.0,20.0,3.0,https://www.basketball-reference.com/boxscores/202101260UTA.html,142.0,0.0,0.0,35.0
,2020-21,Royce O'Neale,2021-01-27,Utah Jazz,Dallas Mavericks,1.0,34.59,3.0,7.0,0.429,1.0,4.0,0.25,2.0,2.0,1.0,1.0,3.0,4.0,3.0,1.0,1.0,0.0,4.0,9.0,11.0,https://www.basketball-reference.com/boxscores/202101270UTA.html,35.46,0.0,0.0,23.0
,2020-21,Royce O'Neale,2021-01-29,Utah Jazz,Dallas Mavericks,1.0,36.31,0.0,4.0,0.0,0.0,1.0,0.0,4.0,4.0,1.0,2.0,9.0,11.0,3.0,1.0,2.0,1.0,2.0,4.0,22.0,https://www.basketball-reference.com/boxscores/202101290UTA.html,11.52,0.0,0.0,27.75
,2020-21,Royce O'Neale,2021-02-07,Utah Jazz,Indiana Pacers,0.0,34.0,2.0,6.0,0.333,1.0,4.0,0.25,1.0,1.0,1.0,1.0,5.0,6.0,3.0,0.0,0.0,2.0,2.0,6.0,9.0,https://www.basketball-reference.com/boxscores/202102070IND.html,19.32,0.0,0.0,17.5
,2020-21,Royce O'Neale,2021-02-13,Utah Jazz,Miami Heat,1.0,31.38,3.0,6.0,0.5,0.0,3.0,0.0,2.0,2.0,1.0,1.0,6.0,7.0,4.0,3.0,3.0,2.0,3.0,8.0,16.0,https://www.basketball-reference.com/boxscores/202102130UTA.html,27.52,0.0,0.0,33.75
,2020-21,Royce O'Neale,2021-02-15,Utah Jazz,Philadelphia 76ers,1.0,35.44,3.0,7.0,0.429,3.0,7.0,0.429,2.0,2.0,1.0,2.0,6.0,8.0,3.0,3.0,0.0,0.0,5.0,11.0,2.0,https://www.basketball-reference.com/boxscores/202102150UTA.html,43.34,0.0,0.0,33.0
,2020-21,Royce O'Neale,2021-03-03,Philadelphia 76ers,Utah Jazz,1.0,41.55,2.0,7.0,0.28600000000000003,2.0,6.0,0.333,1.0,2.0,0.5,3.0,7.0,10.0,5.0,1.0,0.0,3.0,2.0,7.0,-11.0,https://www.basketball-reference.com/boxscores/202103030PHI.html,27.58,0.0,0.0,28.5
,2020-21,Royce O'Neale,2021-03-12,Utah Jazz,Houston Rockets,1.0,30.15,3.0,5.0,0.6,2.0,4.0,0.5,2.0,2.0,1.0,2.0,9.0,11.0,3.0,2.0,0.0,2.0,4.0,10.0,18.0,https://www.basketball-reference.com/boxscores/202103120UTA.html,29.4,1.0,0.0,33.25
,2020-21,Royce O'Neale,2021-03-18,Utah Jazz,Washington Wizards,0.0,33.07,3.0,5.0,0.6,3.0,5.0,0.6,2.0,2.0,1.0,3.0,4.0,7.0,3.0,0.0,0.0,2.0,2.0,11.0,-4.0,https://www.basketball-reference.com/boxscores/202103180WAS.html,32.34,0.0,0.0,24.75
,2020-21,Royce O'Neale,2021-03-31,Utah Jazz,Memphis Grizzlies,0.0,34.04,3.0,5.0,0.6,1.0,3.0,0.333,2.0,2.0,1.0,1.0,5.0,6.0,2.0,0.0,0.0,2.0,4.0,9.0,-4.0,https://www.basketball-reference.com/boxscores/202103310MEM.html,26.46,0.0,0.0,19.0
