Unnamed: 0,season,Player,Date,Team,Against,Home,MP,FG,FGA,FG%,3P,3PA,3P%,FT,FTA,FT%,ORB,DRB,TRB,AST,STL,BLK,TOV,PF,PTS,+/-,GameLink,TS%,DD,DT,FPTS
,2020-21,Saddiq Bey,2020-12-28,Detroit Pistons,Atlanta Hawks,0.0,30.15,3.0,11.0,0.273,2.0,7.0,0.28600000000000003,2.0,2.0,1.0,1.0,6.0,7.0,1.0,0.0,0.0,0.0,1.0,10.0,4.0,https://www.basketball-reference.com/boxscores/202012280ATL.html,59.40000000000001,0.0,0.0,21.25
,2020-21,Saddiq Bey,2020-12-29,Detroit Pistons,Golden State Warriors,1.0,15.09,3.0,9.0,0.333,3.0,5.0,0.6,2.0,2.0,1.0,0.0,3.0,3.0,0.0,0.0,0.0,1.0,3.0,11.0,2.0,https://www.basketball-reference.com/boxscores/202012290DET.html,54.34,0.0,0.0,15.75
,2020-21,Saddiq Bey,2021-01-01,Detroit Pistons,Boston Celtics,1.0,30.11,5.0,11.0,0.455,5.0,8.0,0.625,2.0,4.0,0.5,0.0,7.0,7.0,1.0,2.0,0.0,2.0,1.0,17.0,13.0,https://www.basketball-reference.com/boxscores/202101010DET.html,108.46,0.0,0.0,32.75
,2020-21,Saddiq Bey,2021-01-04,Detroit Pistons,Milwaukee Bucks,0.0,30.51,3.0,8.0,0.375,1.0,6.0,0.16699999999999998,2.0,2.0,1.0,0.0,3.0,3.0,0.0,0.0,0.0,0.0,2.0,9.0,-1.0,https://www.basketball-reference.com/boxscores/202101040MIL.html,39.96,0.0,0.0,13.25
,2020-21,Saddiq Bey,2021-01-06,Detroit Pistons,Milwaukee Bucks,0.0,24.08,6.0,14.0,0.429,6.0,10.0,0.6,2.0,2.0,1.0,0.0,10.0,10.0,3.0,1.0,0.0,1.0,1.0,20.0,2.0,https://www.basketball-reference.com/boxscores/202101060MIL.html,148.8,1.0,0.0,42.5
,2020-21,Saddiq Bey,2021-01-10,Detroit Pistons,Utah Jazz,1.0,27.17,3.0,9.0,0.333,2.0,6.0,0.333,4.0,4.0,1.0,2.0,1.0,3.0,1.0,0.0,0.0,0.0,4.0,12.0,-10.0,https://www.basketball-reference.com/boxscores/202101100DET.html,64.56,0.0,0.0,18.25
,2020-21,Saddiq Bey,2021-01-13,Detroit Pistons,Milwaukee Bucks,1.0,19.36,3.0,8.0,0.375,2.0,6.0,0.333,2.0,3.0,0.667,0.0,2.0,2.0,0.0,0.0,0.0,2.0,1.0,10.0,-16.0,https://www.basketball-reference.com/boxscores/202101130DET.html,46.6,0.0,0.0,12.5
,2020-21,Saddiq Bey,2021-01-16,Detroit Pistons,Miami Heat,0.0,11.03,1.0,3.0,0.333,1.0,3.0,0.333,2.0,2.0,1.0,0.0,1.0,1.0,0.0,0.0,0.0,0.0,2.0,5.0,-2.0,https://www.basketball-reference.com/boxscores/202101160MIA.html,9.7,0.0,0.0,6.75
,2020-21,Saddiq Bey,2021-01-22,Detroit Pistons,Houston Rockets,1.0,15.15,0.0,3.0,0.0,0.0,3.0,0.0,2.0,2.0,1.0,0.0,0.0,0.0,0.0,0.0,0.0,1.0,0.0,2.0,-17.0,https://www.basketball-reference.com/boxscores/202101220DET.html,3.88,0.0,0.0,1.5
,2020-21,Saddiq Bey,2021-01-27,Detroit Pistons,Cleveland Cavaliers,0.0,19.3,2.0,4.0,0.5,1.0,3.0,0.333,2.0,2.0,1.0,0.0,2.0,2.0,2.0,0.0,0.0,2.0,1.0,7.0,-11.0,https://www.basketball-reference.com/boxscores/202101270CLE.html,17.08,0.0,0.0,12.0
,2020-21,Saddiq Bey,2021-02-05,Detroit Pistons,Phoenix Suns,0.0,25.47,5.0,13.0,0.385,2.0,8.0,0.25,2.0,3.0,0.667,1.0,3.0,4.0,2.0,1.0,1.0,1.0,1.0,14.0,3.0,https://www.basketball-reference.com/boxscores/202102050PHO.html,100.24,0.0,0.0,26.5
,2020-21,Saddiq Bey,2021-02-06,Los Angeles Lakers,Detroit Pistons,1.0,25.43,1.0,7.0,0.14300000000000002,1.0,3.0,0.333,4.0,4.0,1.0,0.0,2.0,2.0,0.0,2.0,0.0,2.0,0.0,7.0,-14.0,https://www.basketball-reference.com/boxscores/202102060LAL.html,30.66,0.0,0.0,13.0
,2020-21,Saddiq Bey,2021-02-11,Detroit Pistons,Indiana Pacers,1.0,17.33,3.0,6.0,0.5,2.0,5.0,0.4,2.0,4.0,0.5,0.0,3.0,3.0,0.0,0.0,0.0,0.0,0.0,10.0,-3.0,https://www.basketball-reference.com/boxscores/202102110DET.html,38.8,0.0,0.0,14.75
,2020-21,Saddiq Bey,2021-02-12,Detroit Pistons,Boston Celtics,0.0,27.18,10.0,12.0,0.833,7.0,7.0,1.0,3.0,3.0,1.0,2.0,10.0,12.0,0.0,0.0,0.0,0.0,2.0,30.0,6.0,https://www.basketball-reference.com/boxscores/202102120BOS.html,199.8,1.0,0.0,49.5
,2020-21,Saddiq Bey,2021-02-17,Detroit Pistons,Chicago Bulls,0.0,31.49,3.0,7.0,0.429,1.0,5.0,0.2,5.0,5.0,1.0,1.0,6.0,7.0,3.0,1.0,0.0,1.0,1.0,12.0,4.0,https://www.basketball-reference.com/boxscores/202102170CHI.html,55.2,0.0,0.0,27.25
,2020-21,Saddiq Bey,2021-02-21,Detroit Pistons,Orlando Magic,0.0,29.32,3.0,10.0,0.3,3.0,10.0,0.3,2.0,2.0,1.0,1.0,7.0,8.0,1.0,1.0,0.0,1.0,2.0,11.0,-5.0,https://www.basketball-reference.com/boxscores/202102210ORL.html,59.84,0.0,0.0,25.5
,2020-21,Saddiq Bey,2021-02-24,Detroit Pistons,New Orleans Pelicans,0.0,31.05,4.0,8.0,0.5,3.0,6.0,0.5,2.0,2.0,1.0,0.0,2.0,2.0,1.0,1.0,0.0,1.0,4.0,13.0,-6.0,https://www.basketball-reference.com/boxscores/202102240NOP.html,57.72000000000001,0.0,0.0,20.0
,2020-21,Saddiq Bey,2021-02-28,Detroit Pistons,New York Knicks,1.0,31.58,3.0,11.0,0.273,2.0,8.0,0.25,2.0,2.0,1.0,0.0,4.0,4.0,0.0,0.0,0.0,0.0,3.0,10.0,-17.0,https://www.basketball-reference.com/boxscores/202102280DET.html,59.40000000000001,0.0,0.0,16.0
,2020-21,Saddiq Bey,2021-03-04,Detroit Pistons,New York Knicks,0.0,35.34,4.0,12.0,0.333,2.0,8.0,0.25,4.0,4.0,1.0,1.0,2.0,3.0,4.0,1.0,0.0,1.0,2.0,14.0,-3.0,https://www.basketball-reference.com/boxscores/202103040NYK.html,96.32,0.0,0.0,26.25
,2020-21,Saddiq Bey,2021-03-11,Detroit Pistons,Charlotte Hornets,0.0,28.1,4.0,11.0,0.364,4.0,9.0,0.444,2.0,2.0,1.0,0.0,3.0,3.0,0.0,0.0,0.0,0.0,0.0,14.0,-1.0,https://www.basketball-reference.com/boxscores/202103110CHO.html,83.16000000000003,0.0,0.0,19.75
,2020-21,Saddiq Bey,2021-03-13,Detroit Pistons,Brooklyn Nets,0.0,28.39,4.0,13.0,0.308,2.0,9.0,0.222,3.0,4.0,0.75,1.0,4.0,5.0,2.0,0.0,2.0,0.0,0.0,13.0,-4.0,https://www.basketball-reference.com/boxscores/202103130BRK.html,95.94,0.0,0.0,27.25
,2020-21,Saddiq Bey,2021-03-17,Detroit Pistons,Toronto Raptors,1.0,38.39,8.0,14.0,0.5710000000000001,6.0,10.0,0.6,6.0,6.0,1.0,2.0,10.0,12.0,2.0,2.0,0.0,0.0,4.0,28.0,4.0,https://www.basketball-reference.com/boxscores/202103170DET.html,232.96,1.0,0.0,54.0
,2020-21,Saddiq Bey,2021-03-19,Detroit Pistons,Houston Rockets,0.0,32.05,6.0,15.0,0.4,2.0,9.0,0.222,6.0,6.0,1.0,1.0,5.0,6.0,2.0,2.0,0.0,1.0,2.0,20.0,5.0,https://www.basketball-reference.com/boxscores/202103190HOU.html,176.4,0.0,0.0,35.0
,2020-21,Saddiq Bey,2021-03-26,Detroit Pistons,Brooklyn Nets,1.0,32.43,5.0,9.0,0.556,4.0,6.0,0.667,0.0,1.0,0.0,1.0,4.0,5.0,2.0,1.0,1.0,1.0,3.0,14.0,5.0,https://www.basketball-reference.com/boxscores/202103260DET.html,66.08,0.0,0.0,28.75
,2020-21,Saddiq Bey,2021-03-27,Detroit Pistons,Washington Wizards,0.0,31.45,3.0,12.0,0.25,1.0,7.0,0.14300000000000002,2.0,2.0,1.0,0.0,6.0,6.0,2.0,0.0,0.0,2.0,2.0,9.0,1.0,https://www.basketball-reference.com/boxscores/202103270WAS.html,57.96,0.0,0.0,19.0
,2020-21,Saddiq Bey,2021-03-29,Detroit Pistons,Toronto Raptors,1.0,33.24,6.0,10.0,0.6,5.0,7.0,0.7140000000000001,2.0,2.0,1.0,0.0,3.0,3.0,4.0,0.0,0.0,0.0,1.0,19.0,2.0,https://www.basketball-reference.com/boxscores/202103290DET.html,103.36,0.0,0.0,31.25
