Player,Date,Team,Against,Home,MP,FG,FGA,FG%,3P,3PA,3P%,FT,FTA,FT%,ORB,DRB,TRB,AST,STL,BLK,TOV,PF,PTS,+/-,GameLink,season
Sam Mitchell,2000-12-01,Minnesota Timberwolves,Boston Celtics,0,3.15,1.0,1.0,1.0,0.0,0.0,,0.0,0.0,,0.0,1.0,1.0,0.0,0.0,0.0,1.0,1.0,2.0,-4.0,https://www.basketball-reference.com/boxscores/200012010BOS.html,2000-01
Sam Mitchell,2000-12-02,Minnesota Timberwolves,New York Knicks,0,11.03,2.0,2.0,1.0,1.0,1.0,1.0,0.0,2.0,0.0,0.0,3.0,3.0,0.0,0.0,0.0,0.0,1.0,5.0,-4.0,https://www.basketball-reference.com/boxscores/200012020NYK.html,2000-01
Sam Mitchell,2000-12-05,Minnesota Timberwolves,Chicago Bulls,1,17.29,0.0,1.0,0.0,0.0,0.0,,0.0,0.0,,0.0,1.0,1.0,2.0,0.0,0.0,0.0,2.0,0.0,10.0,https://www.basketball-reference.com/boxscores/200012050MIN.html,2000-01
Sam Mitchell,2000-12-07,Minnesota Timberwolves,Washington Wizards,1,5.56,1.0,1.0,1.0,0.0,0.0,,0.0,0.0,,0.0,0.0,0.0,1.0,0.0,0.0,0.0,0.0,2.0,0.0,https://www.basketball-reference.com/boxscores/200012070MIN.html,2000-01
Sam Mitchell,2000-12-09,Minnesota Timberwolves,Los Angeles Clippers,1,6.39,0.0,3.0,0.0,0.0,0.0,,0.0,0.0,,0.0,0.0,0.0,1.0,1.0,0.0,0.0,1.0,0.0,-8.0,https://www.basketball-reference.com/boxscores/200012090MIN.html,2000-01
Sam Mitchell,2000-12-11,Philadelphia 76ers,Minnesota Timberwolves,1,7.0,1.0,2.0,0.5,0.0,0.0,,0.0,2.0,0.0,0.0,1.0,1.0,0.0,0.0,0.0,1.0,0.0,2.0,-8.0,https://www.basketball-reference.com/boxscores/200012110PHI.html,2000-01
Sam Mitchell,2000-12-12,Minnesota Timberwolves,New Jersey Nets,0,13.56,0.0,2.0,0.0,0.0,1.0,0.0,3.0,4.0,0.75,0.0,1.0,1.0,0.0,0.0,0.0,0.0,2.0,3.0,-2.0,https://www.basketball-reference.com/boxscores/200012120NJN.html,2000-01
Sam Mitchell,2000-12-15,Minnesota Timberwolves,Detroit Pistons,0,8.56,1.0,2.0,0.5,0.0,0.0,,0.0,0.0,,0.0,2.0,2.0,0.0,0.0,0.0,1.0,2.0,2.0,6.0,https://www.basketball-reference.com/boxscores/200012150DET.html,2000-01
Sam Mitchell,2000-12-19,Minnesota Timberwolves,Golden State Warriors,0,4.25,0.0,1.0,0.0,0.0,0.0,,0.0,0.0,,0.0,0.0,0.0,0.0,0.0,0.0,0.0,0.0,0.0,-9.0,https://www.basketball-reference.com/boxscores/200012190GSW.html,2000-01
Sam Mitchell,2000-12-20,Minnesota Timberwolves,Los Angeles Clippers,0,6.41,2.0,3.0,0.667,0.0,0.0,,1.0,1.0,1.0,0.0,0.0,0.0,0.0,0.0,0.0,1.0,0.0,5.0,4.0,https://www.basketball-reference.com/boxscores/200012200LAC.html,2000-01
Sam Mitchell,2000-12-22,Minnesota Timberwolves,Charlotte Hornets,1,3.49,0.0,1.0,0.0,0.0,0.0,,0.0,0.0,,0.0,0.0,0.0,0.0,1.0,0.0,0.0,0.0,0.0,-4.0,https://www.basketball-reference.com/boxscores/200012220MIN.html,2000-01
Sam Mitchell,2000-12-23,Minnesota Timberwolves,Utah Jazz,1,15.45,3.0,10.0,0.3,0.0,1.0,0.0,0.0,0.0,,1.0,1.0,2.0,1.0,0.0,0.0,1.0,3.0,6.0,14.0,https://www.basketball-reference.com/boxscores/200012230MIN.html,2000-01
Sam Mitchell,2000-12-26,Minnesota Timberwolves,Toronto Raptors,1,9.55,1.0,4.0,0.25,0.0,0.0,,0.0,0.0,,0.0,2.0,2.0,0.0,2.0,2.0,0.0,0.0,2.0,13.0,https://www.basketball-reference.com/boxscores/200012260MIN.html,2000-01
Sam Mitchell,2000-12-28,Minnesota Timberwolves,Atlanta Hawks,1,11.23,3.0,5.0,0.6,0.0,0.0,,0.0,0.0,,2.0,1.0,3.0,0.0,0.0,0.0,0.0,3.0,6.0,4.0,https://www.basketball-reference.com/boxscores/200012280MIN.html,2000-01
Sam Mitchell,2000-12-30,Minnesota Timberwolves,New York Knicks,1,5.15,0.0,2.0,0.0,0.0,0.0,,0.0,0.0,,0.0,0.0,0.0,1.0,1.0,0.0,0.0,1.0,0.0,-2.0,https://www.basketball-reference.com/boxscores/200012300MIN.html,2000-01
Sam Mitchell,2001-01-01,Minnesota Timberwolves,Houston Rockets,1,22.3,1.0,3.0,0.333,0.0,1.0,0.0,2.0,2.0,1.0,0.0,2.0,2.0,1.0,0.0,2.0,1.0,1.0,4.0,-11.0,https://www.basketball-reference.com/boxscores/200101010MIN.html,2000-01
Sam Mitchell,2001-01-02,Minnesota Timberwolves,Washington Wizards,0,20.3,0.0,2.0,0.0,0.0,0.0,,0.0,0.0,,0.0,1.0,1.0,4.0,0.0,0.0,1.0,2.0,0.0,-8.0,https://www.basketball-reference.com/boxscores/200101020WAS.html,2000-01
Sam Mitchell,2001-01-04,Minnesota Timberwolves,Seattle SuperSonics,1,6.04,0.0,0.0,,0.0,0.0,,0.0,0.0,,1.0,0.0,1.0,1.0,0.0,0.0,0.0,2.0,0.0,-2.0,https://www.basketball-reference.com/boxscores/200101040MIN.html,2000-01
Sam Mitchell,2001-01-07,Minnesota Timberwolves,Phoenix Suns,0,11.03,2.0,4.0,0.5,1.0,2.0,0.5,0.0,0.0,,1.0,1.0,2.0,1.0,0.0,0.0,0.0,0.0,5.0,9.0,https://www.basketball-reference.com/boxscores/200101070PHO.html,2000-01
Sam Mitchell,2001-01-08,Minnesota Timberwolves,Sacramento Kings,0,7.59,0.0,0.0,,0.0,0.0,,0.0,0.0,,0.0,0.0,0.0,0.0,2.0,0.0,0.0,3.0,0.0,-9.0,https://www.basketball-reference.com/boxscores/200101080SAC.html,2000-01
Sam Mitchell,2001-01-10,Minnesota Timberwolves,Dallas Mavericks,1,15.23,2.0,5.0,0.4,0.0,1.0,0.0,2.0,3.0,0.667,0.0,1.0,1.0,0.0,0.0,0.0,1.0,1.0,6.0,-15.0,https://www.basketball-reference.com/boxscores/200101100MIN.html,2000-01
Sam Mitchell,2001-01-12,Minnesota Timberwolves,Los Angeles Clippers,1,10.46,1.0,2.0,0.5,0.0,0.0,,0.0,0.0,,0.0,0.0,0.0,0.0,0.0,0.0,0.0,2.0,2.0,-7.0,https://www.basketball-reference.com/boxscores/200101120MIN.html,2000-01
Sam Mitchell,2001-01-15,Minnesota Timberwolves,Boston Celtics,1,14.45,2.0,4.0,0.5,0.0,1.0,0.0,4.0,4.0,1.0,0.0,2.0,2.0,1.0,0.0,0.0,1.0,1.0,8.0,7.0,https://www.basketball-reference.com/boxscores/200101150MIN.html,2000-01
Sam Mitchell,2001-01-17,Minnesota Timberwolves,Utah Jazz,0,10.29,2.0,2.0,1.0,0.0,0.0,,0.0,0.0,,0.0,0.0,0.0,0.0,0.0,0.0,0.0,0.0,4.0,-6.0,https://www.basketball-reference.com/boxscores/200101170UTA.html,2000-01
Sam Mitchell,2001-01-19,Minnesota Timberwolves,Seattle SuperSonics,0,9.52,1.0,1.0,1.0,0.0,0.0,,2.0,2.0,1.0,1.0,2.0,3.0,1.0,0.0,0.0,0.0,1.0,4.0,-1.0,https://www.basketball-reference.com/boxscores/200101190SEA.html,2000-01
Sam Mitchell,2001-01-21,Minnesota Timberwolves,Vancouver Grizzlies,0,14.0,4.0,6.0,0.667,1.0,1.0,1.0,0.0,0.0,,0.0,1.0,1.0,1.0,0.0,0.0,0.0,1.0,9.0,2.0,https://www.basketball-reference.com/boxscores/200101210VAN.html,2000-01
Sam Mitchell,2001-01-23,Minnesota Timberwolves,Phoenix Suns,1,15.52,2.0,3.0,0.667,0.0,1.0,0.0,0.0,0.0,,0.0,4.0,4.0,0.0,2.0,0.0,1.0,2.0,4.0,10.0,https://www.basketball-reference.com/boxscores/200101230MIN.html,2000-01
Sam Mitchell,2001-01-25,Minnesota Timberwolves,Orlando Magic,1,13.06,1.0,2.0,0.5,0.0,0.0,,0.0,0.0,,0.0,0.0,0.0,1.0,0.0,0.0,0.0,2.0,2.0,2.0,https://www.basketball-reference.com/boxscores/200101250MIN.html,2000-01
Sam Mitchell,2001-01-27,Minnesota Timberwolves,Portland Trail Blazers,1,21.25,3.0,7.0,0.429,1.0,2.0,0.5,0.0,0.0,,0.0,0.0,0.0,1.0,1.0,0.0,1.0,1.0,7.0,15.0,https://www.basketball-reference.com/boxscores/200101270MIN.html,2000-01
Sam Mitchell,2001-01-29,Minnesota Timberwolves,Milwaukee Bucks,1,7.15,0.0,2.0,0.0,0.0,0.0,,1.0,2.0,0.5,0.0,1.0,1.0,0.0,0.0,0.0,1.0,1.0,1.0,-13.0,https://www.basketball-reference.com/boxscores/200101290MIN.html,2000-01
Sam Mitchell,2001-01-31,Minnesota Timberwolves,Los Angeles Lakers,1,12.54,0.0,2.0,0.0,0.0,0.0,,0.0,0.0,,0.0,0.0,0.0,1.0,0.0,0.0,0.0,2.0,0.0,2.0,https://www.basketball-reference.com/boxscores/200101310MIN.html,2000-01
Sam Mitchell,2001-02-01,Minnesota Timberwolves,Cleveland Cavaliers,0,11.05,0.0,4.0,0.0,0.0,1.0,0.0,3.0,3.0,1.0,1.0,1.0,2.0,0.0,0.0,0.0,1.0,2.0,3.0,-2.0,https://www.basketball-reference.com/boxscores/200102010CLE.html,2000-01
Sam Mitchell,2001-02-03,Minnesota Timberwolves,Toronto Raptors,0,9.48,0.0,0.0,,0.0,0.0,,0.0,0.0,,0.0,0.0,0.0,0.0,0.0,0.0,1.0,3.0,0.0,-2.0,https://www.basketball-reference.com/boxscores/200102030TOR.html,2000-01
Sam Mitchell,2001-02-07,Minnesota Timberwolves,Sacramento Kings,1,16.12,1.0,4.0,0.25,0.0,1.0,0.0,0.0,0.0,,0.0,3.0,3.0,2.0,0.0,0.0,2.0,1.0,2.0,-3.0,https://www.basketball-reference.com/boxscores/200102070MIN.html,2000-01
Sam Mitchell,2001-02-13,Minnesota Timberwolves,Portland Trail Blazers,0,14.49,6.0,7.0,0.857,1.0,1.0,1.0,2.0,2.0,1.0,0.0,0.0,0.0,1.0,1.0,0.0,1.0,2.0,15.0,-2.0,https://www.basketball-reference.com/boxscores/200102130POR.html,2000-01
Sam Mitchell,2001-02-14,Minnesota Timberwolves,Phoenix Suns,0,16.15,1.0,3.0,0.333,0.0,0.0,,0.0,0.0,,1.0,3.0,4.0,1.0,1.0,0.0,0.0,2.0,2.0,-5.0,https://www.basketball-reference.com/boxscores/200102140PHO.html,2000-01
Sam Mitchell,2001-02-16,Minnesota Timberwolves,San Antonio Spurs,1,5.38,2.0,3.0,0.667,0.0,0.0,,0.0,1.0,0.0,0.0,0.0,0.0,0.0,0.0,0.0,0.0,3.0,4.0,-4.0,https://www.basketball-reference.com/boxscores/200102160MIN.html,2000-01
Sam Mitchell,2001-02-18,Minnesota Timberwolves,Vancouver Grizzlies,1,17.56,5.0,5.0,1.0,1.0,1.0,1.0,0.0,0.0,,0.0,2.0,2.0,0.0,1.0,0.0,0.0,3.0,11.0,2.0,https://www.basketball-reference.com/boxscores/200102180MIN.html,2000-01
Sam Mitchell,2001-02-21,Minnesota Timberwolves,Houston Rockets,1,8.1,0.0,3.0,0.0,0.0,2.0,0.0,0.0,0.0,,0.0,1.0,1.0,1.0,0.0,0.0,0.0,2.0,0.0,-10.0,https://www.basketball-reference.com/boxscores/200102210MIN.html,2000-01
Sam Mitchell,2001-02-23,Minnesota Timberwolves,Golden State Warriors,1,14.23,4.0,8.0,0.5,0.0,4.0,0.0,1.0,2.0,0.5,1.0,0.0,1.0,0.0,1.0,0.0,1.0,1.0,9.0,1.0,https://www.basketball-reference.com/boxscores/200102230MIN.html,2000-01
Sam Mitchell,2001-02-25,Minnesota Timberwolves,Indiana Pacers,0,13.01,1.0,3.0,0.333,0.0,1.0,0.0,0.0,0.0,,0.0,2.0,2.0,2.0,0.0,0.0,0.0,2.0,2.0,-6.0,https://www.basketball-reference.com/boxscores/200102250IND.html,2000-01
Sam Mitchell,2001-02-28,Minnesota Timberwolves,Detroit Pistons,1,11.05,2.0,3.0,0.667,1.0,1.0,1.0,0.0,0.0,,0.0,0.0,0.0,0.0,1.0,0.0,1.0,2.0,5.0,-16.0,https://www.basketball-reference.com/boxscores/200102280MIN.html,2000-01
Sam Mitchell,2001-03-02,Minnesota Timberwolves,Denver Nuggets,0,14.43,1.0,5.0,0.2,0.0,1.0,0.0,0.0,0.0,,1.0,1.0,2.0,1.0,0.0,1.0,0.0,1.0,2.0,15.0,https://www.basketball-reference.com/boxscores/200103020DEN.html,2000-01
Sam Mitchell,2001-03-06,Minnesota Timberwolves,Charlotte Hornets,0,13.25,0.0,3.0,0.0,0.0,1.0,0.0,0.0,0.0,,0.0,3.0,3.0,1.0,0.0,0.0,1.0,2.0,0.0,3.0,https://www.basketball-reference.com/boxscores/200103060CHH.html,2000-01
Sam Mitchell,2001-03-09,Minnesota Timberwolves,Miami Heat,0,8.09,0.0,1.0,0.0,0.0,0.0,,0.0,0.0,,0.0,2.0,2.0,1.0,0.0,0.0,1.0,0.0,0.0,-1.0,https://www.basketball-reference.com/boxscores/200103090MIA.html,2000-01
Sam Mitchell,2001-03-10,Minnesota Timberwolves,Orlando Magic,0,4.06,0.0,0.0,,0.0,0.0,,0.0,0.0,,0.0,0.0,0.0,0.0,0.0,0.0,0.0,1.0,0.0,0.0,https://www.basketball-reference.com/boxscores/200103100ORL.html,2000-01
Sam Mitchell,2001-03-12,Minnesota Timberwolves,Miami Heat,1,13.03,3.0,7.0,0.429,0.0,1.0,0.0,0.0,0.0,,1.0,4.0,5.0,2.0,0.0,0.0,2.0,1.0,6.0,2.0,https://www.basketball-reference.com/boxscores/200103120MIN.html,2000-01
Sam Mitchell,2001-03-14,San Antonio Spurs,Minnesota Timberwolves,1,0.05,0.0,0.0,,0.0,0.0,,0.0,0.0,,0.0,0.0,0.0,0.0,0.0,0.0,0.0,0.0,0.0,-2.0,https://www.basketball-reference.com/boxscores/200103140SAS.html,2000-01
Sam Mitchell,2001-03-15,Minnesota Timberwolves,Dallas Mavericks,0,13.34,1.0,5.0,0.2,0.0,0.0,,0.0,0.0,,2.0,2.0,4.0,0.0,2.0,0.0,0.0,2.0,2.0,4.0,https://www.basketball-reference.com/boxscores/200103150DAL.html,2000-01
Sam Mitchell,2001-03-18,Minnesota Timberwolves,Cleveland Cavaliers,1,17.57,2.0,7.0,0.28600000000000003,0.0,1.0,0.0,1.0,1.0,1.0,0.0,2.0,2.0,1.0,0.0,1.0,1.0,2.0,5.0,18.0,https://www.basketball-reference.com/boxscores/200103180MIN.html,2000-01
Sam Mitchell,2001-03-21,Minnesota Timberwolves,Dallas Mavericks,1,32.4,10.0,18.0,0.556,0.0,1.0,0.0,0.0,0.0,,2.0,5.0,7.0,3.0,1.0,0.0,0.0,5.0,20.0,15.0,https://www.basketball-reference.com/boxscores/200103210MIN.html,2000-01
Sam Mitchell,2001-03-23,Minnesota Timberwolves,Denver Nuggets,1,25.17,7.0,15.0,0.467,1.0,1.0,1.0,1.0,2.0,0.5,2.0,1.0,3.0,3.0,1.0,0.0,0.0,0.0,16.0,10.0,https://www.basketball-reference.com/boxscores/200103230MIN.html,2000-01
Sam Mitchell,2001-03-25,Minnesota Timberwolves,New Jersey Nets,1,9.56,1.0,3.0,0.333,0.0,0.0,,0.0,0.0,,1.0,1.0,2.0,1.0,0.0,1.0,2.0,0.0,2.0,6.0,https://www.basketball-reference.com/boxscores/200103250MIN.html,2000-01
Sam Mitchell,2001-03-28,Minnesota Timberwolves,Seattle SuperSonics,0,10.14,0.0,3.0,0.0,0.0,0.0,,0.0,0.0,,0.0,1.0,1.0,0.0,0.0,0.0,0.0,1.0,0.0,3.0,https://www.basketball-reference.com/boxscores/200103280SEA.html,2000-01
Sam Mitchell,2001-03-30,Minnesota Timberwolves,Sacramento Kings,0,19.12,4.0,9.0,0.444,0.0,0.0,,0.0,0.0,,2.0,5.0,7.0,1.0,0.0,0.0,0.0,5.0,8.0,7.0,https://www.basketball-reference.com/boxscores/200103300SAC.html,2000-01
Sam Mitchell,2001-12-01,Minnesota Timberwolves,Los Angeles Lakers,0,6.32,2.0,4.0,0.5,0.0,1.0,0.0,2.0,2.0,1.0,0.0,0.0,0.0,0.0,0.0,0.0,1.0,2.0,6.0,-7.0,https://www.basketball-reference.com/boxscores/200112010LAL.html,2001-02
Sam Mitchell,2001-12-04,Minnesota Timberwolves,Seattle SuperSonics,1,2.53,0.0,1.0,0.0,0.0,0.0,,0.0,0.0,,0.0,0.0,0.0,0.0,0.0,0.0,0.0,0.0,0.0,4.0,https://www.basketball-reference.com/boxscores/200112040MIN.html,2001-02
Sam Mitchell,2001-12-06,Minnesota Timberwolves,Memphis Grizzlies,0,7.03,2.0,3.0,0.667,0.0,0.0,,0.0,0.0,,1.0,0.0,1.0,0.0,1.0,0.0,0.0,0.0,4.0,-1.0,https://www.basketball-reference.com/boxscores/200112060MEM.html,2001-02
Sam Mitchell,2001-12-08,Minnesota Timberwolves,Houston Rockets,1,0.35,0.0,0.0,,0.0,0.0,,0.0,0.0,,0.0,0.0,0.0,0.0,0.0,0.0,0.0,1.0,0.0,-2.0,https://www.basketball-reference.com/boxscores/200112080MIN.html,2001-02
Sam Mitchell,2001-12-11,Minnesota Timberwolves,Golden State Warriors,1,12.37,1.0,3.0,0.333,0.0,0.0,,0.0,0.0,,0.0,0.0,0.0,0.0,0.0,0.0,0.0,0.0,2.0,11.0,https://www.basketball-reference.com/boxscores/200112110MIN.html,2001-02
Sam Mitchell,2001-12-12,Minnesota Timberwolves,Utah Jazz,0,5.09,0.0,1.0,0.0,0.0,0.0,,0.0,0.0,,0.0,1.0,1.0,0.0,0.0,0.0,0.0,0.0,0.0,6.0,https://www.basketball-reference.com/boxscores/200112120UTA.html,2001-02
Sam Mitchell,2001-12-14,Minnesota Timberwolves,Sacramento Kings,1,11.44,2.0,4.0,0.5,1.0,2.0,0.5,0.0,0.0,,0.0,3.0,3.0,1.0,0.0,0.0,0.0,4.0,5.0,13.0,https://www.basketball-reference.com/boxscores/200112140MIN.html,2001-02
Sam Mitchell,2001-12-15,Minnesota Timberwolves,Dallas Mavericks,0,5.15,1.0,1.0,1.0,0.0,0.0,,0.0,0.0,,0.0,1.0,1.0,0.0,0.0,0.0,0.0,0.0,2.0,-2.0,https://www.basketball-reference.com/boxscores/200112150DAL.html,2001-02
Sam Mitchell,2001-12-18,Minnesota Timberwolves,Dallas Mavericks,1,8.54,1.0,1.0,1.0,0.0,0.0,,4.0,5.0,0.8,0.0,0.0,0.0,2.0,0.0,0.0,0.0,2.0,6.0,4.0,https://www.basketball-reference.com/boxscores/200112180MIN.html,2001-02
Sam Mitchell,2001-12-19,New Jersey Nets,Minnesota Timberwolves,1,11.26,2.0,5.0,0.4,1.0,1.0,1.0,0.0,0.0,,0.0,0.0,0.0,0.0,0.0,0.0,0.0,1.0,5.0,-7.0,https://www.basketball-reference.com/boxscores/200112190NJN.html,2001-02
Sam Mitchell,2001-12-21,Minnesota Timberwolves,Charlotte Hornets,1,4.07,3.0,4.0,0.75,0.0,0.0,,0.0,0.0,,0.0,1.0,1.0,0.0,0.0,0.0,0.0,1.0,6.0,1.0,https://www.basketball-reference.com/boxscores/200112210MIN.html,2001-02
Sam Mitchell,2001-12-22,Minnesota Timberwolves,Chicago Bulls,0,5.0,0.0,2.0,0.0,0.0,2.0,0.0,0.0,0.0,,0.0,1.0,1.0,1.0,1.0,0.0,0.0,0.0,0.0,-7.0,https://www.basketball-reference.com/boxscores/200112220CHI.html,2001-02
Sam Mitchell,2001-12-26,Minnesota Timberwolves,Denver Nuggets,0,8.43,0.0,4.0,0.0,0.0,0.0,,0.0,0.0,,0.0,1.0,1.0,1.0,0.0,0.0,0.0,0.0,0.0,-5.0,https://www.basketball-reference.com/boxscores/200112260DEN.html,2001-02
Sam Mitchell,2001-12-28,Minnesota Timberwolves,Sacramento Kings,0,,,,,,,,,,,,,,,,,,,,,https://www.basketball-reference.com/boxscores/200112280SAC.html,2001-02
Sam Mitchell,2001-12-30,Minnesota Timberwolves,Portland Trail Blazers,0,6.31,1.0,1.0,1.0,0.0,0.0,,1.0,1.0,1.0,0.0,0.0,0.0,0.0,1.0,0.0,0.0,0.0,3.0,5.0,https://www.basketball-reference.com/boxscores/200112300POR.html,2001-02
Sam Mitchell,2002-01-02,Minnesota Timberwolves,Milwaukee Bucks,1,16.13,3.0,9.0,0.333,0.0,1.0,0.0,2.0,2.0,1.0,1.0,2.0,3.0,0.0,0.0,0.0,1.0,3.0,8.0,1.0,https://www.basketball-reference.com/boxscores/200201020MIN.html,2001-02
Sam Mitchell,2002-01-04,Minnesota Timberwolves,Utah Jazz,1,3.33,0.0,2.0,0.0,0.0,1.0,0.0,0.0,0.0,,0.0,0.0,0.0,0.0,0.0,0.0,0.0,1.0,0.0,-2.0,https://www.basketball-reference.com/boxscores/200201040MIN.html,2001-02
Sam Mitchell,2002-01-05,Minnesota Timberwolves,Atlanta Hawks,0,,,,,,,,,,,,,,,,,,,,,https://www.basketball-reference.com/boxscores/200201050ATL.html,2001-02
Sam Mitchell,2002-01-07,Minnesota Timberwolves,Detroit Pistons,1,8.27,0.0,0.0,,0.0,0.0,,0.0,0.0,,0.0,1.0,1.0,0.0,0.0,0.0,0.0,1.0,0.0,-7.0,https://www.basketball-reference.com/boxscores/200201070MIN.html,2001-02
Sam Mitchell,2002-01-09,Minnesota Timberwolves,Seattle SuperSonics,1,11.59,1.0,3.0,0.333,0.0,1.0,0.0,0.0,0.0,,0.0,0.0,0.0,1.0,0.0,0.0,0.0,1.0,2.0,12.0,https://www.basketball-reference.com/boxscores/200201090MIN.html,2001-02
Sam Mitchell,2002-01-11,Minnesota Timberwolves,Los Angeles Lakers,1,31.39,2.0,6.0,0.333,0.0,3.0,0.0,2.0,2.0,1.0,0.0,2.0,2.0,4.0,0.0,1.0,3.0,2.0,6.0,-2.0,https://www.basketball-reference.com/boxscores/200201110MIN.html,2001-02
Sam Mitchell,2002-01-12,Minnesota Timberwolves,Washington Wizards,0,20.07,2.0,6.0,0.333,0.0,2.0,0.0,1.0,1.0,1.0,0.0,3.0,3.0,1.0,0.0,0.0,0.0,3.0,5.0,7.0,https://www.basketball-reference.com/boxscores/200201120WAS.html,2001-02
Sam Mitchell,2002-01-15,Minnesota Timberwolves,Los Angeles Clippers,1,14.04,1.0,2.0,0.5,0.0,0.0,,2.0,3.0,0.667,0.0,0.0,0.0,0.0,1.0,0.0,0.0,3.0,4.0,-1.0,https://www.basketball-reference.com/boxscores/200201150MIN.html,2001-02
Sam Mitchell,2002-01-18,Phoenix Suns,Minnesota Timberwolves,1,7.45,0.0,0.0,,0.0,0.0,,0.0,0.0,,0.0,0.0,0.0,0.0,0.0,0.0,0.0,3.0,0.0,2.0,https://www.basketball-reference.com/boxscores/200201180PHO.html,2001-02
Sam Mitchell,2002-01-19,Minnesota Timberwolves,Golden State Warriors,0,6.52,1.0,1.0,1.0,1.0,1.0,1.0,0.0,0.0,,0.0,1.0,1.0,0.0,0.0,0.0,0.0,1.0,3.0,1.0,https://www.basketball-reference.com/boxscores/200201190GSW.html,2001-02
Sam Mitchell,2002-01-21,Minnesota Timberwolves,Washington Wizards,1,6.28,0.0,2.0,0.0,0.0,0.0,,2.0,2.0,1.0,0.0,1.0,1.0,1.0,0.0,0.0,0.0,0.0,2.0,3.0,https://www.basketball-reference.com/boxscores/200201210MIN.html,2001-02
Sam Mitchell,2002-01-23,Minnesota Timberwolves,Detroit Pistons,0,4.45,0.0,1.0,0.0,0.0,0.0,,0.0,0.0,,0.0,0.0,0.0,0.0,1.0,0.0,0.0,0.0,0.0,1.0,https://www.basketball-reference.com/boxscores/200201230DET.html,2001-02
Sam Mitchell,2002-01-25,Minnesota Timberwolves,Toronto Raptors,0,18.08,3.0,7.0,0.429,0.0,0.0,,2.0,2.0,1.0,0.0,1.0,1.0,0.0,0.0,0.0,0.0,3.0,8.0,-5.0,https://www.basketball-reference.com/boxscores/200201250TOR.html,2001-02
Sam Mitchell,2002-01-26,Minnesota Timberwolves,Atlanta Hawks,1,8.05,4.0,4.0,1.0,0.0,0.0,,2.0,2.0,1.0,0.0,0.0,0.0,1.0,1.0,0.0,0.0,2.0,10.0,9.0,https://www.basketball-reference.com/boxscores/200201260MIN.html,2001-02
Sam Mitchell,2002-01-29,Minnesota Timberwolves,Cleveland Cavaliers,0,13.15,4.0,8.0,0.5,1.0,3.0,0.333,2.0,2.0,1.0,2.0,1.0,3.0,1.0,1.0,0.0,3.0,2.0,11.0,5.0,https://www.basketball-reference.com/boxscores/200201290CLE.html,2001-02
Sam Mitchell,2002-01-30,Minnesota Timberwolves,Philadelphia 76ers,0,8.15,0.0,3.0,0.0,0.0,0.0,,0.0,0.0,,1.0,0.0,1.0,0.0,0.0,0.0,1.0,2.0,0.0,-11.0,https://www.basketball-reference.com/boxscores/200201300PHI.html,2001-02
Sam Mitchell,2002-02-01,Boston Celtics,Minnesota Timberwolves,1,3.35,0.0,1.0,0.0,0.0,0.0,,0.0,0.0,,0.0,0.0,0.0,0.0,0.0,0.0,0.0,1.0,0.0,-1.0,https://www.basketball-reference.com/boxscores/200202010BOS.html,2001-02
Sam Mitchell,2002-02-03,Minnesota Timberwolves,Sacramento Kings,1,,,,,,,,,,,,,,,,,,,,,https://www.basketball-reference.com/boxscores/200202030MIN.html,2001-02
Sam Mitchell,2002-02-04,Minnesota Timberwolves,San Antonio Spurs,0,11.03,1.0,3.0,0.333,0.0,0.0,,0.0,0.0,,0.0,1.0,1.0,0.0,0.0,0.0,3.0,1.0,2.0,-7.0,https://www.basketball-reference.com/boxscores/200202040SAS.html,2001-02
Sam Mitchell,2002-02-06,Minnesota Timberwolves,Portland Trail Blazers,1,0.02,0.0,0.0,,0.0,0.0,,0.0,0.0,,0.0,0.0,0.0,0.0,0.0,0.0,0.0,0.0,0.0,0.0,https://www.basketball-reference.com/boxscores/200202060MIN.html,2001-02
Sam Mitchell,2002-02-13,Minnesota Timberwolves,Phoenix Suns,1,3.48,0.0,2.0,0.0,0.0,1.0,0.0,0.0,0.0,,0.0,0.0,0.0,1.0,0.0,0.0,0.0,1.0,0.0,-5.0,https://www.basketball-reference.com/boxscores/200202130MIN.html,2001-02
Sam Mitchell,2002-02-15,Minnesota Timberwolves,Denver Nuggets,1,10.56,2.0,3.0,0.667,1.0,1.0,1.0,0.0,0.0,,0.0,2.0,2.0,3.0,0.0,0.0,1.0,1.0,5.0,3.0,https://www.basketball-reference.com/boxscores/200202150MIN.html,2001-02
Sam Mitchell,2002-02-17,Minnesota Timberwolves,Miami Heat,1,9.56,2.0,4.0,0.5,1.0,1.0,1.0,0.0,0.0,,0.0,0.0,0.0,1.0,0.0,0.0,0.0,0.0,5.0,-1.0,https://www.basketball-reference.com/boxscores/200202170MIN.html,2001-02
Sam Mitchell,2002-02-19,Minnesota Timberwolves,Dallas Mavericks,0,33.41,4.0,9.0,0.444,0.0,0.0,,2.0,4.0,0.5,2.0,6.0,8.0,5.0,1.0,0.0,0.0,3.0,10.0,16.0,https://www.basketball-reference.com/boxscores/200202190DAL.html,2001-02
Sam Mitchell,2002-02-21,Minnesota Timberwolves,Houston Rockets,0,18.17,4.0,8.0,0.5,0.0,2.0,0.0,0.0,0.0,,1.0,1.0,2.0,1.0,0.0,0.0,2.0,1.0,8.0,0.0,https://www.basketball-reference.com/boxscores/200202210HOU.html,2001-02
Sam Mitchell,2002-02-23,Minnesota Timberwolves,San Antonio Spurs,0,2.11,1.0,1.0,1.0,0.0,0.0,,0.0,0.0,,0.0,0.0,0.0,0.0,0.0,0.0,0.0,0.0,2.0,5.0,https://www.basketball-reference.com/boxscores/200202230SAS.html,2001-02
Sam Mitchell,2002-02-25,Minnesota Timberwolves,Charlotte Hornets,0,4.05,1.0,1.0,1.0,0.0,0.0,,0.0,0.0,,1.0,2.0,3.0,1.0,0.0,0.0,1.0,1.0,2.0,1.0,https://www.basketball-reference.com/boxscores/200202250CHH.html,2001-02
Sam Mitchell,2002-02-27,Minnesota Timberwolves,Los Angeles Lakers,1,3.4,0.0,2.0,0.0,0.0,0.0,,1.0,2.0,0.5,0.0,1.0,1.0,0.0,1.0,0.0,0.0,0.0,1.0,-7.0,https://www.basketball-reference.com/boxscores/200202270MIN.html,2001-02
Sam Mitchell,2002-03-01,Minnesota Timberwolves,San Antonio Spurs,1,,,,,,,,,,,,,,,,,,,,,https://www.basketball-reference.com/boxscores/200203010MIN.html,2001-02
Sam Mitchell,2002-03-02,Minnesota Timberwolves,Utah Jazz,0,17.45,2.0,3.0,0.667,0.0,0.0,,2.0,2.0,1.0,1.0,4.0,5.0,1.0,2.0,0.0,1.0,3.0,6.0,10.0,https://www.basketball-reference.com/boxscores/200203020UTA.html,2001-02
Sam Mitchell,2002-03-05,Minnesota Timberwolves,Seattle SuperSonics,0,4.47,1.0,3.0,0.333,0.0,1.0,0.0,0.0,0.0,,0.0,1.0,1.0,0.0,0.0,0.0,0.0,0.0,2.0,-1.0,https://www.basketball-reference.com/boxscores/200203050SEA.html,2001-02
Sam Mitchell,2002-03-06,Minnesota Timberwolves,Portland Trail Blazers,0,,,,,,,,,,,,,,,,,,,,,https://www.basketball-reference.com/boxscores/200203060POR.html,2001-02
Sam Mitchell,2002-03-08,Minnesota Timberwolves,Phoenix Suns,0,6.25,0.0,3.0,0.0,0.0,0.0,,0.0,0.0,,1.0,0.0,1.0,0.0,0.0,0.0,0.0,1.0,0.0,-13.0,https://www.basketball-reference.com/boxscores/200203080PHO.html,2001-02
Sam Mitchell,2002-03-11,Minnesota Timberwolves,Los Angeles Clippers,1,0.03,0.0,0.0,,0.0,0.0,,0.0,0.0,,0.0,0.0,0.0,0.0,0.0,0.0,0.0,0.0,0.0,0.0,https://www.basketball-reference.com/boxscores/200203110MIN.html,2001-02
Sam Mitchell,2002-03-13,Minnesota Timberwolves,Houston Rockets,1,15.24,1.0,3.0,0.333,0.0,0.0,,2.0,2.0,1.0,0.0,3.0,3.0,1.0,0.0,0.0,1.0,2.0,4.0,11.0,https://www.basketball-reference.com/boxscores/200203130MIN.html,2001-02
Sam Mitchell,2002-03-15,Minnesota Timberwolves,Indiana Pacers,1,11.37,4.0,7.0,0.5710000000000001,0.0,0.0,,0.0,0.0,,1.0,0.0,1.0,0.0,0.0,0.0,0.0,1.0,8.0,11.0,https://www.basketball-reference.com/boxscores/200203150MIN.html,2001-02
Sam Mitchell,2002-03-17,Minnesota Timberwolves,Utah Jazz,1,11.52,3.0,6.0,0.5,0.0,0.0,,0.0,0.0,,0.0,3.0,3.0,0.0,1.0,1.0,1.0,1.0,6.0,-8.0,https://www.basketball-reference.com/boxscores/200203170MIN.html,2001-02
Sam Mitchell,2002-03-19,Minnesota Timberwolves,Toronto Raptors,1,9.08,2.0,2.0,1.0,1.0,1.0,1.0,0.0,0.0,,0.0,1.0,1.0,1.0,0.0,0.0,0.0,0.0,5.0,1.0,https://www.basketball-reference.com/boxscores/200203190MIN.html,2001-02
Sam Mitchell,2002-03-21,Minnesota Timberwolves,Memphis Grizzlies,0,3.51,0.0,0.0,,0.0,0.0,,0.0,0.0,,0.0,0.0,0.0,0.0,0.0,0.0,1.0,0.0,0.0,-6.0,https://www.basketball-reference.com/boxscores/200203210MEM.html,2001-02
Sam Mitchell,2002-03-23,Minnesota Timberwolves,Portland Trail Blazers,1,0.55,0.0,0.0,,0.0,0.0,,0.0,0.0,,0.0,0.0,0.0,0.0,0.0,1.0,0.0,0.0,0.0,-1.0,https://www.basketball-reference.com/boxscores/200203230MIN.html,2001-02
Sam Mitchell,2002-03-26,Minnesota Timberwolves,Golden State Warriors,1,3.59,0.0,4.0,0.0,0.0,0.0,,0.0,0.0,,1.0,0.0,1.0,1.0,0.0,0.0,0.0,0.0,0.0,1.0,https://www.basketball-reference.com/boxscores/200203260MIN.html,2001-02
Sam Mitchell,2002-03-28,Minnesota Timberwolves,Dallas Mavericks,1,29.53,4.0,9.0,0.444,0.0,0.0,,0.0,0.0,,0.0,2.0,2.0,2.0,0.0,0.0,0.0,4.0,8.0,13.0,https://www.basketball-reference.com/boxscores/200203280MIN.html,2001-02
Sam Mitchell,2002-03-29,Minnesota Timberwolves,New York Knicks,0,14.28,2.0,4.0,0.5,0.0,0.0,,1.0,3.0,0.333,1.0,1.0,2.0,1.0,0.0,1.0,0.0,0.0,5.0,13.0,https://www.basketball-reference.com/boxscores/200203290NYK.html,2001-02
Sam Mitchell,2002-03-31,Minnesota Timberwolves,New Jersey Nets,1,31.04,4.0,8.0,0.5,0.0,1.0,0.0,1.0,2.0,0.5,0.0,3.0,3.0,1.0,0.0,0.0,1.0,3.0,9.0,-1.0,https://www.basketball-reference.com/boxscores/200203310MIN.html,2001-02
