Player,Date,Team,Against,Home,MP,FG,FGA,FG%,3P,3PA,3P%,FT,FTA,FT%,ORB,DRB,TRB,AST,STL,BLK,TOV,PF,PTS,+/-,GameLink,season
Scott Williams,2002-12-04,Phoenix Suns,Memphis Grizzlies,1,20.55,4.0,5.0,0.8,0.0,0.0,,1.0,2.0,0.5,0.0,2.0,2.0,0.0,0.0,1.0,1.0,4.0,9.0,13.0,https://www.basketball-reference.com/boxscores/200212040PHO.html,2002-03
Scott Williams,2002-12-06,Phoenix Suns,Indiana Pacers,1,11.18,3.0,9.0,0.333,0.0,0.0,,0.0,0.0,,5.0,2.0,7.0,0.0,0.0,0.0,1.0,1.0,6.0,-2.0,https://www.basketball-reference.com/boxscores/200212060PHO.html,2002-03
Scott Williams,2002-12-08,Phoenix Suns,Memphis Grizzlies,0,3.22,0.0,1.0,0.0,0.0,0.0,,0.0,0.0,,0.0,0.0,0.0,0.0,0.0,0.0,1.0,1.0,0.0,-7.0,https://www.basketball-reference.com/boxscores/200212080MEM.html,2002-03
Scott Williams,2002-12-09,Phoenix Suns,New Jersey Nets,0,,,,,,,,,,,,,,,,,,,,,https://www.basketball-reference.com/boxscores/200212090NJN.html,2002-03
Scott Williams,2002-12-11,Phoenix Suns,Boston Celtics,0,3.37,0.0,2.0,0.0,0.0,0.0,,0.0,0.0,,0.0,0.0,0.0,0.0,0.0,0.0,0.0,2.0,0.0,-4.0,https://www.basketball-reference.com/boxscores/200212110BOS.html,2002-03
Scott Williams,2002-12-13,Phoenix Suns,Philadelphia 76ers,0,20.57,3.0,7.0,0.429,0.0,0.0,,0.0,0.0,,2.0,4.0,6.0,2.0,0.0,0.0,0.0,4.0,6.0,5.0,https://www.basketball-reference.com/boxscores/200212130PHI.html,2002-03
Scott Williams,2002-12-14,Phoenix Suns,Atlanta Hawks,0,8.55,0.0,3.0,0.0,0.0,0.0,,0.0,0.0,,0.0,1.0,1.0,1.0,0.0,1.0,0.0,1.0,0.0,0.0,https://www.basketball-reference.com/boxscores/200212140ATL.html,2002-03
Scott Williams,2002-12-16,Phoenix Suns,Orlando Magic,1,,,,,,,,,,,,,,,,,,,,,https://www.basketball-reference.com/boxscores/200212160PHO.html,2002-03
Scott Williams,2002-12-17,Phoenix Suns,Sacramento Kings,0,11.08,3.0,8.0,0.375,0.0,0.0,,0.0,0.0,,3.0,3.0,6.0,0.0,1.0,0.0,0.0,2.0,6.0,-5.0,https://www.basketball-reference.com/boxscores/200212170SAC.html,2002-03
Scott Williams,2002-12-20,Phoenix Suns,Los Angeles Clippers,0,12.15,2.0,5.0,0.4,0.0,0.0,,4.0,4.0,1.0,2.0,2.0,4.0,1.0,0.0,0.0,0.0,0.0,8.0,9.0,https://www.basketball-reference.com/boxscores/200212200LAC.html,2002-03
Scott Williams,2002-12-21,Phoenix Suns,Sacramento Kings,1,14.04,2.0,5.0,0.4,0.0,0.0,,0.0,0.0,,2.0,2.0,4.0,2.0,0.0,0.0,1.0,5.0,4.0,0.0,https://www.basketball-reference.com/boxscores/200212210PHO.html,2002-03
Scott Williams,2002-12-23,Phoenix Suns,Seattle SuperSonics,1,1.51,0.0,0.0,,0.0,0.0,,0.0,0.0,,0.0,0.0,0.0,0.0,0.0,0.0,0.0,1.0,0.0,-7.0,https://www.basketball-reference.com/boxscores/200212230PHO.html,2002-03
Scott Williams,2002-12-27,Phoenix Suns,Los Angeles Clippers,1,6.29,0.0,1.0,0.0,0.0,0.0,,0.0,0.0,,0.0,3.0,3.0,1.0,0.0,0.0,1.0,0.0,0.0,3.0,https://www.basketball-reference.com/boxscores/200212270PHO.html,2002-03
Scott Williams,2002-12-29,Phoenix Suns,Cleveland Cavaliers,0,18.04,5.0,15.0,0.333,0.0,0.0,,0.0,0.0,,1.0,1.0,2.0,0.0,3.0,1.0,1.0,4.0,10.0,0.0,https://www.basketball-reference.com/boxscores/200212290CLE.html,2002-03
Scott Williams,2002-12-30,Phoenix Suns,Minnesota Timberwolves,0,6.07,0.0,0.0,,0.0,0.0,,0.0,0.0,,0.0,0.0,0.0,0.0,1.0,0.0,0.0,2.0,0.0,-4.0,https://www.basketball-reference.com/boxscores/200212300MIN.html,2002-03
Scott Williams,2003-01-02,Phoenix Suns,Philadelphia 76ers,1,14.58,3.0,8.0,0.375,0.0,0.0,,0.0,0.0,,4.0,3.0,7.0,0.0,0.0,0.0,1.0,1.0,6.0,9.0,https://www.basketball-reference.com/boxscores/200301020PHO.html,2002-03
Scott Williams,2003-01-04,Phoenix Suns,Los Angeles Lakers,1,18.08,3.0,6.0,0.5,0.0,0.0,,0.0,0.0,,1.0,7.0,8.0,0.0,1.0,1.0,1.0,2.0,6.0,-9.0,https://www.basketball-reference.com/boxscores/200301040PHO.html,2002-03
Scott Williams,2003-01-05,Phoenix Suns,Los Angeles Lakers,0,24.22,3.0,9.0,0.333,0.0,0.0,,0.0,0.0,,3.0,1.0,4.0,1.0,0.0,0.0,0.0,4.0,6.0,2.0,https://www.basketball-reference.com/boxscores/200301050LAL.html,2002-03
Scott Williams,2003-01-07,Phoenix Suns,Portland Trail Blazers,0,0.54,0.0,0.0,,0.0,0.0,,0.0,0.0,,0.0,0.0,0.0,0.0,0.0,0.0,0.0,0.0,0.0,-2.0,https://www.basketball-reference.com/boxscores/200301070POR.html,2002-03
Scott Williams,2003-01-08,Phoenix Suns,Utah Jazz,0,28.35,5.0,7.0,0.7140000000000001,0.0,0.0,,0.0,1.0,0.0,0.0,6.0,6.0,1.0,0.0,0.0,0.0,6.0,10.0,5.0,https://www.basketball-reference.com/boxscores/200301080UTA.html,2002-03
Scott Williams,2003-01-10,Phoenix Suns,Memphis Grizzlies,1,24.24,5.0,6.0,0.833,0.0,0.0,,0.0,0.0,,6.0,2.0,8.0,0.0,0.0,1.0,1.0,4.0,10.0,10.0,https://www.basketball-reference.com/boxscores/200301100PHO.html,2002-03
Scott Williams,2003-01-12,Phoenix Suns,Utah Jazz,1,22.07,1.0,4.0,0.25,0.0,0.0,,0.0,0.0,,0.0,5.0,5.0,1.0,1.0,0.0,3.0,6.0,2.0,7.0,https://www.basketball-reference.com/boxscores/200301120PHO.html,2002-03
Scott Williams,2003-01-14,San Antonio Spurs,Phoenix Suns,1,24.47,2.0,8.0,0.25,0.0,0.0,,0.0,0.0,,3.0,2.0,5.0,0.0,0.0,0.0,0.0,5.0,4.0,-3.0,https://www.basketball-reference.com/boxscores/200301140SAS.html,2002-03
Scott Williams,2003-01-15,Phoenix Suns,Houston Rockets,0,13.49,1.0,4.0,0.25,0.0,0.0,,0.0,0.0,,2.0,2.0,4.0,0.0,0.0,0.0,0.0,3.0,2.0,-13.0,https://www.basketball-reference.com/boxscores/200301150HOU.html,2002-03
Scott Williams,2003-01-17,Phoenix Suns,Dallas Mavericks,1,5.14,0.0,0.0,,0.0,0.0,,0.0,0.0,,0.0,0.0,0.0,0.0,0.0,0.0,1.0,2.0,0.0,4.0,https://www.basketball-reference.com/boxscores/200301170PHO.html,2002-03
Scott Williams,2003-01-20,Phoenix Suns,New Orleans Hornets,0,13.0,2.0,5.0,0.4,0.0,0.0,,0.0,0.0,,1.0,0.0,1.0,0.0,0.0,0.0,0.0,4.0,4.0,1.0,https://www.basketball-reference.com/boxscores/200301200NOH.html,2002-03
Scott Williams,2003-01-22,Phoenix Suns,Miami Heat,0,6.55,2.0,2.0,1.0,0.0,0.0,,0.0,0.0,,1.0,1.0,2.0,0.0,0.0,1.0,0.0,3.0,4.0,-1.0,https://www.basketball-reference.com/boxscores/200301220MIA.html,2002-03
Scott Williams,2003-01-24,Phoenix Suns,Orlando Magic,0,1.3,1.0,3.0,0.333,0.0,1.0,0.0,0.0,0.0,,1.0,0.0,1.0,0.0,0.0,0.0,0.0,0.0,2.0,0.0,https://www.basketball-reference.com/boxscores/200301240ORL.html,2002-03
Scott Williams,2003-01-26,Phoenix Suns,New York Knicks,0,18.37,6.0,9.0,0.667,0.0,0.0,,2.0,2.0,1.0,2.0,5.0,7.0,1.0,1.0,0.0,1.0,1.0,14.0,-24.0,https://www.basketball-reference.com/boxscores/200301260NYK.html,2002-03
Scott Williams,2003-01-27,Phoenix Suns,Washington Wizards,0,14.53,4.0,7.0,0.5710000000000001,0.0,0.0,,1.0,1.0,1.0,2.0,3.0,5.0,0.0,0.0,0.0,0.0,4.0,9.0,6.0,https://www.basketball-reference.com/boxscores/200301270WAS.html,2002-03
Scott Williams,2003-01-29,Phoenix Suns,Los Angeles Lakers,1,30.02,4.0,6.0,0.667,0.0,0.0,,2.0,2.0,1.0,1.0,5.0,6.0,1.0,1.0,0.0,0.0,5.0,10.0,-13.0,https://www.basketball-reference.com/boxscores/200301290PHO.html,2002-03
Scott Williams,2003-01-31,Phoenix Suns,Los Angeles Clippers,0,6.13,3.0,4.0,0.75,0.0,0.0,,0.0,0.0,,0.0,1.0,1.0,0.0,0.0,0.0,0.0,1.0,6.0,4.0,https://www.basketball-reference.com/boxscores/200301310LAC.html,2002-03
Scott Williams,2003-02-01,Phoenix Suns,Golden State Warriors,1,9.1,2.0,4.0,0.5,0.0,0.0,,0.0,0.0,,0.0,0.0,0.0,0.0,0.0,1.0,0.0,0.0,4.0,2.0,https://www.basketball-reference.com/boxscores/200302010PHO.html,2002-03
Scott Williams,2003-02-11,Phoenix Suns,Los Angeles Clippers,1,12.24,2.0,6.0,0.333,0.0,1.0,0.0,0.0,0.0,,0.0,1.0,1.0,0.0,1.0,0.0,0.0,4.0,4.0,-9.0,https://www.basketball-reference.com/boxscores/200302110PHO.html,2002-03
Scott Williams,2003-02-14,Phoenix Suns,New York Knicks,1,10.57,2.0,2.0,1.0,0.0,0.0,,0.0,0.0,,0.0,2.0,2.0,0.0,0.0,0.0,1.0,3.0,4.0,-12.0,https://www.basketball-reference.com/boxscores/200302140PHO.html,2002-03
Scott Williams,2003-02-16,Phoenix Suns,Boston Celtics,1,,,,,,,,,,,,,,,,,,,,,https://www.basketball-reference.com/boxscores/200302160PHO.html,2002-03
Scott Williams,2003-02-19,Phoenix Suns,Houston Rockets,1,16.1,1.0,7.0,0.14300000000000002,0.0,0.0,,0.0,0.0,,2.0,0.0,2.0,0.0,0.0,0.0,1.0,3.0,2.0,-9.0,https://www.basketball-reference.com/boxscores/200302190PHO.html,2002-03
Scott Williams,2003-02-21,Phoenix Suns,Toronto Raptors,0,2.22,0.0,1.0,0.0,0.0,0.0,,0.0,0.0,,0.0,1.0,1.0,0.0,0.0,0.0,1.0,2.0,0.0,-6.0,https://www.basketball-reference.com/boxscores/200302210TOR.html,2002-03
Scott Williams,2003-02-23,Phoenix Suns,Minnesota Timberwolves,0,,,,,,,,,,,,,,,,,,,,,https://www.basketball-reference.com/boxscores/200302230MIN.html,2002-03
Scott Williams,2003-02-24,Phoenix Suns,Chicago Bulls,0,5.38,1.0,2.0,0.5,0.0,0.0,,0.0,0.0,,0.0,0.0,0.0,1.0,0.0,0.0,0.0,2.0,2.0,7.0,https://www.basketball-reference.com/boxscores/200302240CHI.html,2002-03
Scott Williams,2003-02-26,Phoenix Suns,Milwaukee Bucks,0,14.15,2.0,4.0,0.5,0.0,0.0,,2.0,2.0,1.0,1.0,0.0,1.0,0.0,1.0,0.0,1.0,1.0,6.0,-1.0,https://www.basketball-reference.com/boxscores/200302260MIL.html,2002-03
Scott Williams,2003-03-01,Phoenix Suns,New Orleans Hornets,1,9.28,0.0,1.0,0.0,0.0,0.0,,0.0,0.0,,0.0,2.0,2.0,0.0,0.0,1.0,0.0,1.0,0.0,3.0,https://www.basketball-reference.com/boxscores/200303010PHO.html,2002-03
Scott Williams,2003-03-04,Phoenix Suns,San Antonio Spurs,0,27.43,5.0,8.0,0.625,0.0,0.0,,3.0,4.0,0.75,1.0,3.0,4.0,2.0,2.0,1.0,2.0,4.0,13.0,11.0,https://www.basketball-reference.com/boxscores/200303040SAS.html,2002-03
Scott Williams,2003-03-05,Phoenix Suns,Portland Trail Blazers,1,21.08,4.0,7.0,0.5710000000000001,0.0,0.0,,0.0,0.0,,1.0,0.0,1.0,1.0,2.0,0.0,0.0,4.0,8.0,8.0,https://www.basketball-reference.com/boxscores/200303050PHO.html,2002-03
Scott Williams,2003-03-09,Phoenix Suns,Minnesota Timberwolves,1,21.16,1.0,5.0,0.2,0.0,0.0,,2.0,2.0,1.0,1.0,5.0,6.0,0.0,2.0,0.0,1.0,2.0,4.0,1.0,https://www.basketball-reference.com/boxscores/200303090PHO.html,2002-03
Scott Williams,2003-03-11,Phoenix Suns,Golden State Warriors,0,18.49,2.0,6.0,0.333,0.0,0.0,,0.0,0.0,,2.0,2.0,4.0,1.0,1.0,0.0,1.0,2.0,4.0,-18.0,https://www.basketball-reference.com/boxscores/200303110GSW.html,2002-03
Scott Williams,2003-03-13,Phoenix Suns,Sacramento Kings,1,,,,,,,,,,,,,,,,,,,,,https://www.basketball-reference.com/boxscores/200303130PHO.html,2002-03
Scott Williams,2003-03-16,Phoenix Suns,Houston Rockets,0,0.47,0.0,0.0,,0.0,0.0,,0.0,0.0,,0.0,0.0,0.0,0.0,0.0,0.0,0.0,0.0,0.0,-4.0,https://www.basketball-reference.com/boxscores/200303160HOU.html,2002-03
Scott Williams,2003-03-19,Phoenix Suns,Utah Jazz,1,1.49,0.0,0.0,,0.0,0.0,,0.0,0.0,,0.0,0.0,0.0,0.0,0.0,0.0,0.0,2.0,0.0,-6.0,https://www.basketball-reference.com/boxscores/200303190PHO.html,2002-03
Scott Williams,2003-03-21,Phoenix Suns,Washington Wizards,1,14.27,3.0,4.0,0.75,0.0,0.0,,0.0,0.0,,1.0,1.0,2.0,0.0,0.0,0.0,0.0,0.0,6.0,-2.0,https://www.basketball-reference.com/boxscores/200303210PHO.html,2002-03
Scott Williams,2003-03-22,Phoenix Suns,Dallas Mavericks,0,2.06,0.0,0.0,,0.0,0.0,,0.0,0.0,,0.0,0.0,0.0,0.0,0.0,0.0,0.0,0.0,0.0,0.0,https://www.basketball-reference.com/boxscores/200303220DAL.html,2002-03
Scott Williams,2003-03-24,Phoenix Suns,Seattle SuperSonics,1,,,,,,,,,,,,,,,,,,,,,https://www.basketball-reference.com/boxscores/200303240PHO.html,2002-03
Scott Williams,2003-03-26,Phoenix Suns,Memphis Grizzlies,0,15.55,0.0,4.0,0.0,0.0,0.0,,0.0,0.0,,2.0,5.0,7.0,0.0,0.0,0.0,1.0,3.0,0.0,7.0,https://www.basketball-reference.com/boxscores/200303260MEM.html,2002-03
Scott Williams,2003-03-28,Phoenix Suns,Detroit Pistons,0,14.08,2.0,4.0,0.5,0.0,0.0,,2.0,2.0,1.0,0.0,1.0,1.0,0.0,1.0,1.0,0.0,1.0,6.0,-9.0,https://www.basketball-reference.com/boxscores/200303280DET.html,2002-03
Scott Williams,2003-03-30,Phoenix Suns,Indiana Pacers,0,7.54,0.0,3.0,0.0,0.0,0.0,,0.0,0.0,,0.0,2.0,2.0,0.0,1.0,1.0,0.0,1.0,0.0,-8.0,https://www.basketball-reference.com/boxscores/200303300IND.html,2002-03
Scott Williams,2000-12-02,Milwaukee Bucks,Atlanta Hawks,0,5.44,0.0,1.0,0.0,0.0,0.0,,0.0,0.0,,1.0,3.0,4.0,0.0,0.0,0.0,1.0,2.0,0.0,4.0,https://www.basketball-reference.com/boxscores/200012020ATL.html,2000-01
Scott Williams,2000-12-03,Milwaukee Bucks,Indiana Pacers,1,,,,,,,,,,,,,,,,,,,,,https://www.basketball-reference.com/boxscores/200012030MIL.html,2000-01
Scott Williams,2000-12-06,Milwaukee Bucks,New Jersey Nets,0,17.57,2.0,5.0,0.4,1.0,1.0,1.0,1.0,2.0,0.5,3.0,4.0,7.0,2.0,2.0,0.0,0.0,4.0,6.0,20.0,https://www.basketball-reference.com/boxscores/200012060NJN.html,2000-01
Scott Williams,2000-12-07,Milwaukee Bucks,Phoenix Suns,1,13.31,3.0,3.0,1.0,0.0,0.0,,0.0,0.0,,0.0,3.0,3.0,0.0,1.0,0.0,0.0,1.0,6.0,9.0,https://www.basketball-reference.com/boxscores/200012070MIL.html,2000-01
Scott Williams,2000-12-09,Milwaukee Bucks,Washington Wizards,1,21.39,3.0,8.0,0.375,0.0,0.0,,5.0,6.0,0.833,2.0,3.0,5.0,1.0,1.0,0.0,1.0,5.0,11.0,10.0,https://www.basketball-reference.com/boxscores/200012090MIL.html,2000-01
Scott Williams,2000-12-12,Milwaukee Bucks,Los Angeles Lakers,0,5.47,0.0,2.0,0.0,0.0,0.0,,0.0,0.0,,1.0,0.0,1.0,1.0,1.0,0.0,0.0,0.0,0.0,-3.0,https://www.basketball-reference.com/boxscores/200012120LAL.html,2000-01
Scott Williams,2000-12-13,Milwaukee Bucks,Utah Jazz,0,22.31,1.0,3.0,0.333,0.0,0.0,,0.0,0.0,,2.0,4.0,6.0,1.0,0.0,0.0,1.0,3.0,2.0,17.0,https://www.basketball-reference.com/boxscores/200012130UTA.html,2000-01
Scott Williams,2000-12-15,Milwaukee Bucks,Toronto Raptors,1,11.5,1.0,4.0,0.25,0.0,0.0,,2.0,2.0,1.0,2.0,2.0,4.0,0.0,0.0,0.0,1.0,2.0,4.0,8.0,https://www.basketball-reference.com/boxscores/200012150MIL.html,2000-01
Scott Williams,2000-12-17,New York Knicks,Milwaukee Bucks,1,7.06,1.0,4.0,0.25,0.0,0.0,,0.0,0.0,,1.0,1.0,2.0,0.0,0.0,0.0,0.0,1.0,2.0,-8.0,https://www.basketball-reference.com/boxscores/200012170NYK.html,2000-01
Scott Williams,2000-12-21,Milwaukee Bucks,New Jersey Nets,1,13.4,1.0,3.0,0.333,0.0,0.0,,0.0,0.0,,1.0,1.0,2.0,0.0,2.0,1.0,0.0,1.0,2.0,-11.0,https://www.basketball-reference.com/boxscores/200012210MIL.html,2000-01
Scott Williams,2000-12-23,Milwaukee Bucks,Boston Celtics,1,18.51,1.0,2.0,0.5,0.0,0.0,,6.0,6.0,1.0,0.0,6.0,6.0,0.0,0.0,1.0,0.0,2.0,8.0,4.0,https://www.basketball-reference.com/boxscores/200012230MIL.html,2000-01
Scott Williams,2000-12-26,Milwaukee Bucks,Orlando Magic,1,15.28,4.0,6.0,0.667,0.0,0.0,,0.0,0.0,,2.0,1.0,3.0,0.0,1.0,0.0,1.0,0.0,8.0,11.0,https://www.basketball-reference.com/boxscores/200012260MIL.html,2000-01
Scott Williams,2000-12-28,Milwaukee Bucks,Cleveland Cavaliers,0,22.11,6.0,10.0,0.6,0.0,0.0,,0.0,0.0,,2.0,6.0,8.0,0.0,1.0,0.0,0.0,4.0,12.0,3.0,https://www.basketball-reference.com/boxscores/200012280CLE.html,2000-01
Scott Williams,2000-12-30,Milwaukee Bucks,Denver Nuggets,0,12.46,1.0,2.0,0.5,0.0,0.0,,1.0,2.0,0.5,0.0,5.0,5.0,0.0,1.0,0.0,0.0,6.0,3.0,-2.0,https://www.basketball-reference.com/boxscores/200012300DEN.html,2000-01
Scott Williams,2001-01-02,Milwaukee Bucks,Chicago Bulls,0,28.28,4.0,7.0,0.5710000000000001,0.0,0.0,,3.0,4.0,0.75,1.0,10.0,11.0,1.0,0.0,1.0,3.0,2.0,11.0,30.0,https://www.basketball-reference.com/boxscores/200101020CHI.html,2000-01
Scott Williams,2001-01-03,Milwaukee Bucks,Cleveland Cavaliers,1,24.05,4.0,7.0,0.5710000000000001,0.0,1.0,0.0,0.0,0.0,,3.0,3.0,6.0,0.0,0.0,1.0,2.0,2.0,8.0,13.0,https://www.basketball-reference.com/boxscores/200101030MIL.html,2000-01
Scott Williams,2001-01-05,Milwaukee Bucks,Portland Trail Blazers,0,11.54,2.0,5.0,0.4,0.0,0.0,,0.0,0.0,,1.0,2.0,3.0,0.0,0.0,1.0,0.0,0.0,4.0,-10.0,https://www.basketball-reference.com/boxscores/200101050POR.html,2000-01
Scott Williams,2001-01-07,Milwaukee Bucks,Vancouver Grizzlies,0,18.38,5.0,6.0,0.833,0.0,0.0,,0.0,0.0,,1.0,3.0,4.0,2.0,3.0,0.0,1.0,4.0,10.0,5.0,https://www.basketball-reference.com/boxscores/200101070VAN.html,2000-01
Scott Williams,2001-01-09,Milwaukee Bucks,Washington Wizards,1,19.4,5.0,10.0,0.5,0.0,0.0,,0.0,0.0,,2.0,7.0,9.0,1.0,1.0,0.0,1.0,2.0,10.0,1.0,https://www.basketball-reference.com/boxscores/200101090MIL.html,2000-01
Scott Williams,2001-01-11,Milwaukee Bucks,Dallas Mavericks,1,24.12,1.0,4.0,0.25,0.0,0.0,,2.0,2.0,1.0,2.0,4.0,6.0,0.0,0.0,0.0,0.0,4.0,4.0,3.0,https://www.basketball-reference.com/boxscores/200101110MIL.html,2000-01
Scott Williams,2001-01-13,Milwaukee Bucks,New Jersey Nets,1,21.41,4.0,7.0,0.5710000000000001,0.0,0.0,,4.0,4.0,1.0,2.0,5.0,7.0,0.0,0.0,0.0,0.0,2.0,12.0,16.0,https://www.basketball-reference.com/boxscores/200101130MIL.html,2000-01
Scott Williams,2001-01-15,Milwaukee Bucks,Washington Wizards,0,24.14,3.0,4.0,0.75,0.0,0.0,,0.0,0.0,,4.0,3.0,7.0,0.0,1.0,2.0,1.0,2.0,6.0,11.0,https://www.basketball-reference.com/boxscores/200101150WAS.html,2000-01
Scott Williams,2001-01-16,Milwaukee Bucks,Los Angeles Clippers,1,21.45,2.0,3.0,0.667,0.0,0.0,,2.0,2.0,1.0,0.0,4.0,4.0,0.0,1.0,0.0,1.0,4.0,6.0,13.0,https://www.basketball-reference.com/boxscores/200101160MIL.html,2000-01
Scott Williams,2001-01-19,Milwaukee Bucks,Charlotte Hornets,0,19.19,0.0,4.0,0.0,0.0,0.0,,4.0,4.0,1.0,2.0,1.0,3.0,0.0,0.0,0.0,0.0,4.0,4.0,-3.0,https://www.basketball-reference.com/boxscores/200101190CHH.html,2000-01
Scott Williams,2001-01-21,Milwaukee Bucks,Detroit Pistons,0,22.41,3.0,10.0,0.3,0.0,0.0,,0.0,0.0,,4.0,4.0,8.0,0.0,1.0,1.0,1.0,3.0,6.0,0.0,https://www.basketball-reference.com/boxscores/200101210DET.html,2000-01
Scott Williams,2001-01-23,Milwaukee Bucks,New York Knicks,1,23.42,4.0,5.0,0.8,0.0,1.0,0.0,1.0,1.0,1.0,0.0,6.0,6.0,1.0,0.0,0.0,0.0,4.0,9.0,7.0,https://www.basketball-reference.com/boxscores/200101230MIL.html,2000-01
Scott Williams,2001-01-27,Milwaukee Bucks,Detroit Pistons,1,22.06,4.0,5.0,0.8,0.0,0.0,,2.0,2.0,1.0,1.0,7.0,8.0,1.0,0.0,1.0,0.0,2.0,10.0,0.0,https://www.basketball-reference.com/boxscores/200101270MIL.html,2000-01
Scott Williams,2001-01-29,Milwaukee Bucks,Minnesota Timberwolves,0,18.38,3.0,3.0,1.0,0.0,0.0,,0.0,0.0,,0.0,5.0,5.0,0.0,0.0,0.0,2.0,5.0,6.0,3.0,https://www.basketball-reference.com/boxscores/200101290MIN.html,2000-01
Scott Williams,2001-01-31,Milwaukee Bucks,Denver Nuggets,1,25.14,2.0,7.0,0.28600000000000003,0.0,0.0,,0.0,0.0,,1.0,4.0,5.0,0.0,2.0,1.0,0.0,5.0,4.0,2.0,https://www.basketball-reference.com/boxscores/200101310MIL.html,2000-01
Scott Williams,2001-02-03,Milwaukee Bucks,Indiana Pacers,1,21.07,3.0,6.0,0.5,0.0,0.0,,0.0,0.0,,3.0,6.0,9.0,0.0,0.0,0.0,0.0,2.0,6.0,33.0,https://www.basketball-reference.com/boxscores/200102030MIL.html,2000-01
Scott Williams,2001-02-06,Milwaukee Bucks,Sacramento Kings,1,37.04,5.0,11.0,0.455,0.0,0.0,,3.0,4.0,0.75,2.0,6.0,8.0,0.0,0.0,2.0,1.0,3.0,13.0,22.0,https://www.basketball-reference.com/boxscores/200102060MIL.html,2000-01
Scott Williams,2001-02-07,Milwaukee Bucks,Boston Celtics,0,25.49,1.0,11.0,0.091,0.0,1.0,0.0,0.0,0.0,,4.0,6.0,10.0,1.0,0.0,1.0,1.0,5.0,2.0,6.0,https://www.basketball-reference.com/boxscores/200102070BOS.html,2000-01
Scott Williams,2001-02-13,Milwaukee Bucks,Philadelphia 76ers,1,28.32,3.0,6.0,0.5,0.0,0.0,,1.0,2.0,0.5,1.0,8.0,9.0,0.0,2.0,2.0,1.0,3.0,7.0,4.0,https://www.basketball-reference.com/boxscores/200102130MIL.html,2000-01
Scott Williams,2001-02-14,Milwaukee Bucks,Atlanta Hawks,0,30.01,5.0,12.0,0.417,0.0,0.0,,0.0,0.0,,1.0,6.0,7.0,1.0,1.0,0.0,1.0,3.0,10.0,-4.0,https://www.basketball-reference.com/boxscores/200102140ATL.html,2000-01
Scott Williams,2001-02-17,Milwaukee Bucks,Charlotte Hornets,1,20.0,4.0,8.0,0.5,0.0,0.0,,0.0,0.0,,2.0,3.0,5.0,1.0,0.0,0.0,0.0,2.0,8.0,-3.0,https://www.basketball-reference.com/boxscores/200102170MIL.html,2000-01
Scott Williams,2001-02-19,Milwaukee Bucks,San Antonio Spurs,1,14.03,1.0,3.0,0.333,0.0,0.0,,0.0,0.0,,0.0,4.0,4.0,0.0,1.0,0.0,1.0,2.0,2.0,-10.0,https://www.basketball-reference.com/boxscores/200102190MIL.html,2000-01
Scott Williams,2001-02-20,Milwaukee Bucks,Chicago Bulls,0,30.46,2.0,7.0,0.28600000000000003,0.0,0.0,,0.0,0.0,,0.0,5.0,5.0,2.0,2.0,2.0,1.0,5.0,4.0,5.0,https://www.basketball-reference.com/boxscores/200102200CHI.html,2000-01
Scott Williams,2001-02-23,Milwaukee Bucks,Vancouver Grizzlies,1,29.12,2.0,7.0,0.28600000000000003,0.0,0.0,,1.0,2.0,0.5,5.0,6.0,11.0,1.0,1.0,1.0,3.0,1.0,5.0,1.0,https://www.basketball-reference.com/boxscores/200102230MIL.html,2000-01
Scott Williams,2001-02-25,Milwaukee Bucks,Golden State Warriors,1,,,,,,,,,,,,,,,,,,,,,https://www.basketball-reference.com/boxscores/200102250MIL.html,2000-01
Scott Williams,2001-02-26,Milwaukee Bucks,Philadelphia 76ers,0,18.48,1.0,5.0,0.2,0.0,0.0,,0.0,0.0,,0.0,6.0,6.0,2.0,3.0,0.0,1.0,4.0,2.0,-4.0,https://www.basketball-reference.com/boxscores/200102260PHI.html,2000-01
Scott Williams,2001-02-28,Milwaukee Bucks,Indiana Pacers,0,30.09,4.0,8.0,0.5,0.0,0.0,,0.0,0.0,,2.0,6.0,8.0,0.0,0.0,1.0,1.0,2.0,8.0,-15.0,https://www.basketball-reference.com/boxscores/200102280IND.html,2000-01
Scott Williams,2001-03-01,Milwaukee Bucks,Houston Rockets,1,19.04,2.0,7.0,0.28600000000000003,0.0,0.0,,2.0,2.0,1.0,1.0,6.0,7.0,1.0,1.0,0.0,1.0,2.0,6.0,-6.0,https://www.basketball-reference.com/boxscores/200103010MIL.html,2000-01
Scott Williams,2001-03-05,Milwaukee Bucks,New Jersey Nets,0,20.33,4.0,7.0,0.5710000000000001,0.0,0.0,,3.0,3.0,1.0,3.0,4.0,7.0,0.0,2.0,0.0,0.0,4.0,11.0,18.0,https://www.basketball-reference.com/boxscores/200103050NJN.html,2000-01
Scott Williams,2001-03-07,Milwaukee Bucks,Boston Celtics,0,11.46,1.0,2.0,0.5,0.0,0.0,,0.0,0.0,,0.0,4.0,4.0,0.0,0.0,0.0,0.0,3.0,2.0,10.0,https://www.basketball-reference.com/boxscores/200103070BOS.html,2000-01
Scott Williams,2001-03-10,Milwaukee Bucks,Charlotte Hornets,0,11.39,2.0,2.0,1.0,0.0,0.0,,0.0,0.0,,0.0,0.0,0.0,0.0,1.0,0.0,0.0,5.0,4.0,1.0,https://www.basketball-reference.com/boxscores/200103100CHH.html,2000-01
Scott Williams,2001-03-11,Milwaukee Bucks,Cleveland Cavaliers,0,13.55,1.0,3.0,0.333,0.0,0.0,,0.0,0.0,,1.0,3.0,4.0,0.0,1.0,0.0,0.0,3.0,2.0,2.0,https://www.basketball-reference.com/boxscores/200103110CLE.html,2000-01
Scott Williams,2001-03-13,Milwaukee Bucks,Toronto Raptors,0,16.15,0.0,1.0,0.0,0.0,0.0,,0.0,0.0,,2.0,2.0,4.0,0.0,0.0,0.0,0.0,3.0,0.0,-5.0,https://www.basketball-reference.com/boxscores/200103130TOR.html,2000-01
Scott Williams,2001-03-15,Milwaukee Bucks,Seattle SuperSonics,1,,,,,,,,,,,,,,,,,,,,,https://www.basketball-reference.com/boxscores/200103150MIL.html,2000-01
Scott Williams,2001-03-17,Milwaukee Bucks,Philadelphia 76ers,1,26.39,3.0,6.0,0.5,0.0,0.0,,0.0,0.0,,1.0,2.0,3.0,0.0,0.0,0.0,1.0,4.0,6.0,12.0,https://www.basketball-reference.com/boxscores/200103170MIL.html,2000-01
Scott Williams,2001-03-18,Milwaukee Bucks,Detroit Pistons,0,,,,,,,,,,,,,,,,,,,,,https://www.basketball-reference.com/boxscores/200103180DET.html,2000-01
Scott Williams,2001-03-21,Milwaukee Bucks,Los Angeles Lakers,1,17.5,3.0,7.0,0.429,0.0,0.0,,3.0,4.0,0.75,1.0,4.0,5.0,0.0,0.0,0.0,0.0,2.0,9.0,19.0,https://www.basketball-reference.com/boxscores/200103210MIL.html,2000-01
Scott Williams,2001-03-23,Milwaukee Bucks,Orlando Magic,1,6.57,0.0,1.0,0.0,0.0,0.0,,0.0,0.0,,0.0,1.0,1.0,1.0,0.0,0.0,1.0,2.0,0.0,3.0,https://www.basketball-reference.com/boxscores/200103230MIL.html,2000-01
Scott Williams,2001-03-25,Milwaukee Bucks,Atlanta Hawks,1,12.16,2.0,2.0,1.0,0.0,0.0,,0.0,0.0,,0.0,2.0,2.0,1.0,1.0,1.0,0.0,1.0,4.0,3.0,https://www.basketball-reference.com/boxscores/200103250MIL.html,2000-01
Scott Williams,2001-03-26,Milwaukee Bucks,Philadelphia 76ers,0,,,,,,,,,,,,,,,,,,,,,https://www.basketball-reference.com/boxscores/200103260PHI.html,2000-01
Scott Williams,2001-03-29,Milwaukee Bucks,Miami Heat,1,,,,,,,,,,,,,,,,,,,,,https://www.basketball-reference.com/boxscores/200103290MIL.html,2000-01
Scott Williams,2001-03-31,Milwaukee Bucks,San Antonio Spurs,0,17.3,3.0,6.0,0.5,0.0,0.0,,0.0,0.0,,3.0,4.0,7.0,0.0,0.0,3.0,0.0,4.0,6.0,-8.0,https://www.basketball-reference.com/boxscores/200103310SAS.html,2000-01
Scott Williams,2003-12-01,Phoenix Suns,Indiana Pacers,1,20.38,6.0,6.0,1.0,0.0,0.0,,1.0,2.0,0.5,2.0,3.0,5.0,0.0,1.0,3.0,1.0,3.0,13.0,8.0,https://www.basketball-reference.com/boxscores/200312010PHO.html,2003-04
Scott Williams,2003-12-03,Phoenix Suns,Minnesota Timberwolves,1,18.53,2.0,8.0,0.25,0.0,0.0,,0.0,0.0,,1.0,4.0,5.0,0.0,0.0,0.0,0.0,2.0,4.0,-16.0,https://www.basketball-reference.com/boxscores/200312030PHO.html,2003-04
Scott Williams,2003-12-05,Phoenix Suns,Boston Celtics,0,,,,,,,,,,,,,,,,,,,,,https://www.basketball-reference.com/boxscores/200312050BOS.html,2003-04
Scott Williams,2003-12-06,Phoenix Suns,New Jersey Nets,0,,,,,,,,,,,,,,,,,,,,,https://www.basketball-reference.com/boxscores/200312060NJN.html,2003-04
Scott Williams,2003-12-08,Phoenix Suns,Orlando Magic,0,19.07,5.0,11.0,0.455,0.0,0.0,,0.0,1.0,0.0,4.0,4.0,8.0,0.0,0.0,1.0,0.0,3.0,10.0,-9.0,https://www.basketball-reference.com/boxscores/200312080ORL.html,2003-04
Scott Williams,2003-12-09,Phoenix Suns,Miami Heat,0,9.35,0.0,1.0,0.0,0.0,0.0,,0.0,0.0,,0.0,2.0,2.0,0.0,0.0,0.0,1.0,3.0,0.0,3.0,https://www.basketball-reference.com/boxscores/200312090MIA.html,2003-04
Scott Williams,2003-12-11,Phoenix Suns,New Orleans Hornets,1,,,,,,,,,,,,,,,,,,,,,https://www.basketball-reference.com/boxscores/200312110PHO.html,2003-04
Scott Williams,2003-12-13,Phoenix Suns,Los Angeles Clippers,0,19.3,2.0,4.0,0.5,0.0,0.0,,2.0,2.0,1.0,2.0,1.0,3.0,0.0,1.0,1.0,0.0,4.0,6.0,0.0,https://www.basketball-reference.com/boxscores/200312130LAC.html,2003-04
Scott Williams,2003-12-14,Phoenix Suns,Sacramento Kings,0,18.3,4.0,7.0,0.5710000000000001,0.0,0.0,,2.0,2.0,1.0,1.0,1.0,2.0,1.0,3.0,0.0,0.0,4.0,10.0,-14.0,https://www.basketball-reference.com/boxscores/200312140SAC.html,2003-04
Scott Williams,2003-12-18,Phoenix Suns,Portland Trail Blazers,0,22.1,7.0,13.0,0.5379999999999999,0.0,0.0,,0.0,0.0,,3.0,6.0,9.0,2.0,1.0,0.0,0.0,2.0,14.0,9.0,https://www.basketball-reference.com/boxscores/200312180POR.html,2003-04
Scott Williams,2003-12-20,Phoenix Suns,Houston Rockets,1,11.13,2.0,4.0,0.5,2.0,2.0,1.0,0.0,0.0,,1.0,1.0,2.0,1.0,0.0,0.0,0.0,1.0,6.0,3.0,https://www.basketball-reference.com/boxscores/200312200PHO.html,2003-04
Scott Williams,2003-12-21,Phoenix Suns,Los Angeles Lakers,0,6.32,0.0,1.0,0.0,0.0,0.0,,0.0,0.0,,1.0,1.0,2.0,0.0,2.0,0.0,0.0,2.0,0.0,-1.0,https://www.basketball-reference.com/boxscores/200312210LAL.html,2003-04
Scott Williams,2003-12-23,Phoenix Suns,Seattle SuperSonics,0,,,,,,,,,,,,,,,,,,,,,https://www.basketball-reference.com/boxscores/200312230SEA.html,2003-04
Scott Williams,2003-12-26,Phoenix Suns,Boston Celtics,1,23.04,3.0,7.0,0.429,0.0,0.0,,1.0,2.0,0.5,1.0,6.0,7.0,0.0,1.0,0.0,0.0,3.0,7.0,3.0,https://www.basketball-reference.com/boxscores/200312260PHO.html,2003-04
Scott Williams,2003-12-28,Phoenix Suns,Philadelphia 76ers,1,,,,,,,,,,,,,,,,,,,,,https://www.basketball-reference.com/boxscores/200312280PHO.html,2003-04
Scott Williams,2003-12-29,Phoenix Suns,Los Angeles Clippers,0,,,,,,,,,,,,,,,,,,,,,https://www.basketball-reference.com/boxscores/200312290LAC.html,2003-04
Scott Williams,2004-01-02,Phoenix Suns,Detroit Pistons,0,,,,,,,,,,,,,,,,,,,,,https://www.basketball-reference.com/boxscores/200401020DET.html,2003-04
Scott Williams,2004-01-04,Phoenix Suns,Toronto Raptors,0,,,,,,,,,,,,,,,,,,,,,https://www.basketball-reference.com/boxscores/200401040TOR.html,2003-04
Scott Williams,2004-01-31,Dallas Mavericks,Denver Nuggets,1,,,,,,,,,,,,,,,,,,,,,https://www.basketball-reference.com/boxscores/200401310DAL.html,2003-04
Scott Williams,2004-02-03,Dallas Mavericks,Golden State Warriors,1,10.38,3.0,7.0,0.429,0.0,0.0,,0.0,0.0,,2.0,1.0,3.0,0.0,0.0,1.0,0.0,4.0,6.0,8.0,https://www.basketball-reference.com/boxscores/200402030DAL.html,2003-04
Scott Williams,2004-02-04,Dallas Mavericks,New Orleans Hornets,0,12.36,0.0,4.0,0.0,0.0,0.0,,0.0,2.0,0.0,1.0,1.0,2.0,1.0,1.0,0.0,1.0,4.0,0.0,8.0,https://www.basketball-reference.com/boxscores/200402040NOH.html,2003-04
Scott Williams,2004-02-07,Dallas Mavericks,Detroit Pistons,1,14.14,1.0,1.0,1.0,0.0,0.0,,0.0,0.0,,1.0,2.0,3.0,1.0,1.0,1.0,1.0,3.0,2.0,5.0,https://www.basketball-reference.com/boxscores/200402070DAL.html,2003-04
Scott Williams,2004-02-09,Dallas Mavericks,Atlanta Hawks,0,8.04,1.0,2.0,0.5,0.0,0.0,,0.0,0.0,,1.0,1.0,2.0,0.0,0.0,0.0,0.0,0.0,2.0,2.0,https://www.basketball-reference.com/boxscores/200402090ATL.html,2003-04
Scott Williams,2004-02-10,Dallas Mavericks,New York Knicks,1,,,,,,,,,,,,,,,,,,,,,https://www.basketball-reference.com/boxscores/200402100DAL.html,2003-04
Scott Williams,2004-02-17,Dallas Mavericks,Memphis Grizzlies,0,,,,,,,,,,,,,,,,,,,,,https://www.basketball-reference.com/boxscores/200402170MEM.html,2003-04
Scott Williams,2004-02-18,Dallas Mavericks,Cleveland Cavaliers,0,21.26,7.0,8.0,0.875,0.0,0.0,,2.0,2.0,1.0,1.0,5.0,6.0,0.0,1.0,1.0,0.0,2.0,16.0,27.0,https://www.basketball-reference.com/boxscores/200402180CLE.html,2003-04
Scott Williams,2004-02-21,Dallas Mavericks,Houston Rockets,1,15.38,1.0,7.0,0.14300000000000002,0.0,0.0,,0.0,0.0,,0.0,4.0,4.0,0.0,0.0,0.0,0.0,1.0,2.0,-11.0,https://www.basketball-reference.com/boxscores/200402210DAL.html,2003-04
Scott Williams,2004-02-24,Dallas Mavericks,Los Angeles Clippers,1,12.0,3.0,4.0,0.75,0.0,0.0,,0.0,0.0,,2.0,2.0,4.0,0.0,0.0,1.0,0.0,1.0,6.0,-1.0,https://www.basketball-reference.com/boxscores/200402240DAL.html,2003-04
Scott Williams,2004-02-26,Dallas Mavericks,San Antonio Spurs,1,14.18,1.0,2.0,0.5,0.0,0.0,,0.0,0.0,,0.0,2.0,2.0,0.0,1.0,1.0,2.0,3.0,2.0,1.0,https://www.basketball-reference.com/boxscores/200402260DAL.html,2003-04
Scott Williams,2004-02-28,Dallas Mavericks,Portland Trail Blazers,1,20.01,5.0,6.0,0.833,0.0,0.0,,1.0,2.0,0.5,0.0,5.0,5.0,2.0,0.0,0.0,0.0,5.0,11.0,5.0,https://www.basketball-reference.com/boxscores/200402280DAL.html,2003-04
Scott Williams,2004-03-02,Dallas Mavericks,Seattle SuperSonics,1,16.23,3.0,5.0,0.6,0.0,0.0,,1.0,2.0,0.5,0.0,5.0,5.0,3.0,0.0,0.0,0.0,4.0,7.0,1.0,https://www.basketball-reference.com/boxscores/200403020DAL.html,2003-04
Scott Williams,2004-03-03,Dallas Mavericks,Minnesota Timberwolves,0,4.31,0.0,1.0,0.0,0.0,0.0,,0.0,0.0,,0.0,1.0,1.0,0.0,0.0,0.0,1.0,1.0,0.0,-5.0,https://www.basketball-reference.com/boxscores/200403030MIN.html,2003-04
Scott Williams,2004-03-05,Dallas Mavericks,San Antonio Spurs,0,9.1,1.0,4.0,0.25,0.0,1.0,0.0,0.0,0.0,,0.0,2.0,2.0,0.0,0.0,0.0,1.0,3.0,2.0,3.0,https://www.basketball-reference.com/boxscores/200403050SAS.html,2003-04
Scott Williams,2004-03-07,Dallas Mavericks,Houston Rockets,0,15.08,3.0,9.0,0.333,0.0,0.0,,2.0,2.0,1.0,2.0,3.0,5.0,0.0,0.0,0.0,0.0,3.0,8.0,-4.0,https://www.basketball-reference.com/boxscores/200403070HOU.html,2003-04
Scott Williams,2004-03-08,Dallas Mavericks,Phoenix Suns,1,8.51,0.0,2.0,0.0,0.0,0.0,,0.0,0.0,,1.0,1.0,2.0,0.0,0.0,0.0,0.0,2.0,0.0,-2.0,https://www.basketball-reference.com/boxscores/200403080DAL.html,2003-04
Scott Williams,2004-03-11,Dallas Mavericks,Sacramento Kings,0,8.06,4.0,6.0,0.667,0.0,0.0,,0.0,0.0,,1.0,0.0,1.0,0.0,0.0,1.0,0.0,1.0,8.0,4.0,https://www.basketball-reference.com/boxscores/200403110SAC.html,2003-04
Scott Williams,2004-03-13,Dallas Mavericks,Phoenix Suns,0,4.12,0.0,2.0,0.0,0.0,0.0,,0.0,0.0,,0.0,3.0,3.0,0.0,0.0,0.0,0.0,1.0,0.0,4.0,https://www.basketball-reference.com/boxscores/200403130PHO.html,2003-04
Scott Williams,2004-03-14,Dallas Mavericks,Los Angeles Clippers,0,4.05,0.0,0.0,,0.0,0.0,,0.0,0.0,,0.0,0.0,0.0,2.0,0.0,0.0,0.0,0.0,0.0,6.0,https://www.basketball-reference.com/boxscores/200403140LAC.html,2003-04
Scott Williams,2004-03-17,Dallas Mavericks,Atlanta Hawks,1,8.29,1.0,1.0,1.0,0.0,0.0,,1.0,2.0,0.5,0.0,0.0,0.0,1.0,0.0,0.0,0.0,1.0,3.0,3.0,https://www.basketball-reference.com/boxscores/200403170DAL.html,2003-04
Scott Williams,2004-03-19,Dallas Mavericks,Boston Celtics,1,3.51,0.0,0.0,,0.0,0.0,,0.0,0.0,,0.0,0.0,0.0,0.0,0.0,1.0,1.0,2.0,0.0,-4.0,https://www.basketball-reference.com/boxscores/200403190DAL.html,2003-04
Scott Williams,2004-03-21,Dallas Mavericks,New Jersey Nets,0,3.2,0.0,1.0,0.0,0.0,0.0,,0.0,2.0,0.0,0.0,0.0,0.0,0.0,0.0,0.0,0.0,0.0,0.0,1.0,https://www.basketball-reference.com/boxscores/200403210NJN.html,2003-04
Scott Williams,2004-03-22,Dallas Mavericks,Philadelphia 76ers,0,,,,,,,,,,,,,,,,,,,,,https://www.basketball-reference.com/boxscores/200403220PHI.html,2003-04
Scott Williams,2004-03-24,Dallas Mavericks,Indiana Pacers,0,13.38,0.0,1.0,0.0,0.0,0.0,,0.0,0.0,,0.0,2.0,2.0,1.0,1.0,0.0,1.0,2.0,0.0,-11.0,https://www.basketball-reference.com/boxscores/200403240IND.html,2003-04
Scott Williams,2004-03-26,Miami Heat,Dallas Mavericks,1,6.39,0.0,0.0,,0.0,0.0,,0.0,0.0,,0.0,0.0,0.0,0.0,0.0,1.0,0.0,3.0,0.0,-8.0,https://www.basketball-reference.com/boxscores/200403260MIA.html,2003-04
Scott Williams,2004-03-28,Dallas Mavericks,Orlando Magic,0,4.51,0.0,2.0,0.0,0.0,0.0,,0.0,0.0,,0.0,1.0,1.0,0.0,0.0,0.0,0.0,1.0,0.0,2.0,https://www.basketball-reference.com/boxscores/200403280ORL.html,2003-04
Scott Williams,2004-03-30,Dallas Mavericks,Cleveland Cavaliers,1,,,,,,,,,,,,,,,,,,,,,https://www.basketball-reference.com/boxscores/200403300DAL.html,2003-04
Scott Williams,2001-12-04,Denver Nuggets,Indiana Pacers,0,14.22,2.0,8.0,0.25,0.0,0.0,,1.0,1.0,1.0,1.0,0.0,1.0,1.0,1.0,0.0,1.0,2.0,5.0,-3.0,https://www.basketball-reference.com/boxscores/200112040IND.html,2001-02
Scott Williams,2001-12-05,Denver Nuggets,Boston Celtics,0,12.56,2.0,5.0,0.4,0.0,0.0,,0.0,0.0,,0.0,2.0,2.0,0.0,1.0,0.0,0.0,0.0,4.0,-8.0,https://www.basketball-reference.com/boxscores/200112050BOS.html,2001-02
Scott Williams,2001-12-07,Toronto Raptors,Denver Nuggets,1,24.26,6.0,11.0,0.545,0.0,0.0,,4.0,6.0,0.667,4.0,3.0,7.0,1.0,2.0,1.0,2.0,2.0,16.0,8.0,https://www.basketball-reference.com/boxscores/200112070TOR.html,2001-02
Scott Williams,2001-12-08,Denver Nuggets,Cleveland Cavaliers,0,13.01,2.0,3.0,0.667,0.0,0.0,,2.0,2.0,1.0,1.0,1.0,2.0,0.0,0.0,1.0,0.0,4.0,6.0,-16.0,https://www.basketball-reference.com/boxscores/200112080CLE.html,2001-02
Scott Williams,2001-12-11,Denver Nuggets,Charlotte Hornets,1,19.58,2.0,6.0,0.333,0.0,1.0,0.0,0.0,0.0,,4.0,4.0,8.0,1.0,0.0,0.0,3.0,4.0,4.0,-4.0,https://www.basketball-reference.com/boxscores/200112110DEN.html,2001-02
Scott Williams,2001-12-13,Denver Nuggets,Memphis Grizzlies,1,15.5,3.0,8.0,0.375,0.0,0.0,,1.0,2.0,0.5,9.0,4.0,13.0,0.0,1.0,0.0,2.0,3.0,7.0,3.0,https://www.basketball-reference.com/boxscores/200112130DEN.html,2001-02
Scott Williams,2001-12-15,Denver Nuggets,Phoenix Suns,1,12.42,4.0,6.0,0.667,0.0,0.0,,0.0,0.0,,2.0,3.0,5.0,0.0,0.0,1.0,0.0,1.0,8.0,-5.0,https://www.basketball-reference.com/boxscores/200112150DEN.html,2001-02
Scott Williams,2001-12-18,Denver Nuggets,San Antonio Spurs,1,13.09,0.0,3.0,0.0,0.0,0.0,,0.0,0.0,,1.0,1.0,2.0,0.0,0.0,1.0,2.0,2.0,0.0,-10.0,https://www.basketball-reference.com/boxscores/200112180DEN.html,2001-02
Scott Williams,2001-12-21,Denver Nuggets,San Antonio Spurs,0,10.52,1.0,2.0,0.5,0.0,0.0,,0.0,0.0,,0.0,1.0,1.0,0.0,1.0,0.0,0.0,2.0,2.0,-17.0,https://www.basketball-reference.com/boxscores/200112210SAS.html,2001-02
Scott Williams,2001-12-22,Denver Nuggets,Golden State Warriors,1,17.02,1.0,4.0,0.25,0.0,0.0,,1.0,2.0,0.5,2.0,2.0,4.0,0.0,0.0,2.0,1.0,2.0,3.0,-13.0,https://www.basketball-reference.com/boxscores/200112220DEN.html,2001-02
Scott Williams,2001-12-26,Denver Nuggets,Minnesota Timberwolves,1,20.1,1.0,4.0,0.25,0.0,0.0,,0.0,0.0,,4.0,1.0,5.0,1.0,0.0,0.0,1.0,2.0,2.0,-10.0,https://www.basketball-reference.com/boxscores/200112260DEN.html,2001-02
Scott Williams,2001-12-28,Denver Nuggets,Philadelphia 76ers,1,33.41,5.0,11.0,0.455,0.0,0.0,,0.0,0.0,,4.0,9.0,13.0,1.0,0.0,4.0,2.0,3.0,10.0,3.0,https://www.basketball-reference.com/boxscores/200112280DEN.html,2001-02
Scott Williams,2001-12-29,Denver Nuggets,Phoenix Suns,0,21.05,2.0,5.0,0.4,0.0,0.0,,5.0,6.0,0.833,2.0,5.0,7.0,2.0,1.0,2.0,3.0,5.0,9.0,3.0,https://www.basketball-reference.com/boxscores/200112290PHO.html,2001-02
Scott Williams,2002-01-02,Denver Nuggets,Los Angeles Lakers,1,25.43,2.0,6.0,0.333,0.0,0.0,,3.0,4.0,0.75,3.0,7.0,10.0,0.0,0.0,0.0,1.0,3.0,7.0,-4.0,https://www.basketball-reference.com/boxscores/200201020DEN.html,2001-02
Scott Williams,2002-01-04,Denver Nuggets,Los Angeles Clippers,1,6.5,1.0,2.0,0.5,0.0,0.0,,0.0,0.0,,0.0,0.0,0.0,0.0,0.0,1.0,0.0,1.0,2.0,-4.0,https://www.basketball-reference.com/boxscores/200201040DEN.html,2001-02
Scott Williams,2002-01-07,Denver Nuggets,Charlotte Hornets,0,18.16,1.0,5.0,0.2,0.0,0.0,,0.0,0.0,,0.0,1.0,1.0,0.0,2.0,1.0,2.0,0.0,2.0,-14.0,https://www.basketball-reference.com/boxscores/200201070CHH.html,2001-02
Scott Williams,2002-01-08,Denver Nuggets,Dallas Mavericks,0,6.37,0.0,1.0,0.0,0.0,0.0,,0.0,0.0,,2.0,0.0,2.0,0.0,0.0,0.0,0.0,0.0,0.0,-6.0,https://www.basketball-reference.com/boxscores/200201080DAL.html,2001-02
Scott Williams,2002-01-10,Denver Nuggets,Cleveland Cavaliers,1,13.4,1.0,3.0,0.333,0.0,0.0,,0.0,0.0,,1.0,2.0,3.0,0.0,1.0,1.0,0.0,1.0,2.0,-3.0,https://www.basketball-reference.com/boxscores/200201100DEN.html,2001-02
Scott Williams,2002-01-12,Denver Nuggets,Houston Rockets,0,12.31,0.0,1.0,0.0,0.0,0.0,,0.0,0.0,,1.0,0.0,1.0,0.0,1.0,1.0,0.0,2.0,0.0,-2.0,https://www.basketball-reference.com/boxscores/200201120HOU.html,2001-02
Scott Williams,2002-01-14,Denver Nuggets,Utah Jazz,0,,,,,,,,,,,,,,,,,,,,,https://www.basketball-reference.com/boxscores/200201140UTA.html,2001-02
Scott Williams,2002-01-16,Denver Nuggets,Sacramento Kings,1,,,,,,,,,,,,,,,,,,,,,https://www.basketball-reference.com/boxscores/200201160DEN.html,2001-02
Scott Williams,2002-01-18,Denver Nuggets,Seattle SuperSonics,1,,,,,,,,,,,,,,,,,,,,,https://www.basketball-reference.com/boxscores/200201180DEN.html,2001-02
Scott Williams,2002-01-19,Denver Nuggets,Seattle SuperSonics,0,,,,,,,,,,,,,,,,,,,,,https://www.basketball-reference.com/boxscores/200201190SEA.html,2001-02
Scott Williams,2002-01-21,Denver Nuggets,Los Angeles Clippers,0,,,,,,,,,,,,,,,,,,,,,https://www.basketball-reference.com/boxscores/200201210LAC.html,2001-02
Scott Williams,2002-01-22,Denver Nuggets,Los Angeles Lakers,0,,,,,,,,,,,,,,,,,,,,,https://www.basketball-reference.com/boxscores/200201220LAL.html,2001-02
Scott Williams,2002-01-24,Denver Nuggets,Dallas Mavericks,1,,,,,,,,,,,,,,,,,,,,,https://www.basketball-reference.com/boxscores/200201240DEN.html,2001-02
Scott Williams,2002-02-01,Denver Nuggets,Sacramento Kings,0,,,,,,,,,,,,,,,,,,,,,https://www.basketball-reference.com/boxscores/200202010SAC.html,2001-02
Scott Williams,2002-02-17,Denver Nuggets,New Jersey Nets,0,14.0,1.0,4.0,0.25,0.0,0.0,,0.0,0.0,,2.0,3.0,5.0,0.0,0.0,0.0,1.0,3.0,2.0,-10.0,https://www.basketball-reference.com/boxscores/200202170NJN.html,2001-02
Scott Williams,2002-02-18,Denver Nuggets,Philadelphia 76ers,0,13.5,1.0,1.0,1.0,0.0,0.0,,0.0,0.0,,0.0,1.0,1.0,0.0,2.0,0.0,0.0,2.0,2.0,-12.0,https://www.basketball-reference.com/boxscores/200202180PHI.html,2001-02
Scott Williams,2002-02-20,Denver Nuggets,Utah Jazz,1,21.53,2.0,5.0,0.4,0.0,0.0,,0.0,0.0,,5.0,5.0,10.0,1.0,0.0,1.0,2.0,3.0,4.0,-14.0,https://www.basketball-reference.com/boxscores/200202200DEN.html,2001-02
Scott Williams,2002-02-23,Denver Nuggets,Portland Trail Blazers,0,14.41,4.0,8.0,0.5,0.0,0.0,,0.0,0.0,,2.0,2.0,4.0,0.0,0.0,0.0,2.0,3.0,8.0,-14.0,https://www.basketball-reference.com/boxscores/200202230POR.html,2001-02
Scott Williams,2002-02-24,Denver Nuggets,Atlanta Hawks,1,13.23,1.0,3.0,0.333,0.0,0.0,,0.0,0.0,,0.0,2.0,2.0,0.0,0.0,2.0,0.0,3.0,2.0,-6.0,https://www.basketball-reference.com/boxscores/200202240DEN.html,2001-02
Scott Williams,2002-02-27,Denver Nuggets,Golden State Warriors,0,21.23,0.0,1.0,0.0,0.0,0.0,,0.0,2.0,0.0,4.0,2.0,6.0,1.0,0.0,2.0,1.0,4.0,0.0,-4.0,https://www.basketball-reference.com/boxscores/200202270GSW.html,2001-02
