Player,Date,Team,Against,Home,MP,FG,FGA,FG%,3P,3PA,3P%,FT,FTA,FT%,ORB,DRB,TRB,AST,STL,BLK,TOV,PF,PTS,+/-,GameLink,season
Shelden Williams,2006-12-01,Atlanta Hawks,Cleveland Cavaliers,1,14.49,0.0,4.0,0.0,0.0,0.0,,0.0,0.0,,1.0,2.0,3.0,0.0,0.0,0.0,0.0,4.0,0.0,-12.0,https://www.basketball-reference.com/boxscores/200612010ATL.html,2006-07
Shelden Williams,2006-12-03,Atlanta Hawks,Portland Trail Blazers,0,22.25,1.0,6.0,0.16699999999999998,0.0,0.0,,4.0,4.0,1.0,3.0,3.0,6.0,0.0,2.0,2.0,4.0,4.0,6.0,12.0,https://www.basketball-reference.com/boxscores/200612030POR.html,2006-07
Shelden Williams,2006-12-05,Atlanta Hawks,Seattle SuperSonics,0,20.29,0.0,2.0,0.0,0.0,0.0,,1.0,2.0,0.5,2.0,5.0,7.0,0.0,1.0,0.0,2.0,1.0,1.0,-9.0,https://www.basketball-reference.com/boxscores/200612050SEA.html,2006-07
Shelden Williams,2006-12-06,Atlanta Hawks,Denver Nuggets,0,18.44,2.0,3.0,0.667,0.0,0.0,,3.0,5.0,0.6,1.0,2.0,3.0,1.0,4.0,0.0,0.0,3.0,7.0,12.0,https://www.basketball-reference.com/boxscores/200612060DEN.html,2006-07
Shelden Williams,2006-12-08,Atlanta Hawks,Los Angeles Lakers,0,17.23,3.0,8.0,0.375,0.0,0.0,,2.0,2.0,1.0,1.0,3.0,4.0,1.0,0.0,1.0,0.0,1.0,8.0,0.0,https://www.basketball-reference.com/boxscores/200612080LAL.html,2006-07
Shelden Williams,2006-12-10,Atlanta Hawks,Sacramento Kings,0,17.34,2.0,4.0,0.5,0.0,0.0,,0.0,0.0,,1.0,2.0,3.0,1.0,1.0,2.0,3.0,3.0,4.0,-5.0,https://www.basketball-reference.com/boxscores/200612100SAC.html,2006-07
Shelden Williams,2006-12-12,Atlanta Hawks,Denver Nuggets,1,9.41,0.0,1.0,0.0,0.0,0.0,,0.0,0.0,,0.0,1.0,1.0,0.0,0.0,1.0,0.0,2.0,0.0,-10.0,https://www.basketball-reference.com/boxscores/200612120ATL.html,2006-07
Shelden Williams,2006-12-13,Atlanta Hawks,New York Knicks,0,14.23,1.0,2.0,0.5,0.0,0.0,,3.0,4.0,0.75,1.0,2.0,3.0,0.0,0.0,0.0,0.0,0.0,5.0,-4.0,https://www.basketball-reference.com/boxscores/200612130NYK.html,2006-07
Shelden Williams,2006-12-15,Atlanta Hawks,Memphis Grizzlies,0,11.52,2.0,2.0,1.0,0.0,0.0,,0.0,0.0,,1.0,2.0,3.0,0.0,1.0,0.0,0.0,4.0,4.0,-6.0,https://www.basketball-reference.com/boxscores/200612150MEM.html,2006-07
Shelden Williams,2006-12-20,Atlanta Hawks,Utah Jazz,1,25.29,4.0,7.0,0.5710000000000001,0.0,0.0,,6.0,6.0,1.0,2.0,4.0,6.0,0.0,1.0,0.0,3.0,3.0,14.0,-3.0,https://www.basketball-reference.com/boxscores/200612200ATL.html,2006-07
Shelden Williams,2006-12-22,Atlanta Hawks,Indiana Pacers,1,16.48,2.0,6.0,0.333,0.0,0.0,,1.0,2.0,0.5,1.0,5.0,6.0,0.0,0.0,1.0,2.0,2.0,5.0,-3.0,https://www.basketball-reference.com/boxscores/200612220ATL.html,2006-07
Shelden Williams,2006-12-23,Atlanta Hawks,Detroit Pistons,0,28.28,5.0,11.0,0.455,0.0,0.0,,1.0,1.0,1.0,8.0,7.0,15.0,1.0,1.0,1.0,0.0,2.0,11.0,-25.0,https://www.basketball-reference.com/boxscores/200612230DET.html,2006-07
Shelden Williams,2006-12-27,Atlanta Hawks,Cleveland Cavaliers,1,29.29,2.0,7.0,0.28600000000000003,0.0,0.0,,2.0,2.0,1.0,0.0,12.0,12.0,1.0,2.0,0.0,1.0,3.0,6.0,-16.0,https://www.basketball-reference.com/boxscores/200612270ATL.html,2006-07
Shelden Williams,2006-12-29,Atlanta Hawks,Houston Rockets,0,30.45,5.0,7.0,0.7140000000000001,0.0,0.0,,1.0,1.0,1.0,4.0,7.0,11.0,0.0,0.0,0.0,3.0,4.0,11.0,-8.0,https://www.basketball-reference.com/boxscores/200612290HOU.html,2006-07
Shelden Williams,2006-12-31,Atlanta Hawks,San Antonio Spurs,0,33.37,4.0,8.0,0.5,1.0,1.0,1.0,0.0,0.0,,1.0,9.0,10.0,2.0,0.0,0.0,2.0,4.0,9.0,2.0,https://www.basketball-reference.com/boxscores/200612310SAS.html,2006-07
Shelden Williams,2007-01-05,Atlanta Hawks,Toronto Raptors,0,27.46,4.0,5.0,0.8,0.0,0.0,,2.0,2.0,1.0,3.0,4.0,7.0,1.0,3.0,0.0,0.0,4.0,10.0,-20.0,https://www.basketball-reference.com/boxscores/200701050TOR.html,2006-07
Shelden Williams,2007-01-06,Atlanta Hawks,Los Angeles Clippers,1,28.44,2.0,3.0,0.667,0.0,0.0,,0.0,0.0,,1.0,4.0,5.0,1.0,0.0,1.0,1.0,3.0,4.0,5.0,https://www.basketball-reference.com/boxscores/200701060ATL.html,2006-07
Shelden Williams,2007-01-09,Atlanta Hawks,Indiana Pacers,0,17.21,2.0,5.0,0.4,0.0,0.0,,0.0,0.0,,1.0,1.0,2.0,0.0,0.0,1.0,1.0,1.0,4.0,-4.0,https://www.basketball-reference.com/boxscores/200701090IND.html,2006-07
Shelden Williams,2007-01-10,Atlanta Hawks,New Orleans/Oklahoma City Hornets,1,24.46,4.0,8.0,0.5,0.0,0.0,,2.0,2.0,1.0,2.0,7.0,9.0,0.0,0.0,0.0,1.0,4.0,10.0,-11.0,https://www.basketball-reference.com/boxscores/200701100ATL.html,2006-07
Shelden Williams,2007-01-12,Atlanta Hawks,Detroit Pistons,1,32.05,3.0,5.0,0.6,0.0,0.0,,6.0,6.0,1.0,4.0,3.0,7.0,1.0,1.0,1.0,3.0,6.0,12.0,-4.0,https://www.basketball-reference.com/boxscores/200701120ATL.html,2006-07
Shelden Williams,2007-01-15,Atlanta Hawks,Boston Celtics,1,18.57,1.0,2.0,0.5,0.0,0.0,,0.0,0.0,,1.0,4.0,5.0,2.0,1.0,0.0,3.0,3.0,2.0,-6.0,https://www.basketball-reference.com/boxscores/200701150ATL.html,2006-07
Shelden Williams,2007-01-17,Atlanta Hawks,Minnesota Timberwolves,0,25.11,3.0,6.0,0.5,0.0,1.0,0.0,0.0,0.0,,0.0,8.0,8.0,0.0,1.0,0.0,0.0,3.0,6.0,10.0,https://www.basketball-reference.com/boxscores/200701170MIN.html,2006-07
Shelden Williams,2007-01-19,Atlanta Hawks,Charlotte Bobc,1,20.46,2.0,5.0,0.4,0.0,0.0,,1.0,2.0,0.5,0.0,5.0,5.0,0.0,0.0,0.0,1.0,1.0,5.0,-4.0,https://www.basketball-reference.com/boxscores/200701190ATL.html,2006-07
Shelden Williams,2007-01-20,Atlanta Hawks,Charlotte Bobcats,0,16.09,0.0,1.0,0.0,0.0,0.0,,0.0,0.0,,0.0,5.0,5.0,0.0,1.0,0.0,2.0,2.0,0.0,0.0,https://www.basketball-reference.com/boxscores/200701200CHA.html,2006-07
Shelden Williams,2007-01-23,Atlanta Hawks,Chicago Bulls,0,13.55,1.0,3.0,0.333,0.0,0.0,,0.0,0.0,,1.0,5.0,6.0,3.0,1.0,0.0,0.0,3.0,2.0,4.0,https://www.basketball-reference.com/boxscores/200701230CHI.html,2006-07
Shelden Williams,2007-01-24,Atlanta Hawks,Boston Celtics,0,20.51,1.0,5.0,0.2,0.0,0.0,,0.0,0.0,,2.0,5.0,7.0,0.0,0.0,1.0,0.0,1.0,2.0,11.0,https://www.basketball-reference.com/boxscores/200701240BOS.html,2006-07
Shelden Williams,2007-01-26,Atlanta Hawks,Orlando Magic,0,15.42,0.0,2.0,0.0,0.0,0.0,,0.0,0.0,,0.0,2.0,2.0,1.0,0.0,0.0,1.0,4.0,0.0,-8.0,https://www.basketball-reference.com/boxscores/200701260ORL.html,2006-07
Shelden Williams,2007-01-27,Atlanta Hawks,Philadelphia 76ers,1,19.46,1.0,3.0,0.333,0.0,0.0,,2.0,2.0,1.0,2.0,3.0,5.0,2.0,0.0,1.0,0.0,1.0,4.0,0.0,https://www.basketball-reference.com/boxscores/200701270ATL.html,2006-07
Shelden Williams,2007-01-29,Atlanta Hawks,Orlando Magic,1,11.11,1.0,2.0,0.5,0.0,0.0,,4.0,6.0,0.667,0.0,1.0,1.0,1.0,0.0,1.0,2.0,4.0,6.0,-11.0,https://www.basketball-reference.com/boxscores/200701290ATL.html,2006-07
Shelden Williams,2007-01-31,Atlanta Hawks,Golden State Warriors,1,23.52,1.0,5.0,0.2,0.0,0.0,,0.0,1.0,0.0,0.0,2.0,2.0,0.0,0.0,0.0,1.0,2.0,2.0,6.0,https://www.basketball-reference.com/boxscores/200701310ATL.html,2006-07
Shelden Williams,2007-02-02,Atlanta Hawks,Toronto Raptors,1,8.13,0.0,0.0,,0.0,0.0,,0.0,0.0,,0.0,1.0,1.0,0.0,0.0,0.0,0.0,1.0,0.0,-6.0,https://www.basketball-reference.com/boxscores/200702020ATL.html,2006-07
Shelden Williams,2007-02-04,New Jersey Nets,Atlanta Hawks,1,19.05,3.0,5.0,0.6,0.0,0.0,,0.0,0.0,,2.0,4.0,6.0,1.0,1.0,0.0,1.0,3.0,6.0,12.0,https://www.basketball-reference.com/boxscores/200702040NJN.html,2006-07
Shelden Williams,2007-02-05,Atlanta Hawks,Los Angeles Lakers,1,6.07,0.0,0.0,,0.0,0.0,,1.0,2.0,0.5,0.0,2.0,2.0,0.0,0.0,0.0,1.0,1.0,1.0,-1.0,https://www.basketball-reference.com/boxscores/200702050ATL.html,2006-07
Shelden Williams,2007-02-09,Atlanta Hawks,Phoenix Suns,0,1.36,0.0,1.0,0.0,0.0,0.0,,0.0,0.0,,0.0,0.0,0.0,0.0,0.0,0.0,0.0,1.0,0.0,-9.0,https://www.basketball-reference.com/boxscores/200702090PHO.html,2006-07
Shelden Williams,2007-02-11,Atlanta Hawks,Golden State Warriors,0,8.52,2.0,4.0,0.5,0.0,0.0,,1.0,1.0,1.0,2.0,1.0,3.0,0.0,1.0,0.0,1.0,1.0,5.0,-4.0,https://www.basketball-reference.com/boxscores/200702110GSW.html,2006-07
Shelden Williams,2007-02-12,Atlanta Hawks,Utah Jazz,0,24.52,2.0,7.0,0.28600000000000003,0.0,0.0,,4.0,5.0,0.8,3.0,6.0,9.0,0.0,1.0,0.0,0.0,0.0,8.0,-12.0,https://www.basketball-reference.com/boxscores/200702120UTA.html,2006-07
Shelden Williams,2007-02-14,Atlanta Hawks,Los Angeles Clippers,0,0.47,0.0,0.0,,0.0,0.0,,0.0,0.0,,0.0,0.0,0.0,0.0,0.0,0.0,0.0,0.0,0.0,1.0,https://www.basketball-reference.com/boxscores/200702140LAC.html,2006-07
Shelden Williams,2007-02-20,Atlanta Hawks,Chicago Bulls,0,10.33,1.0,4.0,0.25,0.0,0.0,,3.0,4.0,0.75,0.0,3.0,3.0,0.0,1.0,1.0,0.0,1.0,5.0,-8.0,https://www.basketball-reference.com/boxscores/200702200CHI.html,2006-07
Shelden Williams,2007-02-21,Atlanta Hawks,San Antonio Spurs,1,7.04,0.0,0.0,,0.0,0.0,,0.0,0.0,,0.0,2.0,2.0,1.0,0.0,0.0,0.0,2.0,0.0,-6.0,https://www.basketball-reference.com/boxscores/200702210ATL.html,2006-07
Shelden Williams,2007-02-23,Atlanta Hawks,Houston Rockets,1,4.23,2.0,2.0,1.0,0.0,0.0,,0.0,0.0,,1.0,0.0,1.0,1.0,0.0,0.0,0.0,0.0,4.0,2.0,https://www.basketball-reference.com/boxscores/200702230ATL.html,2006-07
Shelden Williams,2007-02-25,Atlanta Hawks,Phoenix Suns,1,3.58,0.0,1.0,0.0,0.0,0.0,,0.0,0.0,,0.0,0.0,0.0,0.0,0.0,0.0,0.0,1.0,0.0,-8.0,https://www.basketball-reference.com/boxscores/200702250ATL.html,2006-07
Shelden Williams,2007-02-26,Atlanta Hawks,Dallas Mavericks,0,3.41,1.0,1.0,1.0,0.0,0.0,,0.0,0.0,,0.0,0.0,0.0,0.0,0.0,0.0,0.0,1.0,2.0,-1.0,https://www.basketball-reference.com/boxscores/200702260DAL.html,2006-07
Shelden Williams,2007-02-28,Atlanta Hawks,New Orleans/Oklahoma City Hornets,0,4.31,0.0,2.0,0.0,0.0,0.0,,0.0,0.0,,0.0,1.0,1.0,1.0,0.0,0.0,0.0,2.0,0.0,1.0,https://www.basketball-reference.com/boxscores/200702280NOK.html,2006-07
Shelden Williams,2007-03-02,Atlanta Hawks,Washington Wizards,0,5.0,0.0,0.0,,0.0,0.0,,0.0,0.0,,1.0,0.0,1.0,0.0,0.0,0.0,0.0,0.0,0.0,-7.0,https://www.basketball-reference.com/boxscores/200703020WAS.html,2006-07
Shelden Williams,2007-03-05,Atlanta Hawks,Miami Heat,0,9.09,2.0,4.0,0.5,0.0,0.0,,0.0,0.0,,1.0,3.0,4.0,0.0,0.0,1.0,0.0,4.0,4.0,-2.0,https://www.basketball-reference.com/boxscores/200703050MIA.html,2006-07
Shelden Williams,2007-03-07,Atlanta Hawks,Washington Wizards,1,12.01,3.0,4.0,0.75,0.0,0.0,,0.0,0.0,,0.0,1.0,1.0,0.0,1.0,1.0,1.0,2.0,6.0,0.0,https://www.basketball-reference.com/boxscores/200703070ATL.html,2006-07
Shelden Williams,2007-03-09,Atlanta Hawks,Memphis Grizzlies,1,15.41,4.0,6.0,0.667,0.0,0.0,,3.0,4.0,0.75,0.0,4.0,4.0,0.0,0.0,0.0,2.0,0.0,11.0,14.0,https://www.basketball-reference.com/boxscores/200703090ATL.html,2006-07
Shelden Williams,2007-03-10,Atlanta Hawks,Minnesota Timberwolves,1,17.54,0.0,3.0,0.0,0.0,0.0,,2.0,2.0,1.0,0.0,2.0,2.0,1.0,0.0,1.0,1.0,3.0,2.0,-19.0,https://www.basketball-reference.com/boxscores/200703100ATL.html,2006-07
Shelden Williams,2007-03-13,Atlanta Hawks,Philadelphia 76ers,1,13.23,0.0,0.0,,0.0,0.0,,3.0,4.0,0.75,4.0,4.0,8.0,0.0,0.0,0.0,3.0,3.0,3.0,-16.0,https://www.basketball-reference.com/boxscores/200703130ATL.html,2006-07
Shelden Williams,2007-03-14,Atlanta Hawks,Boston Celtics,0,13.05,0.0,6.0,0.0,0.0,0.0,,1.0,2.0,0.5,0.0,1.0,1.0,0.0,0.0,0.0,0.0,2.0,1.0,-6.0,https://www.basketball-reference.com/boxscores/200703140BOS.html,2006-07
Shelden Williams,2007-03-17,Atlanta Hawks,Indiana Pacers,0,22.05,4.0,6.0,0.667,0.0,0.0,,5.0,6.0,0.833,4.0,3.0,7.0,1.0,0.0,0.0,2.0,3.0,13.0,-1.0,https://www.basketball-reference.com/boxscores/200703170IND.html,2006-07
Shelden Williams,2007-03-19,Atlanta Hawks,Sacramento Kings,1,19.17,3.0,8.0,0.375,0.0,0.0,,0.0,0.0,,4.0,3.0,7.0,1.0,1.0,1.0,1.0,2.0,6.0,-8.0,https://www.basketball-reference.com/boxscores/200703190ATL.html,2006-07
Shelden Williams,2007-03-21,Atlanta Hawks,Miami Heat,1,15.01,2.0,7.0,0.28600000000000003,0.0,0.0,,0.0,0.0,,1.0,4.0,5.0,0.0,0.0,1.0,0.0,2.0,4.0,-5.0,https://www.basketball-reference.com/boxscores/200703210ATL.html,2006-07
Shelden Williams,2007-03-25,Atlanta Hawks,Dallas Mavericks,1,9.5,1.0,5.0,0.2,0.0,0.0,,3.0,5.0,0.6,2.0,0.0,2.0,0.0,2.0,0.0,0.0,1.0,5.0,-2.0,https://www.basketball-reference.com/boxscores/200703250ATL.html,2006-07
Shelden Williams,2007-03-26,Atlanta Hawks,Miami Heat,0,15.24,0.0,2.0,0.0,0.0,0.0,,0.0,0.0,,1.0,3.0,4.0,1.0,0.0,0.0,0.0,4.0,0.0,0.0,https://www.basketball-reference.com/boxscores/200703260MIA.html,2006-07
Shelden Williams,2007-03-28,Atlanta Hawks,Charlotte Bobcats,0,8.13,1.0,3.0,0.333,0.0,0.0,,0.0,0.0,,0.0,3.0,3.0,0.0,0.0,0.0,1.0,1.0,2.0,-1.0,https://www.basketball-reference.com/boxscores/200703280CHA.html,2006-07
Shelden Williams,2007-12-03,Atlanta Hawks,Philadelphia 76ers,0,13.38,2.0,2.0,1.0,0.0,0.0,,1.0,2.0,0.5,0.0,0.0,0.0,0.0,0.0,1.0,1.0,3.0,5.0,3.0,https://www.basketball-reference.com/boxscores/200712030PHI.html,2007-08
Shelden Williams,2007-12-04,Atlanta Hawks,Detroit Pistons,1,28.33,3.0,8.0,0.375,0.0,0.0,,0.0,0.0,,1.0,3.0,4.0,0.0,1.0,1.0,0.0,1.0,6.0,10.0,https://www.basketball-reference.com/boxscores/200712040ATL.html,2007-08
Shelden Williams,2007-12-06,Atlanta Hawks,Minnesota Timberwolves,1,14.24,1.0,3.0,0.333,0.0,0.0,,0.0,0.0,,0.0,1.0,1.0,1.0,0.0,0.0,1.0,1.0,2.0,-19.0,https://www.basketball-reference.com/boxscores/200712060ATL.html,2007-08
Shelden Williams,2007-12-08,Atlanta Hawks,Memphis Grizzlies,1,17.09,2.0,9.0,0.222,0.0,1.0,0.0,0.0,0.0,,2.0,4.0,6.0,0.0,0.0,0.0,1.0,2.0,4.0,-7.0,https://www.basketball-reference.com/boxscores/200712080ATL.html,2007-08
Shelden Williams,2007-12-10,Atlanta Hawks,Orlando Magic,0,11.11,6.0,6.0,1.0,0.0,0.0,,0.0,1.0,0.0,4.0,3.0,7.0,0.0,0.0,1.0,1.0,2.0,12.0,2.0,https://www.basketball-reference.com/boxscores/200712100ORL.html,2007-08
Shelden Williams,2007-12-11,Atlanta Hawks,Toronto Raptors,1,25.26,2.0,6.0,0.333,0.0,0.0,,2.0,4.0,0.5,3.0,6.0,9.0,3.0,1.0,1.0,0.0,2.0,6.0,9.0,https://www.basketball-reference.com/boxscores/200712110ATL.html,2007-08
Shelden Williams,2007-12-14,Atlanta Hawks,Detroit Pistons,0,9.01,0.0,1.0,0.0,0.0,0.0,,0.0,0.0,,1.0,0.0,1.0,0.0,1.0,0.0,0.0,1.0,0.0,-6.0,https://www.basketball-reference.com/boxscores/200712140DET.html,2007-08
Shelden Williams,2007-12-15,Atlanta Hawks,Charlotte Bobc,1,1.53,0.0,0.0,,0.0,0.0,,0.0,0.0,,0.0,0.0,0.0,0.0,0.0,0.0,0.0,0.0,0.0,0.0,https://www.basketball-reference.com/boxscores/200712150ATL.html,2007-08
Shelden Williams,2007-12-17,Atlanta Hawks,Utah Jazz,1,14.35,0.0,0.0,,0.0,0.0,,2.0,4.0,0.5,1.0,1.0,2.0,0.0,0.0,1.0,0.0,2.0,2.0,6.0,https://www.basketball-reference.com/boxscores/200712170ATL.html,2007-08
Shelden Williams,2007-12-21,Atlanta Hawks,Washington Wizards,0,,,,,,,,,,,,,,,,,,,,,https://www.basketball-reference.com/boxscores/200712210WAS.html,2007-08
Shelden Williams,2007-12-26,Atlanta Hawks,Indiana Pacers,1,19.21,3.0,7.0,0.429,0.0,0.0,,4.0,4.0,1.0,4.0,6.0,10.0,0.0,1.0,1.0,2.0,3.0,10.0,-1.0,https://www.basketball-reference.com/boxscores/200712260ATL.html,2007-08
Shelden Williams,2007-12-29,Atlanta Hawks,Dallas Mavericks,0,6.35,2.0,3.0,0.667,0.0,0.0,,0.0,0.0,,1.0,4.0,5.0,0.0,0.0,0.0,0.0,5.0,4.0,3.0,https://www.basketball-reference.com/boxscores/200712290DAL.html,2007-08
Shelden Williams,2008-01-02,Atlanta Hawks,Cleveland Cavaliers,0,11.43,0.0,3.0,0.0,0.0,0.0,,0.0,2.0,0.0,0.0,1.0,1.0,0.0,0.0,0.0,0.0,2.0,0.0,-2.0,https://www.basketball-reference.com/boxscores/200801020CLE.html,2007-08
Shelden Williams,2008-01-04,Atlanta Hawks,Indiana Pacers,0,25.46,0.0,4.0,0.0,0.0,0.0,,3.0,4.0,0.75,0.0,7.0,7.0,0.0,3.0,2.0,1.0,1.0,3.0,4.0,https://www.basketball-reference.com/boxscores/200801040IND.html,2007-08
Shelden Williams,2008-01-05,Atlanta Hawks,New Jersey Nets,1,11.35,0.0,4.0,0.0,0.0,0.0,,0.0,0.0,,3.0,0.0,3.0,0.0,0.0,0.0,1.0,3.0,0.0,2.0,https://www.basketball-reference.com/boxscores/200801050ATL.html,2007-08
Shelden Williams,2008-01-09,Atlanta Hawks,Cleveland Cavaliers,1,1.1,0.0,0.0,,0.0,0.0,,0.0,0.0,,0.0,0.0,0.0,0.0,0.0,1.0,0.0,0.0,0.0,0.0,https://www.basketball-reference.com/boxscores/200801090ATL.html,2007-08
Shelden Williams,2008-01-13,Atlanta Hawks,Chicago Bulls,1,,,,,,,,,,,,,,,,,,,,,https://www.basketball-reference.com/boxscores/200801130ATL.html,2007-08
Shelden Williams,2008-01-15,Atlanta Hawks,Denver Nuggets,1,,,,,,,,,,,,,,,,,,,,,https://www.basketball-reference.com/boxscores/200801150ATL.html,2007-08
Shelden Williams,2008-01-16,Atlanta Hawks,Milwaukee Bucks,0,4.21,0.0,0.0,,0.0,0.0,,0.0,0.0,,0.0,0.0,0.0,0.0,0.0,0.0,1.0,1.0,0.0,0.0,https://www.basketball-reference.com/boxscores/200801160MIL.html,2007-08
Shelden Williams,2008-01-18,Atlanta Hawks,Toronto Raptors,0,,,,,,,,,,,,,,,,,,,,,https://www.basketball-reference.com/boxscores/200801180TOR.html,2007-08
Shelden Williams,2008-01-23,Atlanta Hawks,Denver Nuggets,0,4.22,0.0,2.0,0.0,0.0,0.0,,0.0,0.0,,0.0,1.0,1.0,0.0,0.0,0.0,0.0,1.0,0.0,-9.0,https://www.basketball-reference.com/boxscores/200801230DEN.html,2007-08
Shelden Williams,2008-01-25,Atlanta Hawks,Seattle SuperSonics,0,2.44,0.0,1.0,0.0,0.0,0.0,,0.0,0.0,,0.0,0.0,0.0,0.0,0.0,0.0,0.0,2.0,0.0,-4.0,https://www.basketball-reference.com/boxscores/200801250SEA.html,2007-08
Shelden Williams,2008-01-29,Atlanta Hawks,Phoenix Suns,0,5.25,2.0,5.0,0.4,0.0,0.0,,0.0,0.0,,1.0,3.0,4.0,0.0,1.0,0.0,1.0,0.0,4.0,0.0,https://www.basketball-reference.com/boxscores/200801290PHO.html,2007-08
Shelden Williams,2008-01-30,Atlanta Hawks,Los Angeles Clippers,0,,,,,,,,,,,,,,,,,,,,,https://www.basketball-reference.com/boxscores/200801300LAC.html,2007-08
Shelden Williams,2008-02-02,Atlanta Hawks,New Jersey Nets,1,,,,,,,,,,,,,,,,,,,,,https://www.basketball-reference.com/boxscores/200802020ATL.html,2007-08
Shelden Williams,2008-02-04,Atlanta Hawks,Philadelphia 76ers,1,,,,,,,,,,,,,,,,,,,,,https://www.basketball-reference.com/boxscores/200802040ATL.html,2007-08
Shelden Williams,2008-02-06,Atlanta Hawks,Los Angeles Lakers,1,,,,,,,,,,,,,,,,,,,,,https://www.basketball-reference.com/boxscores/200802060ATL.html,2007-08
Shelden Williams,2008-02-08,Atlanta Hawks,Cleveland Cavaliers,1,,,,,,,,,,,,,,,,,,,,,https://www.basketball-reference.com/boxscores/200802080ATL.html,2007-08
Shelden Williams,2008-02-09,Atlanta Hawks,Houston Rockets,0,14.21,1.0,5.0,0.2,0.0,0.0,,6.0,6.0,1.0,0.0,2.0,2.0,1.0,2.0,0.0,0.0,0.0,8.0,9.0,https://www.basketball-reference.com/boxscores/200802090HOU.html,2007-08
Shelden Williams,2008-02-12,Atlanta Hawks,Detroit Pistons,1,,,,,,,,,,,,,,,,,,,,,https://www.basketball-reference.com/boxscores/200802120ATL.html,2007-08
Shelden Williams,2008-02-13,Charlotte Bobcats,Atlanta Hawks,1,7.29,1.0,2.0,0.5,0.0,0.0,,2.0,2.0,1.0,1.0,2.0,3.0,0.0,0.0,0.0,0.0,1.0,4.0,9.0,https://www.basketball-reference.com/boxscores/200802130CHA.html,2007-08
Shelden Williams,2008-02-19,Sacramento Kings,Portland Trail Blazers,0,5.25,1.0,3.0,0.333,0.0,0.0,,1.0,2.0,0.5,2.0,1.0,3.0,0.0,0.0,1.0,2.0,1.0,3.0,-4.0,https://www.basketball-reference.com/boxscores/200802190POR.html,2007-08
Shelden Williams,2008-02-20,Sacramento Kings,Atlanta Hawks,1,9.09,3.0,5.0,0.6,0.0,0.0,,2.0,3.0,0.667,1.0,1.0,2.0,0.0,0.0,1.0,0.0,2.0,8.0,-1.0,https://www.basketball-reference.com/boxscores/200802200SAC.html,2007-08
Shelden Williams,2008-02-22,Charlotte Bobcats,Sacramento Kings,1,5.1,2.0,3.0,0.667,0.0,0.0,,0.0,0.0,,0.0,1.0,1.0,0.0,0.0,0.0,0.0,2.0,4.0,1.0,https://www.basketball-reference.com/boxscores/200802220CHA.html,2007-08
Shelden Williams,2008-02-24,Sacramento Kings,Orlando Magic,0,7.4,1.0,4.0,0.25,0.0,1.0,0.0,2.0,4.0,0.5,1.0,0.0,1.0,0.0,0.0,1.0,0.0,1.0,4.0,1.0,https://www.basketball-reference.com/boxscores/200802240ORL.html,2007-08
Shelden Williams,2008-02-26,Sacramento Kings,Miami Heat,0,9.15,3.0,4.0,0.75,0.0,0.0,,1.0,2.0,0.5,1.0,3.0,4.0,0.0,0.0,0.0,0.0,1.0,7.0,2.0,https://www.basketball-reference.com/boxscores/200802260MIA.html,2007-08
Shelden Williams,2008-02-27,Sacramento Kings,Atlanta Hawks,0,2.57,0.0,0.0,,0.0,0.0,,0.0,0.0,,0.0,0.0,0.0,0.0,0.0,0.0,0.0,0.0,0.0,-2.0,https://www.basketball-reference.com/boxscores/200802270ATL.html,2007-08
Shelden Williams,2008-02-29,Sacramento Kings,Dallas Mavericks,0,,,,,,,,,,,,,,,,,,,,,https://www.basketball-reference.com/boxscores/200802290DAL.html,2007-08
Shelden Williams,2008-03-02,Sacramento Kings,Miami Heat,1,0.25,0.0,0.0,,0.0,0.0,,0.0,0.0,,0.0,0.0,0.0,0.0,0.0,0.0,0.0,0.0,0.0,0.0,https://www.basketball-reference.com/boxscores/200803020SAC.html,2007-08
Shelden Williams,2008-03-04,Sacramento Kings,Los Angeles Lakers,1,4.57,1.0,1.0,1.0,0.0,0.0,,0.0,0.0,,0.0,1.0,1.0,0.0,0.0,1.0,0.0,0.0,2.0,1.0,https://www.basketball-reference.com/boxscores/200803040SAC.html,2007-08
Shelden Williams,2008-03-05,Los Angeles Clippers,Sacramento Kings,1,21.43,2.0,5.0,0.4,0.0,0.0,,2.0,2.0,1.0,0.0,2.0,2.0,0.0,0.0,1.0,0.0,1.0,6.0,0.0,https://www.basketball-reference.com/boxscores/200803050LAC.html,2007-08
Shelden Williams,2008-03-07,Sacramento Kings,Minnesota Timberwolves,1,16.2,1.0,5.0,0.2,0.0,0.0,,2.0,2.0,1.0,2.0,3.0,5.0,0.0,0.0,2.0,0.0,1.0,4.0,-6.0,https://www.basketball-reference.com/boxscores/200803070SAC.html,2007-08
Shelden Williams,2008-03-09,Sacramento Kings,Los Angeles Lakers,0,4.53,0.0,0.0,,0.0,0.0,,0.0,0.0,,0.0,0.0,0.0,0.0,1.0,1.0,1.0,1.0,0.0,10.0,https://www.basketball-reference.com/boxscores/200803090LAL.html,2007-08
Shelden Williams,2008-03-13,Sacramento Kings,Portland Trail Blazers,1,5.15,0.0,2.0,0.0,0.0,0.0,,2.0,2.0,1.0,0.0,0.0,0.0,0.0,0.0,0.0,0.0,0.0,2.0,5.0,https://www.basketball-reference.com/boxscores/200803130SAC.html,2007-08
Shelden Williams,2008-03-15,Sacramento Kings,Phoenix Suns,0,14.02,4.0,10.0,0.4,0.0,0.0,,3.0,4.0,0.75,3.0,4.0,7.0,0.0,1.0,0.0,0.0,1.0,11.0,-10.0,https://www.basketball-reference.com/boxscores/200803150PHO.html,2007-08
Shelden Williams,2008-03-16,Sacramento Kings,Toronto Raptors,1,6.05,0.0,1.0,0.0,0.0,0.0,,0.0,0.0,,2.0,4.0,6.0,0.0,0.0,0.0,0.0,1.0,0.0,-1.0,https://www.basketball-reference.com/boxscores/200803160SAC.html,2007-08
Shelden Williams,2008-03-18,Sacramento Kings,Golden State Warriors,1,5.06,1.0,2.0,0.5,0.0,0.0,,0.0,0.0,,0.0,0.0,0.0,1.0,0.0,0.0,1.0,2.0,2.0,-2.0,https://www.basketball-reference.com/boxscores/200803180SAC.html,2007-08
Shelden Williams,2008-03-21,Sacramento Kings,San Antonio Spurs,0,5.27,2.0,3.0,0.667,0.0,0.0,,2.0,3.0,0.667,1.0,2.0,3.0,0.0,0.0,0.0,0.0,0.0,6.0,0.0,https://www.basketball-reference.com/boxscores/200803210SAS.html,2007-08
Shelden Williams,2008-03-22,Sacramento Kings,Memphis Grizzlies,0,15.45,2.0,2.0,1.0,0.0,0.0,,3.0,4.0,0.75,1.0,3.0,4.0,1.0,0.0,1.0,1.0,4.0,7.0,-1.0,https://www.basketball-reference.com/boxscores/200803220MEM.html,2007-08
Shelden Williams,2008-03-24,Sacramento Kings,Houston Rockets,0,,,,,,,,,,,,,,,,,,,,,https://www.basketball-reference.com/boxscores/200803240HOU.html,2007-08
Shelden Williams,2008-03-28,Sacramento Kings,Washington Wizards,1,7.44,2.0,3.0,0.667,0.0,0.0,,0.0,0.0,,0.0,2.0,2.0,0.0,0.0,0.0,0.0,0.0,4.0,-1.0,https://www.basketball-reference.com/boxscores/200803280SAC.html,2007-08
Shelden Williams,2008-03-30,Sacramento Kings,Seattle SuperSonics,0,7.23,0.0,1.0,0.0,0.0,0.0,,2.0,2.0,1.0,2.0,0.0,2.0,0.0,1.0,0.0,1.0,1.0,2.0,-4.0,https://www.basketball-reference.com/boxscores/200803300SEA.html,2007-08
Shelden Williams,2010-12-01,Denver Nuggets,Milwaukee Bucks,1,14.34,0.0,0.0,,0.0,0.0,,0.0,0.0,,1.0,5.0,6.0,1.0,0.0,0.0,0.0,1.0,0.0,-1.0,https://www.basketball-reference.com/boxscores/201012010DEN.html,2010-11
Shelden Williams,2010-12-03,Denver Nuggets,Los Angeles Clippers,1,21.2,0.0,2.0,0.0,0.0,0.0,,4.0,4.0,1.0,1.0,5.0,6.0,1.0,2.0,2.0,0.0,2.0,4.0,7.0,https://www.basketball-reference.com/boxscores/201012030DEN.html,2010-11
Shelden Williams,2010-12-05,Denver Nuggets,Memphis Grizzlies,1,23.13,4.0,8.0,0.5,0.0,0.0,,1.0,2.0,0.5,4.0,5.0,9.0,0.0,1.0,1.0,1.0,1.0,9.0,-5.0,https://www.basketball-reference.com/boxscores/201012050DEN.html,2010-11
Shelden Williams,2010-12-07,Denver Nuggets,Charlotte Bobcats,0,24.43,1.0,2.0,0.5,0.0,0.0,,0.0,0.0,,1.0,5.0,6.0,0.0,0.0,0.0,0.0,2.0,2.0,-6.0,https://www.basketball-reference.com/boxscores/201012070CHA.html,2010-11
Shelden Williams,2010-12-08,Denver Nuggets,Boston Celtics,0,14.46,2.0,6.0,0.333,0.0,0.0,,0.0,0.0,,2.0,3.0,5.0,0.0,2.0,0.0,1.0,1.0,4.0,-22.0,https://www.basketball-reference.com/boxscores/201012080BOS.html,2010-11
Shelden Williams,2010-12-10,Denver Nuggets,Toronto Raptors,0,15.08,3.0,6.0,0.5,0.0,0.0,,0.0,0.0,,3.0,4.0,7.0,1.0,0.0,0.0,2.0,4.0,6.0,6.0,https://www.basketball-reference.com/boxscores/201012100TOR.html,2010-11
Shelden Williams,2010-12-12,Denver Nuggets,New York Knicks,0,13.32,1.0,1.0,1.0,0.0,0.0,,0.0,0.0,,0.0,6.0,6.0,0.0,1.0,1.0,0.0,1.0,2.0,-10.0,https://www.basketball-reference.com/boxscores/201012120NYK.html,2010-11
Shelden Williams,2010-12-14,Denver Nuggets,Orlando Magic,1,21.17,1.0,3.0,0.333,0.0,0.0,,0.0,0.0,,1.0,0.0,1.0,0.0,0.0,2.0,0.0,3.0,2.0,-2.0,https://www.basketball-reference.com/boxscores/201012140DEN.html,2010-11
Shelden Williams,2010-12-16,Denver Nuggets,San Antonio Spurs,1,15.13,1.0,6.0,0.16699999999999998,0.0,0.0,,0.0,0.0,,3.0,4.0,7.0,0.0,0.0,1.0,0.0,3.0,2.0,6.0,https://www.basketball-reference.com/boxscores/201012160DEN.html,2010-11
Shelden Williams,2010-12-18,Denver Nuggets,Minnesota Timberwolves,1,23.4,3.0,5.0,0.6,0.0,0.0,,0.0,0.0,,1.0,4.0,5.0,1.0,1.0,0.0,1.0,1.0,6.0,5.0,https://www.basketball-reference.com/boxscores/201012180DEN.html,2010-11
Shelden Williams,2010-12-22,Denver Nuggets,San Antonio Spurs,0,,,,,,,,,,,,,,,,,,,,,https://www.basketball-reference.com/boxscores/201012220SAS.html,2010-11
Shelden Williams,2010-12-25,Denver Nuggets,Oklahoma City Thunder,0,,,,,,,,,,,,,,,,,,,,,https://www.basketball-reference.com/boxscores/201012250OKC.html,2010-11
Shelden Williams,2010-12-26,Denver Nuggets,Philadelphia 76ers,1,6.43,0.0,5.0,0.0,0.0,0.0,,0.0,0.0,,0.0,1.0,1.0,0.0,0.0,0.0,0.0,0.0,0.0,-5.0,https://www.basketball-reference.com/boxscores/201012260DEN.html,2010-11
Shelden Williams,2010-12-28,Denver Nuggets,Portland Trail Blazers,1,10.37,0.0,2.0,0.0,0.0,0.0,,0.0,0.0,,3.0,3.0,6.0,0.0,0.0,0.0,1.0,1.0,0.0,0.0,https://www.basketball-reference.com/boxscores/201012280DEN.html,2010-11
Shelden Williams,2010-12-29,Denver Nuggets,Minnesota Timberwolves,0,19.39,4.0,10.0,0.4,0.0,0.0,,0.0,1.0,0.0,1.0,2.0,3.0,2.0,4.0,0.0,3.0,4.0,8.0,-1.0,https://www.basketball-reference.com/boxscores/201012290MIN.html,2010-11
Shelden Williams,2011-01-01,Denver Nuggets,Sacramento Kings,1,19.25,3.0,5.0,0.6,0.0,0.0,,0.0,0.0,,2.0,4.0,6.0,0.0,1.0,1.0,0.0,2.0,6.0,13.0,https://www.basketball-reference.com/boxscores/201101010DEN.html,2010-11
Shelden Williams,2011-01-03,Denver Nuggets,Houston Rockets,1,7.3,0.0,2.0,0.0,0.0,0.0,,0.0,0.0,,0.0,3.0,3.0,0.0,0.0,0.0,0.0,2.0,0.0,-7.0,https://www.basketball-reference.com/boxscores/201101030DEN.html,2010-11
Shelden Williams,2011-01-05,Denver Nuggets,Los Angeles Clippers,0,,,,,,,,,,,,,,,,,,,,,https://www.basketball-reference.com/boxscores/201101050LAC.html,2010-11
Shelden Williams,2011-01-06,Denver Nuggets,Sacramento Kings,0,13.29,4.0,5.0,0.8,0.0,0.0,,1.0,2.0,0.5,2.0,4.0,6.0,1.0,0.0,1.0,1.0,5.0,9.0,4.0,https://www.basketball-reference.com/boxscores/201101060SAC.html,2010-11
Shelden Williams,2011-01-09,Denver Nuggets,New Orleans Hornets,1,15.08,3.0,3.0,1.0,0.0,0.0,,0.0,0.0,,0.0,3.0,3.0,0.0,0.0,1.0,0.0,2.0,6.0,-7.0,https://www.basketball-reference.com/boxscores/201101090DEN.html,2010-11
Shelden Williams,2011-01-11,Denver Nuggets,Phoenix Suns,1,8.27,2.0,5.0,0.4,0.0,0.0,,2.0,3.0,0.667,1.0,3.0,4.0,1.0,0.0,1.0,1.0,4.0,6.0,-2.0,https://www.basketball-reference.com/boxscores/201101110DEN.html,2010-11
Shelden Williams,2011-01-13,Denver Nuggets,Miami Heat,1,5.53,1.0,2.0,0.5,0.0,0.0,,0.0,0.0,,0.0,1.0,1.0,1.0,0.0,0.0,0.0,1.0,2.0,-2.0,https://www.basketball-reference.com/boxscores/201101130DEN.html,2010-11
Shelden Williams,2011-01-15,Denver Nuggets,Cleveland Cavaliers,1,14.5,1.0,5.0,0.2,0.0,0.0,,0.0,1.0,0.0,3.0,8.0,11.0,2.0,0.0,0.0,2.0,2.0,2.0,16.0,https://www.basketball-reference.com/boxscores/201101150DEN.html,2010-11
Shelden Williams,2011-01-16,Denver Nuggets,San Antonio Spurs,0,,,,,,,,,,,,,,,,,,,,,https://www.basketball-reference.com/boxscores/201101160SAS.html,2010-11
Shelden Williams,2011-01-19,Denver Nuggets,Oklahoma City Thunder,1,,,,,,,,,,,,,,,,,,,,,https://www.basketball-reference.com/boxscores/201101190DEN.html,2010-11
Shelden Williams,2011-01-21,Denver Nuggets,Los Angeles Lakers,1,,,,,,,,,,,,,,,,,,,,,https://www.basketball-reference.com/boxscores/201101210DEN.html,2010-11
Shelden Williams,2011-01-23,Denver Nuggets,Indiana Pacers,1,6.16,1.0,2.0,0.5,0.0,0.0,,2.0,2.0,1.0,1.0,1.0,2.0,0.0,0.0,0.0,0.0,0.0,4.0,-5.0,https://www.basketball-reference.com/boxscores/201101230DEN.html,2010-11
Shelden Williams,2011-01-25,Denver Nuggets,Washington Wizards,0,,,,,,,,,,,,,,,,,,,,,https://www.basketball-reference.com/boxscores/201101250WAS.html,2010-11
Shelden Williams,2011-01-26,Denver Nuggets,Detroit Pistons,0,22.14,4.0,5.0,0.8,0.0,0.0,,5.0,6.0,0.833,2.0,3.0,5.0,0.0,0.0,0.0,2.0,1.0,13.0,1.0,https://www.basketball-reference.com/boxscores/201101260DET.html,2010-11
Shelden Williams,2011-01-28,Denver Nuggets,Cleveland Cavaliers,0,20.06,3.0,5.0,0.6,0.0,0.0,,2.0,2.0,1.0,3.0,2.0,5.0,1.0,0.0,1.0,2.0,3.0,8.0,6.0,https://www.basketball-reference.com/boxscores/201101280CLE.html,2010-11
Shelden Williams,2011-01-30,Denver Nuggets,Philadelphia 76ers,0,15.56,0.0,3.0,0.0,0.0,0.0,,0.0,0.0,,2.0,4.0,6.0,0.0,0.0,0.0,1.0,2.0,0.0,1.0,https://www.basketball-reference.com/boxscores/201101300PHI.html,2010-11
Shelden Williams,2011-01-31,Denver Nuggets,New Jersey Nets,0,,,,,,,,,,,,,,,,,,,,,https://www.basketball-reference.com/boxscores/201101310NJN.html,2010-11
Shelden Williams,2011-02-02,Denver Nuggets,Portland Trail Blazers,1,1.34,0.0,0.0,,0.0,0.0,,0.0,0.0,,0.0,0.0,0.0,0.0,0.0,0.0,1.0,0.0,0.0,-2.0,https://www.basketball-reference.com/boxscores/201102020DEN.html,2010-11
Shelden Williams,2011-02-04,Denver Nuggets,Utah Jazz,1,,,,,,,,,,,,,,,,,,,,,https://www.basketball-reference.com/boxscores/201102040DEN.html,2010-11
Shelden Williams,2011-02-05,Denver Nuggets,Minnesota Timberwolves,0,4.56,0.0,1.0,0.0,0.0,0.0,,0.0,0.0,,1.0,2.0,3.0,0.0,0.0,0.0,3.0,2.0,0.0,-8.0,https://www.basketball-reference.com/boxscores/201102050MIN.html,2010-11
Shelden Williams,2011-02-07,Denver Nuggets,Houston Rockets,1,,,,,,,,,,,,,,,,,,,,,https://www.basketball-reference.com/boxscores/201102070DEN.html,2010-11
Shelden Williams,2011-02-09,Denver Nuggets,Golden State Warriors,0,,,,,,,,,,,,,,,,,,,,,https://www.basketball-reference.com/boxscores/201102090GSW.html,2010-11
Shelden Williams,2011-02-10,Denver Nuggets,Dallas Mavericks,1,,,,,,,,,,,,,,,,,,,,,https://www.basketball-reference.com/boxscores/201102100DEN.html,2010-11
Shelden Williams,2011-02-13,Denver Nuggets,Memphis Grizzlies,0,,,,,,,,,,,,,,,,,,,,,https://www.basketball-reference.com/boxscores/201102130MEM.html,2010-11
Shelden Williams,2011-02-14,Denver Nuggets,Houston Rockets,0,,,,,,,,,,,,,,,,,,,,,https://www.basketball-reference.com/boxscores/201102140HOU.html,2010-11
Shelden Williams,2011-02-16,Denver Nuggets,Milwaukee Bucks,0,,,,,,,,,,,,,,,,,,,,,https://www.basketball-reference.com/boxscores/201102160MIL.html,2010-11
Shelden Williams,2011-02-23,New York Knicks,Milwaukee Bucks,1,,,,,,,,,,,,,,,,,,,,,https://www.basketball-reference.com/boxscores/201102230NYK.html,2010-11
Shelden Williams,2011-02-25,New York Knicks,Cleveland Cavaliers,0,,,,,,,,,,,,,,,,,,,,,https://www.basketball-reference.com/boxscores/201102250CLE.html,2010-11
Shelden Williams,2011-02-27,New York Knicks,Miami Heat,0,,,,,,,,,,,,,,,,,,,,,https://www.basketball-reference.com/boxscores/201102270MIA.html,2010-11
Shelden Williams,2011-03-01,New York Knicks,Orlando Magic,0,4.21,0.0,1.0,0.0,0.0,0.0,,0.0,0.0,,1.0,0.0,1.0,0.0,0.0,0.0,1.0,1.0,0.0,-1.0,https://www.basketball-reference.com/boxscores/201103010ORL.html,2010-11
Shelden Williams,2011-03-02,New York Knicks,New Orleans Hornets,1,2.46,0.0,1.0,0.0,0.0,0.0,,0.0,0.0,,0.0,1.0,1.0,1.0,0.0,0.0,0.0,0.0,0.0,2.0,https://www.basketball-reference.com/boxscores/201103020NYK.html,2010-11
Shelden Williams,2011-03-04,New York Knicks,Cleveland Cavaliers,1,12.22,1.0,1.0,1.0,0.0,0.0,,4.0,6.0,0.667,3.0,1.0,4.0,0.0,0.0,1.0,0.0,3.0,6.0,-1.0,https://www.basketball-reference.com/boxscores/201103040NYK.html,2010-11
Shelden Williams,2011-03-06,New York Knicks,Atlanta Hawks,0,2.44,0.0,0.0,,0.0,0.0,,0.0,0.0,,0.0,1.0,1.0,1.0,0.0,0.0,0.0,1.0,0.0,-5.0,https://www.basketball-reference.com/boxscores/201103060ATL.html,2010-11
Shelden Williams,2011-03-07,New York Knicks,Utah Jazz,1,24.54,3.0,8.0,0.375,0.0,0.0,,7.0,8.0,0.875,2.0,3.0,5.0,7.0,1.0,1.0,1.0,3.0,13.0,-5.0,https://www.basketball-reference.com/boxscores/201103070NYK.html,2010-11
Shelden Williams,2011-03-09,New York Knicks,Memphis Grizzlies,0,,,,,,,,,,,,,,,,,,,,,https://www.basketball-reference.com/boxscores/201103090MEM.html,2010-11
Shelden Williams,2011-03-10,New York Knicks,Dallas Mavericks,0,,,,,,,,,,,,,,,,,,,,,https://www.basketball-reference.com/boxscores/201103100DAL.html,2010-11
Shelden Williams,2011-03-15,New York Knicks,Indiana Pacers,0,,,,,,,,,,,,,,,,,,,,,https://www.basketball-reference.com/boxscores/201103150IND.html,2010-11
Shelden Williams,2011-03-17,New York Knicks,Memphis Grizzlies,1,,,,,,,,,,,,,,,,,,,,,https://www.basketball-reference.com/boxscores/201103170NYK.html,2010-11
Shelden Williams,2011-03-18,New York Knicks,Detroit Pistons,0,,,,,,,,,,,,,,,,,,,,,https://www.basketball-reference.com/boxscores/201103180DET.html,2010-11
Shelden Williams,2011-03-20,New York Knicks,Milwaukee Bucks,0,6.02,0.0,2.0,0.0,0.0,0.0,,0.0,0.0,,1.0,0.0,1.0,0.0,0.0,0.0,0.0,1.0,0.0,-12.0,https://www.basketball-reference.com/boxscores/201103200MIL.html,2010-11
Shelden Williams,2011-03-21,New York Knicks,Boston Celtics,1,,,,,,,,,,,,,,,,,,,,,https://www.basketball-reference.com/boxscores/201103210NYK.html,2010-11
Shelden Williams,2011-03-23,New York Knicks,Orlando Magic,1,,,,,,,,,,,,,,,,,,,,,https://www.basketball-reference.com/boxscores/201103230NYK.html,2010-11
Shelden Williams,2011-03-25,New York Knicks,Milwaukee Bucks,1,12.26,1.0,4.0,0.25,0.0,0.0,,0.0,0.0,,2.0,1.0,3.0,0.0,0.0,1.0,1.0,2.0,2.0,-4.0,https://www.basketball-reference.com/boxscores/201103250NYK.html,2010-11
Shelden Williams,2011-03-26,New York Knicks,Charlotte Bobcats,0,24.35,3.0,3.0,1.0,0.0,0.0,,4.0,4.0,1.0,2.0,7.0,9.0,1.0,1.0,1.0,0.0,5.0,10.0,6.0,https://www.basketball-reference.com/boxscores/201103260CHA.html,2010-11
Shelden Williams,2011-03-30,New York Knicks,New Jersey Nets,1,16.59,3.0,3.0,1.0,0.0,0.0,,0.0,0.0,,1.0,2.0,3.0,0.0,0.0,0.0,0.0,3.0,6.0,1.0,https://www.basketball-reference.com/boxscores/201103300NYK.html,2010-11
Shelden Williams,2009-12-01,Boston Celtics,Charlotte Bobcats,0,21.05,1.0,4.0,0.25,0.0,0.0,,3.0,6.0,0.5,1.0,1.0,2.0,0.0,0.0,2.0,1.0,2.0,5.0,-3.0,https://www.basketball-reference.com/boxscores/200912010CHA.html,2009-10
Shelden Williams,2009-12-03,Boston Celtics,San Antonio Spurs,0,,,,,,,,,,,,,,,,,,,,,https://www.basketball-reference.com/boxscores/200912030SAS.html,2009-10
Shelden Williams,2009-12-04,Boston Celtics,Oklahoma City Thunder,0,11.56,0.0,0.0,,0.0,0.0,,0.0,0.0,,0.0,2.0,2.0,0.0,2.0,0.0,1.0,2.0,0.0,-12.0,https://www.basketball-reference.com/boxscores/200912040OKC.html,2009-10
Shelden Williams,2009-12-08,Boston Celtics,Milwaukee Bucks,1,3.46,0.0,0.0,,0.0,0.0,,0.0,0.0,,0.0,0.0,0.0,0.0,0.0,0.0,1.0,0.0,0.0,1.0,https://www.basketball-reference.com/boxscores/200912080BOS.html,2009-10
Shelden Williams,2009-12-10,Boston Celtics,Washington Wizards,0,12.54,1.0,3.0,0.333,0.0,0.0,,2.0,2.0,1.0,1.0,0.0,1.0,3.0,0.0,0.0,0.0,1.0,4.0,1.0,https://www.basketball-reference.com/boxscores/200912100WAS.html,2009-10
Shelden Williams,2009-12-12,Boston Celtics,Chicago Bulls,0,21.05,2.0,4.0,0.5,0.0,0.0,,0.0,0.0,,1.0,7.0,8.0,1.0,0.0,2.0,0.0,2.0,4.0,11.0,https://www.basketball-reference.com/boxscores/200912120CHI.html,2009-10
Shelden Williams,2009-12-14,Boston Celtics,Memphis Grizzlies,0,11.52,0.0,0.0,,0.0,0.0,,1.0,2.0,0.5,4.0,1.0,5.0,0.0,0.0,0.0,1.0,1.0,1.0,0.0,https://www.basketball-reference.com/boxscores/200912140MEM.html,2009-10
Shelden Williams,2009-12-18,Boston Celtics,Philadelphia 76ers,1,12.11,3.0,3.0,1.0,0.0,0.0,,0.0,0.0,,0.0,0.0,0.0,0.0,0.0,0.0,2.0,3.0,6.0,-2.0,https://www.basketball-reference.com/boxscores/200912180BOS.html,2009-10
Shelden Williams,2009-12-20,Boston Celtics,Minnesota Timberwolves,1,13.5,0.0,2.0,0.0,0.0,0.0,,0.0,2.0,0.0,3.0,1.0,4.0,1.0,0.0,0.0,1.0,3.0,0.0,1.0,https://www.basketball-reference.com/boxscores/200912200BOS.html,2009-10
Shelden Williams,2009-12-22,Boston Celtics,Indiana Pacers,1,,,,,,,,,,,,,,,,,,,,,https://www.basketball-reference.com/boxscores/200912220BOS.html,2009-10
Shelden Williams,2009-12-25,Boston Celtics,Orlando Magic,0,6.08,0.0,1.0,0.0,0.0,0.0,,0.0,0.0,,0.0,3.0,3.0,0.0,0.0,1.0,0.0,1.0,0.0,-2.0,https://www.basketball-reference.com/boxscores/200912250ORL.html,2009-10
Shelden Williams,2009-12-27,Boston Celtics,Los Angeles Clippers,0,,,,,,,,,,,,,,,,,,,,,https://www.basketball-reference.com/boxscores/200912270LAC.html,2009-10
Shelden Williams,2009-12-28,Boston Celtics,Golden State Warriors,0,,,,,,,,,,,,,,,,,,,,,https://www.basketball-reference.com/boxscores/200912280GSW.html,2009-10
Shelden Williams,2009-12-30,Boston Celtics,Phoenix Suns,0,18.59,4.0,8.0,0.5,0.0,0.0,,6.0,10.0,0.6,1.0,4.0,5.0,0.0,1.0,0.0,0.0,3.0,14.0,-4.0,https://www.basketball-reference.com/boxscores/200912300PHO.html,2009-10
Shelden Williams,2010-01-02,Boston Celtics,Toronto Raptors,1,11.2,1.0,2.0,0.5,0.0,0.0,,0.0,0.0,,0.0,0.0,0.0,1.0,1.0,0.0,1.0,4.0,2.0,-10.0,https://www.basketball-reference.com/boxscores/201001020BOS.html,2009-10
Shelden Williams,2010-01-06,Miami Heat,Boston Celtics,1,8.04,0.0,1.0,0.0,0.0,0.0,,2.0,2.0,1.0,0.0,2.0,2.0,0.0,0.0,0.0,1.0,2.0,2.0,-7.0,https://www.basketball-reference.com/boxscores/201001060MIA.html,2009-10
Shelden Williams,2010-01-08,Boston Celtics,Atlanta Hawks,0,6.22,0.0,0.0,,0.0,0.0,,1.0,2.0,0.5,0.0,2.0,2.0,0.0,0.0,2.0,3.0,1.0,1.0,0.0,https://www.basketball-reference.com/boxscores/201001080ATL.html,2009-10
Shelden Williams,2010-01-10,Boston Celtics,Toronto Raptors,0,9.02,1.0,1.0,1.0,0.0,0.0,,0.0,0.0,,0.0,3.0,3.0,0.0,0.0,0.0,1.0,1.0,2.0,-3.0,https://www.basketball-reference.com/boxscores/201001100TOR.html,2009-10
Shelden Williams,2010-01-11,Boston Celtics,Atlanta Hawks,1,5.29,1.0,1.0,1.0,0.0,0.0,,0.0,0.0,,0.0,0.0,0.0,0.0,0.0,0.0,0.0,2.0,2.0,5.0,https://www.basketball-reference.com/boxscores/201001110BOS.html,2009-10
Shelden Williams,2010-01-13,Boston Celtics,New Jersey Nets,0,17.37,0.0,2.0,0.0,0.0,0.0,,0.0,0.0,,1.0,5.0,6.0,0.0,0.0,0.0,1.0,5.0,0.0,4.0,https://www.basketball-reference.com/boxscores/201001130NJN.html,2009-10
Shelden Williams,2010-01-14,Boston Celtics,Chicago Bulls,1,6.45,0.0,0.0,,0.0,0.0,,0.0,0.0,,0.0,3.0,3.0,0.0,0.0,0.0,0.0,1.0,0.0,1.0,https://www.basketball-reference.com/boxscores/201001140BOS.html,2009-10
Shelden Williams,2010-01-18,Boston Celtics,Dallas Mavericks,1,,,,,,,,,,,,,,,,,,,,,https://www.basketball-reference.com/boxscores/201001180BOS.html,2009-10
Shelden Williams,2010-01-20,Boston Celtics,Detroit Pistons,0,,,,,,,,,,,,,,,,,,,,,https://www.basketball-reference.com/boxscores/201001200DET.html,2009-10
Shelden Williams,2010-01-25,Boston Celtics,Los Angeles Clippers,1,,,,,,,,,,,,,,,,,,,,,https://www.basketball-reference.com/boxscores/201001250BOS.html,2009-10
Shelden Williams,2010-01-28,Boston Celtics,Orlando Magic,0,,,,,,,,,,,,,,,,,,,,,https://www.basketball-reference.com/boxscores/201001280ORL.html,2009-10
Shelden Williams,2010-01-29,Boston Celtics,Atlanta Hawks,0,,,,,,,,,,,,,,,,,,,,,https://www.basketball-reference.com/boxscores/201001290ATL.html,2009-10
Shelden Williams,2010-01-31,Boston Celtics,Los Angeles Lakers,1,,,,,,,,,,,,,,,,,,,,,https://www.basketball-reference.com/boxscores/201001310BOS.html,2009-10
Shelden Williams,2010-02-01,Boston Celtics,Washington Wizards,0,,,,,,,,,,,,,,,,,,,,,https://www.basketball-reference.com/boxscores/201002010WAS.html,2009-10
Shelden Williams,2010-02-03,Boston Celtics,Miami Heat,1,,,,,,,,,,,,,,,,,,,,,https://www.basketball-reference.com/boxscores/201002030BOS.html,2009-10
Shelden Williams,2010-02-05,Boston Celtics,New Jersey Nets,1,,,,,,,,,,,,,,,,,,,,,https://www.basketball-reference.com/boxscores/201002050BOS.html,2009-10
Shelden Williams,2010-02-07,Boston Celtics,Orlando Magic,1,,,,,,,,,,,,,,,,,,,,,https://www.basketball-reference.com/boxscores/201002070BOS.html,2009-10
Shelden Williams,2010-02-10,Boston Celtics,New Orleans Hornets,0,,,,,,,,,,,,,,,,,,,,,https://www.basketball-reference.com/boxscores/201002100NOH.html,2009-10
Shelden Williams,2010-02-16,Boston Celtics,Sacramento Kings,0,,,,,,,,,,,,,,,,,,,,,https://www.basketball-reference.com/boxscores/201002160SAC.html,2009-10
Shelden Williams,2010-02-18,Boston Celtics,Los Angeles Lakers,0,,,,,,,,,,,,,,,,,,,,,https://www.basketball-reference.com/boxscores/201002180LAL.html,2009-10
Shelden Williams,2010-02-19,Boston Celtics,Portland Trail Blazers,0,2.58,0.0,0.0,,0.0,0.0,,0.0,0.0,,0.0,0.0,0.0,0.0,0.0,0.0,0.0,1.0,0.0,0.0,https://www.basketball-reference.com/boxscores/201002190POR.html,2009-10
Shelden Williams,2010-02-21,Boston Celtics,Denver Nuggets,0,1.23,0.0,0.0,,0.0,0.0,,0.0,0.0,,0.0,0.0,0.0,0.0,0.0,0.0,0.0,0.0,0.0,4.0,https://www.basketball-reference.com/boxscores/201002210DEN.html,2009-10
Shelden Williams,2010-02-23,Boston Celtics,New York Knicks,1,,,,,,,,,,,,,,,,,,,,,https://www.basketball-reference.com/boxscores/201002230BOS.html,2009-10
Shelden Williams,2010-02-25,Boston Celtics,Cleveland Cavaliers,1,2.5,0.0,0.0,,0.0,0.0,,0.0,0.0,,0.0,0.0,0.0,0.0,1.0,1.0,0.0,2.0,0.0,-5.0,https://www.basketball-reference.com/boxscores/201002250BOS.html,2009-10
Shelden Williams,2010-02-27,Boston Celtics,New Jersey Nets,1,,,,,,,,,,,,,,,,,,,,,https://www.basketball-reference.com/boxscores/201002270BOS.html,2009-10
Shelden Williams,2010-03-02,Boston Celtics,Detroit Pistons,0,15.47,3.0,4.0,0.75,0.0,0.0,,0.0,0.0,,2.0,2.0,4.0,1.0,0.0,0.0,0.0,1.0,6.0,-2.0,https://www.basketball-reference.com/boxscores/201003020DET.html,2009-10
Shelden Williams,2010-03-03,Boston Celtics,Charlotte Bobc,1,9.27,2.0,3.0,0.667,0.0,0.0,,1.0,2.0,0.5,2.0,2.0,4.0,0.0,0.0,0.0,0.0,2.0,5.0,-1.0,https://www.basketball-reference.com/boxscores/201003030BOS.html,2009-10
Shelden Williams,2010-03-05,Boston Celtics,Philadelphia 76ers,0,,,,,,,,,,,,,,,,,,,,,https://www.basketball-reference.com/boxscores/201003050PHI.html,2009-10
Shelden Williams,2010-03-07,Boston Celtics,Washington Wizards,1,,,,,,,,,,,,,,,,,,,,,https://www.basketball-reference.com/boxscores/201003070BOS.html,2009-10
Shelden Williams,2010-03-09,Boston Celtics,Milwaukee Bucks,0,,,,,,,,,,,,,,,,,,,,,https://www.basketball-reference.com/boxscores/201003090MIL.html,2009-10
Shelden Williams,2010-03-10,Boston Celtics,Memphis Grizzlies,1,8.1,1.0,2.0,0.5,0.0,0.0,,1.0,2.0,0.5,0.0,1.0,1.0,0.0,0.0,0.0,1.0,1.0,3.0,8.0,https://www.basketball-reference.com/boxscores/201003100BOS.html,2009-10
Shelden Williams,2010-03-12,Boston Celtics,Indiana Pacers,1,5.42,0.0,1.0,0.0,0.0,0.0,,2.0,2.0,1.0,0.0,1.0,1.0,1.0,0.0,0.0,0.0,0.0,2.0,-1.0,https://www.basketball-reference.com/boxscores/201003120BOS.html,2009-10
Shelden Williams,2010-03-14,Boston Celtics,Cleveland Cavaliers,0,2.03,0.0,0.0,,0.0,0.0,,2.0,2.0,1.0,0.0,0.0,0.0,0.0,0.0,0.0,0.0,0.0,2.0,2.0,https://www.basketball-reference.com/boxscores/201003140CLE.html,2009-10
Shelden Williams,2010-03-15,Boston Celtics,Detroit Pistons,1,7.11,2.0,2.0,1.0,0.0,0.0,,0.0,0.0,,0.0,0.0,0.0,0.0,0.0,0.0,0.0,1.0,4.0,-2.0,https://www.basketball-reference.com/boxscores/201003150BOS.html,2009-10
Shelden Williams,2010-03-17,Boston Celtics,New York Knicks,1,7.48,2.0,4.0,0.5,0.0,0.0,,4.0,4.0,1.0,1.0,2.0,3.0,0.0,0.0,0.0,0.0,0.0,8.0,-5.0,https://www.basketball-reference.com/boxscores/201003170BOS.html,2009-10
Shelden Williams,2010-03-19,Boston Celtics,Houston Rockets,0,,,,,,,,,,,,,,,,,,,,,https://www.basketball-reference.com/boxscores/201003190HOU.html,2009-10
Shelden Williams,2010-03-20,Boston Celtics,Dallas Mavericks,0,,,,,,,,,,,,,,,,,,,,,https://www.basketball-reference.com/boxscores/201003200DAL.html,2009-10
Shelden Williams,2010-03-22,Boston Celtics,Utah Jazz,0,6.18,1.0,2.0,0.5,0.0,0.0,,0.0,0.0,,1.0,0.0,1.0,0.0,0.0,0.0,1.0,1.0,2.0,1.0,https://www.basketball-reference.com/boxscores/201003220UTA.html,2009-10
Shelden Williams,2010-03-24,Boston Celtics,Denver Nuggets,1,0.55,0.0,1.0,0.0,0.0,0.0,,0.0,0.0,,0.0,0.0,0.0,0.0,0.0,0.0,0.0,0.0,0.0,-2.0,https://www.basketball-reference.com/boxscores/201003240BOS.html,2009-10
Shelden Williams,2010-03-26,Boston Celtics,Sacramento Kings,1,22.4,3.0,6.0,0.5,0.0,1.0,0.0,0.0,2.0,0.0,1.0,2.0,3.0,0.0,0.0,1.0,0.0,1.0,6.0,-6.0,https://www.basketball-reference.com/boxscores/201003260BOS.html,2009-10
Shelden Williams,2010-03-28,Boston Celtics,San Antonio Spurs,1,11.25,5.0,5.0,1.0,0.0,0.0,,1.0,1.0,1.0,1.0,0.0,1.0,0.0,0.0,0.0,0.0,4.0,11.0,-7.0,https://www.basketball-reference.com/boxscores/201003280BOS.html,2009-10
Shelden Williams,2010-03-31,Boston Celtics,Oklahoma City Thunder,1,,,,,,,,,,,,,,,,,,,,,https://www.basketball-reference.com/boxscores/201003310BOS.html,2009-10
Shelden Williams,2008-12-02,Sacramento Kings,Utah Jazz,1,,,,,,,,,,,,,,,,,,,,,https://www.basketball-reference.com/boxscores/200812020SAC.html,2008-09
Shelden Williams,2008-12-06,Sacramento Kings,Denver Nuggets,1,5.48,1.0,2.0,0.5,0.0,0.0,,0.0,0.0,,1.0,0.0,1.0,0.0,1.0,0.0,0.0,0.0,2.0,1.0,https://www.basketball-reference.com/boxscores/200812060SAC.html,2008-09
Shelden Williams,2008-12-09,Sacramento Kings,Los Angeles Lakers,1,,,,,,,,,,,,,,,,,,,,,https://www.basketball-reference.com/boxscores/200812090SAC.html,2008-09
Shelden Williams,2008-12-12,Sacramento Kings,Los Angeles Lakers,0,,,,,,,,,,,,,,,,,,,,,https://www.basketball-reference.com/boxscores/200812120LAL.html,2008-09
Shelden Williams,2008-12-13,Sacramento Kings,New York Knicks,1,9.13,2.0,6.0,0.333,0.0,0.0,,1.0,2.0,0.5,0.0,4.0,4.0,0.0,2.0,0.0,2.0,0.0,5.0,1.0,https://www.basketball-reference.com/boxscores/200812130SAC.html,2008-09
Shelden Williams,2008-12-15,Sacramento Kings,Minnesota Timberwolves,1,,,,,,,,,,,,,,,,,,,,,https://www.basketball-reference.com/boxscores/200812150SAC.html,2008-09
Shelden Williams,2008-12-16,Sacramento Kings,Portland Trail Blazers,0,8.14,3.0,3.0,1.0,0.0,0.0,,3.0,3.0,1.0,0.0,0.0,0.0,0.0,0.0,1.0,0.0,2.0,9.0,-1.0,https://www.basketball-reference.com/boxscores/200812160POR.html,2008-09
Shelden Williams,2008-12-19,Sacramento Kings,Houston Rockets,0,,,,,,,,,,,,,,,,,,,,,https://www.basketball-reference.com/boxscores/200812190HOU.html,2008-09
Shelden Williams,2008-12-20,Sacramento Kings,New Orleans Hornets,0,,,,,,,,,,,,,,,,,,,,,https://www.basketball-reference.com/boxscores/200812200NOH.html,2008-09
Shelden Williams,2008-12-22,Sacramento Kings,San Antonio Spurs,0,4.1,1.0,4.0,0.25,0.0,0.0,,0.0,0.0,,1.0,0.0,1.0,0.0,0.0,0.0,0.0,0.0,2.0,-2.0,https://www.basketball-reference.com/boxscores/200812220SAS.html,2008-09
Shelden Williams,2008-12-26,Sacramento Kings,Toronto Raptors,1,,,,,,,,,,,,,,,,,,,,,https://www.basketball-reference.com/boxscores/200812260SAC.html,2008-09
Shelden Williams,2008-12-28,Sacramento Kings,Boston Celtics,1,5.46,0.0,0.0,,0.0,0.0,,0.0,0.0,,0.0,4.0,4.0,0.0,1.0,0.0,1.0,0.0,0.0,0.0,https://www.basketball-reference.com/boxscores/200812280SAC.html,2008-09
Shelden Williams,2008-12-30,Sacramento Kings,Los Angeles Clippers,1,,,,,,,,,,,,,,,,,,,,,https://www.basketball-reference.com/boxscores/200812300SAC.html,2008-09
Shelden Williams,2009-01-03,Sacramento Kings,Indiana Pacers,0,,,,,,,,,,,,,,,,,,,,,https://www.basketball-reference.com/boxscores/200901030IND.html,2008-09
Shelden Williams,2009-01-13,Sacramento Kings,Orlando Magic,1,7.23,0.0,2.0,0.0,0.0,0.0,,0.0,0.0,,1.0,2.0,3.0,0.0,0.0,0.0,0.0,0.0,0.0,-5.0,https://www.basketball-reference.com/boxscores/200901130SAC.html,2008-09
Shelden Williams,2009-01-16,Sacramento Kings,Milwaukee Bucks,1,,,,,,,,,,,,,,,,,,,,,https://www.basketball-reference.com/boxscores/200901160SAC.html,2008-09
Shelden Williams,2009-01-21,Sacramento Kings,Washington Wizards,1,17.05,2.0,3.0,0.667,0.0,0.0,,1.0,2.0,0.5,2.0,3.0,5.0,0.0,2.0,0.0,2.0,3.0,5.0,7.0,https://www.basketball-reference.com/boxscores/200901210SAC.html,2008-09
Shelden Williams,2009-01-27,Sacramento Kings,Cleveland Cavaliers,0,,,,,,,,,,,,,,,,,,,,,https://www.basketball-reference.com/boxscores/200901270CLE.html,2008-09
Shelden Williams,2009-01-28,Sacramento Kings,Boston Celtics,0,3.06,0.0,1.0,0.0,0.0,0.0,,0.0,0.0,,0.0,0.0,0.0,0.0,0.0,0.0,1.0,0.0,0.0,-11.0,https://www.basketball-reference.com/boxscores/200901280BOS.html,2008-09
Shelden Williams,2009-01-30,Sacramento Kings,Chicago Bulls,1,4.4,0.0,2.0,0.0,0.0,0.0,,0.0,0.0,,2.0,0.0,2.0,0.0,0.0,0.0,1.0,0.0,0.0,-1.0,https://www.basketball-reference.com/boxscores/200901300SAC.html,2008-09
Shelden Williams,2009-02-02,Sacramento Kings,Phoenix Suns,0,14.17,0.0,4.0,0.0,0.0,0.0,,1.0,2.0,0.5,1.0,3.0,4.0,0.0,0.0,0.0,1.0,3.0,1.0,-8.0,https://www.basketball-reference.com/boxscores/200902020PHO.html,2008-09
Shelden Williams,2009-02-06,Sacramento Kings,Utah Jazz,1,,,,,,,,,,,,,,,,,,,,,https://www.basketball-reference.com/boxscores/200902060SAC.html,2008-09
Shelden Williams,2009-02-08,Sacramento Kings,Oklahoma City Thunder,0,4.52,1.0,2.0,0.5,0.0,0.0,,0.0,0.0,,0.0,1.0,1.0,0.0,0.0,1.0,1.0,2.0,2.0,-7.0,https://www.basketball-reference.com/boxscores/200902080OKC.html,2008-09
Shelden Williams,2009-02-10,Sacramento Kings,Dallas Mavericks,0,25.08,5.0,6.0,0.833,0.0,0.0,,5.0,6.0,0.833,2.0,3.0,5.0,2.0,0.0,0.0,3.0,2.0,15.0,10.0,https://www.basketball-reference.com/boxscores/200902100DAL.html,2008-09
Shelden Williams,2009-02-11,Sacramento Kings,Houston Rockets,0,11.58,2.0,5.0,0.4,0.0,0.0,,0.0,0.0,,0.0,2.0,2.0,0.0,0.0,0.0,1.0,0.0,4.0,-12.0,https://www.basketball-reference.com/boxscores/200902110HOU.html,2008-09
Shelden Williams,2009-02-18,Sacramento Kings,Atlanta Hawks,1,9.18,2.0,5.0,0.4,0.0,1.0,0.0,0.0,0.0,,0.0,2.0,2.0,0.0,0.0,0.0,1.0,1.0,4.0,9.0,https://www.basketball-reference.com/boxscores/200902180SAC.html,2008-09
Shelden Williams,2009-02-23,Sacramento Kings,New Orleans Hornets,1,,,,,,,,,,,,,,,,,,,,,https://www.basketball-reference.com/boxscores/200902230SAC.html,2008-09
Shelden Williams,2009-02-24,Minnesota Timberwolves,Toronto Raptors,0,,,,,,,,,,,,,,,,,,,,,https://www.basketball-reference.com/boxscores/200902240TOR.html,2008-09
Shelden Williams,2009-02-25,Minnesota Timberwolves,Utah Jazz,1,,,,,,,,,,,,,,,,,,,,,https://www.basketball-reference.com/boxscores/200902250MIN.html,2008-09
Shelden Williams,2009-02-27,Minnesota Timberwolves,Portland Trail Blazers,1,7.47,0.0,0.0,,0.0,0.0,,3.0,4.0,0.75,0.0,3.0,3.0,0.0,0.0,1.0,0.0,0.0,3.0,2.0,https://www.basketball-reference.com/boxscores/200902270MIN.html,2008-09
Shelden Williams,2009-03-01,Minnesota Timberwolves,Houston Rockets,1,,,,,,,,,,,,,,,,,,,,,https://www.basketball-reference.com/boxscores/200903010MIN.html,2008-09
Shelden Williams,2009-03-03,Minnesota Timberwolves,Golden State Warriors,1,5.01,0.0,1.0,0.0,0.0,0.0,,0.0,0.0,,0.0,1.0,1.0,0.0,0.0,0.0,1.0,2.0,0.0,-6.0,https://www.basketball-reference.com/boxscores/200903030MIN.html,2008-09
Shelden Williams,2009-03-06,Minnesota Timberwolves,Los Angeles Lakers,0,18.18,5.0,11.0,0.455,0.0,0.0,,4.0,5.0,0.8,5.0,6.0,11.0,0.0,0.0,0.0,1.0,1.0,14.0,-4.0,https://www.basketball-reference.com/boxscores/200903060LAL.html,2008-09
Shelden Williams,2009-03-07,Minnesota Timberwolves,Portland Trail Blazers,0,5.29,0.0,2.0,0.0,0.0,0.0,,0.0,0.0,,0.0,0.0,0.0,0.0,0.0,1.0,0.0,1.0,0.0,2.0,https://www.basketball-reference.com/boxscores/200903070POR.html,2008-09
Shelden Williams,2009-03-09,Minnesota Timberwolves,Washington Wizards,1,,,,,,,,,,,,,,,,,,,,,https://www.basketball-reference.com/boxscores/200903090MIN.html,2008-09
Shelden Williams,2009-03-11,Minnesota Timberwolves,Memphis Grizzlies,1,17.47,1.0,3.0,0.333,0.0,0.0,,2.0,2.0,1.0,1.0,7.0,8.0,0.0,2.0,1.0,1.0,3.0,4.0,10.0,https://www.basketball-reference.com/boxscores/200903110MIN.html,2008-09
Shelden Williams,2009-03-13,Minnesota Timberwolves,New York Knicks,1,12.13,1.0,3.0,0.333,0.0,0.0,,0.0,0.0,,1.0,3.0,4.0,0.0,0.0,1.0,0.0,2.0,2.0,2.0,https://www.basketball-reference.com/boxscores/200903130MIN.html,2008-09
Shelden Williams,2009-03-14,Minnesota Timberwolves,Charlotte Bobc,1,,,,,,,,,,,,,,,,,,,,,https://www.basketball-reference.com/boxscores/200903140MIN.html,2008-09
Shelden Williams,2009-03-17,Minnesota Timberwolves,San Antonio Spurs,0,,,,,,,,,,,,,,,,,,,,,https://www.basketball-reference.com/boxscores/200903170SAS.html,2008-09
Shelden Williams,2009-03-18,Minnesota Timberwolves,New Orleans Hornets,0,,,,,,,,,,,,,,,,,,,,,https://www.basketball-reference.com/boxscores/200903180NOH.html,2008-09
Shelden Williams,2009-03-20,Minnesota Timberwolves,Houston Rockets,0,6.14,1.0,4.0,0.25,0.0,0.0,,1.0,2.0,0.5,1.0,0.0,1.0,1.0,2.0,0.0,0.0,0.0,3.0,-1.0,https://www.basketball-reference.com/boxscores/200903200HOU.html,2008-09
Shelden Williams,2009-03-22,Minnesota Timberwolves,Oklahoma City Thunder,1,12.44,2.0,2.0,1.0,0.0,0.0,,0.0,2.0,0.0,2.0,3.0,5.0,0.0,0.0,0.0,0.0,2.0,4.0,24.0,https://www.basketball-reference.com/boxscores/200903220MIN.html,2008-09
Shelden Williams,2009-03-23,Minnesota Timberwolves,Atlanta Hawks,0,3.54,0.0,2.0,0.0,0.0,0.0,,0.0,0.0,,0.0,0.0,0.0,0.0,0.0,0.0,0.0,1.0,0.0,-6.0,https://www.basketball-reference.com/boxscores/200903230ATL.html,2008-09
Shelden Williams,2009-03-25,Minnesota Timberwolves,Philadelphia 76ers,0,,,,,,,,,,,,,,,,,,,,,https://www.basketball-reference.com/boxscores/200903250PHI.html,2008-09
Shelden Williams,2009-03-27,Minnesota Timberwolves,Cleveland Cavaliers,0,,,,,,,,,,,,,,,,,,,,,https://www.basketball-reference.com/boxscores/200903270CLE.html,2008-09
Shelden Williams,2009-03-29,Minnesota Timberwolves,New Jersey Nets,1,,,,,,,,,,,,,,,,,,,,,https://www.basketball-reference.com/boxscores/200903290MIN.html,2008-09
Shelden Williams,2009-03-31,Minnesota Timberwolves,Dallas Mavericks,1,,,,,,,,,,,,,,,,,,,,,https://www.basketball-reference.com/boxscores/200903310MIN.html,2008-09
