Unnamed: 0,season,Player,Date,Team,Against,Home,MP,FG,FGA,FG%,3P,3PA,3P%,FT,FTA,FT%,ORB,DRB,TRB,AST,STL,BLK,TOV,PF,PTS,+/-,GameLink,TS%,DD,DT,FPTS
,2018-19,Sindarius Thornwell,2019-01-20,Los Angeles Clippers,San Antonio Spurs,0.0,9.53,1.0,2.0,0.5,1.0,1.0,1.0,1.0,2.0,0.5,0.0,0.0,0.0,0.0,0.0,0.0,0.0,2.0,4.0,13.0,https://www.basketball-reference.com/boxscores/201901200SAS.html,5.76,0.0,0.0,4.5
,2018-19,Sindarius Thornwell,2019-02-03,Los Angeles Clippers,Toronto Raptors,0.0,7.46,0.0,1.0,0.0,0.0,1.0,0.0,2.0,2.0,1.0,0.0,2.0,2.0,0.0,1.0,0.0,1.0,0.0,2.0,2.0,https://www.basketball-reference.com/boxscores/201902030TOR.html,1.88,0.0,0.0,6.0
,2018-19,Sindarius Thornwell,2019-02-07,Los Angeles Clippers,Indiana Pacers,0.0,29.19,2.0,6.0,0.333,0.0,2.0,0.0,1.0,2.0,0.5,1.0,2.0,3.0,2.0,5.0,0.0,2.0,1.0,5.0,-7.0,https://www.basketball-reference.com/boxscores/201902070IND.html,17.2,0.0,0.0,20.75
,2018-19,Sindarius Thornwell,2019-03-11,Los Angeles Clippers,Boston Celtics,1.0,4.46,1.0,1.0,1.0,1.0,1.0,1.0,2.0,3.0,0.667,0.0,1.0,1.0,0.0,0.0,0.0,0.0,0.0,5.0,0.0,https://www.basketball-reference.com/boxscores/201903110LAC.html,5.800000000000002,0.0,0.0,6.75
,2020-21,Sindarius Thornwell,2021-01-30,New Orleans Pelicans,Houston Rockets,1.0,6.42,2.0,3.0,0.667,1.0,2.0,0.5,0.0,2.0,0.0,1.0,0.0,1.0,1.0,0.0,0.0,1.0,0.0,5.0,7.0,https://www.basketball-reference.com/boxscores/202101300NOP.html,9.7,0.0,0.0,7.75
