Unnamed: 0,season,Player,Date,Team,Against,Home,MP,FG,FGA,FG%,3P,3PA,3P%,FT,FTA,FT%,ORB,DRB,TRB,AST,STL,BLK,TOV,PF,PTS,+/-,GameLink,TS%,DD,DT,FPTS
,2019-20,T.J. Warren,2019-12-04,Indiana Pacers,Oklahoma City Thunder,0.0,35.22,9.0,15.0,0.6,1.0,3.0,0.333,5.0,6.0,0.833,1.0,3.0,4.0,1.0,0.0,0.0,1.0,4.0,24.0,7.0,https://www.basketball-reference.com/boxscores/201912040OKC.html,211.68,0.0,0.0,30.5
,2019-20,T.J. Warren,2019-12-06,Indiana Pacers,Detroit Pistons,0.0,29.59,11.0,18.0,0.611,1.0,3.0,0.333,3.0,3.0,1.0,1.0,0.0,1.0,1.0,0.0,0.0,1.0,3.0,26.0,-5.0,https://www.basketball-reference.com/boxscores/201912060DET.html,251.16,0.0,0.0,28.75
,2019-20,T.J. Warren,2019-12-07,Indiana Pacers,New York Knicks,0.0,38.01,10.0,19.0,0.526,2.0,5.0,0.4,3.0,4.0,0.75,1.0,3.0,4.0,0.0,1.0,1.0,1.0,3.0,25.0,2.0,https://www.basketball-reference.com/boxscores/201912070NYK.html,259.5,0.0,0.0,34.5
,2019-20,T.J. Warren,2019-12-09,Indiana Pacers,Los Angeles Clippers,1.0,28.37,2.0,8.0,0.25,0.0,2.0,0.0,8.0,9.0,0.889,0.0,8.0,8.0,0.0,1.0,0.0,2.0,5.0,12.0,-3.0,https://www.basketball-reference.com/boxscores/201912090IND.html,71.76,0.0,0.0,23.0
,2019-20,T.J. Warren,2019-12-11,Indiana Pacers,Boston Celtics,1.0,29.39,5.0,9.0,0.556,2.0,4.0,0.5,2.0,4.0,0.5,0.0,1.0,1.0,2.0,1.0,0.0,2.0,2.0,14.0,-7.0,https://www.basketball-reference.com/boxscores/201912110IND.html,75.32,0.0,0.0,20.25
,2019-20,T.J. Warren,2019-12-13,Indiana Pacers,Atlanta Hawks,0.0,31.06,8.0,18.0,0.444,1.0,4.0,0.25,1.0,1.0,1.0,1.0,3.0,4.0,1.0,2.0,0.0,2.0,4.0,18.0,-1.0,https://www.basketball-reference.com/boxscores/201912130ATL.html,165.96,0.0,0.0,28.0
,2019-20,T.J. Warren,2019-12-15,Indiana Pacers,Charlotte Hornets,1.0,26.18,2.0,8.0,0.25,0.0,3.0,0.0,2.0,2.0,1.0,1.0,3.0,4.0,2.0,0.0,0.0,0.0,0.0,6.0,7.0,https://www.basketball-reference.com/boxscores/201912150IND.html,26.64,0.0,0.0,14.0
,2019-20,T.J. Warren,2019-12-17,Indiana Pacers,Los Angeles Lakers,1.0,32.53,5.0,12.0,0.417,0.0,2.0,0.0,2.0,2.0,1.0,2.0,3.0,5.0,1.0,1.0,3.0,1.0,1.0,12.0,-2.0,https://www.basketball-reference.com/boxscores/201912170IND.html,77.28,0.0,0.0,27.25
,2019-20,T.J. Warren,2019-12-27,Indiana Pacers,Miami Heat,0.0,30.58,5.0,12.0,0.417,1.0,4.0,0.25,5.0,5.0,1.0,0.0,4.0,4.0,2.0,1.0,0.0,0.0,3.0,16.0,2.0,https://www.basketball-reference.com/boxscores/201912270MIA.html,113.6,0.0,0.0,26.5
,2019-20,T.J. Warren,2019-12-28,Indiana Pacers,New Orleans Pelicans,0.0,29.01,6.0,12.0,0.5,0.0,2.0,0.0,8.0,8.0,1.0,1.0,2.0,3.0,1.0,1.0,0.0,1.0,1.0,20.0,-16.0,https://www.basketball-reference.com/boxscores/201912280NOP.html,155.2,0.0,0.0,26.75
,2019-20,T.J. Warren,2019-12-31,Indiana Pacers,Philadelphia 76ers,1.0,30.02,9.0,11.0,0.818,2.0,2.0,1.0,1.0,2.0,0.5,0.0,4.0,4.0,2.0,0.0,0.0,0.0,0.0,21.0,17.0,https://www.basketball-reference.com/boxscores/201912310IND.html,124.74,0.0,0.0,30.0
,2019-20,T.J. Warren,2020-01-02,Indiana Pacers,Denver Nuggets,1.0,37.38,8.0,15.0,0.5329999999999999,2.0,5.0,0.4,2.0,2.0,1.0,2.0,3.0,5.0,2.0,2.0,0.0,0.0,4.0,20.0,-1.0,https://www.basketball-reference.com/boxscores/202001020IND.html,158.8,0.0,0.0,34.25
,2019-20,T.J. Warren,2020-01-04,Indiana Pacers,Atlanta Hawks,0.0,34.46,5.0,14.0,0.35700000000000004,2.0,4.0,0.5,5.0,7.0,0.7140000000000001,2.0,5.0,7.0,3.0,2.0,1.0,3.0,4.0,17.0,-3.0,https://www.basketball-reference.com/boxscores/202001040ATL.html,145.17999999999995,0.0,0.0,35.75
,2019-20,T.J. Warren,2020-01-06,Indiana Pacers,Charlotte Hornets,0.0,33.46,15.0,24.0,0.625,0.0,2.0,0.0,6.0,6.0,1.0,3.0,2.0,5.0,3.0,1.0,1.0,1.0,5.0,36.0,12.0,https://www.basketball-reference.com/boxscores/202001060CHO.html,479.52,0.0,0.0,50.25
,2019-20,T.J. Warren,2020-01-08,Indiana Pacers,Miami Heat,1.0,23.19,1.0,5.0,0.2,0.0,1.0,0.0,1.0,2.0,0.5,1.0,3.0,4.0,1.0,0.0,0.0,1.0,3.0,3.0,-25.0,https://www.basketball-reference.com/boxscores/202001080IND.html,8.82,0.0,0.0,9.0
,2019-20,T.J. Warren,2020-01-10,Indiana Pacers,Chicago Bulls,0.0,29.34,8.0,15.0,0.5329999999999999,1.0,3.0,0.333,0.0,2.0,0.0,3.0,2.0,5.0,2.0,2.0,0.0,3.0,2.0,17.0,-1.0,https://www.basketball-reference.com/boxscores/202001100CHI.html,134.98000000000002,0.0,0.0,29.25
,2019-20,T.J. Warren,2020-01-13,Indiana Pacers,Philadelphia 76ers,1.0,37.14,8.0,13.0,0.615,0.0,2.0,0.0,5.0,7.0,0.7140000000000001,0.0,1.0,1.0,2.0,2.0,2.0,2.0,2.0,21.0,-3.0,https://www.basketball-reference.com/boxscores/202001130IND.html,168.83999999999997,0.0,0.0,32.25
,2019-20,T.J. Warren,2020-01-15,Indiana Pacers,Minnesota Timberwolves,0.0,31.01,5.0,11.0,0.455,1.0,1.0,1.0,1.0,2.0,0.5,0.0,6.0,6.0,2.0,1.0,0.0,1.0,3.0,12.0,1.0,https://www.basketball-reference.com/boxscores/202001150MIN.html,71.28,0.0,0.0,24.5
,2019-20,T.J. Warren,2020-01-17,Indiana Pacers,Minnesota Timberwolves,1.0,33.33,11.0,18.0,0.611,3.0,4.0,0.75,3.0,3.0,1.0,1.0,4.0,5.0,2.0,1.0,1.0,1.0,4.0,28.0,3.0,https://www.basketball-reference.com/boxscores/202001170IND.html,270.48,0.0,0.0,42.25
,2019-20,T.J. Warren,2020-01-19,Indiana Pacers,Denver Nuggets,0.0,33.21,7.0,13.0,0.5379999999999999,0.0,1.0,0.0,8.0,8.0,1.0,0.0,3.0,3.0,1.0,0.0,1.0,0.0,2.0,22.0,-2.0,https://www.basketball-reference.com/boxscores/202001190DEN.html,181.72,0.0,0.0,29.25
,2019-20,T.J. Warren,2020-01-24,Indiana Pacers,Golden State Warriors,0.0,35.1,14.0,23.0,0.609,3.0,6.0,0.5,2.0,3.0,0.667,3.0,2.0,5.0,2.0,4.0,1.0,1.0,2.0,33.0,11.0,https://www.basketball-reference.com/boxscores/202001240GSW.html,401.28,0.0,0.0,53.25
,2019-20,T.J. Warren,2020-01-26,Indiana Pacers,Portland Trail Blazers,0.0,29.07,5.0,13.0,0.385,0.0,2.0,0.0,4.0,4.0,1.0,0.0,2.0,2.0,4.0,0.0,0.0,0.0,3.0,14.0,-16.0,https://www.basketball-reference.com/boxscores/202001260POR.html,103.32,0.0,0.0,22.5
,2019-20,T.J. Warren,2020-02-01,Indiana Pacers,New York Knicks,1.0,23.16,2.0,5.0,0.4,0.0,1.0,0.0,1.0,2.0,0.5,0.0,1.0,1.0,0.0,2.0,0.0,0.0,3.0,5.0,-5.0,https://www.basketball-reference.com/boxscores/202002010IND.html,14.7,0.0,0.0,10.25
,2019-20,T.J. Warren,2020-02-08,Indiana Pacers,New Orleans Pelicans,1.0,35.16,9.0,12.0,0.75,0.0,1.0,0.0,4.0,8.0,0.5,0.0,4.0,4.0,0.0,1.0,2.0,0.0,5.0,22.0,-5.0,https://www.basketball-reference.com/boxscores/202002080IND.html,170.72,0.0,0.0,33.0
,2019-20,T.J. Warren,2020-02-10,Indiana Pacers,Brooklyn Nets,1.0,27.37,8.0,13.0,0.615,0.0,2.0,0.0,3.0,5.0,0.6,0.0,1.0,1.0,2.0,2.0,0.0,0.0,4.0,19.0,-6.0,https://www.basketball-reference.com/boxscores/202002100IND.html,144.4,0.0,0.0,27.25
,2019-20,T.J. Warren,2020-02-12,Indiana Pacers,Milwaukee Bucks,1.0,38.52,16.0,19.0,0.8420000000000001,1.0,2.0,0.5,2.0,2.0,1.0,1.0,6.0,7.0,1.0,4.0,0.0,2.0,1.0,35.0,5.0,https://www.basketball-reference.com/boxscores/202002120IND.html,347.9,0.0,0.0,52.75
,2019-20,T.J. Warren,2020-02-21,Indiana Pacers,New York Knicks,0.0,36.36,10.0,21.0,0.476,2.0,5.0,0.4,5.0,5.0,1.0,3.0,5.0,8.0,3.0,2.0,1.0,1.0,5.0,27.0,10.0,https://www.basketball-reference.com/boxscores/202002210NYK.html,313.2,0.0,0.0,48.0
,2019-20,T.J. Warren,2020-02-27,Indiana Pacers,Portland Trail Blazers,1.0,38.0,6.0,13.0,0.462,1.0,2.0,0.5,2.0,2.0,1.0,0.0,5.0,5.0,0.0,2.0,1.0,2.0,1.0,15.0,-3.0,https://www.basketball-reference.com/boxscores/202002270IND.html,104.1,0.0,0.0,26.75
,2019-20,T.J. Warren,2020-03-02,Indiana Pacers,San Antonio Spurs,0.0,39.3,8.0,14.0,0.5710000000000001,3.0,6.0,0.5,4.0,5.0,0.8,0.0,7.0,7.0,2.0,1.0,0.0,3.0,4.0,23.0,12.0,https://www.basketball-reference.com/boxscores/202003020SAS.html,186.3,0.0,0.0,36.75
,2019-20,T.J. Warren,2020-03-04,Indiana Pacers,Milwaukee Bucks,0.0,32.52,8.0,18.0,0.444,1.0,4.0,0.25,1.0,1.0,1.0,1.0,3.0,4.0,1.0,0.0,0.0,0.0,3.0,18.0,-41.0,https://www.basketball-reference.com/boxscores/202003040MIL.html,165.96,0.0,0.0,25.0
,2019-20,T.J. Warren,2020-03-08,Indiana Pacers,Dallas Mavericks,0.0,32.42,7.0,13.0,0.5379999999999999,0.0,2.0,0.0,2.0,2.0,1.0,2.0,6.0,8.0,1.0,0.0,1.0,0.0,6.0,16.0,3.0,https://www.basketball-reference.com/boxscores/202003080DAL.html,111.04,0.0,0.0,29.5
,2019-20,T.J. Warren,2020-03-10,Indiana Pacers,Boston Celtics,1.0,34.13,9.0,18.0,0.5,1.0,2.0,0.5,3.0,3.0,1.0,4.0,1.0,5.0,0.0,0.0,0.0,3.0,4.0,22.0,-1.0,https://www.basketball-reference.com/boxscores/202003100IND.html,212.52,0.0,0.0,27.25
,2018-19,T.J. Warren,2018-12-11,Phoenix Suns,San Antonio Spurs,0.0,24.53,9.0,16.0,0.563,1.0,5.0,0.2,4.0,4.0,1.0,2.0,4.0,6.0,2.0,0.0,0.0,1.0,3.0,23.0,-5.0,https://www.basketball-reference.com/boxscores/201812110SAS.html,204.24,0.0,0.0,33.5
,2018-19,T.J. Warren,2018-12-13,Phoenix Suns,Dallas Mavericks,1.0,35.5,11.0,17.0,0.647,3.0,4.0,0.75,5.0,6.0,0.833,1.0,2.0,3.0,3.0,0.0,0.0,2.0,5.0,30.0,7.0,https://www.basketball-reference.com/boxscores/201812130PHO.html,294.6,0.0,0.0,38.75
,2018-19,T.J. Warren,2018-12-15,Phoenix Suns,Minnesota Timberwolves,1.0,32.36,8.0,19.0,0.421,3.0,6.0,0.5,2.0,2.0,1.0,1.0,4.0,5.0,1.0,1.0,1.0,0.0,5.0,21.0,8.0,https://www.basketball-reference.com/boxscores/201812150PHO.html,208.74,0.0,0.0,34.25
,2018-19,T.J. Warren,2018-12-19,Phoenix Suns,Boston Celtics,0.0,36.06,7.0,20.0,0.35,1.0,4.0,0.25,6.0,6.0,1.0,3.0,2.0,5.0,1.0,2.0,0.0,2.0,4.0,21.0,-3.0,https://www.basketball-reference.com/boxscores/201812190BOS.html,237.72,0.0,0.0,32.25
,2018-19,T.J. Warren,2018-12-22,Washington Wizards,Phoenix Suns,1.0,53.09,9.0,18.0,0.5,3.0,6.0,0.5,7.0,12.0,0.583,1.0,7.0,8.0,4.0,2.0,2.0,1.0,3.0,28.0,-12.0,https://www.basketball-reference.com/boxscores/201812220WAS.html,325.92,0.0,0.0,53.0
,2018-19,T.J. Warren,2018-12-26,Orlando Magic,Phoenix Suns,1.0,36.17,9.0,18.0,0.5,3.0,5.0,0.6,3.0,4.0,0.75,2.0,2.0,4.0,0.0,2.0,0.0,2.0,3.0,24.0,-3.0,https://www.basketball-reference.com/boxscores/201812260ORL.html,237.12,0.0,0.0,33.5
,2018-19,T.J. Warren,2018-12-29,Phoenix Suns,Denver Nuggets,1.0,40.42,9.0,18.0,0.5,3.0,8.0,0.375,1.0,2.0,0.5,0.0,3.0,3.0,3.0,5.0,1.0,3.0,3.0,22.0,11.0,https://www.basketball-reference.com/boxscores/201812290PHO.html,207.68,0.0,0.0,42.25
,2018-19,T.J. Warren,2018-12-31,Phoenix Suns,Golden State Warriors,1.0,34.28,8.0,17.0,0.471,2.0,5.0,0.4,6.0,6.0,1.0,0.0,4.0,4.0,4.0,1.0,0.0,0.0,2.0,24.0,-25.0,https://www.basketball-reference.com/boxscores/201812310PHO.html,235.68,0.0,0.0,38.0
,2018-19,T.J. Warren,2019-01-02,Phoenix Suns,Philadelphia 76ers,1.0,20.02,2.0,8.0,0.25,1.0,3.0,0.333,2.0,3.0,0.667,0.0,2.0,2.0,0.0,0.0,0.0,0.0,5.0,7.0,-14.0,https://www.basketball-reference.com/boxscores/201901020PHO.html,32.620000000000005,0.0,0.0,10.0
,2018-19,T.J. Warren,2019-01-04,Phoenix Suns,Los Angeles Clippers,1.0,29.04,8.0,14.0,0.5710000000000001,2.0,3.0,0.667,2.0,2.0,1.0,0.0,2.0,2.0,2.0,4.0,0.0,2.0,4.0,20.0,-8.0,https://www.basketball-reference.com/boxscores/201901040PHO.html,148.8,0.0,0.0,33.5
,2018-19,T.J. Warren,2019-01-06,Phoenix Suns,Charlotte Hornets,1.0,37.19,9.0,17.0,0.529,3.0,6.0,0.5,2.0,2.0,1.0,1.0,4.0,5.0,5.0,2.0,1.0,1.0,5.0,23.0,-3.0,https://www.basketball-reference.com/boxscores/201901060PHO.html,205.62,0.0,0.0,43.75
,2018-19,T.J. Warren,2019-01-08,Phoenix Suns,Sacramento Kings,1.0,35.49,9.0,19.0,0.474,1.0,4.0,0.25,2.0,3.0,0.667,1.0,3.0,4.0,1.0,1.0,0.0,1.0,2.0,21.0,6.0,https://www.basketball-reference.com/boxscores/201901080PHO.html,213.36,0.0,0.0,29.5
,2018-19,T.J. Warren,2019-01-09,Phoenix Suns,Dallas Mavericks,0.0,38.58,7.0,20.0,0.35,2.0,6.0,0.333,4.0,7.0,0.5710000000000001,1.0,6.0,7.0,1.0,0.0,0.0,2.0,2.0,20.0,-7.0,https://www.basketball-reference.com/boxscores/201901090DAL.html,230.8,0.0,0.0,30.25
,2018-19,T.J. Warren,2019-01-15,Phoenix Suns,Indiana Pacers,0.0,30.43,7.0,15.0,0.467,1.0,2.0,0.5,3.0,3.0,1.0,0.0,4.0,4.0,1.0,1.0,0.0,1.0,3.0,18.0,-38.0,https://www.basketball-reference.com/boxscores/201901150IND.html,146.88,0.0,0.0,26.5
,2018-19,T.J. Warren,2019-01-19,Phoenix Suns,Charlotte Hornets,0.0,33.59,6.0,12.0,0.5,1.0,1.0,1.0,3.0,4.0,0.75,0.0,3.0,3.0,0.0,1.0,2.0,2.0,2.0,16.0,-8.0,https://www.basketball-reference.com/boxscores/201901190CHO.html,110.08,0.0,0.0,25.25
,2018-19,T.J. Warren,2019-01-20,Phoenix Suns,Minnesota Timberwolves,0.0,37.42,7.0,15.0,0.467,2.0,5.0,0.4,5.0,6.0,0.833,2.0,2.0,4.0,1.0,2.0,0.0,2.0,3.0,21.0,-10.0,https://www.basketball-reference.com/boxscores/201901200MIN.html,185.22,0.0,0.0,31.5
,2020-21,T.J. Warren,2020-12-23,Indiana Pacers,New York Knicks,1.0,22.58,2.0,8.0,0.25,0.0,2.0,0.0,1.0,1.0,1.0,0.0,1.0,1.0,1.0,0.0,0.0,0.0,2.0,5.0,6.0,https://www.basketball-reference.com/boxscores/202012230IND.html,21.1,0.0,0.0,7.75
,2020-21,T.J. Warren,2020-12-26,Indiana Pacers,Chicago Bulls,0.0,26.59,10.0,16.0,0.625,0.0,2.0,0.0,3.0,4.0,0.75,2.0,4.0,6.0,3.0,0.0,0.0,0.0,3.0,23.0,9.0,https://www.basketball-reference.com/boxscores/202012260CHI.html,204.24,0.0,0.0,35.0
,2020-21,T.J. Warren,2020-12-27,Indiana Pacers,Boston Celtics,1.0,37.3,8.0,14.0,0.5710000000000001,0.0,1.0,0.0,1.0,1.0,1.0,0.0,5.0,5.0,1.0,1.0,0.0,2.0,5.0,17.0,-2.0,https://www.basketball-reference.com/boxscores/202012270IND.html,122.74,0.0,0.0,25.75
,2020-21,T.J. Warren,2020-12-29,Indiana Pacers,Boston Celtics,1.0,29.56,7.0,13.0,0.5379999999999999,0.0,2.0,0.0,3.0,4.0,0.75,0.0,2.0,2.0,0.0,1.0,0.0,2.0,6.0,17.0,-12.0,https://www.basketball-reference.com/boxscores/202012290IND.html,125.46,0.0,0.0,20.5
