Unnamed: 0,season,Player,Date,Team,Against,Home,MP,FG,FGA,FG%,3P,3PA,3P%,FT,FTA,FT%,ORB,DRB,TRB,AST,STL,BLK,TOV,PF,PTS,+/-,GameLink,TS%,DD,DT,FPTS
,2019-20,Thomas Bryant,2019-12-01,Washington Wizards,Los Angeles Clippers,0.0,30.4,3.0,11.0,0.273,0.0,1.0,0.0,3.0,6.0,0.5,4.0,4.0,8.0,3.0,0.0,0.0,1.0,3.0,9.0,-28.0,https://www.basketball-reference.com/boxscores/201912010LAC.html,61.38,0.0,0.0,23.0
,2019-20,Thomas Bryant,2020-01-17,Washington Wizards,Toronto Raptors,0.0,16.26,1.0,3.0,0.333,0.0,1.0,0.0,1.0,1.0,1.0,0.0,1.0,1.0,0.0,1.0,0.0,3.0,2.0,3.0,-11.0,https://www.basketball-reference.com/boxscores/202001170TOR.html,5.16,0.0,0.0,4.75
,2019-20,Thomas Bryant,2020-01-26,Washington Wizards,Atlanta Hawks,0.0,18.04,4.0,6.0,0.667,1.0,2.0,0.5,2.0,2.0,1.0,1.0,4.0,5.0,0.0,0.0,0.0,1.0,2.0,11.0,-19.0,https://www.basketball-reference.com/boxscores/202001260ATL.html,37.84,0.0,0.0,17.25
,2019-20,Thomas Bryant,2020-01-28,Washington Wizards,Milwaukee Bucks,0.0,31.54,7.0,11.0,0.636,0.0,2.0,0.0,4.0,4.0,1.0,5.0,5.0,10.0,6.0,1.0,1.0,2.0,3.0,18.0,-13.0,https://www.basketball-reference.com/boxscores/202001280MIL.html,114.84,1.0,0.0,43.5
,2019-20,Thomas Bryant,2020-02-01,Washington Wizards,Brooklyn Nets,1.0,25.2,7.0,11.0,0.636,1.0,1.0,1.0,2.0,5.0,0.4,4.0,6.0,10.0,0.0,0.0,1.0,0.0,2.0,17.0,1.0,https://www.basketball-reference.com/boxscores/202002010WAS.html,112.2,1.0,0.0,33.0
,2019-20,Thomas Bryant,2020-02-26,Washington Wizards,Brooklyn Nets,1.0,14.54,3.0,5.0,0.6,0.0,1.0,0.0,2.0,2.0,1.0,2.0,5.0,7.0,0.0,0.0,0.0,1.0,3.0,8.0,2.0,https://www.basketball-reference.com/boxscores/202002260WAS.html,23.52,0.0,0.0,16.25
,2019-20,Thomas Bryant,2020-02-28,Washington Wizards,Utah Jazz,0.0,17.31,7.0,10.0,0.7,2.0,2.0,1.0,0.0,2.0,0.0,1.0,1.0,2.0,3.0,0.0,0.0,1.0,1.0,16.0,0.0,https://www.basketball-reference.com/boxscores/202002280UTA.html,87.04,0.0,0.0,23.5
,2019-20,Thomas Bryant,2020-03-01,Washington Wizards,Golden State Warriors,0.0,15.23,5.0,6.0,0.833,1.0,1.0,1.0,1.0,1.0,1.0,1.0,1.0,2.0,0.0,1.0,2.0,1.0,0.0,12.0,13.0,https://www.basketball-reference.com/boxscores/202003010GSW.html,38.64,0.0,0.0,20.5
,2019-20,Thomas Bryant,2020-03-03,Washington Wizards,Sacramento Kings,0.0,19.26,4.0,4.0,1.0,2.0,2.0,1.0,2.0,2.0,1.0,0.0,4.0,4.0,2.0,1.0,2.0,2.0,2.0,12.0,1.0,https://www.basketball-reference.com/boxscores/202003030SAC.html,29.28,0.0,0.0,26.0
,2019-20,Thomas Bryant,2020-03-06,Washington Wizards,Atlanta Hawks,1.0,24.12,2.0,5.0,0.4,1.0,2.0,0.5,5.0,6.0,0.833,2.0,5.0,7.0,0.0,0.0,1.0,0.0,1.0,10.0,8.0,https://www.basketball-reference.com/boxscores/202003060WAS.html,38.2,0.0,0.0,21.25
,2019-20,Thomas Bryant,2020-03-10,Washington Wizards,New York Knicks,1.0,24.14,5.0,9.0,0.556,1.0,2.0,0.5,4.0,5.0,0.8,4.0,6.0,10.0,2.0,1.0,0.0,0.0,2.0,15.0,11.0,https://www.basketball-reference.com/boxscores/202003100WAS.html,84.0,1.0,0.0,34.0
,2018-19,Thomas Bryant,2018-12-03,Washington Wizards,New York Knicks,0.0,18.46,3.0,4.0,0.75,0.0,1.0,0.0,2.0,2.0,1.0,2.0,4.0,6.0,1.0,0.0,0.0,1.0,4.0,8.0,14.0,https://www.basketball-reference.com/boxscores/201812030NYK.html,19.52,0.0,0.0,16.5
,2018-19,Thomas Bryant,2018-12-05,Washington Wizards,Atlanta Hawks,0.0,20.52,5.0,8.0,0.625,1.0,2.0,0.5,5.0,5.0,1.0,2.0,7.0,9.0,1.0,1.0,1.0,0.0,2.0,16.0,-5.0,https://www.basketball-reference.com/boxscores/201812050ATL.html,81.6,0.0,0.0,33.25
,2018-19,Thomas Bryant,2018-12-14,Washington Wizards,Brooklyn Nets,0.0,16.32,3.0,7.0,0.429,1.0,4.0,0.25,0.0,1.0,0.0,0.0,3.0,3.0,1.0,0.0,2.0,1.0,1.0,7.0,-7.0,https://www.basketball-reference.com/boxscores/201812140BRK.html,26.040000000000006,0.0,0.0,16.25
,2018-19,Thomas Bryant,2018-12-23,Washington Wizards,Indiana Pacers,0.0,17.35,3.0,6.0,0.5,1.0,1.0,1.0,4.0,4.0,1.0,0.0,7.0,7.0,0.0,0.0,0.0,1.0,2.0,11.0,-2.0,https://www.basketball-reference.com/boxscores/201812230IND.html,42.68,0.0,0.0,19.75
,2018-19,Thomas Bryant,2018-12-29,Washington Wizards,Charlotte Hornets,1.0,35.43,9.0,13.0,0.6920000000000001,0.0,2.0,0.0,3.0,3.0,1.0,2.0,8.0,10.0,3.0,0.0,1.0,0.0,2.0,21.0,0.0,https://www.basketball-reference.com/boxscores/201812290WAS.html,150.36,1.0,0.0,41.0
,2018-19,Thomas Bryant,2019-01-02,Washington Wizards,Atlanta Hawks,1.0,39.13,5.0,7.0,0.7140000000000001,0.0,1.0,0.0,6.0,6.0,1.0,1.0,14.0,15.0,1.0,2.0,2.0,1.0,3.0,16.0,20.0,https://www.basketball-reference.com/boxscores/201901020WAS.html,77.12,1.0,0.0,44.75
,2018-19,Thomas Bryant,2019-01-08,Washington Wizards,Philadelphia 76ers,0.0,17.34,3.0,5.0,0.6,1.0,1.0,1.0,2.0,2.0,1.0,0.0,3.0,3.0,1.0,1.0,1.0,1.0,1.0,9.0,-8.0,https://www.basketball-reference.com/boxscores/201901080PHI.html,26.46,0.0,0.0,18.25
,2018-19,Thomas Bryant,2019-01-11,Washington Wizards,Milwaukee Bucks,1.0,24.14,4.0,7.0,0.5710000000000001,1.0,1.0,1.0,2.0,2.0,1.0,0.0,5.0,5.0,0.0,0.0,1.0,0.0,1.0,11.0,5.0,https://www.basketball-reference.com/boxscores/201901110WAS.html,43.34,0.0,0.0,19.75
,2018-19,Thomas Bryant,2019-01-24,Washington Wizards,Golden State Warriors,1.0,21.22,6.0,7.0,0.857,2.0,2.0,1.0,0.0,1.0,0.0,2.0,3.0,5.0,4.0,0.0,0.0,1.0,1.0,14.0,-4.0,https://www.basketball-reference.com/boxscores/201901240WAS.html,52.08000000000001,0.0,0.0,26.75
,2018-19,Thomas Bryant,2019-01-27,Washington Wizards,San Antonio Spurs,0.0,30.24,5.0,7.0,0.7140000000000001,1.0,2.0,0.5,4.0,6.0,0.667,1.0,9.0,10.0,2.0,0.0,0.0,1.0,2.0,15.0,-16.0,https://www.basketball-reference.com/boxscores/201901270SAS.html,72.30000000000003,1.0,0.0,31.5
,2018-19,Thomas Bryant,2019-01-29,Washington Wizards,Cleveland Cavaliers,0.0,23.21,1.0,5.0,0.2,1.0,2.0,0.5,2.0,2.0,1.0,0.0,8.0,8.0,3.0,0.0,0.0,1.0,3.0,5.0,12.0,https://www.basketball-reference.com/boxscores/201901290CLE.html,14.7,0.0,0.0,19.5
,2018-19,Thomas Bryant,2019-02-06,Washington Wizards,Milwaukee Bucks,0.0,31.45,12.0,19.0,0.632,1.0,3.0,0.333,1.0,1.0,1.0,3.0,11.0,14.0,4.0,0.0,2.0,0.0,2.0,26.0,1.0,https://www.basketball-reference.com/boxscores/201902060MIL.html,252.72000000000003,1.0,0.0,55.0
,2018-19,Thomas Bryant,2019-02-09,Washington Wizards,Chicago Bulls,0.0,16.46,5.0,8.0,0.625,1.0,2.0,0.5,2.0,2.0,1.0,1.0,1.0,2.0,3.0,0.0,1.0,1.0,3.0,13.0,-5.0,https://www.basketball-reference.com/boxscores/201902090CHI.html,57.72000000000001,0.0,0.0,22.0
,2018-19,Thomas Bryant,2019-02-13,Washington Wizards,Toronto Raptors,0.0,19.14,5.0,11.0,0.455,2.0,4.0,0.5,1.0,2.0,0.5,0.0,5.0,5.0,0.0,0.0,1.0,0.0,4.0,13.0,5.0,https://www.basketball-reference.com/boxscores/201902130TOR.html,77.22,0.0,0.0,22.25
,2018-19,Thomas Bryant,2019-02-23,Washington Wizards,Indiana Pacers,1.0,31.06,9.0,11.0,0.818,3.0,4.0,0.75,2.0,4.0,0.5,5.0,7.0,12.0,4.0,2.0,3.0,4.0,2.0,23.0,-3.0,https://www.basketball-reference.com/boxscores/201902230WAS.html,146.74,1.0,0.0,54.5
,2018-19,Thomas Bryant,2019-02-27,Washington Wizards,Brooklyn Nets,0.0,19.33,6.0,10.0,0.6,0.0,2.0,0.0,6.0,8.0,0.75,0.0,5.0,5.0,3.0,0.0,1.0,1.0,4.0,18.0,9.0,https://www.basketball-reference.com/boxscores/201902270BRK.html,121.68,0.0,0.0,30.25
,2018-19,Thomas Bryant,2019-03-03,Washington Wizards,Minnesota Timberwolves,1.0,19.42,3.0,7.0,0.429,1.0,3.0,0.333,2.0,2.0,1.0,0.0,4.0,4.0,0.0,0.0,1.0,1.0,3.0,9.0,-3.0,https://www.basketball-reference.com/boxscores/201903030WAS.html,35.46,0.0,0.0,16.0
,2018-19,Thomas Bryant,2019-03-08,Washington Wizards,Charlotte Hornets,0.0,15.17,4.0,5.0,0.8,1.0,2.0,0.5,3.0,4.0,0.75,0.0,2.0,2.0,0.0,0.0,1.0,0.0,2.0,12.0,4.0,https://www.basketball-reference.com/boxscores/201903080CHO.html,40.56,0.0,0.0,17.0
,2018-19,Thomas Bryant,2019-03-09,Minnesota Timberwolves,Washington Wizards,1.0,15.15,3.0,7.0,0.429,0.0,2.0,0.0,2.0,2.0,1.0,2.0,2.0,4.0,2.0,0.0,1.0,0.0,2.0,8.0,-2.0,https://www.basketball-reference.com/boxscores/201903090MIN.html,31.52,0.0,0.0,18.0
,2018-19,Thomas Bryant,2019-03-13,Washington Wizards,Orlando Magic,1.0,25.24,9.0,12.0,0.75,1.0,2.0,0.5,2.0,2.0,1.0,4.0,6.0,10.0,1.0,0.0,2.0,1.0,1.0,21.0,18.0,https://www.basketball-reference.com/boxscores/201903130WAS.html,135.24,1.0,0.0,40.0
,2018-19,Thomas Bryant,2019-03-16,Washington Wizards,Memphis Grizzlies,1.0,19.58,1.0,5.0,0.2,0.0,2.0,0.0,8.0,8.0,1.0,3.0,4.0,7.0,2.0,0.0,2.0,0.0,3.0,10.0,-2.0,https://www.basketball-reference.com/boxscores/201903160WAS.html,42.6,0.0,0.0,25.75
,2018-19,Thomas Bryant,2019-03-18,Washington Wizards,Utah Jazz,1.0,19.43,2.0,8.0,0.25,0.0,1.0,0.0,1.0,2.0,0.5,1.0,4.0,5.0,0.0,0.0,0.0,1.0,1.0,5.0,-8.0,https://www.basketball-reference.com/boxscores/201903180WAS.html,22.200000000000006,0.0,0.0,10.75
,2018-19,Thomas Bryant,2019-03-21,Washington Wizards,Denver Nuggets,1.0,35.27,9.0,11.0,0.818,0.0,1.0,0.0,4.0,5.0,0.8,1.0,7.0,8.0,0.0,0.0,2.0,0.0,3.0,22.0,6.0,https://www.basketball-reference.com/boxscores/201903210WAS.html,145.2,0.0,0.0,36.0
,2018-19,Thomas Bryant,2019-03-27,Washington Wizards,Phoenix Suns,0.0,39.31,7.0,16.0,0.438,2.0,4.0,0.5,2.0,6.0,0.333,4.0,15.0,19.0,3.0,1.0,1.0,1.0,4.0,18.0,14.0,https://www.basketball-reference.com/boxscores/201903270PHO.html,167.76,1.0,0.0,51.75
,2018-19,Thomas Bryant,2019-03-31,Washington Wizards,Denver Nuggets,0.0,39.55,9.0,16.0,0.563,0.0,2.0,0.0,2.0,3.0,0.667,4.0,10.0,14.0,3.0,0.0,3.0,1.0,4.0,20.0,4.0,https://www.basketball-reference.com/boxscores/201903310DEN.html,173.2,1.0,0.0,48.5
,2020-21,Thomas Bryant,2020-12-23,Washington Wizards,Philadelphia 76ers,0.0,25.33,5.0,13.0,0.385,0.0,3.0,0.0,0.0,1.0,0.0,1.0,4.0,5.0,0.0,0.0,1.0,2.0,5.0,10.0,2.0,https://www.basketball-reference.com/boxscores/202012230PHI.html,67.2,0.0,0.0,17.25
,2020-21,Thomas Bryant,2020-12-29,Washington Wizards,Chicago Bulls,1.0,33.32,5.0,9.0,0.556,1.0,2.0,0.5,2.0,5.0,0.4,3.0,3.0,6.0,2.0,0.0,2.0,4.0,5.0,13.0,-11.0,https://www.basketball-reference.com/boxscores/202012290WAS.html,72.8,0.0,0.0,26.0
,2020-21,Thomas Bryant,2020-12-31,Washington Wizards,Chicago Bulls,1.0,34.14,10.0,11.0,0.909,3.0,3.0,1.0,5.0,7.0,0.7140000000000001,2.0,1.0,3.0,0.0,1.0,3.0,1.0,3.0,28.0,3.0,https://www.basketball-reference.com/boxscores/202012310WAS.html,197.12,0.0,0.0,40.75
,2020-21,Thomas Bryant,2021-01-01,Washington Wizards,Minnesota Timberwolves,0.0,22.01,7.0,7.0,1.0,1.0,1.0,1.0,3.0,4.0,0.75,2.0,5.0,7.0,2.0,0.0,0.0,2.0,1.0,18.0,25.0,https://www.basketball-reference.com/boxscores/202101010MIN.html,78.84,0.0,0.0,29.25
,2020-21,Thomas Bryant,2021-01-03,Washington Wizards,Brooklyn Nets,0.0,27.4,9.0,12.0,0.75,1.0,2.0,0.5,2.0,2.0,1.0,2.0,12.0,14.0,2.0,1.0,0.0,1.0,4.0,21.0,-1.0,https://www.basketball-reference.com/boxscores/202101030BRK.html,135.24,1.0,0.0,44.5
,2020-21,Thomas Bryant,2021-01-06,Washington Wizards,Philadelphia 76ers,0.0,33.55,4.0,6.0,0.667,0.0,2.0,0.0,3.0,3.0,1.0,2.0,4.0,6.0,1.0,0.0,0.0,0.0,4.0,11.0,-14.0,https://www.basketball-reference.com/boxscores/202101060PHI.html,40.26000000000001,0.0,0.0,20.0
,2020-21,Thomas Bryant,2021-01-08,Washington Wizards,Boston Celtics,0.0,29.31,3.0,7.0,0.429,0.0,1.0,0.0,1.0,2.0,0.5,2.0,6.0,8.0,2.0,1.0,1.0,0.0,2.0,7.0,-12.0,https://www.basketball-reference.com/boxscores/202101080BOS.html,27.58,0.0,0.0,24.0
