Unnamed: 0,season,Player,Date,Team,Against,Home,MP,FG,FGA,FG%,3P,3PA,3P%,FT,FTA,FT%,ORB,DRB,TRB,AST,STL,BLK,TOV,PF,PTS,+/-,GameLink,TS%,DD,DT,FPTS
,2019-20,Thon Maker,2019-12-20,Detroit Pistons,Boston Celtics,0.0,23.22,4.0,9.0,0.444,1.0,3.0,0.333,6.0,7.0,0.857,3.0,4.0,7.0,0.0,1.0,0.0,3.0,2.0,15.0,-5.0,https://www.basketball-reference.com/boxscores/201912200BOS.html,90.6,0.0,0.0,24.75
,2019-20,Thon Maker,2019-12-23,Detroit Pistons,Philadelphia 76ers,1.0,9.4,1.0,4.0,0.25,0.0,2.0,0.0,2.0,2.0,1.0,1.0,2.0,3.0,0.0,0.0,0.0,1.0,0.0,4.0,-6.0,https://www.basketball-reference.com/boxscores/201912230DET.html,9.76,0.0,0.0,7.25
,2019-20,Thon Maker,2019-12-26,Detroit Pistons,Washington Wizards,1.0,13.03,1.0,2.0,0.5,0.0,1.0,0.0,2.0,2.0,1.0,0.0,1.0,1.0,2.0,0.0,1.0,0.0,1.0,4.0,0.0,https://www.basketball-reference.com/boxscores/201912260DET.html,5.76,0.0,0.0,10.25
,2019-20,Thon Maker,2020-01-02,Detroit Pistons,Los Angeles Clippers,0.0,14.34,4.0,7.0,0.5710000000000001,1.0,3.0,0.333,1.0,4.0,0.25,2.0,1.0,3.0,1.0,2.0,0.0,0.0,2.0,10.0,9.0,https://www.basketball-reference.com/boxscores/202001020LAC.html,43.8,0.0,0.0,19.75
,2019-20,Thon Maker,2020-01-11,Detroit Pistons,Chicago Bulls,1.0,10.38,4.0,5.0,0.8,0.0,1.0,0.0,2.0,2.0,1.0,1.0,1.0,2.0,0.0,1.0,0.0,1.0,2.0,10.0,3.0,https://www.basketball-reference.com/boxscores/202001110DET.html,29.4,0.0,0.0,14.0
,2019-20,Thon Maker,2020-01-27,Detroit Pistons,Cleveland Cavaliers,1.0,16.44,3.0,7.0,0.429,1.0,5.0,0.2,2.0,3.0,0.667,1.0,5.0,6.0,2.0,1.0,1.0,0.0,2.0,9.0,-5.0,https://www.basketball-reference.com/boxscores/202001270DET.html,37.44,0.0,0.0,24.0
,2019-20,Thon Maker,2020-01-31,Detroit Pistons,Toronto Raptors,1.0,14.02,0.0,3.0,0.0,0.0,2.0,0.0,1.0,2.0,0.5,1.0,0.0,1.0,2.0,1.0,1.0,1.0,3.0,1.0,-6.0,https://www.basketball-reference.com/boxscores/202001310DET.html,1.94,0.0,0.0,8.75
,2019-20,Thon Maker,2020-02-07,Detroit Pistons,Oklahoma City Thunder,0.0,33.3,7.0,12.0,0.583,2.0,5.0,0.4,3.0,5.0,0.6,4.0,3.0,7.0,2.0,1.0,0.0,1.0,6.0,19.0,-14.0,https://www.basketball-reference.com/boxscores/202002070OKC.html,134.9,0.0,0.0,33.25
,2019-20,Thon Maker,2020-02-08,Detroit Pistons,New York Knicks,1.0,28.59,3.0,5.0,0.6,1.0,1.0,1.0,0.0,2.0,0.0,0.0,3.0,3.0,2.0,0.0,3.0,2.0,2.0,7.0,-2.0,https://www.basketball-reference.com/boxscores/202002080DET.html,20.58,0.0,0.0,19.25
,2019-20,Thon Maker,2020-02-10,Detroit Pistons,Charlotte Hornets,1.0,23.54,5.0,10.0,0.5,0.0,3.0,0.0,2.0,3.0,0.667,6.0,6.0,12.0,1.0,1.0,2.0,4.0,2.0,12.0,5.0,https://www.basketball-reference.com/boxscores/202002100DET.html,67.92,1.0,0.0,33.5
,2019-20,Thon Maker,2020-02-12,Orlando Magic,Detroit Pistons,1.0,26.36,6.0,9.0,0.667,2.0,3.0,0.667,4.0,4.0,1.0,2.0,0.0,2.0,1.0,1.0,1.0,3.0,4.0,18.0,0.0,https://www.basketball-reference.com/boxscores/202002120ORL.html,96.84,0.0,0.0,25.5
,2019-20,Thon Maker,2020-03-04,Detroit Pistons,Oklahoma City Thunder,1.0,12.06,1.0,4.0,0.25,0.0,2.0,0.0,3.0,4.0,0.75,2.0,4.0,6.0,2.0,0.0,2.0,1.0,1.0,5.0,-5.0,https://www.basketball-reference.com/boxscores/202003040DET.html,14.4,0.0,0.0,19.0
,2019-20,Thon Maker,2020-03-11,Detroit Pistons,Philadelphia 76ers,0.0,16.32,5.0,9.0,0.556,2.0,4.0,0.5,1.0,2.0,0.5,2.0,1.0,3.0,1.0,0.0,1.0,0.0,4.0,13.0,4.0,https://www.basketball-reference.com/boxscores/202003110PHI.html,64.22,0.0,0.0,21.25
,2018-19,Thon Maker,2018-12-01,New York Knicks,Milwaukee Bucks,1.0,12.53,2.0,3.0,0.667,2.0,3.0,0.667,3.0,4.0,0.75,0.0,2.0,2.0,0.0,1.0,0.0,0.0,2.0,9.0,3.0,https://www.basketball-reference.com/boxscores/201812010NYK.html,21.42,0.0,0.0,14.5
,2018-19,Thon Maker,2018-12-05,Milwaukee Bucks,Detroit Pistons,1.0,21.13,3.0,8.0,0.375,2.0,6.0,0.333,3.0,6.0,0.5,0.0,2.0,2.0,1.0,0.0,0.0,0.0,3.0,11.0,4.0,https://www.basketball-reference.com/boxscores/201812050MIL.html,58.52,0.0,0.0,16.0
,2018-19,Thon Maker,2018-12-09,Milwaukee Bucks,Toronto Raptors,0.0,8.21,1.0,2.0,0.5,1.0,2.0,0.5,2.0,2.0,1.0,0.0,2.0,2.0,0.0,0.0,3.0,1.0,1.0,5.0,11.0,https://www.basketball-reference.com/boxscores/201812090TOR.html,7.199999999999998,0.0,0.0,13.5
,2018-19,Thon Maker,2018-12-10,Milwaukee Bucks,Cleveland Cavaliers,1.0,15.31,2.0,5.0,0.4,0.0,1.0,0.0,2.0,2.0,1.0,0.0,3.0,3.0,1.0,1.0,0.0,1.0,0.0,6.0,-4.0,https://www.basketball-reference.com/boxscores/201812100MIL.html,17.64,0.0,0.0,12.75
,2018-19,Thon Maker,2018-12-19,Milwaukee Bucks,New Orleans Pelicans,1.0,14.3,2.0,2.0,1.0,1.0,1.0,1.0,2.0,4.0,0.5,1.0,2.0,3.0,0.0,1.0,0.0,1.0,4.0,7.0,12.0,https://www.basketball-reference.com/boxscores/201812190MIL.html,13.16,0.0,0.0,12.75
,2018-19,Thon Maker,2018-12-22,Milwaukee Bucks,Miami Heat,0.0,8.17,0.0,1.0,0.0,0.0,1.0,0.0,1.0,2.0,0.5,0.0,1.0,1.0,0.0,0.0,1.0,1.0,4.0,1.0,-2.0,https://www.basketball-reference.com/boxscores/201812220MIA.html,0.94,0.0,0.0,3.75
,2018-19,Thon Maker,2018-12-25,Milwaukee Bucks,New York Knicks,0.0,15.05,5.0,8.0,0.625,0.0,2.0,0.0,2.0,5.0,0.4,0.0,3.0,3.0,0.0,0.0,2.0,0.0,1.0,12.0,11.0,https://www.basketball-reference.com/boxscores/201812250NYK.html,61.2,0.0,0.0,19.75
,2018-19,Thon Maker,2019-01-01,Milwaukee Bucks,Detroit Pistons,1.0,17.44,1.0,2.0,0.5,0.0,1.0,0.0,1.0,3.0,0.333,1.0,4.0,5.0,1.0,1.0,0.0,1.0,4.0,3.0,7.0,https://www.basketball-reference.com/boxscores/201901010MIL.html,4.98,0.0,0.0,12.25
,2018-19,Thon Maker,2019-01-04,Milwaukee Bucks,Atlanta Hawks,1.0,14.22,3.0,10.0,0.3,1.0,6.0,0.16699999999999998,1.0,2.0,0.5,1.0,2.0,3.0,0.0,0.0,1.0,0.0,4.0,8.0,-8.0,https://www.basketball-reference.com/boxscores/201901040MIL.html,43.52,0.0,0.0,14.25
,2018-19,Thon Maker,2019-01-07,Milwaukee Bucks,Utah Jazz,1.0,18.07,6.0,8.0,0.75,2.0,3.0,0.667,1.0,1.0,1.0,2.0,3.0,5.0,1.0,2.0,0.0,0.0,2.0,15.0,5.0,https://www.basketball-reference.com/boxscores/201901070MIL.html,63.3,0.0,0.0,27.75
,2018-19,Thon Maker,2019-02-13,Detroit Pistons,Boston Celtics,0.0,19.03,1.0,7.0,0.14300000000000002,0.0,5.0,0.0,4.0,4.0,1.0,2.0,1.0,3.0,1.0,0.0,1.0,1.0,1.0,6.0,-13.0,https://www.basketball-reference.com/boxscores/201902130BOS.html,26.28,0.0,0.0,12.75
,2018-19,Thon Maker,2019-02-25,Detroit Pistons,Indiana Pacers,1.0,12.36,0.0,2.0,0.0,0.0,1.0,0.0,2.0,2.0,1.0,1.0,2.0,3.0,0.0,0.0,0.0,0.0,0.0,2.0,-3.0,https://www.basketball-reference.com/boxscores/201902250DET.html,2.88,0.0,0.0,5.75
,2018-19,Thon Maker,2019-03-02,Detroit Pistons,Cleveland Cavaliers,0.0,20.21,2.0,3.0,0.667,0.0,1.0,0.0,1.0,2.0,0.5,1.0,5.0,6.0,2.0,0.0,1.0,1.0,1.0,5.0,11.0,https://www.basketball-reference.com/boxscores/201903020CLE.html,9.7,0.0,0.0,17.0
,2018-19,Thon Maker,2019-03-06,Detroit Pistons,Minnesota Timberwolves,1.0,14.1,4.0,6.0,0.667,1.0,2.0,0.5,1.0,2.0,0.5,2.0,0.0,2.0,2.0,0.0,0.0,0.0,0.0,10.0,6.0,https://www.basketball-reference.com/boxscores/201903060DET.html,34.4,0.0,0.0,16.0
,2018-19,Thon Maker,2019-03-08,Detroit Pistons,Chicago Bulls,0.0,15.47,1.0,3.0,0.333,0.0,1.0,0.0,0.0,2.0,0.0,1.0,2.0,3.0,1.0,0.0,3.0,1.0,1.0,2.0,6.0,https://www.basketball-reference.com/boxscores/201903080CHI.html,3.88,0.0,0.0,12.75
,2018-19,Thon Maker,2019-03-13,Detroit Pistons,Miami Heat,0.0,17.57,3.0,7.0,0.429,0.0,1.0,0.0,2.0,6.0,0.333,1.0,5.0,6.0,0.0,0.0,2.0,0.0,0.0,8.0,-14.0,https://www.basketball-reference.com/boxscores/201903130MIA.html,38.56,0.0,0.0,19.5
,2018-19,Thon Maker,2019-03-15,Detroit Pistons,Los Angeles Lakers,1.0,15.39,1.0,2.0,0.5,1.0,2.0,0.5,1.0,2.0,0.5,1.0,2.0,3.0,0.0,1.0,0.0,3.0,3.0,4.0,-7.0,https://www.basketball-reference.com/boxscores/201903150DET.html,5.76,0.0,0.0,8.75
,2018-19,Thon Maker,2019-03-17,Detroit Pistons,Toronto Raptors,1.0,17.26,2.0,5.0,0.4,0.0,3.0,0.0,3.0,3.0,1.0,0.0,3.0,3.0,0.0,0.0,2.0,0.0,1.0,7.0,3.0,https://www.basketball-reference.com/boxscores/201903170DET.html,22.12,0.0,0.0,14.75
,2018-19,Thon Maker,2019-03-18,Detroit Pistons,Cleveland Cavaliers,0.0,33.16,2.0,6.0,0.333,1.0,4.0,0.25,2.0,2.0,1.0,5.0,4.0,9.0,3.0,0.0,0.0,2.0,2.0,7.0,-14.0,https://www.basketball-reference.com/boxscores/201903180CLE.html,24.08,0.0,0.0,22.25
,2018-19,Thon Maker,2019-03-21,Detroit Pistons,Phoenix Suns,0.0,28.27,2.0,4.0,0.5,1.0,2.0,0.5,5.0,6.0,0.833,0.0,6.0,6.0,0.0,1.0,3.0,1.0,1.0,10.0,20.0,https://www.basketball-reference.com/boxscores/201903210PHO.html,33.2,0.0,0.0,25.5
,2018-19,Thon Maker,2019-03-24,Detroit Pistons,Golden State Warriors,0.0,18.44,4.0,6.0,0.667,2.0,4.0,0.5,2.0,2.0,1.0,2.0,4.0,6.0,0.0,0.0,0.0,1.0,2.0,12.0,9.0,https://www.basketball-reference.com/boxscores/201903240GSW.html,41.28,0.0,0.0,20.0
,2018-19,Thon Maker,2019-03-30,Detroit Pistons,Portland Trail Blazers,1.0,28.11,2.0,7.0,0.28600000000000003,0.0,3.0,0.0,4.0,4.0,1.0,0.0,3.0,3.0,2.0,1.0,0.0,0.0,1.0,8.0,9.0,https://www.basketball-reference.com/boxscores/201903300DET.html,35.04,0.0,0.0,16.75
,2020-21,Thon Maker,2021-01-06,Cleveland Cavaliers,Orlando Magic,0.0,14.29,2.0,3.0,0.667,0.0,1.0,0.0,2.0,2.0,1.0,2.0,4.0,6.0,2.0,0.0,0.0,0.0,0.0,6.0,6.0,https://www.basketball-reference.com/boxscores/202101060ORL.html,11.64,0.0,0.0,16.5
