Unnamed: 0,season,Player,Date,Team,Against,Home,MP,FG,FGA,FG%,3P,3PA,3P%,FT,FTA,FT%,ORB,DRB,TRB,AST,STL,BLK,TOV,PF,PTS,+/-,GameLink,TS%,DD,DT,FPTS
,2019-20,Tremont Waters,2020-01-06,Boston Celtics,Washington Wizards,0.0,7.4,3.0,6.0,0.5,0.0,3.0,0.0,2.0,2.0,1.0,0.0,0.0,0.0,1.0,1.0,0.0,1.0,1.0,8.0,1.0,https://www.basketball-reference.com/boxscores/202001060WAS.html,27.52,0.0,0.0,11.0
,2019-20,Tremont Waters,2020-01-18,Boston Celtics,Phoenix Suns,1.0,16.39,1.0,5.0,0.2,0.0,3.0,0.0,2.0,2.0,1.0,0.0,3.0,3.0,3.0,1.0,0.0,0.0,2.0,4.0,17.0,https://www.basketball-reference.com/boxscores/202001180BOS.html,11.76,0.0,0.0,14.25
,2020-21,Tremont Waters,2021-01-04,Boston Celtics,Toronto Raptors,0.0,24.17,1.0,8.0,0.125,1.0,4.0,0.25,2.0,2.0,1.0,1.0,1.0,2.0,5.0,0.0,0.0,4.0,4.0,5.0,-17.0,https://www.basketball-reference.com/boxscores/202101040TOR.html,22.200000000000006,0.0,0.0,13.5
,2020-21,Tremont Waters,2021-02-03,Boston Celtics,Sacramento Kings,0.0,23.06,1.0,8.0,0.125,0.0,3.0,0.0,1.0,2.0,0.5,0.0,2.0,2.0,5.0,2.0,0.0,0.0,1.0,3.0,-6.0,https://www.basketball-reference.com/boxscores/202102030SAC.html,13.32,0.0,0.0,17.0
,2020-21,Tremont Waters,2021-02-14,Boston Celtics,Washington Wizards,0.0,5.18,0.0,2.0,0.0,0.0,1.0,0.0,2.0,2.0,1.0,0.0,0.0,0.0,2.0,0.0,0.0,0.0,0.0,2.0,12.0,https://www.basketball-reference.com/boxscores/202102140WAS.html,2.88,0.0,0.0,5.0
