Unnamed: 0,season,Player,Date,Team,Against,Home,MP,FG,FGA,FG%,3P,3PA,3P%,FT,FTA,FT%,ORB,DRB,TRB,AST,STL,BLK,TOV,PF,PTS,+/-,GameLink,TS%,DD,DT,FPTS
,2019-20,Troy Daniels,2019-12-03,Los Angeles Lakers,Denver Nuggets,0.0,9.32,2.0,3.0,0.667,2.0,3.0,0.667,0.0,1.0,0.0,1.0,2.0,3.0,0.0,0.0,0.0,0.0,0.0,6.0,6.0,https://www.basketball-reference.com/boxscores/201912030DEN.html,10.32,0.0,0.0,10.75
,2019-20,Troy Daniels,2019-12-11,Los Angeles Lakers,Orlando Magic,0.0,6.46,1.0,2.0,0.5,1.0,1.0,1.0,1.0,3.0,0.333,0.0,1.0,1.0,0.0,0.0,0.0,0.0,0.0,4.0,8.0,https://www.basketball-reference.com/boxscores/201912110ORL.html,6.6400000000000015,0.0,0.0,5.75
,2019-20,Troy Daniels,2020-01-13,Los Angeles Lakers,Cleveland Cavaliers,1.0,3.19,2.0,3.0,0.667,2.0,3.0,0.667,2.0,2.0,1.0,1.0,1.0,2.0,1.0,0.0,0.0,0.0,0.0,8.0,6.0,https://www.basketball-reference.com/boxscores/202001130LAL.html,15.52,0.0,0.0,13.0
,2019-20,Troy Daniels,2020-01-15,Los Angeles Lakers,Orlando Magic,1.0,20.52,6.0,9.0,0.667,4.0,5.0,0.8,1.0,1.0,1.0,1.0,0.0,1.0,1.0,0.0,0.0,0.0,0.0,17.0,23.0,https://www.basketball-reference.com/boxscores/202001150LAL.html,80.24,0.0,0.0,21.75
,2019-20,Troy Daniels,2020-01-23,Los Angeles Lakers,Brooklyn Nets,0.0,8.03,1.0,3.0,0.333,0.0,1.0,0.0,1.0,1.0,1.0,1.0,0.0,1.0,1.0,0.0,1.0,0.0,0.0,3.0,-11.0,https://www.basketball-reference.com/boxscores/202001230BRK.html,5.16,0.0,0.0,7.75
,2019-20,Troy Daniels,2020-01-31,Los Angeles Lakers,Portland Trail Blazers,1.0,7.45,1.0,4.0,0.25,0.0,1.0,0.0,1.0,2.0,0.5,3.0,0.0,3.0,1.0,0.0,0.0,1.0,2.0,3.0,-2.0,https://www.basketball-reference.com/boxscores/202001310LAL.html,7.32,0.0,0.0,7.75
,2019-20,Troy Daniels,2020-02-08,Los Angeles Lakers,Golden State Warriors,0.0,16.51,1.0,3.0,0.333,1.0,3.0,0.333,1.0,2.0,0.5,1.0,0.0,1.0,0.0,0.0,0.0,0.0,2.0,4.0,-5.0,https://www.basketball-reference.com/boxscores/202002080GSW.html,7.76,0.0,0.0,5.75
,2019-20,Troy Daniels,2020-02-27,Los Angeles Lakers,Golden State Warriors,0.0,6.47,1.0,4.0,0.25,0.0,3.0,0.0,0.0,1.0,0.0,0.0,2.0,2.0,0.0,0.0,0.0,0.0,0.0,2.0,1.0,https://www.basketball-reference.com/boxscores/202002270GSW.html,4.44,0.0,0.0,4.5
,2018-19,Troy Daniels,2018-12-04,Phoenix Suns,Sacramento Kings,1.0,20.41,4.0,9.0,0.444,4.0,9.0,0.444,1.0,1.0,1.0,1.0,1.0,2.0,2.0,1.0,1.0,1.0,1.0,13.0,-7.0,https://www.basketball-reference.com/boxscores/201812040PHO.html,61.36,0.0,0.0,24.0
,2018-19,Troy Daniels,2018-12-06,Phoenix Suns,Portland Trail Blazers,0.0,22.02,5.0,9.0,0.556,2.0,6.0,0.333,3.0,3.0,1.0,2.0,1.0,3.0,1.0,0.0,0.0,1.0,1.0,15.0,1.0,https://www.basketball-reference.com/boxscores/201812060POR.html,77.4,0.0,0.0,20.75
,2018-19,Troy Daniels,2018-12-11,Phoenix Suns,San Antonio Spurs,0.0,16.33,1.0,4.0,0.25,1.0,4.0,0.25,2.0,3.0,0.667,0.0,0.0,0.0,0.0,0.0,0.0,1.0,3.0,5.0,-11.0,https://www.basketball-reference.com/boxscores/201812110SAS.html,13.3,0.0,0.0,5.0
,2018-19,Troy Daniels,2019-01-09,Phoenix Suns,Dallas Mavericks,0.0,10.4,0.0,3.0,0.0,0.0,2.0,0.0,1.0,1.0,1.0,0.0,0.0,0.0,0.0,0.0,0.0,0.0,0.0,1.0,1.0,https://www.basketball-reference.com/boxscores/201901090DAL.html,1.72,0.0,0.0,1.0
,2018-19,Troy Daniels,2019-01-19,Phoenix Suns,Charlotte Hornets,0.0,10.28,1.0,2.0,0.5,1.0,2.0,0.5,2.0,2.0,1.0,0.0,0.0,0.0,0.0,1.0,0.0,0.0,3.0,5.0,-6.0,https://www.basketball-reference.com/boxscores/201901190CHO.html,7.199999999999998,0.0,0.0,7.5
,2018-19,Troy Daniels,2019-01-24,Phoenix Suns,Portland Trail Blazers,1.0,6.38,1.0,2.0,0.5,1.0,2.0,0.5,2.0,4.0,0.5,0.0,1.0,1.0,0.0,0.0,0.0,0.0,0.0,5.0,8.0,https://www.basketball-reference.com/boxscores/201901240PHO.html,9.4,0.0,0.0,6.75
,2018-19,Troy Daniels,2019-02-13,Phoenix Suns,Los Angeles Clippers,0.0,13.06,4.0,8.0,0.5,0.0,4.0,0.0,0.0,1.0,0.0,0.0,1.0,1.0,0.0,0.0,0.0,0.0,3.0,8.0,-2.0,https://www.basketball-reference.com/boxscores/201902130LAC.html,33.76,0.0,0.0,9.25
,2018-19,Troy Daniels,2019-02-25,Phoenix Suns,Miami Heat,0.0,16.42,5.0,6.0,0.833,3.0,3.0,1.0,1.0,1.0,1.0,0.0,1.0,1.0,2.0,1.0,0.0,0.0,0.0,14.0,17.0,https://www.basketball-reference.com/boxscores/201902250MIA.html,45.08000000000001,0.0,0.0,21.75
,2018-19,Troy Daniels,2019-03-01,Phoenix Suns,New Orleans Pelicans,1.0,16.5,5.0,9.0,0.556,4.0,6.0,0.667,1.0,1.0,1.0,1.0,3.0,4.0,0.0,1.0,0.0,1.0,0.0,15.0,-3.0,https://www.basketball-reference.com/boxscores/201903010PHO.html,70.8,0.0,0.0,23.5
,2018-19,Troy Daniels,2019-03-18,Phoenix Suns,Chicago Bulls,1.0,16.19,3.0,7.0,0.429,2.0,4.0,0.5,2.0,3.0,0.667,1.0,2.0,3.0,1.0,0.0,0.0,0.0,2.0,10.0,-6.0,https://www.basketball-reference.com/boxscores/201903180PHO.html,41.6,0.0,0.0,16.25
,2018-19,Troy Daniels,2019-03-23,Phoenix Suns,Sacramento Kings,0.0,24.32,5.0,11.0,0.455,4.0,10.0,0.4,2.0,2.0,1.0,0.0,3.0,3.0,1.0,0.0,1.0,0.0,1.0,16.0,-7.0,https://www.basketball-reference.com/boxscores/201903230SAC.html,95.04,0.0,0.0,25.25
