Player,Date,Team,Against,Home,MP,FG,FGA,FG%,3P,3PA,3P%,FT,FTA,FT%,ORB,DRB,TRB,AST,STL,BLK,TOV,PF,PTS,+/-,GameLink,season
Troy Daniels,2016-12-01,Memphis Grizzlies,Orlando Magic,1,28.3,6.0,9.0,0.667,3.0,5.0,0.6,4.0,5.0,0.8,0.0,2.0,2.0,1.0,0.0,0.0,0.0,1.0,19.0,5.0,https://www.basketball-reference.com/boxscores/201612010MEM.html,2016-17
Troy Daniels,2016-12-03,Memphis Grizzlies,Los Angeles Lakers,1,34.21,12.0,23.0,0.522,6.0,12.0,0.5,1.0,3.0,0.333,1.0,1.0,2.0,4.0,1.0,1.0,0.0,2.0,31.0,8.0,https://www.basketball-reference.com/boxscores/201612030MEM.html,2016-17
Troy Daniels,2016-12-05,New Orleans Pelicans,Memphis Grizzlies,1,43.32,10.0,20.0,0.5,7.0,11.0,0.636,2.0,2.0,1.0,0.0,0.0,0.0,3.0,0.0,0.0,1.0,2.0,29.0,3.0,https://www.basketball-reference.com/boxscores/201612050NOP.html,2016-17
Troy Daniels,2016-12-06,Memphis Grizzlies,Philadelphia 76ers,1,24.41,4.0,14.0,0.28600000000000003,1.0,8.0,0.125,1.0,1.0,1.0,0.0,1.0,1.0,1.0,1.0,0.0,0.0,5.0,10.0,14.0,https://www.basketball-reference.com/boxscores/201612060MEM.html,2016-17
Troy Daniels,2016-12-08,Memphis Grizzlies,Portland Trail Blazers,1,31.35,2.0,12.0,0.16699999999999998,1.0,4.0,0.25,0.0,0.0,,0.0,2.0,2.0,0.0,1.0,0.0,1.0,2.0,5.0,7.0,https://www.basketball-reference.com/boxscores/201612080MEM.html,2016-17
Troy Daniels,2016-12-10,Memphis Grizzlies,Golden State Warriors,1,21.34,2.0,9.0,0.222,1.0,6.0,0.16699999999999998,0.0,1.0,0.0,2.0,1.0,3.0,1.0,1.0,1.0,0.0,3.0,5.0,3.0,https://www.basketball-reference.com/boxscores/201612100MEM.html,2016-17
Troy Daniels,2016-12-13,Memphis Grizzlies,Cleveland Cavaliers,0,20.22,1.0,6.0,0.16699999999999998,1.0,5.0,0.2,2.0,2.0,1.0,0.0,2.0,2.0,1.0,0.0,0.0,2.0,1.0,5.0,-3.0,https://www.basketball-reference.com/boxscores/201612130CLE.html,2016-17
Troy Daniels,2016-12-14,Memphis Grizzlies,Cleveland Cavaliers,1,22.08,7.0,13.0,0.5379999999999999,4.0,8.0,0.5,2.0,2.0,1.0,1.0,1.0,2.0,1.0,0.0,0.0,2.0,4.0,20.0,3.0,https://www.basketball-reference.com/boxscores/201612140MEM.html,2016-17
Troy Daniels,2016-12-16,Memphis Grizzlies,Sacramento Kings,1,27.31,4.0,11.0,0.364,4.0,9.0,0.444,1.0,1.0,1.0,1.0,2.0,3.0,0.0,0.0,1.0,1.0,2.0,13.0,4.0,https://www.basketball-reference.com/boxscores/201612160MEM.html,2016-17
Troy Daniels,2016-12-18,Memphis Grizzlies,Utah Jazz,1,11.01,0.0,1.0,0.0,0.0,0.0,,0.0,0.0,,0.0,0.0,0.0,0.0,0.0,0.0,1.0,3.0,0.0,-7.0,https://www.basketball-reference.com/boxscores/201612180MEM.html,2016-17
Troy Daniels,2016-12-21,Memphis Grizzlies,Detroit Pistons,0,16.41,2.0,9.0,0.222,2.0,8.0,0.25,0.0,0.0,,0.0,1.0,1.0,0.0,1.0,0.0,0.0,1.0,6.0,-9.0,https://www.basketball-reference.com/boxscores/201612210DET.html,2016-17
Troy Daniels,2016-12-23,Memphis Grizzlies,Houston Rockets,1,9.52,1.0,1.0,1.0,1.0,1.0,1.0,2.0,3.0,0.667,1.0,1.0,2.0,0.0,0.0,0.0,0.0,0.0,5.0,0.0,https://www.basketball-reference.com/boxscores/201612230MEM.html,2016-17
Troy Daniels,2016-12-26,Memphis Grizzlies,Orlando Magic,0,19.46,5.0,12.0,0.417,4.0,8.0,0.5,2.0,3.0,0.667,1.0,3.0,4.0,1.0,1.0,0.0,0.0,0.0,16.0,1.0,https://www.basketball-reference.com/boxscores/201612260ORL.html,2016-17
Troy Daniels,2016-12-27,Memphis Grizzlies,Boston Celtics,0,20.09,3.0,10.0,0.3,2.0,8.0,0.25,0.0,0.0,,0.0,0.0,0.0,0.0,0.0,0.0,0.0,1.0,8.0,-10.0,https://www.basketball-reference.com/boxscores/201612270BOS.html,2016-17
Troy Daniels,2016-12-29,Memphis Grizzlies,Oklahoma City Thunder,1,17.47,8.0,12.0,0.667,6.0,8.0,0.75,0.0,0.0,,1.0,2.0,3.0,2.0,0.0,0.0,0.0,3.0,22.0,20.0,https://www.basketball-reference.com/boxscores/201612290MEM.html,2016-17
Troy Daniels,2016-12-31,Memphis Grizzlies,Sacramento Kings,0,11.5,4.0,8.0,0.5,3.0,5.0,0.6,0.0,0.0,,0.0,1.0,1.0,1.0,0.0,0.0,0.0,2.0,11.0,7.0,https://www.basketball-reference.com/boxscores/201612310SAC.html,2016-17
Troy Daniels,2017-01-03,Memphis Grizzlies,Los Angeles Lakers,0,18.46,3.0,7.0,0.429,3.0,7.0,0.429,0.0,0.0,,0.0,2.0,2.0,1.0,1.0,0.0,0.0,0.0,9.0,6.0,https://www.basketball-reference.com/boxscores/201701030LAL.html,2016-17
Troy Daniels,2017-01-04,Memphis Grizzlies,Los Angeles Clippers,0,24.04,3.0,13.0,0.231,3.0,11.0,0.273,0.0,0.0,,0.0,2.0,2.0,0.0,1.0,0.0,0.0,6.0,9.0,4.0,https://www.basketball-reference.com/boxscores/201701040LAC.html,2016-17
Troy Daniels,2017-01-06,Golden State Warriors,Memphis Grizzlies,1,20.34,4.0,8.0,0.5,4.0,7.0,0.5710000000000001,0.0,0.0,,0.0,1.0,1.0,1.0,1.0,0.0,2.0,0.0,12.0,29.0,https://www.basketball-reference.com/boxscores/201701060GSW.html,2016-17
Troy Daniels,2017-01-08,Memphis Grizzlies,Utah Jazz,1,12.45,2.0,4.0,0.5,2.0,2.0,1.0,0.0,0.0,,0.0,2.0,2.0,0.0,0.0,0.0,1.0,1.0,6.0,13.0,https://www.basketball-reference.com/boxscores/201701080MEM.html,2016-17
Troy Daniels,2017-01-11,Memphis Grizzlies,Oklahoma City Thunder,0,9.43,1.0,4.0,0.25,1.0,4.0,0.25,0.0,0.0,,0.0,0.0,0.0,0.0,0.0,0.0,1.0,1.0,3.0,3.0,https://www.basketball-reference.com/boxscores/201701110OKC.html,2016-17
Troy Daniels,2017-01-13,Memphis Grizzlies,Houston Rockets,0,22.15,3.0,6.0,0.5,3.0,6.0,0.5,4.0,4.0,1.0,0.0,2.0,2.0,1.0,0.0,0.0,2.0,3.0,13.0,15.0,https://www.basketball-reference.com/boxscores/201701130HOU.html,2016-17
Troy Daniels,2017-01-15,Memphis Grizzlies,Chicago Bulls,1,7.08,0.0,5.0,0.0,0.0,5.0,0.0,2.0,2.0,1.0,0.0,0.0,0.0,1.0,0.0,0.0,0.0,1.0,2.0,-12.0,https://www.basketball-reference.com/boxscores/201701150MEM.html,2016-17
Troy Daniels,2017-01-18,Memphis Grizzlies,Washington Wizards,0,,,,,,,,,,,,,,,,,,,,,https://www.basketball-reference.com/boxscores/201701180WAS.html,2016-17
Troy Daniels,2017-01-20,Memphis Grizzlies,Sacramento Kings,1,8.14,0.0,2.0,0.0,0.0,2.0,0.0,0.0,0.0,,0.0,0.0,0.0,0.0,0.0,0.0,1.0,1.0,0.0,-1.0,https://www.basketball-reference.com/boxscores/201701200MEM.html,2016-17
Troy Daniels,2017-01-21,Memphis Grizzlies,Houston Rockets,1,,,,,,,,,,,,,,,,,,,,,https://www.basketball-reference.com/boxscores/201701210MEM.html,2016-17
Troy Daniels,2017-01-25,Memphis Grizzlies,Toronto Raptors,1,,,,,,,,,,,,,,,,,,,,,https://www.basketball-reference.com/boxscores/201701250MEM.html,2016-17
Troy Daniels,2017-01-27,Memphis Grizzlies,Portland Trail Blazers,0,,,,,,,,,,,,,,,,,,,,,https://www.basketball-reference.com/boxscores/201701270POR.html,2016-17
Troy Daniels,2017-01-28,Memphis Grizzlies,Utah Jazz,0,18.57,2.0,4.0,0.5,2.0,3.0,0.667,0.0,0.0,,0.0,0.0,0.0,0.0,0.0,0.0,0.0,2.0,6.0,2.0,https://www.basketball-reference.com/boxscores/201701280UTA.html,2016-17
Troy Daniels,2017-01-30,Memphis Grizzlies,Phoenix Suns,0,7.13,0.0,1.0,0.0,0.0,1.0,0.0,0.0,0.0,,0.0,0.0,0.0,0.0,1.0,0.0,1.0,0.0,0.0,2.0,https://www.basketball-reference.com/boxscores/201701300PHO.html,2016-17
Troy Daniels,2017-02-01,Memphis Grizzlies,Denver Nuggets,0,6.2,2.0,3.0,0.667,2.0,3.0,0.667,0.0,0.0,,0.0,0.0,0.0,0.0,0.0,0.0,1.0,0.0,6.0,0.0,https://www.basketball-reference.com/boxscores/201702010DEN.html,2016-17
Troy Daniels,2017-02-03,Memphis Grizzlies,Oklahoma City Thunder,0,0.36,0.0,0.0,,0.0,0.0,,0.0,0.0,,0.0,0.0,0.0,0.0,0.0,0.0,0.0,0.0,0.0,4.0,https://www.basketball-reference.com/boxscores/201702030OKC.html,2016-17
Troy Daniels,2017-02-04,Memphis Grizzlies,Minnesota Timberwolves,0,15.07,4.0,8.0,0.5,2.0,6.0,0.333,1.0,2.0,0.5,0.0,0.0,0.0,1.0,0.0,0.0,1.0,1.0,11.0,-3.0,https://www.basketball-reference.com/boxscores/201702040MIN.html,2016-17
Troy Daniels,2017-02-06,Memphis Grizzlies,San Antonio Spurs,1,2.01,0.0,3.0,0.0,0.0,3.0,0.0,0.0,0.0,,0.0,0.0,0.0,0.0,0.0,0.0,0.0,0.0,0.0,0.0,https://www.basketball-reference.com/boxscores/201702060MEM.html,2016-17
Troy Daniels,2017-02-08,Memphis Grizzlies,Phoenix Suns,1,21.37,5.0,11.0,0.455,4.0,9.0,0.444,0.0,0.0,,0.0,3.0,3.0,0.0,1.0,0.0,2.0,4.0,14.0,8.0,https://www.basketball-reference.com/boxscores/201702080MEM.html,2016-17
Troy Daniels,2017-02-10,Memphis Grizzlies,Golden State Warriors,1,14.57,2.0,7.0,0.28600000000000003,1.0,4.0,0.25,1.0,2.0,0.5,2.0,1.0,3.0,0.0,0.0,0.0,0.0,0.0,6.0,-8.0,https://www.basketball-reference.com/boxscores/201702100MEM.html,2016-17
Troy Daniels,2017-02-13,Memphis Grizzlies,Brooklyn Nets,0,15.31,2.0,5.0,0.4,2.0,4.0,0.5,0.0,0.0,,0.0,1.0,1.0,1.0,0.0,0.0,0.0,0.0,6.0,-1.0,https://www.basketball-reference.com/boxscores/201702130BRK.html,2016-17
Troy Daniels,2017-02-15,Memphis Grizzlies,New Orleans Pelicans,1,10.26,1.0,3.0,0.333,1.0,3.0,0.333,2.0,2.0,1.0,2.0,1.0,3.0,1.0,0.0,0.0,0.0,0.0,5.0,-1.0,https://www.basketball-reference.com/boxscores/201702150MEM.html,2016-17
Troy Daniels,2017-02-24,Memphis Grizzlies,Indiana Pacers,0,14.45,4.0,10.0,0.4,4.0,7.0,0.5710000000000001,1.0,2.0,0.5,0.0,0.0,0.0,2.0,3.0,0.0,1.0,0.0,13.0,15.0,https://www.basketball-reference.com/boxscores/201702240IND.html,2016-17
Troy Daniels,2017-02-26,Memphis Grizzlies,Denver Nuggets,0,17.45,2.0,5.0,0.4,2.0,5.0,0.4,0.0,0.0,,0.0,2.0,2.0,0.0,0.0,0.0,0.0,4.0,6.0,10.0,https://www.basketball-reference.com/boxscores/201702260DEN.html,2016-17
Troy Daniels,2017-02-28,Memphis Grizzlies,Phoenix Suns,1,11.4,0.0,3.0,0.0,0.0,2.0,0.0,2.0,2.0,1.0,0.0,1.0,1.0,0.0,0.0,0.0,1.0,1.0,2.0,5.0,https://www.basketball-reference.com/boxscores/201702280MEM.html,2016-17
Troy Daniels,2017-03-03,Memphis Grizzlies,Dallas Mavericks,0,14.52,0.0,5.0,0.0,0.0,4.0,0.0,0.0,0.0,,0.0,1.0,1.0,0.0,1.0,0.0,1.0,0.0,0.0,4.0,https://www.basketball-reference.com/boxscores/201703030DAL.html,2016-17
Troy Daniels,2017-03-04,Memphis Grizzlies,Houston Rockets,0,10.44,3.0,6.0,0.5,1.0,4.0,0.25,0.0,0.0,,0.0,0.0,0.0,0.0,0.0,0.0,0.0,3.0,7.0,0.0,https://www.basketball-reference.com/boxscores/201703040HOU.html,2016-17
Troy Daniels,2017-03-06,Memphis Grizzlies,Brooklyn Nets,1,1.52,0.0,2.0,0.0,0.0,2.0,0.0,0.0,0.0,,0.0,0.0,0.0,0.0,0.0,0.0,0.0,0.0,0.0,0.0,https://www.basketball-reference.com/boxscores/201703060MEM.html,2016-17
Troy Daniels,2017-03-09,Memphis Grizzlies,Los Angeles Clippers,1,16.24,4.0,5.0,0.8,4.0,5.0,0.8,1.0,2.0,0.5,0.0,1.0,1.0,1.0,0.0,0.0,1.0,3.0,13.0,0.0,https://www.basketball-reference.com/boxscores/201703090MEM.html,2016-17
Troy Daniels,2017-03-11,Memphis Grizzlies,Atlanta Hawks,1,21.34,1.0,10.0,0.1,1.0,7.0,0.14300000000000002,0.0,0.0,,0.0,1.0,1.0,0.0,0.0,0.0,0.0,1.0,3.0,-14.0,https://www.basketball-reference.com/boxscores/201703110MEM.html,2016-17
Troy Daniels,2017-03-13,Memphis Grizzlies,Milwaukee Bucks,1,15.17,2.0,8.0,0.25,2.0,6.0,0.333,0.0,0.0,,1.0,3.0,4.0,1.0,1.0,0.0,2.0,0.0,6.0,9.0,https://www.basketball-reference.com/boxscores/201703130MEM.html,2016-17
Troy Daniels,2017-03-15,Memphis Grizzlies,Chicago Bulls,0,19.17,2.0,8.0,0.25,2.0,7.0,0.28600000000000003,0.0,0.0,,1.0,2.0,3.0,0.0,0.0,0.0,0.0,0.0,6.0,-2.0,https://www.basketball-reference.com/boxscores/201703150CHI.html,2016-17
Troy Daniels,2017-03-16,Memphis Grizzlies,Atlanta Hawks,0,19.07,2.0,7.0,0.28600000000000003,2.0,5.0,0.4,0.0,0.0,,1.0,3.0,4.0,0.0,0.0,0.0,1.0,3.0,6.0,-5.0,https://www.basketball-reference.com/boxscores/201703160ATL.html,2016-17
Troy Daniels,2017-03-18,Memphis Grizzlies,San Antonio Spurs,1,19.56,4.0,8.0,0.5,3.0,5.0,0.6,0.0,0.0,,0.0,0.0,0.0,0.0,0.0,0.0,1.0,1.0,11.0,-4.0,https://www.basketball-reference.com/boxscores/201703180MEM.html,2016-17
Troy Daniels,2017-03-21,Memphis Grizzlies,New Orleans Pelicans,0,24.16,4.0,8.0,0.5,4.0,8.0,0.5,0.0,0.0,,0.0,2.0,2.0,2.0,0.0,0.0,2.0,1.0,12.0,8.0,https://www.basketball-reference.com/boxscores/201703210NOP.html,2016-17
Troy Daniels,2017-03-23,Memphis Grizzlies,San Antonio Spurs,0,19.45,2.0,4.0,0.5,2.0,4.0,0.5,0.0,0.0,,0.0,0.0,0.0,0.0,0.0,0.0,2.0,2.0,6.0,2.0,https://www.basketball-reference.com/boxscores/201703230SAS.html,2016-17
Troy Daniels,2017-03-26,Memphis Grizzlies,Golden State Warriors,0,11.39,2.0,8.0,0.25,2.0,6.0,0.333,0.0,0.0,,2.0,1.0,3.0,1.0,0.0,0.0,0.0,0.0,6.0,3.0,https://www.basketball-reference.com/boxscores/201703260GSW.html,2016-17
Troy Daniels,2017-03-27,Memphis Grizzlies,Sacramento Kings,0,29.25,3.0,12.0,0.25,1.0,7.0,0.14300000000000002,3.0,3.0,1.0,0.0,3.0,3.0,0.0,0.0,0.0,0.0,3.0,10.0,2.0,https://www.basketball-reference.com/boxscores/201703270SAC.html,2016-17
Troy Daniels,2017-03-29,Memphis Grizzlies,Indiana Pacers,1,18.55,2.0,10.0,0.2,1.0,7.0,0.14300000000000002,0.0,0.0,,0.0,1.0,1.0,2.0,0.0,0.0,0.0,0.0,5.0,-17.0,https://www.basketball-reference.com/boxscores/201703290MEM.html,2016-17
Troy Daniels,2017-03-31,Memphis Grizzlies,Dallas Mavericks,1,33.54,7.0,13.0,0.5379999999999999,7.0,12.0,0.583,0.0,0.0,,0.0,3.0,3.0,2.0,0.0,0.0,1.0,0.0,21.0,15.0,https://www.basketball-reference.com/boxscores/201703310MEM.html,2016-17
Troy Daniels,2014-12-03,Houston Rockets,Memphis Grizzlies,1,6.54,0.0,3.0,0.0,0.0,2.0,0.0,0.0,0.0,,0.0,0.0,0.0,0.0,0.0,0.0,1.0,2.0,0.0,-14.0,https://www.basketball-reference.com/boxscores/201412030HOU.html,2014-15
Troy Daniels,2014-12-05,Minnesota Timberwolves,Houston Rockets,1,,,,,,,,,,,,,,,,,,,,,https://www.basketball-reference.com/boxscores/201412050MIN.html,2014-15
Troy Daniels,2014-12-06,Houston Rockets,Phoenix Suns,1,,,,,,,,,,,,,,,,,,,,,https://www.basketball-reference.com/boxscores/201412060HOU.html,2014-15
Troy Daniels,2014-12-10,Houston Rockets,Golden State Warriors,0,1.12,0.0,1.0,0.0,0.0,1.0,0.0,0.0,0.0,,0.0,0.0,0.0,0.0,0.0,0.0,0.0,0.0,0.0,-3.0,https://www.basketball-reference.com/boxscores/201412100GSW.html,2014-15
Troy Daniels,2014-12-11,Sacramento Kings,Houston Rockets,1,12.19,2.0,5.0,0.4,2.0,5.0,0.4,0.0,0.0,,0.0,0.0,0.0,1.0,0.0,0.0,1.0,0.0,6.0,10.0,https://www.basketball-reference.com/boxscores/201412110SAC.html,2014-15
Troy Daniels,2014-12-13,Houston Rockets,Denver Nuggets,1,1.45,0.0,0.0,,0.0,0.0,,0.0,0.0,,0.0,1.0,1.0,0.0,0.0,0.0,0.0,0.0,0.0,-3.0,https://www.basketball-reference.com/boxscores/201412130HOU.html,2014-15
Troy Daniels,2014-12-17,Denver Nuggets,Houston Rockets,1,,,,,,,,,,,,,,,,,,,,,https://www.basketball-reference.com/boxscores/201412170DEN.html,2014-15
Troy Daniels,2014-12-18,Houston Rockets,New Orleans Pelicans,1,16.18,3.0,4.0,0.75,3.0,4.0,0.75,0.0,0.0,,0.0,3.0,3.0,0.0,0.0,0.0,0.0,0.0,9.0,-3.0,https://www.basketball-reference.com/boxscores/201412180HOU.html,2014-15
Troy Daniels,2014-12-21,Minnesota Timberwolves,Indiana Pacers,1,0.25,0.0,1.0,0.0,0.0,0.0,,0.0,0.0,,0.0,1.0,1.0,0.0,0.0,0.0,0.0,1.0,0.0,0.0,https://www.basketball-reference.com/boxscores/201412210MIN.html,2014-15
Troy Daniels,2014-12-23,Minnesota Timberwolves,Cleveland Cavaliers,0,5.13,0.0,1.0,0.0,0.0,1.0,0.0,0.0,0.0,,0.0,0.0,0.0,0.0,0.0,0.0,0.0,0.0,0.0,0.0,https://www.basketball-reference.com/boxscores/201412230CLE.html,2014-15
Troy Daniels,2014-12-26,Minnesota Timberwolves,Denver Nuggets,0,0.1,0.0,0.0,,0.0,0.0,,0.0,0.0,,0.0,0.0,0.0,0.0,0.0,0.0,0.0,0.0,0.0,-1.0,https://www.basketball-reference.com/boxscores/201412260DEN.html,2014-15
Troy Daniels,2014-12-27,Minnesota Timberwolves,Golden State Warriors,0,8.44,5.0,6.0,0.833,4.0,4.0,1.0,0.0,0.0,,1.0,1.0,2.0,1.0,0.0,0.0,0.0,1.0,14.0,9.0,https://www.basketball-reference.com/boxscores/201412270GSW.html,2014-15
Troy Daniels,2014-12-30,Minnesota Timberwolves,Utah Jazz,0,1.53,0.0,1.0,0.0,0.0,1.0,0.0,0.0,0.0,,0.0,0.0,0.0,0.0,0.0,0.0,0.0,0.0,0.0,-7.0,https://www.basketball-reference.com/boxscores/201412300UTA.html,2014-15
Troy Daniels,2015-01-01,Minnesota Timberwolves,Sacramento Kings,1,12.36,3.0,7.0,0.429,3.0,7.0,0.429,2.0,2.0,1.0,0.0,2.0,2.0,1.0,0.0,0.0,0.0,2.0,11.0,11.0,https://www.basketball-reference.com/boxscores/201501010MIN.html,2014-15
Troy Daniels,2015-01-03,Minnesota Timberwolves,Utah Jazz,1,18.22,0.0,8.0,0.0,0.0,5.0,0.0,0.0,0.0,,2.0,2.0,4.0,2.0,0.0,0.0,0.0,2.0,0.0,-7.0,https://www.basketball-reference.com/boxscores/201501030MIN.html,2014-15
Troy Daniels,2015-01-05,Minnesota Timberwolves,Denver Nuggets,1,11.05,1.0,3.0,0.333,1.0,2.0,0.5,0.0,0.0,,0.0,2.0,2.0,0.0,0.0,0.0,0.0,1.0,3.0,-14.0,https://www.basketball-reference.com/boxscores/201501050MIN.html,2014-15
Troy Daniels,2015-01-07,Minnesota Timberwolves,Phoenix Suns,1,,,,,,,,,,,,,,,,,,,,,https://www.basketball-reference.com/boxscores/201501070MIN.html,2014-15
Troy Daniels,2015-01-09,Minnesota Timberwolves,Milwaukee Bucks,0,17.18,1.0,8.0,0.125,0.0,5.0,0.0,0.0,0.0,,1.0,0.0,1.0,0.0,1.0,0.0,3.0,1.0,2.0,-5.0,https://www.basketball-reference.com/boxscores/201501090MIL.html,2014-15
Troy Daniels,2015-01-10,Minnesota Timberwolves,San Antonio Spurs,1,14.06,1.0,3.0,0.333,1.0,3.0,0.333,0.0,0.0,,0.0,2.0,2.0,2.0,0.0,0.0,1.0,1.0,3.0,5.0,https://www.basketball-reference.com/boxscores/201501100MIN.html,2014-15
Troy Daniels,2015-01-13,Minnesota Timberwolves,Indiana Pacers,0,12.43,2.0,4.0,0.5,1.0,2.0,0.5,0.0,0.0,,0.0,0.0,0.0,1.0,0.0,0.0,0.0,1.0,5.0,5.0,https://www.basketball-reference.com/boxscores/201501130IND.html,2014-15
Troy Daniels,2015-01-16,Minnesota Timberwolves,Phoenix Suns,0,6.4,1.0,1.0,1.0,0.0,0.0,,0.0,0.0,,0.0,1.0,1.0,3.0,0.0,0.0,0.0,0.0,2.0,7.0,https://www.basketball-reference.com/boxscores/201501160PHO.html,2014-15
Troy Daniels,2015-01-17,Minnesota Timberwolves,Denver Nuggets,0,,,,,,,,,,,,,,,,,,,,,https://www.basketball-reference.com/boxscores/201501170DEN.html,2014-15
Troy Daniels,2015-01-19,Minnesota Timberwolves,Charlotte Hornets,0,15.25,3.0,5.0,0.6,2.0,4.0,0.5,0.0,0.0,,1.0,0.0,1.0,1.0,0.0,0.0,1.0,2.0,8.0,-3.0,https://www.basketball-reference.com/boxscores/201501190CHO.html,2014-15
Troy Daniels,2015-01-21,Minnesota Timberwolves,Dallas Mavericks,1,16.28,2.0,9.0,0.222,1.0,4.0,0.25,0.0,0.0,,1.0,2.0,3.0,2.0,1.0,0.0,2.0,0.0,5.0,-13.0,https://www.basketball-reference.com/boxscores/201501210MIN.html,2014-15
Troy Daniels,2015-01-23,Minnesota Timberwolves,New Orleans Pelicans,1,,,,,,,,,,,,,,,,,,,,,https://www.basketball-reference.com/boxscores/201501230MIN.html,2014-15
Troy Daniels,2015-01-25,Minnesota Timberwolves,Atlanta Hawks,0,2.5,0.0,0.0,,0.0,0.0,,0.0,0.0,,0.0,0.0,0.0,0.0,0.0,0.0,1.0,0.0,0.0,-3.0,https://www.basketball-reference.com/boxscores/201501250ATL.html,2014-15
Troy Daniels,2015-01-26,Minnesota Timberwolves,Oklahoma City Thunder,0,3.15,0.0,1.0,0.0,0.0,0.0,,0.0,0.0,,0.0,0.0,0.0,0.0,1.0,0.0,0.0,1.0,0.0,2.0,https://www.basketball-reference.com/boxscores/201501260OKC.html,2014-15
Troy Daniels,2015-01-28,Minnesota Timberwolves,Boston Celtics,1,,,,,,,,,,,,,,,,,,,,,https://www.basketball-reference.com/boxscores/201501280MIN.html,2014-15
Troy Daniels,2015-01-30,Minnesota Timberwolves,Philadelphia 76ers,0,,,,,,,,,,,,,,,,,,,,,https://www.basketball-reference.com/boxscores/201501300PHI.html,2014-15
Troy Daniels,2015-01-31,Minnesota Timberwolves,Cleveland Cavaliers,1,1.06,0.0,0.0,,0.0,0.0,,0.0,0.0,,0.0,0.0,0.0,0.0,0.0,0.0,0.0,1.0,0.0,-3.0,https://www.basketball-reference.com/boxscores/201501310MIN.html,2014-15
Troy Daniels,2015-02-02,Minnesota Timberwolves,Dallas Mavericks,0,3.39,0.0,1.0,0.0,0.0,1.0,0.0,0.0,0.0,,0.0,0.0,0.0,0.0,0.0,0.0,0.0,0.0,0.0,1.0,https://www.basketball-reference.com/boxscores/201502020DAL.html,2014-15
Troy Daniels,2015-02-04,Minnesota Timberwolves,Miami Heat,1,,,,,,,,,,,,,,,,,,,,,https://www.basketball-reference.com/boxscores/201502040MIN.html,2014-15
Troy Daniels,2015-02-06,Minnesota Timberwolves,Memphis Grizzlies,1,,,,,,,,,,,,,,,,,,,,,https://www.basketball-reference.com/boxscores/201502060MIN.html,2014-15
Troy Daniels,2015-02-08,Minnesota Timberwolves,Detroit Pistons,0,,,,,,,,,,,,,,,,,,,,,https://www.basketball-reference.com/boxscores/201502080DET.html,2014-15
Troy Daniels,2015-02-09,Minnesota Timberwolves,Atlanta Hawks,1,2.02,0.0,0.0,,0.0,0.0,,0.0,0.0,,0.0,0.0,0.0,0.0,0.0,0.0,0.0,0.0,0.0,6.0,https://www.basketball-reference.com/boxscores/201502090MIN.html,2014-15
Troy Daniels,2015-02-10,Charlotte Hornets,Detroit Pistons,1,,,,,,,,,,,,,,,,,,,,,https://www.basketball-reference.com/boxscores/201502100CHO.html,2014-15
Troy Daniels,2015-02-21,Charlotte Hornets,Oklahoma City Thunder,1,,,,,,,,,,,,,,,,,,,,,https://www.basketball-reference.com/boxscores/201502210CHO.html,2014-15
Troy Daniels,2015-02-22,Charlotte Hornets,Dallas Mavericks,0,0.16,0.0,0.0,,0.0,0.0,,0.0,0.0,,0.0,0.0,0.0,0.0,0.0,0.0,0.0,0.0,0.0,0.0,https://www.basketball-reference.com/boxscores/201502220DAL.html,2014-15
Troy Daniels,2015-02-25,Charlotte Hornets,Chicago Bulls,0,,,,,,,,,,,,,,,,,,,,,https://www.basketball-reference.com/boxscores/201502250CHI.html,2014-15
Troy Daniels,2015-02-27,Charlotte Hornets,Boston Celtics,0,,,,,,,,,,,,,,,,,,,,,https://www.basketball-reference.com/boxscores/201502270BOS.html,2014-15
Troy Daniels,2015-03-01,Charlotte Hornets,Orlando Magic,0,,,,,,,,,,,,,,,,,,,,,https://www.basketball-reference.com/boxscores/201503010ORL.html,2014-15
Troy Daniels,2015-03-03,Charlotte Hornets,Los Angeles Lakers,1,,,,,,,,,,,,,,,,,,,,,https://www.basketball-reference.com/boxscores/201503030CHO.html,2014-15
Troy Daniels,2015-03-04,Charlotte Hornets,Brooklyn Nets,0,5.0,1.0,2.0,0.5,1.0,2.0,0.5,0.0,0.0,,0.0,0.0,0.0,0.0,0.0,0.0,1.0,1.0,3.0,-4.0,https://www.basketball-reference.com/boxscores/201503040BRK.html,2014-15
Troy Daniels,2015-03-06,Charlotte Hornets,Toronto Raptors,1,,,,,,,,,,,,,,,,,,,,,https://www.basketball-reference.com/boxscores/201503060CHO.html,2014-15
Troy Daniels,2015-03-08,Charlotte Hornets,Detroit Pistons,0,,,,,,,,,,,,,,,,,,,,,https://www.basketball-reference.com/boxscores/201503080DET.html,2014-15
Troy Daniels,2015-03-09,Charlotte Hornets,Washington Wizards,1,5.44,0.0,2.0,0.0,0.0,2.0,0.0,0.0,0.0,,0.0,0.0,0.0,0.0,0.0,0.0,0.0,1.0,0.0,-6.0,https://www.basketball-reference.com/boxscores/201503090CHO.html,2014-15
Troy Daniels,2015-03-11,Charlotte Hornets,Sacramento Kings,1,,,,,,,,,,,,,,,,,,,,,https://www.basketball-reference.com/boxscores/201503110CHO.html,2014-15
Troy Daniels,2015-03-13,Charlotte Hornets,Chicago Bulls,1,,,,,,,,,,,,,,,,,,,,,https://www.basketball-reference.com/boxscores/201503130CHO.html,2014-15
Troy Daniels,2015-03-16,Charlotte Hornets,Utah Jazz,0,3.33,2.0,2.0,1.0,2.0,2.0,1.0,0.0,0.0,,0.0,1.0,1.0,0.0,0.0,0.0,0.0,0.0,6.0,6.0,https://www.basketball-reference.com/boxscores/201503160UTA.html,2014-15
Troy Daniels,2015-03-17,Charlotte Hornets,Los Angeles Clippers,0,,,,,,,,,,,,,,,,,,,,,https://www.basketball-reference.com/boxscores/201503170LAC.html,2014-15
Troy Daniels,2015-03-28,Charlotte Hornets,Atlanta Hawks,1,,,,,,,,,,,,,,,,,,,,,https://www.basketball-reference.com/boxscores/201503280CHO.html,2014-15
Troy Daniels,2015-03-30,Charlotte Hornets,Boston Celtics,1,,,,,,,,,,,,,,,,,,,,,https://www.basketball-reference.com/boxscores/201503300CHO.html,2014-15
Troy Daniels,2019-12-01,Los Angeles Lakers,Dallas Mavericks,1,17.24,2.0,4.0,0.5,1.0,2.0,0.5,0.0,0.0,,0.0,1.0,1.0,0.0,0.0,0.0,1.0,1.0,5.0,-4.0,https://www.basketball-reference.com/boxscores/201912010LAL.html,2019-20
Troy Daniels,2019-12-03,Los Angeles Lakers,Denver Nuggets,0,9.32,2.0,3.0,0.667,2.0,3.0,0.667,0.0,1.0,0.0,1.0,2.0,3.0,0.0,0.0,0.0,0.0,0.0,6.0,6.0,https://www.basketball-reference.com/boxscores/201912030DEN.html,2019-20
Troy Daniels,2019-12-04,Los Angeles Lakers,Utah Jazz,0,12.37,1.0,4.0,0.25,1.0,3.0,0.333,0.0,0.0,,0.0,2.0,2.0,0.0,1.0,0.0,0.0,1.0,3.0,2.0,https://www.basketball-reference.com/boxscores/201912040UTA.html,2019-20
Troy Daniels,2019-12-06,Los Angeles Lakers,Portland Trail Blazers,0,12.37,3.0,5.0,0.6,3.0,5.0,0.6,0.0,0.0,,0.0,1.0,1.0,1.0,1.0,0.0,1.0,3.0,9.0,7.0,https://www.basketball-reference.com/boxscores/201912060POR.html,2019-20
Troy Daniels,2019-12-08,Los Angeles Lakers,Minnesota Timberwolves,1,7.44,0.0,2.0,0.0,0.0,2.0,0.0,0.0,0.0,,0.0,1.0,1.0,0.0,0.0,0.0,0.0,1.0,0.0,-6.0,https://www.basketball-reference.com/boxscores/201912080LAL.html,2019-20
Troy Daniels,2019-12-11,Los Angeles Lakers,Orlando Magic,0,6.46,1.0,2.0,0.5,1.0,1.0,1.0,1.0,3.0,0.333,0.0,1.0,1.0,0.0,0.0,0.0,0.0,0.0,4.0,8.0,https://www.basketball-reference.com/boxscores/201912110ORL.html,2019-20
Troy Daniels,2019-12-13,Los Angeles Lakers,Miami Heat,0,,,,,,,,,,,,,,,,,,,,,https://www.basketball-reference.com/boxscores/201912130MIA.html,2019-20
Troy Daniels,2019-12-15,Los Angeles Lakers,Atlanta Hawks,0,,,,,,,,,,,,,,,,,,,,,https://www.basketball-reference.com/boxscores/201912150ATL.html,2019-20
Troy Daniels,2019-12-17,Los Angeles Lakers,Indiana Pacers,0,12.12,1.0,3.0,0.333,0.0,1.0,0.0,0.0,0.0,,0.0,0.0,0.0,1.0,0.0,0.0,0.0,1.0,2.0,5.0,https://www.basketball-reference.com/boxscores/201912170IND.html,2019-20
Troy Daniels,2019-12-19,Los Angeles Lakers,Milwaukee Bucks,0,3.01,0.0,1.0,0.0,0.0,1.0,0.0,0.0,0.0,,0.0,0.0,0.0,0.0,0.0,0.0,0.0,0.0,0.0,6.0,https://www.basketball-reference.com/boxscores/201912190MIL.html,2019-20
Troy Daniels,2019-12-22,Los Angeles Lakers,Denver Nuggets,1,10.0,3.0,4.0,0.75,1.0,2.0,0.5,0.0,0.0,,0.0,0.0,0.0,0.0,0.0,0.0,0.0,2.0,7.0,-4.0,https://www.basketball-reference.com/boxscores/201912220LAL.html,2019-20
Troy Daniels,2019-12-25,Los Angeles Lakers,Los Angeles Clippers,1,,,,,,,,,,,,,,,,,,,,,https://www.basketball-reference.com/boxscores/201912250LAL.html,2019-20
Troy Daniels,2019-12-28,Los Angeles Lakers,Portland Trail Blazers,0,,,,,,,,,,,,,,,,,,,,,https://www.basketball-reference.com/boxscores/201912280POR.html,2019-20
Troy Daniels,2019-12-29,Los Angeles Lakers,Dallas Mavericks,1,1.19,1.0,1.0,1.0,0.0,0.0,,0.0,0.0,,0.0,0.0,0.0,0.0,0.0,0.0,0.0,0.0,2.0,-3.0,https://www.basketball-reference.com/boxscores/201912290LAL.html,2019-20
Troy Daniels,2020-01-01,Los Angeles Lakers,Phoenix Suns,1,4.12,0.0,1.0,0.0,0.0,0.0,,0.0,0.0,,0.0,0.0,0.0,0.0,0.0,0.0,0.0,1.0,0.0,-12.0,https://www.basketball-reference.com/boxscores/202001010LAL.html,2019-20
Troy Daniels,2020-01-03,Los Angeles Lakers,New Orleans Pelicans,1,9.02,1.0,1.0,1.0,1.0,1.0,1.0,0.0,0.0,,0.0,0.0,0.0,0.0,0.0,0.0,1.0,0.0,3.0,-5.0,https://www.basketball-reference.com/boxscores/202001030LAL.html,2019-20
Troy Daniels,2020-01-05,Los Angeles Lakers,Detroit Pistons,1,,,,,,,,,,,,,,,,,,,,,https://www.basketball-reference.com/boxscores/202001050LAL.html,2019-20
Troy Daniels,2020-01-07,Los Angeles Lakers,New York Knicks,1,5.54,0.0,1.0,0.0,0.0,1.0,0.0,0.0,0.0,,0.0,0.0,0.0,1.0,0.0,1.0,0.0,0.0,0.0,3.0,https://www.basketball-reference.com/boxscores/202001070LAL.html,2019-20
Troy Daniels,2020-01-10,Los Angeles Lakers,Dallas Mavericks,0,3.02,0.0,0.0,,0.0,0.0,,0.0,0.0,,0.0,0.0,0.0,0.0,0.0,0.0,0.0,0.0,0.0,-2.0,https://www.basketball-reference.com/boxscores/202001100DAL.html,2019-20
Troy Daniels,2020-01-11,Los Angeles Lakers,Oklahoma City Thunder,0,21.23,5.0,11.0,0.455,2.0,6.0,0.333,0.0,0.0,,1.0,5.0,6.0,0.0,0.0,0.0,0.0,3.0,12.0,-2.0,https://www.basketball-reference.com/boxscores/202001110OKC.html,2019-20
Troy Daniels,2020-01-13,Los Angeles Lakers,Cleveland Cavaliers,1,3.19,2.0,3.0,0.667,2.0,3.0,0.667,2.0,2.0,1.0,1.0,1.0,2.0,1.0,0.0,0.0,0.0,0.0,8.0,6.0,https://www.basketball-reference.com/boxscores/202001130LAL.html,2019-20
Troy Daniels,2020-01-15,Los Angeles Lakers,Orlando Magic,1,20.52,6.0,9.0,0.667,4.0,5.0,0.8,1.0,1.0,1.0,1.0,0.0,1.0,1.0,0.0,0.0,0.0,0.0,17.0,23.0,https://www.basketball-reference.com/boxscores/202001150LAL.html,2019-20
Troy Daniels,2020-01-18,Los Angeles Lakers,Houston Rockets,0,13.04,1.0,3.0,0.333,1.0,3.0,0.333,0.0,0.0,,0.0,0.0,0.0,0.0,0.0,0.0,0.0,1.0,3.0,-2.0,https://www.basketball-reference.com/boxscores/202001180HOU.html,2019-20
Troy Daniels,2020-01-20,Los Angeles Lakers,Boston Celtics,0,13.3,1.0,5.0,0.2,1.0,3.0,0.333,0.0,0.0,,0.0,0.0,0.0,1.0,1.0,0.0,0.0,2.0,3.0,-6.0,https://www.basketball-reference.com/boxscores/202001200BOS.html,2019-20
Troy Daniels,2020-01-22,Los Angeles Lakers,New York Knicks,0,,,,,,,,,,,,,,,,,,,,,https://www.basketball-reference.com/boxscores/202001220NYK.html,2019-20
Troy Daniels,2020-01-23,Los Angeles Lakers,Brooklyn Nets,0,8.03,1.0,3.0,0.333,0.0,1.0,0.0,1.0,1.0,1.0,1.0,0.0,1.0,1.0,0.0,1.0,0.0,0.0,3.0,-11.0,https://www.basketball-reference.com/boxscores/202001230BRK.html,2019-20
Troy Daniels,2020-01-25,Los Angeles Lakers,Philadelphia 76ers,0,,,,,,,,,,,,,,,,,,,,,https://www.basketball-reference.com/boxscores/202001250PHI.html,2019-20
Troy Daniels,2020-01-31,Los Angeles Lakers,Portland Trail Blazers,1,7.45,1.0,4.0,0.25,0.0,1.0,0.0,1.0,2.0,0.5,3.0,0.0,3.0,1.0,0.0,0.0,1.0,2.0,3.0,-2.0,https://www.basketball-reference.com/boxscores/202001310LAL.html,2019-20
Troy Daniels,2020-02-01,Los Angeles Lakers,Sacramento Kings,0,5.48,0.0,2.0,0.0,0.0,2.0,0.0,0.0,0.0,,0.0,0.0,0.0,0.0,0.0,0.0,1.0,1.0,0.0,-6.0,https://www.basketball-reference.com/boxscores/202002010SAC.html,2019-20
Troy Daniels,2020-02-04,Los Angeles Lakers,San Antonio Spurs,1,4.2,1.0,1.0,1.0,1.0,1.0,1.0,0.0,0.0,,0.0,0.0,0.0,0.0,0.0,0.0,0.0,1.0,3.0,7.0,https://www.basketball-reference.com/boxscores/202002040LAL.html,2019-20
Troy Daniels,2020-02-06,Los Angeles Lakers,Houston Rockets,1,,,,,,,,,,,,,,,,,,,,,https://www.basketball-reference.com/boxscores/202002060LAL.html,2019-20
Troy Daniels,2020-02-08,Los Angeles Lakers,Golden State Warriors,0,16.51,1.0,3.0,0.333,1.0,3.0,0.333,1.0,2.0,0.5,1.0,0.0,1.0,0.0,0.0,0.0,0.0,2.0,4.0,-5.0,https://www.basketball-reference.com/boxscores/202002080GSW.html,2019-20
Troy Daniels,2020-02-10,Los Angeles Lakers,Phoenix Suns,1,4.48,1.0,5.0,0.2,1.0,5.0,0.2,0.0,0.0,,0.0,2.0,2.0,0.0,0.0,0.0,0.0,0.0,3.0,2.0,https://www.basketball-reference.com/boxscores/202002100LAL.html,2019-20
Troy Daniels,2020-02-12,Denver Nuggets,Los Angeles Lakers,1,,,,,,,,,,,,,,,,,,,,,https://www.basketball-reference.com/boxscores/202002120DEN.html,2019-20
Troy Daniels,2020-02-21,Los Angeles Lakers,Memphis Grizzlies,1,,,,,,,,,,,,,,,,,,,,,https://www.basketball-reference.com/boxscores/202002210LAL.html,2019-20
Troy Daniels,2020-02-23,Los Angeles Lakers,Boston Celtics,1,,,,,,,,,,,,,,,,,,,,,https://www.basketball-reference.com/boxscores/202002230LAL.html,2019-20
Troy Daniels,2020-02-25,Los Angeles Lakers,New Orleans Pelicans,1,,,,,,,,,,,,,,,,,,,,,https://www.basketball-reference.com/boxscores/202002250LAL.html,2019-20
Troy Daniels,2020-02-27,Los Angeles Lakers,Golden State Warriors,0,6.47,1.0,4.0,0.25,0.0,3.0,0.0,0.0,1.0,0.0,0.0,2.0,2.0,0.0,0.0,0.0,0.0,0.0,2.0,1.0,https://www.basketball-reference.com/boxscores/202002270GSW.html,2019-20
Troy Daniels,2020-02-29,Los Angeles Lakers,Memphis Grizzlies,0,3.04,1.0,1.0,1.0,1.0,1.0,1.0,0.0,0.0,,0.0,0.0,0.0,0.0,0.0,0.0,0.0,0.0,3.0,1.0,https://www.basketball-reference.com/boxscores/202002290MEM.html,2019-20
Troy Daniels,2020-03-07,Denver Nuggets,Cleveland Cavaliers,0,,,,,,,,,,,,,,,,,,,,,https://www.basketball-reference.com/boxscores/202003070CLE.html,2019-20
Troy Daniels,2020-03-09,Denver Nuggets,Milwaukee Bucks,1,0.44,0.0,1.0,0.0,0.0,1.0,0.0,0.0,0.0,,0.0,0.0,0.0,0.0,0.0,0.0,0.0,0.0,0.0,0.0,https://www.basketball-reference.com/boxscores/202003090DEN.html,2019-20
Troy Daniels,2020-03-11,Denver Nuggets,Dallas Mavericks,0,,,,,,,,,,,,,,,,,,,,,https://www.basketball-reference.com/boxscores/202003110DAL.html,2019-20
Troy Daniels,2017-12-02,Phoenix Suns,Boston Celtics,0,8.29,1.0,4.0,0.25,1.0,4.0,0.25,0.0,0.0,,0.0,0.0,0.0,0.0,1.0,0.0,1.0,2.0,3.0,0.0,https://www.basketball-reference.com/boxscores/201712020BOS.html,2017-18
Troy Daniels,2017-12-04,Phoenix Suns,Philadelphia 76ers,0,5.19,1.0,2.0,0.5,1.0,1.0,1.0,0.0,0.0,,0.0,1.0,1.0,0.0,1.0,0.0,0.0,0.0,3.0,7.0,https://www.basketball-reference.com/boxscores/201712040PHI.html,2017-18
Troy Daniels,2017-12-05,Phoenix Suns,Toronto Raptors,0,21.05,5.0,10.0,0.5,3.0,7.0,0.429,0.0,0.0,,0.0,2.0,2.0,1.0,0.0,0.0,1.0,1.0,13.0,-2.0,https://www.basketball-reference.com/boxscores/201712050TOR.html,2017-18
Troy Daniels,2017-12-07,Phoenix Suns,Washington Wizards,1,28.24,2.0,6.0,0.333,2.0,6.0,0.333,4.0,4.0,1.0,0.0,4.0,4.0,0.0,1.0,0.0,0.0,2.0,10.0,-19.0,https://www.basketball-reference.com/boxscores/201712070PHO.html,2017-18
Troy Daniels,2017-12-09,Phoenix Suns,San Antonio Spurs,1,24.23,4.0,8.0,0.5,2.0,6.0,0.333,0.0,0.0,,0.0,1.0,1.0,0.0,0.0,0.0,1.0,3.0,10.0,0.0,https://www.basketball-reference.com/boxscores/201712090PHO.html,2017-18
Troy Daniels,2017-12-12,Phoenix Suns,Sacramento Kings,0,27.58,3.0,10.0,0.3,3.0,10.0,0.3,0.0,0.0,,0.0,0.0,0.0,4.0,0.0,0.0,0.0,1.0,9.0,9.0,https://www.basketball-reference.com/boxscores/201712120SAC.html,2017-18
Troy Daniels,2017-12-13,Phoenix Suns,Toronto Raptors,1,31.55,11.0,16.0,0.688,7.0,10.0,0.7,3.0,3.0,1.0,0.0,3.0,3.0,0.0,0.0,1.0,0.0,1.0,32.0,6.0,https://www.basketball-reference.com/boxscores/201712130PHO.html,2017-18
Troy Daniels,2017-12-16,Phoenix Suns,Minnesota Timberwolves,0,27.54,5.0,8.0,0.625,4.0,6.0,0.667,3.0,3.0,1.0,0.0,1.0,1.0,0.0,0.0,0.0,2.0,0.0,17.0,19.0,https://www.basketball-reference.com/boxscores/201712160MIN.html,2017-18
Troy Daniels,2017-12-18,Phoenix Suns,Dallas Mavericks,0,19.01,4.0,9.0,0.444,3.0,8.0,0.375,1.0,1.0,1.0,0.0,2.0,2.0,1.0,0.0,0.0,0.0,5.0,12.0,9.0,https://www.basketball-reference.com/boxscores/201712180DAL.html,2017-18
Troy Daniels,2017-12-20,Phoenix Suns,Los Angeles Clippers,0,21.46,1.0,6.0,0.16699999999999998,1.0,6.0,0.16699999999999998,4.0,4.0,1.0,0.0,3.0,3.0,2.0,0.0,0.0,1.0,4.0,7.0,-5.0,https://www.basketball-reference.com/boxscores/201712200LAC.html,2017-18
Troy Daniels,2017-12-21,Phoenix Suns,Memphis Grizzlies,1,21.46,3.0,7.0,0.429,3.0,6.0,0.5,5.0,5.0,1.0,0.0,2.0,2.0,2.0,1.0,0.0,2.0,3.0,14.0,7.0,https://www.basketball-reference.com/boxscores/201712210PHO.html,2017-18
Troy Daniels,2017-12-23,Phoenix Suns,Minnesota Timberwolves,1,29.29,6.0,14.0,0.429,6.0,12.0,0.5,0.0,0.0,,0.0,0.0,0.0,1.0,0.0,0.0,1.0,3.0,18.0,-6.0,https://www.basketball-reference.com/boxscores/201712230PHO.html,2017-18
Troy Daniels,2017-12-26,Phoenix Suns,Memphis Grizzlies,1,20.06,2.0,4.0,0.5,2.0,3.0,0.667,0.0,0.0,,0.0,0.0,0.0,1.0,0.0,1.0,1.0,1.0,6.0,-6.0,https://www.basketball-reference.com/boxscores/201712260PHO.html,2017-18
Troy Daniels,2017-12-29,Phoenix Suns,Sacramento Kings,0,20.45,3.0,10.0,0.3,2.0,8.0,0.25,1.0,2.0,0.5,0.0,0.0,0.0,0.0,0.0,0.0,0.0,3.0,9.0,15.0,https://www.basketball-reference.com/boxscores/201712290SAC.html,2017-18
Troy Daniels,2017-12-31,Phoenix Suns,Philadelphia 76ers,1,20.36,1.0,6.0,0.16699999999999998,1.0,6.0,0.16699999999999998,2.0,2.0,1.0,1.0,0.0,1.0,0.0,0.0,0.0,0.0,1.0,5.0,-22.0,https://www.basketball-reference.com/boxscores/201712310PHO.html,2017-18
Troy Daniels,2018-01-02,Phoenix Suns,Atlanta Hawks,1,20.42,1.0,6.0,0.16699999999999998,1.0,5.0,0.2,2.0,3.0,0.667,0.0,2.0,2.0,0.0,0.0,0.0,1.0,1.0,5.0,7.0,https://www.basketball-reference.com/boxscores/201801020PHO.html,2017-18
Troy Daniels,2018-01-03,Phoenix Suns,Denver Nuggets,0,13.4,1.0,2.0,0.5,1.0,2.0,0.5,0.0,0.0,,0.0,0.0,0.0,0.0,0.0,0.0,1.0,2.0,3.0,-21.0,https://www.basketball-reference.com/boxscores/201801030DEN.html,2017-18
Troy Daniels,2018-01-05,Phoenix Suns,San Antonio Spurs,0,30.54,4.0,10.0,0.4,1.0,6.0,0.16699999999999998,1.0,2.0,0.5,0.0,2.0,2.0,3.0,2.0,0.0,1.0,2.0,10.0,-5.0,https://www.basketball-reference.com/boxscores/201801050SAS.html,2017-18
Troy Daniels,2018-01-07,Phoenix Suns,Oklahoma City Thunder,1,22.47,2.0,9.0,0.222,2.0,7.0,0.28600000000000003,3.0,3.0,1.0,0.0,3.0,3.0,0.0,0.0,0.0,0.0,1.0,9.0,25.0,https://www.basketball-reference.com/boxscores/201801070PHO.html,2017-18
Troy Daniels,2018-01-12,Phoenix Suns,Houston Rockets,1,26.56,3.0,11.0,0.273,3.0,10.0,0.3,0.0,0.0,,0.0,1.0,1.0,0.0,0.0,0.0,2.0,3.0,9.0,-14.0,https://www.basketball-reference.com/boxscores/201801120PHO.html,2017-18
Troy Daniels,2018-01-14,Phoenix Suns,Indiana Pacers,1,18.16,5.0,9.0,0.556,3.0,5.0,0.6,0.0,0.0,,0.0,0.0,0.0,0.0,0.0,0.0,1.0,2.0,13.0,-5.0,https://www.basketball-reference.com/boxscores/201801140PHO.html,2017-18
Troy Daniels,2018-01-16,Phoenix Suns,Portland Trail Blazers,0,32.22,6.0,13.0,0.462,6.0,11.0,0.545,0.0,0.0,,0.0,1.0,1.0,0.0,1.0,0.0,1.0,3.0,18.0,5.0,https://www.basketball-reference.com/boxscores/201801160POR.html,2017-18
Troy Daniels,2018-01-19,Phoenix Suns,Denver Nuggets,0,13.24,2.0,2.0,1.0,2.0,2.0,1.0,0.0,0.0,,0.0,1.0,1.0,0.0,0.0,0.0,0.0,1.0,6.0,1.0,https://www.basketball-reference.com/boxscores/201801190DEN.html,2017-18
Troy Daniels,2018-01-22,Phoenix Suns,Milwaukee Bucks,0,22.57,5.0,10.0,0.5,5.0,10.0,0.5,0.0,0.0,,0.0,4.0,4.0,1.0,0.0,0.0,1.0,3.0,15.0,4.0,https://www.basketball-reference.com/boxscores/201801220MIL.html,2017-18
Troy Daniels,2018-01-24,Phoenix Suns,Indiana Pacers,0,26.58,5.0,10.0,0.5,5.0,10.0,0.5,4.0,4.0,1.0,0.0,0.0,0.0,1.0,1.0,0.0,1.0,1.0,19.0,12.0,https://www.basketball-reference.com/boxscores/201801240IND.html,2017-18
Troy Daniels,2018-01-26,Phoenix Suns,New York Knicks,1,23.1,4.0,10.0,0.4,3.0,8.0,0.375,0.0,0.0,,0.0,0.0,0.0,1.0,0.0,0.0,0.0,3.0,11.0,-32.0,https://www.basketball-reference.com/boxscores/201801260PHO.html,2017-18
Troy Daniels,2018-01-28,Phoenix Suns,Houston Rockets,0,15.32,1.0,4.0,0.25,1.0,4.0,0.25,0.0,0.0,,1.0,1.0,2.0,0.0,0.0,0.0,0.0,5.0,3.0,-5.0,https://www.basketball-reference.com/boxscores/201801280HOU.html,2017-18
Troy Daniels,2018-01-29,Phoenix Suns,Memphis Grizzlies,0,23.19,2.0,8.0,0.25,2.0,6.0,0.333,3.0,3.0,1.0,0.0,1.0,1.0,1.0,0.0,1.0,1.0,2.0,9.0,-15.0,https://www.basketball-reference.com/boxscores/201801290MEM.html,2017-18
Troy Daniels,2018-01-31,Phoenix Suns,Dallas Mavericks,1,19.54,3.0,7.0,0.429,3.0,7.0,0.429,0.0,0.0,,0.0,1.0,1.0,1.0,0.0,0.0,0.0,1.0,9.0,6.0,https://www.basketball-reference.com/boxscores/201801310PHO.html,2017-18
Troy Daniels,2018-02-02,Phoenix Suns,Utah Jazz,1,19.18,1.0,3.0,0.333,0.0,2.0,0.0,0.0,0.0,,0.0,2.0,2.0,0.0,0.0,0.0,1.0,5.0,2.0,-18.0,https://www.basketball-reference.com/boxscores/201802020PHO.html,2017-18
Troy Daniels,2018-02-04,Phoenix Suns,Charlotte Hornets,1,25.08,3.0,10.0,0.3,3.0,8.0,0.375,3.0,3.0,1.0,0.0,3.0,3.0,1.0,0.0,0.0,1.0,1.0,12.0,-13.0,https://www.basketball-reference.com/boxscores/201802040PHO.html,2017-18
Troy Daniels,2018-02-06,Phoenix Suns,Los Angeles Lakers,0,23.45,2.0,9.0,0.222,2.0,7.0,0.28600000000000003,3.0,3.0,1.0,0.0,1.0,1.0,0.0,0.0,0.0,0.0,2.0,9.0,-20.0,https://www.basketball-reference.com/boxscores/201802060LAL.html,2017-18
Troy Daniels,2018-02-07,Phoenix Suns,San Antonio Spurs,1,9.39,2.0,7.0,0.28600000000000003,1.0,4.0,0.25,0.0,0.0,,2.0,0.0,2.0,1.0,0.0,0.0,0.0,3.0,5.0,-13.0,https://www.basketball-reference.com/boxscores/201802070PHO.html,2017-18
Troy Daniels,2018-02-10,Phoenix Suns,Denver Nuggets,1,28.54,2.0,9.0,0.222,2.0,8.0,0.25,0.0,0.0,,0.0,2.0,2.0,1.0,0.0,0.0,2.0,4.0,6.0,0.0,https://www.basketball-reference.com/boxscores/201802100PHO.html,2017-18
Troy Daniels,2018-02-12,Phoenix Suns,Golden State Warriors,0,20.43,3.0,8.0,0.375,1.0,5.0,0.2,0.0,0.0,,0.0,0.0,0.0,0.0,0.0,0.0,1.0,1.0,7.0,-14.0,https://www.basketball-reference.com/boxscores/201802120GSW.html,2017-18
Troy Daniels,2018-02-14,Phoenix Suns,Utah Jazz,0,11.15,1.0,6.0,0.16699999999999998,0.0,3.0,0.0,0.0,0.0,,0.0,2.0,2.0,0.0,0.0,0.0,0.0,1.0,2.0,-2.0,https://www.basketball-reference.com/boxscores/201802140UTA.html,2017-18
Troy Daniels,2018-02-23,Phoenix Suns,Los Angeles Clippers,1,24.18,6.0,11.0,0.545,5.0,10.0,0.5,0.0,0.0,,1.0,2.0,3.0,0.0,1.0,1.0,0.0,3.0,17.0,-3.0,https://www.basketball-reference.com/boxscores/201802230PHO.html,2017-18
Troy Daniels,2018-02-24,Phoenix Suns,Portland Trail Blazers,1,23.27,4.0,7.0,0.5710000000000001,3.0,6.0,0.5,0.0,0.0,,0.0,2.0,2.0,0.0,0.0,0.0,1.0,1.0,11.0,-10.0,https://www.basketball-reference.com/boxscores/201802240PHO.html,2017-18
Troy Daniels,2018-02-26,Phoenix Suns,New Orleans Pelicans,0,26.11,0.0,2.0,0.0,0.0,2.0,0.0,0.0,0.0,,0.0,2.0,2.0,1.0,2.0,0.0,0.0,1.0,0.0,-9.0,https://www.basketball-reference.com/boxscores/201802260NOP.html,2017-18
Troy Daniels,2018-02-28,Phoenix Suns,Memphis Grizzlies,0,28.15,2.0,6.0,0.333,1.0,5.0,0.2,3.0,4.0,0.75,0.0,1.0,1.0,3.0,2.0,0.0,0.0,1.0,8.0,9.0,https://www.basketball-reference.com/boxscores/201802280MEM.html,2017-18
Troy Daniels,2018-03-02,Phoenix Suns,Oklahoma City Thunder,1,14.24,1.0,5.0,0.2,1.0,4.0,0.25,0.0,0.0,,0.0,0.0,0.0,0.0,0.0,0.0,1.0,1.0,3.0,-7.0,https://www.basketball-reference.com/boxscores/201803020PHO.html,2017-18
Troy Daniels,2018-03-04,Phoenix Suns,Atlanta Hawks,0,15.26,2.0,3.0,0.667,1.0,2.0,0.5,0.0,0.0,,0.0,2.0,2.0,2.0,1.0,0.0,1.0,3.0,5.0,-3.0,https://www.basketball-reference.com/boxscores/201803040ATL.html,2017-18
Troy Daniels,2018-03-08,Phoenix Suns,Oklahoma City Thunder,0,29.42,2.0,15.0,0.133,2.0,12.0,0.16699999999999998,0.0,0.0,,1.0,5.0,6.0,1.0,2.0,1.0,2.0,3.0,6.0,-21.0,https://www.basketball-reference.com/boxscores/201803080OKC.html,2017-18
Troy Daniels,2018-03-10,Phoenix Suns,Charlotte Hornets,0,35.49,6.0,15.0,0.4,5.0,10.0,0.5,0.0,0.0,,1.0,3.0,4.0,3.0,1.0,0.0,1.0,1.0,17.0,-9.0,https://www.basketball-reference.com/boxscores/201803100CHO.html,2017-18
Troy Daniels,2018-03-13,Phoenix Suns,Cleveland Cavaliers,1,17.22,3.0,7.0,0.429,3.0,7.0,0.429,0.0,0.0,,0.0,1.0,1.0,0.0,0.0,0.0,0.0,1.0,9.0,-7.0,https://www.basketball-reference.com/boxscores/201803130PHO.html,2017-18
Troy Daniels,2018-03-15,Phoenix Suns,Utah Jazz,0,11.39,1.0,1.0,1.0,0.0,0.0,,0.0,0.0,,0.0,1.0,1.0,1.0,0.0,0.0,1.0,2.0,2.0,-15.0,https://www.basketball-reference.com/boxscores/201803150UTA.html,2017-18
Troy Daniels,2018-03-17,Phoenix Suns,Golden State Warriors,1,28.54,6.0,12.0,0.5,3.0,9.0,0.333,3.0,4.0,0.75,0.0,2.0,2.0,2.0,2.0,0.0,1.0,3.0,18.0,-24.0,https://www.basketball-reference.com/boxscores/201803170PHO.html,2017-18
Troy Daniels,2018-03-20,Phoenix Suns,Detroit Pistons,1,31.04,6.0,9.0,0.667,4.0,5.0,0.8,2.0,3.0,0.667,0.0,3.0,3.0,0.0,0.0,0.0,1.0,2.0,18.0,-18.0,https://www.basketball-reference.com/boxscores/201803200PHO.html,2017-18
Troy Daniels,2018-03-23,Phoenix Suns,Cleveland Cavaliers,0,33.28,7.0,16.0,0.438,6.0,12.0,0.5,0.0,0.0,,0.0,6.0,6.0,1.0,0.0,0.0,1.0,1.0,20.0,-16.0,https://www.basketball-reference.com/boxscores/201803230CLE.html,2017-18
Troy Daniels,2018-03-24,Phoenix Suns,Orlando Magic,0,28.11,4.0,13.0,0.308,2.0,10.0,0.2,2.0,2.0,1.0,0.0,4.0,4.0,0.0,0.0,0.0,2.0,2.0,12.0,-12.0,https://www.basketball-reference.com/boxscores/201803240ORL.html,2017-18
Troy Daniels,2018-03-26,Phoenix Suns,Boston Celtics,1,36.07,6.0,16.0,0.375,6.0,14.0,0.429,0.0,0.0,,1.0,5.0,6.0,0.0,0.0,0.0,1.0,1.0,18.0,-11.0,https://www.basketball-reference.com/boxscores/201803260PHO.html,2017-18
Troy Daniels,2018-03-28,Phoenix Suns,Los Angeles Clippers,1,32.05,5.0,11.0,0.455,4.0,8.0,0.5,1.0,2.0,0.5,0.0,4.0,4.0,0.0,1.0,0.0,1.0,2.0,15.0,-11.0,https://www.basketball-reference.com/boxscores/201803280PHO.html,2017-18
Troy Daniels,2018-03-30,Phoenix Suns,Houston Rockets,0,35.31,8.0,14.0,0.5710000000000001,7.0,12.0,0.583,0.0,0.0,,1.0,3.0,4.0,0.0,0.0,0.0,0.0,0.0,23.0,-2.0,https://www.basketball-reference.com/boxscores/201803300HOU.html,2017-18
Troy Daniels,2015-12-02,Charlotte Hornets,Golden State Warriors,1,8.22,1.0,5.0,0.2,1.0,3.0,0.333,2.0,2.0,1.0,0.0,1.0,1.0,0.0,1.0,0.0,0.0,0.0,5.0,9.0,https://www.basketball-reference.com/boxscores/201512020CHO.html,2015-16
Troy Daniels,2015-12-05,Charlotte Hornets,Chicago Bulls,0,,,,,,,,,,,,,,,,,,,,,https://www.basketball-reference.com/boxscores/201512050CHI.html,2015-16
Troy Daniels,2015-12-07,Charlotte Hornets,Detroit Pistons,1,3.44,0.0,0.0,,0.0,0.0,,0.0,0.0,,0.0,0.0,0.0,0.0,0.0,0.0,0.0,1.0,0.0,-2.0,https://www.basketball-reference.com/boxscores/201512070CHO.html,2015-16
Troy Daniels,2015-12-09,Charlotte Hornets,Miami Heat,1,8.52,2.0,4.0,0.5,1.0,3.0,0.333,0.0,0.0,,0.0,0.0,0.0,1.0,1.0,0.0,0.0,1.0,5.0,-12.0,https://www.basketball-reference.com/boxscores/201512090CHO.html,2015-16
Troy Daniels,2015-12-11,Charlotte Hornets,Memphis Grizzlies,0,3.31,1.0,2.0,0.5,1.0,1.0,1.0,0.0,0.0,,0.0,0.0,0.0,0.0,0.0,0.0,1.0,0.0,3.0,-1.0,https://www.basketball-reference.com/boxscores/201512110MEM.html,2015-16
Troy Daniels,2015-12-12,Charlotte Hornets,Boston Celtics,1,,,,,,,,,,,,,,,,,,,,,https://www.basketball-reference.com/boxscores/201512120CHO.html,2015-16
Troy Daniels,2015-12-16,Charlotte Hornets,Orlando Magic,0,6.4,3.0,4.0,0.75,3.0,3.0,1.0,0.0,0.0,,0.0,1.0,1.0,0.0,0.0,0.0,0.0,1.0,9.0,5.0,https://www.basketball-reference.com/boxscores/201512160ORL.html,2015-16
Troy Daniels,2015-12-19,Charlotte Hornets,Washington Wizards,0,,,,,,,,,,,,,,,,,,,,,https://www.basketball-reference.com/boxscores/201512190WAS.html,2015-16
Troy Daniels,2015-12-21,Charlotte Hornets,Houston Rockets,0,2.29,1.0,2.0,0.5,1.0,2.0,0.5,0.0,0.0,,0.0,0.0,0.0,0.0,0.0,0.0,1.0,0.0,3.0,1.0,https://www.basketball-reference.com/boxscores/201512210HOU.html,2015-16
Troy Daniels,2015-12-23,Charlotte Hornets,Boston Celtics,1,,,,,,,,,,,,,,,,,,,,,https://www.basketball-reference.com/boxscores/201512230CHO.html,2015-16
Troy Daniels,2015-12-26,Charlotte Hornets,Memphis Grizzlies,1,,,,,,,,,,,,,,,,,,,,,https://www.basketball-reference.com/boxscores/201512260CHO.html,2015-16
Troy Daniels,2015-12-28,Charlotte Hornets,Los Angeles Lakers,1,,,,,,,,,,,,,,,,,,,,,https://www.basketball-reference.com/boxscores/201512280CHO.html,2015-16
Troy Daniels,2015-12-30,Charlotte Hornets,Los Angeles Clippers,1,1.32,0.0,1.0,0.0,0.0,1.0,0.0,0.0,0.0,,0.0,0.0,0.0,0.0,0.0,0.0,0.0,0.0,0.0,-5.0,https://www.basketball-reference.com/boxscores/201512300CHO.html,2015-16
Troy Daniels,2016-01-01,Charlotte Hornets,Toronto Raptors,0,,,,,,,,,,,,,,,,,,,,,https://www.basketball-reference.com/boxscores/201601010TOR.html,2015-16
Troy Daniels,2016-01-02,Charlotte Hornets,Oklahoma City Thunder,1,17.59,1.0,3.0,0.333,1.0,2.0,0.5,0.0,0.0,,0.0,4.0,4.0,0.0,1.0,0.0,0.0,2.0,3.0,-5.0,https://www.basketball-reference.com/boxscores/201601020CHO.html,2015-16
Troy Daniels,2016-01-04,Charlotte Hornets,Golden State Warriors,0,,,,,,,,,,,,,,,,,,,,,https://www.basketball-reference.com/boxscores/201601040GSW.html,2015-16
Troy Daniels,2016-01-06,Charlotte Hornets,Phoenix Suns,0,23.11,5.0,9.0,0.556,3.0,7.0,0.429,0.0,0.0,,0.0,3.0,3.0,2.0,1.0,0.0,0.0,1.0,13.0,0.0,https://www.basketball-reference.com/boxscores/201601060PHO.html,2015-16
Troy Daniels,2016-01-09,Charlotte Hornets,Los Angeles Clippers,0,,,,,,,,,,,,,,,,,,,,,https://www.basketball-reference.com/boxscores/201601090LAC.html,2015-16
Troy Daniels,2016-01-10,Charlotte Hornets,Denver Nuggets,0,,,,,,,,,,,,,,,,,,,,,https://www.basketball-reference.com/boxscores/201601100DEN.html,2015-16
Troy Daniels,2016-01-13,Charlotte Hornets,Atlanta Hawks,1,13.59,2.0,6.0,0.333,1.0,4.0,0.25,0.0,0.0,,1.0,0.0,1.0,1.0,1.0,0.0,0.0,1.0,5.0,-3.0,https://www.basketball-reference.com/boxscores/201601130CHO.html,2015-16
Troy Daniels,2016-01-15,Charlotte Hornets,New Orleans Pelicans,0,14.42,2.0,4.0,0.5,2.0,4.0,0.5,0.0,0.0,,0.0,3.0,3.0,0.0,0.0,0.0,2.0,1.0,6.0,-15.0,https://www.basketball-reference.com/boxscores/201601150NOP.html,2015-16
Troy Daniels,2016-01-16,Charlotte Hornets,Milwaukee Bucks,1,3.5,1.0,1.0,1.0,1.0,1.0,1.0,0.0,0.0,,0.0,2.0,2.0,0.0,0.0,0.0,0.0,0.0,3.0,8.0,https://www.basketball-reference.com/boxscores/201601160CHO.html,2015-16
Troy Daniels,2016-01-20,Charlotte Hornets,Oklahoma City Thunder,0,16.55,4.0,7.0,0.5710000000000001,3.0,5.0,0.6,0.0,0.0,,0.0,2.0,2.0,0.0,0.0,0.0,1.0,1.0,11.0,5.0,https://www.basketball-reference.com/boxscores/201601200OKC.html,2015-16
Troy Daniels,2016-01-22,Orlando Magic,Charlotte Hornets,1,32.19,7.0,15.0,0.467,3.0,5.0,0.6,0.0,0.0,,2.0,1.0,3.0,2.0,0.0,1.0,1.0,4.0,17.0,20.0,https://www.basketball-reference.com/boxscores/201601220ORL.html,2015-16
Troy Daniels,2016-01-23,Charlotte Hornets,New York Knicks,1,9.08,2.0,5.0,0.4,1.0,3.0,0.333,0.0,0.0,,0.0,0.0,0.0,0.0,0.0,0.0,0.0,4.0,5.0,0.0,https://www.basketball-reference.com/boxscores/201601230CHO.html,2015-16
Troy Daniels,2016-01-25,Sacramento Kings,Charlotte Hornets,1,31.04,10.0,15.0,0.667,8.0,11.0,0.727,0.0,2.0,0.0,2.0,5.0,7.0,0.0,0.0,0.0,0.0,2.0,28.0,-2.0,https://www.basketball-reference.com/boxscores/201601250SAC.html,2015-16
Troy Daniels,2016-01-27,Charlotte Hornets,Utah Jazz,0,22.0,2.0,7.0,0.28600000000000003,0.0,2.0,0.0,1.0,2.0,0.5,0.0,1.0,1.0,0.0,0.0,0.0,5.0,3.0,5.0,-22.0,https://www.basketball-reference.com/boxscores/201601270UTA.html,2015-16
Troy Daniels,2016-01-29,Charlotte Hornets,Portland Trail Blazers,0,8.02,2.0,2.0,1.0,1.0,1.0,1.0,0.0,0.0,,0.0,0.0,0.0,0.0,0.0,0.0,2.0,2.0,5.0,-4.0,https://www.basketball-reference.com/boxscores/201601290POR.html,2015-16
Troy Daniels,2016-01-31,Charlotte Hornets,Los Angeles Lakers,0,13.55,4.0,10.0,0.4,1.0,4.0,0.25,0.0,0.0,,0.0,5.0,5.0,1.0,0.0,0.0,1.0,0.0,9.0,5.0,https://www.basketball-reference.com/boxscores/201601310LAL.html,2015-16
Troy Daniels,2016-02-03,Charlotte Hornets,Cleveland Cavaliers,1,,,,,,,,,,,,,,,,,,,,,https://www.basketball-reference.com/boxscores/201602030CHO.html,2015-16
Troy Daniels,2016-02-05,Charlotte Hornets,Miami Heat,1,,,,,,,,,,,,,,,,,,,,,https://www.basketball-reference.com/boxscores/201602050CHO.html,2015-16
Troy Daniels,2016-02-06,Charlotte Hornets,Washington Wizards,1,,,,,,,,,,,,,,,,,,,,,https://www.basketball-reference.com/boxscores/201602060CHO.html,2015-16
Troy Daniels,2016-02-08,Charlotte Hornets,Chicago Bulls,1,,,,,,,,,,,,,,,,,,,,,https://www.basketball-reference.com/boxscores/201602080CHO.html,2015-16
Troy Daniels,2016-02-10,Charlotte Hornets,Indiana Pacers,0,1.37,1.0,1.0,1.0,0.0,0.0,,0.0,0.0,,0.0,0.0,0.0,1.0,0.0,0.0,0.0,0.0,2.0,0.0,https://www.basketball-reference.com/boxscores/201602100IND.html,2015-16
Troy Daniels,2016-02-19,Charlotte Hornets,Milwaukee Bucks,0,,,,,,,,,,,,,,,,,,,,,https://www.basketball-reference.com/boxscores/201602190MIL.html,2015-16
Troy Daniels,2016-02-21,Charlotte Hornets,Brooklyn Nets,0,,,,,,,,,,,,,,,,,,,,,https://www.basketball-reference.com/boxscores/201602210BRK.html,2015-16
Troy Daniels,2016-02-24,Charlotte Hornets,Cleveland Cavaliers,0,4.0,2.0,2.0,1.0,1.0,1.0,1.0,0.0,0.0,,0.0,0.0,0.0,0.0,0.0,0.0,0.0,0.0,5.0,9.0,https://www.basketball-reference.com/boxscores/201602240CLE.html,2015-16
Troy Daniels,2016-02-26,Charlotte Hornets,Indiana Pacers,0,,,,,,,,,,,,,,,,,,,,,https://www.basketball-reference.com/boxscores/201602260IND.html,2015-16
Troy Daniels,2016-02-28,Charlotte Hornets,Atlanta Hawks,0,,,,,,,,,,,,,,,,,,,,,https://www.basketball-reference.com/boxscores/201602280ATL.html,2015-16
Troy Daniels,2016-03-01,Charlotte Hornets,Phoenix Suns,1,12.0,2.0,6.0,0.333,2.0,4.0,0.5,0.0,0.0,,0.0,2.0,2.0,1.0,0.0,1.0,0.0,1.0,6.0,-3.0,https://www.basketball-reference.com/boxscores/201603010CHO.html,2015-16
Troy Daniels,2016-03-02,Charlotte Hornets,Philadelphia 76ers,0,1.45,1.0,2.0,0.5,1.0,2.0,0.5,0.0,0.0,,0.0,0.0,0.0,0.0,0.0,0.0,0.0,0.0,3.0,0.0,https://www.basketball-reference.com/boxscores/201603020PHI.html,2015-16
Troy Daniels,2016-03-04,Charlotte Hornets,Indiana Pacers,1,,,,,,,,,,,,,,,,,,,,,https://www.basketball-reference.com/boxscores/201603040CHO.html,2015-16
Troy Daniels,2016-03-07,Charlotte Hornets,Minnesota Timberwolves,1,,,,,,,,,,,,,,,,,,,,,https://www.basketball-reference.com/boxscores/201603070CHO.html,2015-16
Troy Daniels,2016-03-09,Charlotte Hornets,New Orleans Pelicans,1,,,,,,,,,,,,,,,,,,,,,https://www.basketball-reference.com/boxscores/201603090CHO.html,2015-16
Troy Daniels,2016-03-11,Charlotte Hornets,Detroit Pistons,1,2.42,1.0,1.0,1.0,0.0,0.0,,0.0,0.0,,0.0,0.0,0.0,1.0,0.0,0.0,0.0,0.0,2.0,0.0,https://www.basketball-reference.com/boxscores/201603110CHO.html,2015-16
Troy Daniels,2016-03-12,Charlotte Hornets,Houston Rockets,1,12.36,2.0,4.0,0.5,2.0,3.0,0.667,0.0,0.0,,1.0,1.0,2.0,1.0,1.0,0.0,0.0,1.0,6.0,10.0,https://www.basketball-reference.com/boxscores/201603120CHO.html,2015-16
Troy Daniels,2016-03-14,Charlotte Hornets,Dallas Mavericks,1,14.56,2.0,4.0,0.5,2.0,4.0,0.5,0.0,0.0,,0.0,1.0,1.0,1.0,1.0,1.0,0.0,1.0,6.0,-5.0,https://www.basketball-reference.com/boxscores/201603140CHO.html,2015-16
Troy Daniels,2016-03-16,Charlotte Hornets,Orlando Magic,1,14.54,1.0,6.0,0.16699999999999998,0.0,5.0,0.0,0.0,0.0,,1.0,3.0,4.0,0.0,0.0,0.0,0.0,0.0,2.0,-8.0,https://www.basketball-reference.com/boxscores/201603160CHO.html,2015-16
Troy Daniels,2016-03-17,Charlotte Hornets,Miami Heat,0,8.11,1.0,2.0,0.5,1.0,1.0,1.0,0.0,0.0,,0.0,1.0,1.0,0.0,0.0,0.0,0.0,0.0,3.0,-12.0,https://www.basketball-reference.com/boxscores/201603170MIA.html,2015-16
Troy Daniels,2016-03-19,Charlotte Hornets,Denver Nuggets,1,14.23,1.0,4.0,0.25,0.0,3.0,0.0,0.0,0.0,,0.0,1.0,1.0,2.0,0.0,0.0,1.0,0.0,2.0,-12.0,https://www.basketball-reference.com/boxscores/201603190CHO.html,2015-16
Troy Daniels,2016-03-21,Charlotte Hornets,San Antonio Spurs,1,,,,,,,,,,,,,,,,,,,,,https://www.basketball-reference.com/boxscores/201603210CHO.html,2015-16
Troy Daniels,2016-03-22,Charlotte Hornets,Brooklyn Nets,0,,,,,,,,,,,,,,,,,,,,,https://www.basketball-reference.com/boxscores/201603220BRK.html,2015-16
Troy Daniels,2016-03-25,Charlotte Hornets,Detroit Pistons,0,9.2,1.0,5.0,0.2,1.0,3.0,0.333,1.0,1.0,1.0,0.0,1.0,1.0,0.0,0.0,0.0,0.0,1.0,4.0,19.0,https://www.basketball-reference.com/boxscores/201603250DET.html,2015-16
Troy Daniels,2016-03-26,Charlotte Hornets,Milwaukee Bucks,0,3.15,3.0,3.0,1.0,1.0,1.0,1.0,0.0,0.0,,0.0,0.0,0.0,0.0,0.0,0.0,0.0,0.0,7.0,-1.0,https://www.basketball-reference.com/boxscores/201603260MIL.html,2015-16
Troy Daniels,2016-03-29,Charlotte Hornets,Philadelphia 76ers,0,1.16,1.0,1.0,1.0,0.0,0.0,,0.0,0.0,,0.0,0.0,0.0,0.0,0.0,0.0,0.0,0.0,2.0,-3.0,https://www.basketball-reference.com/boxscores/201603290PHI.html,2015-16
Troy Daniels,2018-12-02,Phoenix Suns,Los Angeles Lakers,0,15.13,3.0,6.0,0.5,3.0,5.0,0.6,0.0,0.0,,0.0,3.0,3.0,0.0,0.0,0.0,0.0,1.0,9.0,-6.0,https://www.basketball-reference.com/boxscores/201812020LAL.html,2018-19
Troy Daniels,2018-12-04,Phoenix Suns,Sacramento Kings,1,20.41,4.0,9.0,0.444,4.0,9.0,0.444,1.0,1.0,1.0,1.0,1.0,2.0,2.0,1.0,1.0,1.0,1.0,13.0,-7.0,https://www.basketball-reference.com/boxscores/201812040PHO.html,2018-19
Troy Daniels,2018-12-06,Phoenix Suns,Portland Trail Blazers,0,22.02,5.0,9.0,0.556,2.0,6.0,0.333,3.0,3.0,1.0,2.0,1.0,3.0,1.0,0.0,0.0,1.0,1.0,15.0,1.0,https://www.basketball-reference.com/boxscores/201812060POR.html,2018-19
Troy Daniels,2018-12-07,Phoenix Suns,Miami Heat,1,31.52,6.0,13.0,0.462,6.0,10.0,0.6,0.0,0.0,,0.0,4.0,4.0,0.0,0.0,0.0,0.0,2.0,18.0,-3.0,https://www.basketball-reference.com/boxscores/201812070PHO.html,2018-19
Troy Daniels,2018-12-11,Phoenix Suns,San Antonio Spurs,0,16.33,1.0,4.0,0.25,1.0,4.0,0.25,2.0,3.0,0.667,0.0,0.0,0.0,0.0,0.0,0.0,1.0,3.0,5.0,-11.0,https://www.basketball-reference.com/boxscores/201812110SAS.html,2018-19
Troy Daniels,2018-12-13,Phoenix Suns,Dallas Mavericks,1,11.21,0.0,3.0,0.0,0.0,2.0,0.0,0.0,0.0,,0.0,1.0,1.0,1.0,1.0,0.0,0.0,1.0,0.0,8.0,https://www.basketball-reference.com/boxscores/201812130PHO.html,2018-19
Troy Daniels,2018-12-15,Phoenix Suns,Minnesota Timberwolves,1,,,,,,,,,,,,,,,,,,,,,https://www.basketball-reference.com/boxscores/201812150PHO.html,2018-19
Troy Daniels,2018-12-17,Phoenix Suns,New York Knicks,0,5.02,0.0,2.0,0.0,0.0,1.0,0.0,0.0,0.0,,0.0,0.0,0.0,0.0,0.0,0.0,0.0,1.0,0.0,-4.0,https://www.basketball-reference.com/boxscores/201812170NYK.html,2018-19
Troy Daniels,2018-12-19,Phoenix Suns,Boston Celtics,0,,,,,,,,,,,,,,,,,,,,,https://www.basketball-reference.com/boxscores/201812190BOS.html,2018-19
Troy Daniels,2018-12-22,Washington Wizards,Phoenix Suns,1,,,,,,,,,,,,,,,,,,,,,https://www.basketball-reference.com/boxscores/201812220WAS.html,2018-19
Troy Daniels,2018-12-23,Phoenix Suns,Brooklyn Nets,0,14.21,3.0,4.0,0.75,1.0,1.0,1.0,0.0,0.0,,0.0,1.0,1.0,0.0,1.0,0.0,0.0,2.0,7.0,10.0,https://www.basketball-reference.com/boxscores/201812230BRK.html,2018-19
Troy Daniels,2018-12-26,Orlando Magic,Phoenix Suns,1,,,,,,,,,,,,,,,,,,,,,https://www.basketball-reference.com/boxscores/201812260ORL.html,2018-19
Troy Daniels,2018-12-28,Phoenix Suns,Oklahoma City Thunder,1,,,,,,,,,,,,,,,,,,,,,https://www.basketball-reference.com/boxscores/201812280PHO.html,2018-19
Troy Daniels,2018-12-29,Phoenix Suns,Denver Nuggets,1,,,,,,,,,,,,,,,,,,,,,https://www.basketball-reference.com/boxscores/201812290PHO.html,2018-19
Troy Daniels,2018-12-31,Phoenix Suns,Golden State Warriors,1,4.57,1.0,2.0,0.5,1.0,2.0,0.5,0.0,0.0,,1.0,0.0,1.0,0.0,0.0,0.0,1.0,0.0,3.0,3.0,https://www.basketball-reference.com/boxscores/201812310PHO.html,2018-19
Troy Daniels,2019-01-02,Phoenix Suns,Philadelphia 76ers,1,15.12,2.0,6.0,0.333,2.0,6.0,0.333,0.0,0.0,,0.0,2.0,2.0,0.0,3.0,0.0,0.0,3.0,6.0,24.0,https://www.basketball-reference.com/boxscores/201901020PHO.html,2018-19
Troy Daniels,2019-01-04,Phoenix Suns,Los Angeles Clippers,1,,,,,,,,,,,,,,,,,,,,,https://www.basketball-reference.com/boxscores/201901040PHO.html,2018-19
Troy Daniels,2019-01-06,Phoenix Suns,Charlotte Hornets,1,,,,,,,,,,,,,,,,,,,,,https://www.basketball-reference.com/boxscores/201901060PHO.html,2018-19
Troy Daniels,2019-01-08,Phoenix Suns,Sacramento Kings,1,16.18,4.0,9.0,0.444,3.0,6.0,0.5,0.0,0.0,,0.0,1.0,1.0,1.0,0.0,0.0,1.0,1.0,11.0,-6.0,https://www.basketball-reference.com/boxscores/201901080PHO.html,2018-19
Troy Daniels,2019-01-09,Phoenix Suns,Dallas Mavericks,0,10.4,0.0,3.0,0.0,0.0,2.0,0.0,1.0,1.0,1.0,0.0,0.0,0.0,0.0,0.0,0.0,0.0,0.0,1.0,1.0,https://www.basketball-reference.com/boxscores/201901090DAL.html,2018-19
Troy Daniels,2019-01-12,Phoenix Suns,Denver Nuggets,1,15.01,1.0,3.0,0.333,1.0,3.0,0.333,0.0,0.0,,1.0,0.0,1.0,0.0,0.0,0.0,0.0,1.0,3.0,8.0,https://www.basketball-reference.com/boxscores/201901120PHO.html,2018-19
Troy Daniels,2019-01-15,Phoenix Suns,Indiana Pacers,0,4.49,2.0,5.0,0.4,2.0,4.0,0.5,0.0,0.0,,0.0,0.0,0.0,0.0,0.0,0.0,0.0,0.0,6.0,-4.0,https://www.basketball-reference.com/boxscores/201901150IND.html,2018-19
Troy Daniels,2019-01-17,Phoenix Suns,Toronto Raptors,0,,,,,,,,,,,,,,,,,,,,,https://www.basketball-reference.com/boxscores/201901170TOR.html,2018-19
Troy Daniels,2019-01-19,Phoenix Suns,Charlotte Hornets,0,10.28,1.0,2.0,0.5,1.0,2.0,0.5,2.0,2.0,1.0,0.0,0.0,0.0,0.0,1.0,0.0,0.0,3.0,5.0,-6.0,https://www.basketball-reference.com/boxscores/201901190CHO.html,2018-19
Troy Daniels,2019-01-20,Phoenix Suns,Minnesota Timberwolves,0,,,,,,,,,,,,,,,,,,,,,https://www.basketball-reference.com/boxscores/201901200MIN.html,2018-19
Troy Daniels,2019-01-22,Phoenix Suns,Minnesota Timberwolves,1,17.24,3.0,7.0,0.429,1.0,4.0,0.25,0.0,0.0,,0.0,1.0,1.0,0.0,1.0,1.0,0.0,0.0,7.0,-7.0,https://www.basketball-reference.com/boxscores/201901220PHO.html,2018-19
Troy Daniels,2019-01-24,Phoenix Suns,Portland Trail Blazers,1,6.38,1.0,2.0,0.5,1.0,2.0,0.5,2.0,4.0,0.5,0.0,1.0,1.0,0.0,0.0,0.0,0.0,0.0,5.0,8.0,https://www.basketball-reference.com/boxscores/201901240PHO.html,2018-19
Troy Daniels,2019-01-25,Phoenix Suns,Denver Nuggets,0,14.37,2.0,6.0,0.333,1.0,3.0,0.333,0.0,0.0,,0.0,0.0,0.0,0.0,0.0,0.0,1.0,2.0,5.0,-13.0,https://www.basketball-reference.com/boxscores/201901250DEN.html,2018-19
Troy Daniels,2019-01-27,Phoenix Suns,Los Angeles Lakers,0,8.59,1.0,3.0,0.333,1.0,3.0,0.333,0.0,0.0,,0.0,0.0,0.0,0.0,1.0,0.0,2.0,1.0,3.0,-8.0,https://www.basketball-reference.com/boxscores/201901270LAL.html,2018-19
Troy Daniels,2019-01-29,Phoenix Suns,San Antonio Spurs,0,6.13,0.0,0.0,,0.0,0.0,,0.0,0.0,,0.0,2.0,2.0,0.0,0.0,0.0,0.0,1.0,0.0,0.0,https://www.basketball-reference.com/boxscores/201901290SAS.html,2018-19
Troy Daniels,2019-02-02,Phoenix Suns,Atlanta Hawks,1,,,,,,,,,,,,,,,,,,,,,https://www.basketball-reference.com/boxscores/201902020PHO.html,2018-19
Troy Daniels,2019-02-04,Phoenix Suns,Houston Rockets,1,,,,,,,,,,,,,,,,,,,,,https://www.basketball-reference.com/boxscores/201902040PHO.html,2018-19
Troy Daniels,2019-02-06,Phoenix Suns,Utah Jazz,0,13.31,1.0,4.0,0.25,1.0,2.0,0.5,0.0,0.0,,0.0,1.0,1.0,0.0,0.0,0.0,1.0,1.0,3.0,-8.0,https://www.basketball-reference.com/boxscores/201902060UTA.html,2018-19
Troy Daniels,2019-02-08,Phoenix Suns,Golden State Warriors,1,,,,,,,,,,,,,,,,,,,,,https://www.basketball-reference.com/boxscores/201902080PHO.html,2018-19
Troy Daniels,2019-02-10,Phoenix Suns,Sacramento Kings,0,,,,,,,,,,,,,,,,,,,,,https://www.basketball-reference.com/boxscores/201902100SAC.html,2018-19
Troy Daniels,2019-02-13,Phoenix Suns,Los Angeles Clippers,0,13.06,4.0,8.0,0.5,0.0,4.0,0.0,0.0,1.0,0.0,0.0,1.0,1.0,0.0,0.0,0.0,0.0,3.0,8.0,-2.0,https://www.basketball-reference.com/boxscores/201902130LAC.html,2018-19
Troy Daniels,2019-02-21,Phoenix Suns,Cleveland Cavaliers,0,,,,,,,,,,,,,,,,,,,,,https://www.basketball-reference.com/boxscores/201902210CLE.html,2018-19
Troy Daniels,2019-02-23,Phoenix Suns,Atlanta Hawks,0,5.46,2.0,4.0,0.5,1.0,3.0,0.333,0.0,0.0,,0.0,1.0,1.0,1.0,0.0,0.0,1.0,1.0,5.0,7.0,https://www.basketball-reference.com/boxscores/201902230ATL.html,2018-19
Troy Daniels,2019-02-25,Phoenix Suns,Miami Heat,0,16.42,5.0,6.0,0.833,3.0,3.0,1.0,1.0,1.0,1.0,0.0,1.0,1.0,2.0,1.0,0.0,0.0,0.0,14.0,17.0,https://www.basketball-reference.com/boxscores/201902250MIA.html,2018-19
Troy Daniels,2019-03-01,Phoenix Suns,New Orleans Pelicans,1,16.5,5.0,9.0,0.556,4.0,6.0,0.667,1.0,1.0,1.0,1.0,3.0,4.0,0.0,1.0,0.0,1.0,0.0,15.0,-3.0,https://www.basketball-reference.com/boxscores/201903010PHO.html,2018-19
Troy Daniels,2019-03-02,Phoenix Suns,Los Angeles Lakers,1,8.14,2.0,4.0,0.5,0.0,2.0,0.0,0.0,0.0,,0.0,0.0,0.0,0.0,0.0,0.0,0.0,3.0,4.0,-4.0,https://www.basketball-reference.com/boxscores/201903020PHO.html,2018-19
Troy Daniels,2019-03-04,Phoenix Suns,Milwaukee Bucks,1,5.39,1.0,2.0,0.5,0.0,0.0,,0.0,0.0,,0.0,0.0,0.0,0.0,0.0,0.0,0.0,0.0,2.0,-2.0,https://www.basketball-reference.com/boxscores/201903040PHO.html,2018-19
Troy Daniels,2019-03-06,Phoenix Suns,New York Knicks,1,14.26,2.0,6.0,0.333,1.0,5.0,0.2,0.0,0.0,,0.0,3.0,3.0,2.0,0.0,2.0,0.0,0.0,5.0,5.0,https://www.basketball-reference.com/boxscores/201903060PHO.html,2018-19
Troy Daniels,2019-03-09,Phoenix Suns,Portland Trail Blazers,0,7.29,2.0,3.0,0.667,1.0,2.0,0.5,0.0,0.0,,0.0,0.0,0.0,1.0,1.0,0.0,0.0,2.0,5.0,15.0,https://www.basketball-reference.com/boxscores/201903090POR.html,2018-19
Troy Daniels,2019-03-10,Phoenix Suns,Golden State Warriors,0,20.24,0.0,4.0,0.0,0.0,4.0,0.0,0.0,0.0,,0.0,0.0,0.0,0.0,1.0,0.0,1.0,3.0,0.0,-11.0,https://www.basketball-reference.com/boxscores/201903100GSW.html,2018-19
Troy Daniels,2019-03-13,Phoenix Suns,Utah Jazz,1,8.25,3.0,3.0,1.0,0.0,0.0,,0.0,0.0,,0.0,1.0,1.0,1.0,0.0,0.0,0.0,1.0,6.0,1.0,https://www.basketball-reference.com/boxscores/201903130PHO.html,2018-19
Troy Daniels,2019-03-15,Phoenix Suns,Houston Rockets,0,15.21,1.0,3.0,0.333,1.0,3.0,0.333,0.0,0.0,,0.0,0.0,0.0,3.0,1.0,0.0,1.0,5.0,3.0,-4.0,https://www.basketball-reference.com/boxscores/201903150HOU.html,2018-19
Troy Daniels,2019-03-16,New Orleans Pelicans,Phoenix Suns,1,8.05,0.0,1.0,0.0,0.0,1.0,0.0,0.0,0.0,,0.0,3.0,3.0,1.0,0.0,0.0,1.0,1.0,0.0,3.0,https://www.basketball-reference.com/boxscores/201903160NOP.html,2018-19
Troy Daniels,2019-03-18,Phoenix Suns,Chicago Bulls,1,16.19,3.0,7.0,0.429,2.0,4.0,0.5,2.0,3.0,0.667,1.0,2.0,3.0,1.0,0.0,0.0,0.0,2.0,10.0,-6.0,https://www.basketball-reference.com/boxscores/201903180PHO.html,2018-19
Troy Daniels,2019-03-21,Phoenix Suns,Detroit Pistons,1,21.26,3.0,6.0,0.5,1.0,3.0,0.333,0.0,0.0,,0.0,3.0,3.0,1.0,0.0,0.0,1.0,5.0,7.0,-7.0,https://www.basketball-reference.com/boxscores/201903210PHO.html,2018-19
Troy Daniels,2019-03-23,Phoenix Suns,Sacramento Kings,0,24.32,5.0,11.0,0.455,4.0,10.0,0.4,2.0,2.0,1.0,0.0,3.0,3.0,1.0,0.0,1.0,0.0,1.0,16.0,-7.0,https://www.basketball-reference.com/boxscores/201903230SAC.html,2018-19
Troy Daniels,2019-03-25,Phoenix Suns,Utah Jazz,0,27.28,3.0,8.0,0.375,1.0,5.0,0.2,0.0,0.0,,2.0,3.0,5.0,0.0,1.0,0.0,2.0,0.0,7.0,-21.0,https://www.basketball-reference.com/boxscores/201903250UTA.html,2018-19
Troy Daniels,2019-03-27,Phoenix Suns,Washington Wizards,1,22.06,5.0,12.0,0.417,5.0,10.0,0.5,0.0,0.0,,2.0,3.0,5.0,0.0,0.0,0.0,0.0,3.0,15.0,5.0,https://www.basketball-reference.com/boxscores/201903270PHO.html,2018-19
Troy Daniels,2019-03-30,Phoenix Suns,Memphis Grizzlies,1,21.55,3.0,8.0,0.375,3.0,5.0,0.6,0.0,0.0,,0.0,2.0,2.0,0.0,1.0,0.0,0.0,2.0,9.0,2.0,https://www.basketball-reference.com/boxscores/201903300PHO.html,2018-19
Troy Daniels,2014-03-04,Houston Rockets,Miami Heat,1,,,,,,,,,,,,,,,,,,,,,https://www.basketball-reference.com/boxscores/201403040HOU.html,2013-14
Troy Daniels,2014-03-05,Houston Rockets,Orlando Magic,0,1.32,0.0,0.0,,0.0,0.0,,0.0,0.0,,0.0,0.0,0.0,0.0,0.0,0.0,0.0,0.0,0.0,-2.0,https://www.basketball-reference.com/boxscores/201403050ORL.html,2013-14
Troy Daniels,2014-03-07,Houston Rockets,Indiana Pacers,1,5.32,2.0,4.0,0.5,1.0,3.0,0.333,0.0,0.0,,0.0,0.0,0.0,0.0,0.0,0.0,0.0,1.0,5.0,-2.0,https://www.basketball-reference.com/boxscores/201403070HOU.html,2013-14
