Unnamed: 0,season,Player,Date,Team,Against,Home,MP,FG,FGA,FG%,3P,3PA,3P%,FT,FTA,FT%,ORB,DRB,TRB,AST,STL,BLK,TOV,PF,PTS,+/-,GameLink,TS%,DD,DT,FPTS
,2019-20,Tyler Johnson,2020-01-14,Phoenix Suns,Atlanta Hawks,0.0,14.37,1.0,7.0,0.14300000000000002,0.0,2.0,0.0,2.0,4.0,0.5,1.0,0.0,1.0,0.0,1.0,0.0,1.0,0.0,4.0,-5.0,https://www.basketball-reference.com/boxscores/202001140ATL.html,17.52,0.0,0.0,6.75
,2019-20,Tyler Johnson,2020-01-31,Phoenix Suns,Oklahoma City Thunder,1.0,15.01,3.0,5.0,0.6,1.0,2.0,0.5,2.0,2.0,1.0,0.0,0.0,0.0,0.0,2.0,1.0,1.0,2.0,9.0,9.0,https://www.basketball-reference.com/boxscores/202001310PHO.html,26.46,0.0,0.0,15.0
,2018-19,Tyler Johnson,2018-12-08,Miami Heat,Los Angeles Clippers,0.0,6.49,2.0,3.0,0.667,2.0,3.0,0.667,2.0,2.0,1.0,0.0,1.0,1.0,0.0,0.0,0.0,1.0,1.0,8.0,5.0,https://www.basketball-reference.com/boxscores/201812080LAC.html,15.52,0.0,0.0,9.75
,2018-19,Tyler Johnson,2018-12-14,Miami Heat,Memphis Grizzlies,0.0,31.16,5.0,12.0,0.417,4.0,7.0,0.5710000000000001,3.0,5.0,0.6,0.0,5.0,5.0,4.0,1.0,0.0,2.0,4.0,17.0,9.0,https://www.basketball-reference.com/boxscores/201812140MEM.html,120.7,0.0,0.0,32.25
,2018-19,Tyler Johnson,2018-12-16,Miami Heat,New Orleans Pelicans,0.0,25.52,5.0,13.0,0.385,3.0,8.0,0.375,2.0,2.0,1.0,0.0,1.0,1.0,2.0,1.0,0.0,1.0,0.0,15.0,1.0,https://www.basketball-reference.com/boxscores/201812160NOP.html,104.1,0.0,0.0,22.25
,2018-19,Tyler Johnson,2018-12-20,Miami Heat,Houston Rockets,1.0,31.45,6.0,10.0,0.6,2.0,5.0,0.4,5.0,9.0,0.556,1.0,3.0,4.0,0.0,0.0,2.0,2.0,1.0,19.0,-15.0,https://www.basketball-reference.com/boxscores/201812200MIA.html,132.62,0.0,0.0,28.0
,2018-19,Tyler Johnson,2018-12-22,Miami Heat,Milwaukee Bucks,1.0,18.24,1.0,6.0,0.16699999999999998,1.0,3.0,0.333,4.0,4.0,1.0,0.0,1.0,1.0,2.0,0.0,0.0,1.0,0.0,7.0,-6.0,https://www.basketball-reference.com/boxscores/201812220MIA.html,27.16,0.0,0.0,11.25
,2018-19,Tyler Johnson,2018-12-23,Miami Heat,Orlando Magic,0.0,28.04,9.0,15.0,0.6,6.0,9.0,0.667,1.0,1.0,1.0,0.0,1.0,1.0,2.0,0.0,0.0,2.0,1.0,25.0,22.0,https://www.basketball-reference.com/boxscores/201812230ORL.html,193.0,0.0,0.0,31.25
,2018-19,Tyler Johnson,2018-12-26,Miami Heat,Toronto Raptors,1.0,29.17,4.0,8.0,0.5,2.0,5.0,0.4,2.0,4.0,0.5,0.0,6.0,6.0,6.0,3.0,1.0,2.0,3.0,12.0,-2.0,https://www.basketball-reference.com/boxscores/201812260MIA.html,58.56,0.0,0.0,36.5
,2018-19,Tyler Johnson,2018-12-30,Miami Heat,Minnesota Timberwolves,1.0,26.4,3.0,6.0,0.5,1.0,1.0,1.0,1.0,2.0,0.5,0.0,1.0,1.0,4.0,0.0,0.0,1.0,3.0,8.0,-2.0,https://www.basketball-reference.com/boxscores/201812300MIA.html,27.52,0.0,0.0,15.25
,2018-19,Tyler Johnson,2019-01-02,Miami Heat,Cleveland Cavaliers,0.0,26.13,6.0,10.0,0.6,1.0,3.0,0.333,3.0,4.0,0.75,0.0,4.0,4.0,4.0,3.0,0.0,3.0,2.0,16.0,18.0,https://www.basketball-reference.com/boxscores/201901020CLE.html,94.08,0.0,0.0,32.0
,2018-19,Tyler Johnson,2019-01-18,Miami Heat,Detroit Pistons,0.0,34.42,5.0,12.0,0.417,3.0,8.0,0.375,3.0,4.0,0.75,1.0,4.0,5.0,3.0,0.0,1.0,0.0,0.0,16.0,1.0,https://www.basketball-reference.com/boxscores/201901180DET.html,110.08,0.0,0.0,30.25
,2018-19,Tyler Johnson,2019-01-19,Miami Heat,Chicago Bulls,0.0,25.42,5.0,10.0,0.5,3.0,7.0,0.429,1.0,2.0,0.5,0.0,1.0,1.0,2.0,2.0,0.0,3.0,1.0,14.0,8.0,https://www.basketball-reference.com/boxscores/201901190CHI.html,76.16000000000003,0.0,0.0,22.25
,2018-19,Tyler Johnson,2019-01-23,Miami Heat,Los Angeles Clippers,1.0,35.3,5.0,11.0,0.455,1.0,6.0,0.16699999999999998,4.0,6.0,0.667,0.0,2.0,2.0,5.0,0.0,1.0,1.0,2.0,15.0,-13.0,https://www.basketball-reference.com/boxscores/201901230MIA.html,102.3,0.0,0.0,27.0
,2018-19,Tyler Johnson,2019-01-25,Miami Heat,Cleveland Cavaliers,0.0,30.46,4.0,9.0,0.444,1.0,6.0,0.16699999999999998,0.0,2.0,0.0,0.0,2.0,2.0,6.0,2.0,0.0,2.0,3.0,9.0,12.0,https://www.basketball-reference.com/boxscores/201901250CLE.html,44.46,0.0,0.0,24.0
,2018-19,Tyler Johnson,2019-01-30,Miami Heat,Chicago Bulls,1.0,27.31,5.0,12.0,0.417,2.0,6.0,0.333,3.0,3.0,1.0,2.0,1.0,3.0,2.0,0.0,0.0,1.0,1.0,15.0,-17.0,https://www.basketball-reference.com/boxscores/201901300MIA.html,99.9,0.0,0.0,22.25
,2018-19,Tyler Johnson,2019-02-08,Phoenix Suns,Golden State Warriors,1.0,27.3,1.0,9.0,0.111,1.0,4.0,0.25,2.0,2.0,1.0,0.0,0.0,0.0,2.0,2.0,0.0,2.0,5.0,5.0,-26.0,https://www.basketball-reference.com/boxscores/201902080PHO.html,24.700000000000006,0.0,0.0,11.5
,2018-19,Tyler Johnson,2019-02-21,Phoenix Suns,Cleveland Cavaliers,0.0,33.07,1.0,7.0,0.14300000000000002,0.0,2.0,0.0,3.0,4.0,0.75,1.0,7.0,8.0,5.0,2.0,2.0,1.0,1.0,5.0,-7.0,https://www.basketball-reference.com/boxscores/201902210CLE.html,21.9,0.0,0.0,30.0
,2018-19,Tyler Johnson,2019-02-23,Phoenix Suns,Atlanta Hawks,0.0,34.34,10.0,16.0,0.625,4.0,6.0,0.667,5.0,6.0,0.833,1.0,4.0,5.0,4.0,2.0,1.0,0.0,3.0,29.0,-19.0,https://www.basketball-reference.com/boxscores/201902230ATL.html,270.28000000000003,0.0,0.0,49.25
,2018-19,Tyler Johnson,2019-02-25,Phoenix Suns,Miami Heat,0.0,31.35,6.0,12.0,0.5,3.0,5.0,0.6,3.0,3.0,1.0,0.0,1.0,1.0,5.0,1.0,0.0,1.0,1.0,18.0,-3.0,https://www.basketball-reference.com/boxscores/201902250MIA.html,119.88,0.0,0.0,29.75
,2018-19,Tyler Johnson,2019-03-02,Phoenix Suns,Los Angeles Lakers,1.0,29.1,1.0,5.0,0.2,0.0,3.0,0.0,4.0,4.0,1.0,1.0,1.0,2.0,2.0,0.0,0.0,0.0,3.0,6.0,3.0,https://www.basketball-reference.com/boxscores/201903020PHO.html,20.28,0.0,0.0,11.5
,2018-19,Tyler Johnson,2019-03-06,Phoenix Suns,New York Knicks,1.0,29.02,5.0,8.0,0.625,2.0,4.0,0.5,2.0,2.0,1.0,1.0,3.0,4.0,6.0,0.0,1.0,1.0,0.0,14.0,18.0,https://www.basketball-reference.com/boxscores/201903060PHO.html,62.16,0.0,0.0,30.5
,2018-19,Tyler Johnson,2019-03-09,Phoenix Suns,Portland Trail Blazers,0.0,32.27,4.0,11.0,0.364,1.0,4.0,0.25,5.0,6.0,0.833,2.0,5.0,7.0,7.0,0.0,1.0,1.0,1.0,14.0,-14.0,https://www.basketball-reference.com/boxscores/201903090POR.html,95.48,0.0,0.0,35.25
,2018-19,Tyler Johnson,2019-03-10,Phoenix Suns,Golden State Warriors,0.0,34.59,2.0,9.0,0.222,0.0,4.0,0.0,6.0,8.0,0.75,2.0,2.0,4.0,5.0,0.0,0.0,0.0,2.0,10.0,7.0,https://www.basketball-reference.com/boxscores/201903100GSW.html,62.6,0.0,0.0,22.5
,2018-19,Tyler Johnson,2019-03-13,Phoenix Suns,Utah Jazz,1.0,31.45,4.0,10.0,0.4,3.0,6.0,0.5,4.0,4.0,1.0,1.0,3.0,4.0,2.0,0.0,0.0,4.0,2.0,15.0,-24.0,https://www.basketball-reference.com/boxscores/201903130PHO.html,88.2,0.0,0.0,22.5
,2020-21,Tyler Johnson,2021-02-16,Brooklyn Nets,Phoenix Suns,0.0,32.08,5.0,10.0,0.5,5.0,8.0,0.625,2.0,2.0,1.0,0.0,5.0,5.0,0.0,0.0,0.0,0.0,2.0,17.0,12.0,https://www.basketball-reference.com/boxscores/202102160PHO.html,92.48,0.0,0.0,25.75
,2020-21,Tyler Johnson,2021-02-23,Brooklyn Nets,Sacramento Kings,1.0,22.35,2.0,6.0,0.333,1.0,4.0,0.25,2.0,2.0,1.0,0.0,3.0,3.0,3.0,2.0,0.0,0.0,0.0,7.0,-7.0,https://www.basketball-reference.com/boxscores/202102230BRK.html,24.08,0.0,0.0,19.75
,2020-21,Tyler Johnson,2021-03-03,Brooklyn Nets,Houston Rockets,0.0,18.39,1.0,3.0,0.333,1.0,2.0,0.5,3.0,3.0,1.0,1.0,3.0,4.0,0.0,0.0,0.0,1.0,3.0,6.0,7.0,https://www.basketball-reference.com/boxscores/202103030HOU.html,12.96,0.0,0.0,11.0
,2020-21,Tyler Johnson,2021-03-17,Brooklyn Nets,Indiana Pacers,0.0,31.29,4.0,9.0,0.444,2.0,6.0,0.333,5.0,6.0,0.833,0.0,4.0,4.0,0.0,2.0,0.0,2.0,1.0,15.0,17.0,https://www.basketball-reference.com/boxscores/202103170IND.html,87.30000000000003,0.0,0.0,24.0
,2020-21,Tyler Johnson,2021-03-23,Brooklyn Nets,Portland Trail Blazers,0.0,23.1,3.0,7.0,0.429,1.0,4.0,0.25,1.0,2.0,0.5,0.0,3.0,3.0,2.0,0.0,0.0,0.0,2.0,8.0,5.0,https://www.basketball-reference.com/boxscores/202103230POR.html,31.52,0.0,0.0,15.25
,2020-21,Tyler Johnson,2021-03-24,Brooklyn Nets,Utah Jazz,0.0,24.23,2.0,7.0,0.28600000000000003,0.0,4.0,0.0,3.0,4.0,0.75,0.0,2.0,2.0,0.0,0.0,0.0,0.0,2.0,7.0,-44.0,https://www.basketball-reference.com/boxscores/202103240UTA.html,30.66,0.0,0.0,9.5
