Unnamed: 0,season,Player,Date,Team,Against,Home,MP,FG,FGA,FG%,3P,3PA,3P%,FT,FTA,FT%,ORB,DRB,TRB,AST,STL,BLK,TOV,PF,PTS,+/-,GameLink,TS%,DD,DT,FPTS
,2018-19,Willie Cauley-Stein,2019-01-27,Sacramento Kings,Los Angeles Clippers,0.0,31.11,2.0,5.0,0.4,0.0,1.0,0.0,5.0,6.0,0.833,3.0,9.0,12.0,3.0,2.0,0.0,1.0,4.0,9.0,3.0,https://www.basketball-reference.com/boxscores/201901270LAC.html,34.38,0.0,0.0,32.0
,2020-21,Willie Cauley-Stein,2020-12-27,Dallas Mavericks,Los Angeles Clippers,0.0,18.01,3.0,5.0,0.6,0.0,1.0,0.0,3.0,3.0,1.0,4.0,2.0,6.0,2.0,0.0,1.0,0.0,0.0,9.0,31.0,https://www.basketball-reference.com/boxscores/202012270LAC.html,28.44,0.0,0.0,21.5
,2020-21,Willie Cauley-Stein,2021-01-17,Dallas Mavericks,Chicago Bulls,1.0,27.06,5.0,8.0,0.625,0.0,1.0,0.0,0.0,1.0,0.0,1.0,4.0,5.0,0.0,0.0,0.0,1.0,2.0,10.0,-4.0,https://www.basketball-reference.com/boxscores/202101170DAL.html,42.2,0.0,0.0,15.75
,2020-21,Willie Cauley-Stein,2021-03-17,Dallas Mavericks,Los Angeles Clippers,1.0,11.55,1.0,2.0,0.5,0.0,1.0,0.0,2.0,2.0,1.0,0.0,2.0,2.0,0.0,0.0,2.0,0.0,2.0,4.0,10.0,https://www.basketball-reference.com/boxscores/202103170DAL.html,5.76,0.0,0.0,10.5
