Unnamed: 0,season,Player,Date,Team,Against,Home,MP,FG,FGA,FG%,3P,3PA,3P%,FT,FTA,FT%,ORB,DRB,TRB,AST,STL,BLK,TOV,PF,PTS,+/-,GameLink,TS%,DD,DT,FPTS
,2019-20,Willy Hernangómez,2019-12-31,Charlotte Hornets,Boston Celtics,1.0,2.05,1.0,4.0,0.25,0.0,1.0,0.0,0.0,1.0,0.0,1.0,1.0,2.0,1.0,0.0,0.0,0.0,0.0,2.0,3.0,https://www.basketball-reference.com/boxscores/201912310CHO.html,4.44,0.0,0.0,6.0
,2019-20,Willy Hernangómez,2020-01-10,Charlotte Hornets,Utah Jazz,0.0,10.11,6.0,6.0,1.0,1.0,1.0,1.0,2.0,2.0,1.0,0.0,6.0,6.0,1.0,0.0,0.0,1.0,0.0,15.0,12.0,https://www.basketball-reference.com/boxscores/202001100UTA.html,51.6,0.0,0.0,24.0
,2019-20,Willy Hernangómez,2020-01-15,Charlotte Hornets,Denver Nuggets,0.0,11.08,1.0,2.0,0.5,0.0,1.0,0.0,3.0,6.0,0.5,3.0,3.0,6.0,0.0,0.0,0.0,1.0,0.0,5.0,2.0,https://www.basketball-reference.com/boxscores/202001150DEN.html,11.6,0.0,0.0,12.0
,2019-20,Willy Hernangómez,2020-01-20,Charlotte Hornets,Orlando Magic,1.0,9.15,3.0,3.0,1.0,1.0,1.0,1.0,1.0,2.0,0.5,0.0,2.0,2.0,0.0,0.0,0.0,1.0,0.0,8.0,-2.0,https://www.basketball-reference.com/boxscores/202001200CHO.html,15.52,0.0,0.0,10.5
,2019-20,Willy Hernangómez,2020-01-28,Charlotte Hornets,New York Knicks,1.0,18.38,4.0,9.0,0.444,1.0,3.0,0.333,3.0,5.0,0.6,3.0,7.0,10.0,1.0,2.0,0.0,2.0,2.0,12.0,1.0,https://www.basketball-reference.com/boxscores/202001280CHO.html,67.19999999999999,1.0,0.0,30.5
,2019-20,Willy Hernangómez,2020-02-01,Charlotte Hornets,San Antonio Spurs,0.0,18.02,3.0,7.0,0.429,0.0,2.0,0.0,4.0,4.0,1.0,1.0,1.0,2.0,2.0,1.0,0.0,1.0,4.0,10.0,-14.0,https://www.basketball-reference.com/boxscores/202002010SAS.html,43.8,0.0,0.0,17.0
,2019-20,Willy Hernangómez,2020-02-03,Charlotte Hornets,Orlando Magic,1.0,21.23,4.0,10.0,0.4,0.0,1.0,0.0,0.0,2.0,0.0,1.0,5.0,6.0,2.0,0.0,0.0,4.0,1.0,8.0,1.0,https://www.basketball-reference.com/boxscores/202002030CHO.html,43.52,0.0,0.0,16.5
,2019-20,Willy Hernangómez,2020-02-04,Charlotte Hornets,Houston Rockets,0.0,17.21,3.0,7.0,0.429,0.0,1.0,0.0,4.0,4.0,1.0,4.0,4.0,8.0,2.0,0.0,0.0,3.0,3.0,10.0,-3.0,https://www.basketball-reference.com/boxscores/202002040HOU.html,43.8,0.0,0.0,21.5
,2019-20,Willy Hernangómez,2020-02-12,Charlotte Hornets,Minnesota Timberwolves,0.0,19.02,4.0,6.0,0.667,0.0,1.0,0.0,0.0,2.0,0.0,2.0,5.0,7.0,1.0,1.0,0.0,0.0,1.0,8.0,11.0,https://www.basketball-reference.com/boxscores/202002120MIN.html,27.52,0.0,0.0,20.25
,2019-20,Willy Hernangómez,2020-03-01,Charlotte Hornets,Milwaukee Bucks,1.0,20.21,4.0,9.0,0.444,0.0,1.0,0.0,2.0,2.0,1.0,2.0,10.0,12.0,4.0,2.0,0.0,1.0,0.0,10.0,11.0,https://www.basketball-reference.com/boxscores/202003010CHO.html,49.40000000000001,1.0,0.0,35.5
,2018-19,Willy Hernangómez,2018-12-02,Charlotte Hornets,New Orleans Pelicans,1.0,13.59,4.0,7.0,0.5710000000000001,1.0,1.0,1.0,2.0,2.0,1.0,3.0,5.0,8.0,0.0,0.0,0.0,1.0,2.0,11.0,-5.0,https://www.basketball-reference.com/boxscores/201812020CHO.html,43.34,0.0,0.0,21.0
,2018-19,Willy Hernangómez,2018-12-09,Charlotte Hornets,New York Knicks,0.0,4.17,1.0,2.0,0.5,0.0,1.0,0.0,1.0,2.0,0.5,0.0,0.0,0.0,0.0,0.0,0.0,1.0,0.0,3.0,-9.0,https://www.basketball-reference.com/boxscores/201812090NYK.html,4.32,0.0,0.0,2.5
,2018-19,Willy Hernangómez,2018-12-12,Charlotte Hornets,Detroit Pistons,1.0,15.4,5.0,6.0,0.833,1.0,1.0,1.0,2.0,2.0,1.0,0.0,3.0,3.0,0.0,0.0,0.0,0.0,1.0,13.0,-6.0,https://www.basketball-reference.com/boxscores/201812120CHO.html,44.72,0.0,0.0,17.25
,2018-19,Willy Hernangómez,2018-12-15,Charlotte Hornets,Los Angeles Lakers,1.0,16.12,5.0,9.0,0.556,0.0,1.0,0.0,1.0,2.0,0.5,2.0,4.0,6.0,1.0,0.0,0.0,2.0,1.0,11.0,-1.0,https://www.basketball-reference.com/boxscores/201812150CHO.html,54.34,0.0,0.0,19.0
,2018-19,Willy Hernangómez,2018-12-23,Charlotte Hornets,Boston Celtics,0.0,23.0,8.0,11.0,0.727,0.0,1.0,0.0,3.0,5.0,0.6,5.0,5.0,10.0,2.0,0.0,2.0,2.0,0.0,19.0,0.0,https://www.basketball-reference.com/boxscores/201812230BOS.html,125.4,1.0,0.0,38.5
,2018-19,Willy Hernangómez,2018-12-26,Brooklyn Nets,Charlotte Hornets,1.0,14.17,1.0,6.0,0.16699999999999998,0.0,1.0,0.0,5.0,8.0,0.625,6.0,5.0,11.0,2.0,0.0,0.0,1.0,2.0,7.0,12.0,https://www.basketball-reference.com/boxscores/201812260BRK.html,33.32,0.0,0.0,23.25
,2018-19,Willy Hernangómez,2019-01-17,Charlotte Hornets,Sacramento Kings,1.0,25.3,4.0,9.0,0.444,1.0,2.0,0.5,2.0,2.0,1.0,4.0,12.0,16.0,1.0,1.0,1.0,1.0,4.0,11.0,20.0,https://www.basketball-reference.com/boxscores/201901170CHO.html,54.34,1.0,0.0,37.5
,2018-19,Willy Hernangómez,2019-01-28,Charlotte Hornets,New York Knicks,1.0,21.21,5.0,11.0,0.455,0.0,1.0,0.0,1.0,2.0,0.5,6.0,4.0,10.0,0.0,0.0,1.0,2.0,2.0,11.0,9.0,https://www.basketball-reference.com/boxscores/201901280CHO.html,65.34,1.0,0.0,25.5
,2018-19,Willy Hernangómez,2019-03-21,Charlotte Hornets,Minnesota Timberwolves,1.0,23.21,5.0,6.0,0.833,0.0,1.0,0.0,0.0,1.0,0.0,3.0,4.0,7.0,2.0,0.0,0.0,1.0,5.0,10.0,6.0,https://www.basketball-reference.com/boxscores/201903210CHO.html,32.2,0.0,0.0,21.25
,2018-19,Willy Hernangómez,2019-03-24,Charlotte Hornets,Toronto Raptors,0.0,20.01,4.0,8.0,0.5,2.0,2.0,1.0,3.0,4.0,0.75,4.0,6.0,10.0,4.0,0.0,0.0,0.0,0.0,13.0,8.0,https://www.basketball-reference.com/boxscores/201903240TOR.html,63.44,1.0,0.0,33.5
,2018-19,Willy Hernangómez,2019-03-31,Charlotte Hornets,Golden State Warriors,0.0,22.45,4.0,8.0,0.5,0.0,1.0,0.0,14.0,15.0,0.933,3.0,2.0,5.0,1.0,0.0,0.0,2.0,2.0,22.0,-32.0,https://www.basketball-reference.com/boxscores/201903310GSW.html,160.6,0.0,0.0,28.75
,2020-21,Willy Hernangómez,2021-02-01,New Orleans Pelicans,Sacramento Kings,1.0,28.34,6.0,11.0,0.545,0.0,1.0,0.0,1.0,2.0,0.5,6.0,5.0,11.0,2.0,1.0,0.0,1.0,1.0,13.0,3.0,https://www.basketball-reference.com/boxscores/202102010NOP.html,77.22,1.0,0.0,32.25
,2020-21,Willy Hernangómez,2021-02-10,New Orleans Pelicans,Chicago Bulls,0.0,14.0,4.0,5.0,0.8,0.0,1.0,0.0,1.0,2.0,0.5,1.0,2.0,3.0,0.0,0.0,1.0,0.0,0.0,9.0,4.0,https://www.basketball-reference.com/boxscores/202102100CHI.html,26.46,0.0,0.0,14.75
,2020-21,Willy Hernangómez,2021-02-12,New Orleans Pelicans,Dallas Mavericks,0.0,21.54,4.0,8.0,0.5,0.0,1.0,0.0,2.0,3.0,0.667,4.0,5.0,9.0,3.0,0.0,0.0,0.0,1.0,10.0,-1.0,https://www.basketball-reference.com/boxscores/202102120DAL.html,46.6,0.0,0.0,25.75
