Player,Date,Team,Against,Home,MP,FG,FGA,FG%,3P,3PA,3P%,FT,FTA,FT%,ORB,DRB,TRB,AST,STL,BLK,TOV,PF,PTS,+/-,GameLink,season
Željko Rebrača,2002-12-04,Detroit Pistons,Washington Wizards,1,13.54,2.0,3.0,0.667,0.0,0.0,,0.0,0.0,,0.0,1.0,1.0,0.0,0.0,1.0,1.0,4.0,4.0,-8.0,https://www.basketball-reference.com/boxscores/200212040DET.html,2002-03
Željko Rebrača,2002-12-07,Detroit Pistons,Atlanta Hawks,0,22.46,3.0,9.0,0.333,0.0,0.0,,2.0,2.0,1.0,4.0,3.0,7.0,2.0,0.0,0.0,1.0,5.0,8.0,-10.0,https://www.basketball-reference.com/boxscores/200212070ATL.html,2002-03
Željko Rebrača,2002-12-11,Detroit Pistons,Atlanta Hawks,1,6.52,0.0,1.0,0.0,0.0,0.0,,1.0,2.0,0.5,1.0,1.0,2.0,0.0,0.0,0.0,1.0,2.0,1.0,-2.0,https://www.basketball-reference.com/boxscores/200212110DET.html,2002-03
Željko Rebrača,2002-12-12,Detroit Pistons,Chicago Bulls,0,12.42,3.0,5.0,0.6,0.0,0.0,,2.0,3.0,0.667,1.0,1.0,2.0,0.0,0.0,0.0,0.0,2.0,8.0,-7.0,https://www.basketball-reference.com/boxscores/200212120CHI.html,2002-03
Željko Rebrača,2002-12-14,Detroit Pistons,Seattle SuperSonics,1,11.17,2.0,2.0,1.0,0.0,0.0,,0.0,0.0,,0.0,0.0,0.0,0.0,0.0,1.0,0.0,0.0,4.0,6.0,https://www.basketball-reference.com/boxscores/200212140DET.html,2002-03
Željko Rebrača,2002-12-15,Detroit Pistons,New Jersey Nets,1,20.4,5.0,6.0,0.833,0.0,0.0,,11.0,12.0,0.917,1.0,3.0,4.0,0.0,1.0,0.0,0.0,6.0,21.0,25.0,https://www.basketball-reference.com/boxscores/200212150DET.html,2002-03
Željko Rebrača,2002-12-18,Cleveland Cavaliers,Detroit Pistons,1,11.45,4.0,5.0,0.8,0.0,0.0,,0.0,0.0,,0.0,0.0,0.0,0.0,1.0,1.0,1.0,4.0,8.0,-1.0,https://www.basketball-reference.com/boxscores/200212180CLE.html,2002-03
Željko Rebrača,2002-12-21,Detroit Pistons,New Jersey Nets,0,4.12,1.0,1.0,1.0,0.0,0.0,,0.0,0.0,,0.0,1.0,1.0,0.0,0.0,0.0,1.0,0.0,2.0,-1.0,https://www.basketball-reference.com/boxscores/200212210NJN.html,2002-03
Željko Rebrača,2002-12-25,Detroit Pistons,Orlando Magic,0,,,,,,,,,,,,,,,,,,,,,https://www.basketball-reference.com/boxscores/200212250ORL.html,2002-03
Željko Rebrača,2002-12-26,Detroit Pistons,Washington Wizards,0,,,,,,,,,,,,,,,,,,,,,https://www.basketball-reference.com/boxscores/200212260WAS.html,2002-03
Željko Rebrača,2002-12-28,Detroit Pistons,Minnesota Timberwolves,1,,,,,,,,,,,,,,,,,,,,,https://www.basketball-reference.com/boxscores/200212280DET.html,2002-03
Željko Rebrača,2002-12-30,Detroit Pistons,Portland Trail Blazers,1,,,,,,,,,,,,,,,,,,,,,https://www.basketball-reference.com/boxscores/200212300DET.html,2002-03
Željko Rebrača,2003-01-04,Detroit Pistons,Atlanta Hawks,0,,,,,,,,,,,,,,,,,,,,,https://www.basketball-reference.com/boxscores/200301040ATL.html,2002-03
Željko Rebrača,2003-01-06,Detroit Pistons,Toronto Raptors,1,,,,,,,,,,,,,,,,,,,,,https://www.basketball-reference.com/boxscores/200301060DET.html,2002-03
Željko Rebrača,2003-12-11,Detroit Pistons,Cleveland Cavaliers,0,14.52,1.0,4.0,0.25,0.0,0.0,,5.0,6.0,0.833,0.0,2.0,2.0,0.0,0.0,0.0,0.0,2.0,7.0,-1.0,https://www.basketball-reference.com/boxscores/200312110CLE.html,2003-04
Željko Rebrača,2003-12-12,Detroit Pistons,Seattle SuperSonics,1,12.02,2.0,3.0,0.667,0.0,0.0,,0.0,0.0,,3.0,1.0,4.0,0.0,0.0,0.0,1.0,1.0,4.0,-6.0,https://www.basketball-reference.com/boxscores/200312120DET.html,2003-04
Željko Rebrača,2003-12-17,Detroit Pistons,Chicago Bulls,1,6.19,0.0,2.0,0.0,0.0,0.0,,0.0,0.0,,0.0,1.0,1.0,1.0,0.0,0.0,0.0,0.0,0.0,2.0,https://www.basketball-reference.com/boxscores/200312170DET.html,2003-04
Željko Rebrača,2003-12-19,Detroit Pistons,Indiana Pacers,0,18.46,3.0,4.0,0.75,0.0,0.0,,2.0,2.0,1.0,2.0,2.0,4.0,0.0,1.0,2.0,1.0,3.0,8.0,2.0,https://www.basketball-reference.com/boxscores/200312190IND.html,2003-04
Željko Rebrača,2003-12-21,Detroit Pistons,Utah Jazz,1,2.39,0.0,0.0,,0.0,0.0,,0.0,0.0,,0.0,0.0,0.0,0.0,0.0,0.0,1.0,3.0,0.0,-4.0,https://www.basketball-reference.com/boxscores/200312210DET.html,2003-04
Željko Rebrača,2003-12-23,Detroit Pistons,Milwaukee Bucks,0,10.09,0.0,2.0,0.0,0.0,0.0,,2.0,2.0,1.0,0.0,2.0,2.0,0.0,0.0,0.0,2.0,3.0,2.0,0.0,https://www.basketball-reference.com/boxscores/200312230MIL.html,2003-04
Željko Rebrača,2003-12-26,Detroit Pistons,New Jersey Nets,1,8.42,0.0,2.0,0.0,0.0,0.0,,0.0,0.0,,1.0,4.0,5.0,1.0,0.0,1.0,0.0,3.0,0.0,1.0,https://www.basketball-reference.com/boxscores/200312260DET.html,2003-04
Željko Rebrača,2003-12-27,Detroit Pistons,Atlanta Hawks,0,19.51,0.0,1.0,0.0,0.0,0.0,,0.0,0.0,,1.0,2.0,3.0,2.0,1.0,0.0,0.0,1.0,0.0,18.0,https://www.basketball-reference.com/boxscores/200312270ATL.html,2003-04
Željko Rebrača,2003-12-29,Detroit Pistons,New Orleans Hornets,1,,,,,,,,,,,,,,,,,,,,,https://www.basketball-reference.com/boxscores/200312290DET.html,2003-04
Željko Rebrača,2003-12-31,Detroit Pistons,Portland Trail Blazers,1,,,,,,,,,,,,,,,,,,,,,https://www.basketball-reference.com/boxscores/200312310DET.html,2003-04
Željko Rebrača,2004-01-02,Detroit Pistons,Phoenix Suns,1,,,,,,,,,,,,,,,,,,,,,https://www.basketball-reference.com/boxscores/200401020DET.html,2003-04
Željko Rebrača,2004-01-03,Detroit Pistons,Golden State Warriors,1,,,,,,,,,,,,,,,,,,,,,https://www.basketball-reference.com/boxscores/200401030DET.html,2003-04
Željko Rebrača,2004-01-05,Detroit Pistons,Boston Celtics,0,,,,,,,,,,,,,,,,,,,,,https://www.basketball-reference.com/boxscores/200401050BOS.html,2003-04
Željko Rebrača,2004-01-07,Detroit Pistons,Houston Rockets,1,,,,,,,,,,,,,,,,,,,,,https://www.basketball-reference.com/boxscores/200401070DET.html,2003-04
Željko Rebrača,2004-01-11,Detroit Pistons,Dallas Mavericks,1,,,,,,,,,,,,,,,,,,,,,https://www.basketball-reference.com/boxscores/200401110DET.html,2003-04
Željko Rebrača,2004-01-13,Detroit Pistons,Chicago Bulls,0,,,,,,,,,,,,,,,,,,,,,https://www.basketball-reference.com/boxscores/200401130CHI.html,2003-04
Željko Rebrača,2004-01-14,Detroit Pistons,Toronto Raptors,1,,,,,,,,,,,,,,,,,,,,,https://www.basketball-reference.com/boxscores/200401140DET.html,2003-04
Željko Rebrača,2004-01-16,Detroit Pistons,Washington Wizards,1,12.3,1.0,3.0,0.333,0.0,0.0,,2.0,2.0,1.0,0.0,2.0,2.0,0.0,0.0,0.0,0.0,1.0,4.0,-5.0,https://www.basketball-reference.com/boxscores/200401160DET.html,2003-04
Željko Rebrača,2004-01-17,Detroit Pistons,Milwaukee Bucks,0,2.32,0.0,0.0,,0.0,0.0,,0.0,0.0,,0.0,0.0,0.0,0.0,0.0,0.0,0.0,0.0,0.0,6.0,https://www.basketball-reference.com/boxscores/200401170MIL.html,2003-04
Željko Rebrača,2004-01-19,Detroit Pistons,San Antonio Spurs,1,,,,,,,,,,,,,,,,,,,,,https://www.basketball-reference.com/boxscores/200401190DET.html,2003-04
Željko Rebrača,2004-01-20,Detroit Pistons,Indiana Pacers,0,4.18,0.0,0.0,,0.0,0.0,,1.0,2.0,0.5,0.0,0.0,0.0,0.0,0.0,0.0,0.0,3.0,1.0,1.0,https://www.basketball-reference.com/boxscores/200401200IND.html,2003-04
Željko Rebrača,2004-01-23,Detroit Pistons,Minnesota Timberwolves,0,,,,,,,,,,,,,,,,,,,,,https://www.basketball-reference.com/boxscores/200401230MIN.html,2003-04
Željko Rebrača,2004-01-25,Detroit Pistons,Atlanta Hawks,1,,,,,,,,,,,,,,,,,,,,,https://www.basketball-reference.com/boxscores/200401250DET.html,2003-04
Željko Rebrača,2004-01-28,Detroit Pistons,Boston Celtics,0,,,,,,,,,,,,,,,,,,,,,https://www.basketball-reference.com/boxscores/200401280BOS.html,2003-04
Željko Rebrača,2004-01-30,Toronto Raptors,Detroit Pistons,1,,,,,,,,,,,,,,,,,,,,,https://www.basketball-reference.com/boxscores/200401300TOR.html,2003-04
Željko Rebrača,2004-01-31,Detroit Pistons,Memphis Grizzlies,1,,,,,,,,,,,,,,,,,,,,,https://www.basketball-reference.com/boxscores/200401310DET.html,2003-04
Željko Rebrača,2004-02-02,Miami Heat,Detroit Pistons,1,,,,,,,,,,,,,,,,,,,,,https://www.basketball-reference.com/boxscores/200402020MIA.html,2003-04
Željko Rebrača,2004-02-03,Detroit Pistons,Cleveland Cavaliers,1,14.1,0.0,3.0,0.0,0.0,0.0,,0.0,0.0,,2.0,0.0,2.0,0.0,0.0,1.0,0.0,3.0,0.0,-17.0,https://www.basketball-reference.com/boxscores/200402030DET.html,2003-04
Željko Rebrača,2004-02-06,Detroit Pistons,New Orleans Hornets,0,19.38,3.0,4.0,0.75,0.0,0.0,,4.0,5.0,0.8,3.0,3.0,6.0,0.0,0.0,2.0,0.0,3.0,10.0,-3.0,https://www.basketball-reference.com/boxscores/200402060NOH.html,2003-04
Željko Rebrača,2004-02-07,Detroit Pistons,Dallas Mavericks,0,,,,,,,,,,,,,,,,,,,,,https://www.basketball-reference.com/boxscores/200402070DAL.html,2003-04
Željko Rebrača,2004-02-10,Detroit Pistons,New Jersey Nets,0,11.32,3.0,4.0,0.75,0.0,0.0,,0.0,0.0,,1.0,2.0,3.0,0.0,1.0,2.0,1.0,3.0,6.0,3.0,https://www.basketball-reference.com/boxscores/200402100NJN.html,2003-04
Željko Rebrača,2004-02-11,Detroit Pistons,Sacramento Kings,1,18.46,3.0,9.0,0.333,0.0,0.0,,3.0,4.0,0.75,3.0,4.0,7.0,0.0,1.0,1.0,3.0,5.0,9.0,-11.0,https://www.basketball-reference.com/boxscores/200402110DET.html,2003-04
Željko Rebrača,2004-02-17,Detroit Pistons,New York Knicks,0,,,,,,,,,,,,,,,,,,,,,https://www.basketball-reference.com/boxscores/200402170NYK.html,2003-04
Željko Rebrača,2004-02-18,Detroit Pistons,Milwaukee Bucks,1,,,,,,,,,,,,,,,,,,,,,https://www.basketball-reference.com/boxscores/200402180DET.html,2003-04
Željko Rebrača,2004-02-20,Atlanta Hawks,Miami Heat,0,,,,,,,,,,,,,,,,,,,,,https://www.basketball-reference.com/boxscores/200402200MIA.html,2003-04
Željko Rebrača,2004-02-22,Houston Rockets,Atlanta Hawks,1,27.34,9.0,13.0,0.6920000000000001,0.0,0.0,,0.0,0.0,,1.0,3.0,4.0,1.0,0.0,1.0,4.0,6.0,18.0,-9.0,https://www.basketball-reference.com/boxscores/200402220HOU.html,2003-04
Željko Rebrača,2004-02-24,Atlanta Hawks,Philadelphia 76ers,1,10.0,1.0,6.0,0.16699999999999998,0.0,0.0,,0.0,0.0,,1.0,1.0,2.0,0.0,0.0,0.0,0.0,1.0,2.0,4.0,https://www.basketball-reference.com/boxscores/200402240ATL.html,2003-04
Željko Rebrača,2004-02-27,Atlanta Hawks,Detroit Pistons,0,,,,,,,,,,,,,,,,,,,,,https://www.basketball-reference.com/boxscores/200402270DET.html,2003-04
Željko Rebrača,2004-02-28,Atlanta Hawks,Orlando Magic,1,,,,,,,,,,,,,,,,,,,,,https://www.basketball-reference.com/boxscores/200402280ATL.html,2003-04
Željko Rebrača,2004-03-02,Atlanta Hawks,Los Angeles Lakers,1,,,,,,,,,,,,,,,,,,,,,https://www.basketball-reference.com/boxscores/200403020ATL.html,2003-04
Željko Rebrača,2004-03-05,Atlanta Hawks,Orlando Magic,0,,,,,,,,,,,,,,,,,,,,,https://www.basketball-reference.com/boxscores/200403050ORL.html,2003-04
Željko Rebrača,2004-03-08,Atlanta Hawks,Cleveland Cavaliers,1,,,,,,,,,,,,,,,,,,,,,https://www.basketball-reference.com/boxscores/200403080ATL.html,2003-04
Željko Rebrača,2004-03-10,Atlanta Hawks,Milwaukee Bucks,0,,,,,,,,,,,,,,,,,,,,,https://www.basketball-reference.com/boxscores/200403100MIL.html,2003-04
Željko Rebrača,2004-03-12,Atlanta Hawks,Washington Wizards,1,,,,,,,,,,,,,,,,,,,,,https://www.basketball-reference.com/boxscores/200403120ATL.html,2003-04
Željko Rebrača,2004-03-14,Atlanta Hawks,Toronto Raptors,0,,,,,,,,,,,,,,,,,,,,,https://www.basketball-reference.com/boxscores/200403140TOR.html,2003-04
Željko Rebrača,2004-03-16,Atlanta Hawks,Seattle SuperSonics,1,,,,,,,,,,,,,,,,,,,,,https://www.basketball-reference.com/boxscores/200403160ATL.html,2003-04
Željko Rebrača,2004-03-17,Atlanta Hawks,Dallas Mavericks,0,,,,,,,,,,,,,,,,,,,,,https://www.basketball-reference.com/boxscores/200403170DAL.html,2003-04
Željko Rebrača,2004-03-19,Atlanta Hawks,Washington Wizards,0,,,,,,,,,,,,,,,,,,,,,https://www.basketball-reference.com/boxscores/200403190WAS.html,2003-04
Željko Rebrača,2004-03-20,Atlanta Hawks,Utah Jazz,1,,,,,,,,,,,,,,,,,,,,,https://www.basketball-reference.com/boxscores/200403200ATL.html,2003-04
Željko Rebrača,2004-03-22,Atlanta Hawks,New York Knicks,0,13.1,2.0,4.0,0.5,0.0,0.0,,1.0,2.0,0.5,2.0,1.0,3.0,1.0,0.0,1.0,0.0,0.0,5.0,-2.0,https://www.basketball-reference.com/boxscores/200403220NYK.html,2003-04
Željko Rebrača,2004-03-25,Atlanta Hawks,New Orleans Hornets,1,,,,,,,,,,,,,,,,,,,,,https://www.basketball-reference.com/boxscores/200403250ATL.html,2003-04
Željko Rebrača,2004-03-27,Atlanta Hawks,Chicago Bulls,1,,,,,,,,,,,,,,,,,,,,,https://www.basketball-reference.com/boxscores/200403270ATL.html,2003-04
Željko Rebrača,2004-03-31,Atlanta Hawks,Miami Heat,1,,,,,,,,,,,,,,,,,,,,,https://www.basketball-reference.com/boxscores/200403310ATL.html,2003-04
Željko Rebrača,2001-12-01,Detroit Pistons,New York Knicks,0,23.32,3.0,5.0,0.6,0.0,0.0,,11.0,14.0,0.7859999999999999,2.0,2.0,4.0,0.0,0.0,1.0,2.0,5.0,17.0,5.0,https://www.basketball-reference.com/boxscores/200112010NYK.html,2001-02
Željko Rebrača,2001-12-04,Detroit Pistons,Cleveland Cavaliers,0,20.05,4.0,9.0,0.444,0.0,0.0,,1.0,2.0,0.5,4.0,3.0,7.0,0.0,0.0,0.0,2.0,3.0,9.0,4.0,https://www.basketball-reference.com/boxscores/200112040CLE.html,2001-02
Željko Rebrača,2001-12-05,Detroit Pistons,Seattle SuperSonics,1,14.48,0.0,3.0,0.0,0.0,0.0,,4.0,4.0,1.0,1.0,1.0,2.0,1.0,0.0,2.0,0.0,3.0,4.0,0.0,https://www.basketball-reference.com/boxscores/200112050DET.html,2001-02
Željko Rebrača,2001-12-09,Detroit Pistons,Houston Rockets,1,17.1,6.0,10.0,0.6,0.0,0.0,,0.0,0.0,,2.0,2.0,4.0,2.0,0.0,2.0,1.0,4.0,12.0,22.0,https://www.basketball-reference.com/boxscores/200112090DET.html,2001-02
Željko Rebrača,2001-12-13,Detroit Pistons,New York Knicks,1,15.02,0.0,1.0,0.0,0.0,0.0,,2.0,2.0,1.0,2.0,4.0,6.0,0.0,0.0,1.0,2.0,2.0,2.0,5.0,https://www.basketball-reference.com/boxscores/200112130DET.html,2001-02
Željko Rebrača,2001-12-16,Detroit Pistons,Los Angeles Clippers,0,14.09,1.0,5.0,0.2,0.0,0.0,,0.0,0.0,,1.0,2.0,3.0,1.0,0.0,0.0,0.0,1.0,2.0,-3.0,https://www.basketball-reference.com/boxscores/200112160LAC.html,2001-02
Željko Rebrača,2001-12-18,Detroit Pistons,Sacramento Kings,0,14.44,3.0,5.0,0.6,0.0,0.0,,3.0,4.0,0.75,2.0,1.0,3.0,1.0,1.0,1.0,2.0,2.0,9.0,3.0,https://www.basketball-reference.com/boxscores/200112180SAC.html,2001-02
Željko Rebrača,2001-12-19,Detroit Pistons,Golden State Warriors,0,13.44,2.0,6.0,0.333,0.0,0.0,,0.0,0.0,,0.0,1.0,1.0,0.0,0.0,0.0,3.0,3.0,4.0,-4.0,https://www.basketball-reference.com/boxscores/200112190GSW.html,2001-02
Željko Rebrača,2001-12-21,Detroit Pistons,Portland Trail Blazers,0,12.07,1.0,3.0,0.333,0.0,0.0,,1.0,2.0,0.5,2.0,3.0,5.0,0.0,0.0,1.0,3.0,3.0,3.0,-6.0,https://www.basketball-reference.com/boxscores/200112210POR.html,2001-02
Željko Rebrača,2001-12-22,Detroit Pistons,Seattle SuperSonics,0,19.01,2.0,3.0,0.667,0.0,0.0,,0.0,0.0,,1.0,2.0,3.0,1.0,1.0,0.0,2.0,3.0,4.0,-10.0,https://www.basketball-reference.com/boxscores/200112220SEA.html,2001-02
Željko Rebrača,2001-12-27,Detroit Pistons,New Jersey Nets,1,17.42,3.0,8.0,0.375,0.0,0.0,,0.0,0.0,,1.0,3.0,4.0,0.0,0.0,1.0,1.0,1.0,6.0,7.0,https://www.basketball-reference.com/boxscores/200112270DET.html,2001-02
Željko Rebrača,2001-12-28,Detroit Pistons,Orlando Magic,0,18.33,3.0,9.0,0.333,0.0,0.0,,4.0,5.0,0.8,3.0,3.0,6.0,0.0,3.0,2.0,0.0,5.0,10.0,-5.0,https://www.basketball-reference.com/boxscores/200112280ORL.html,2001-02
Željko Rebrača,2001-12-30,Detroit Pistons,Miami Heat,1,23.49,4.0,8.0,0.5,0.0,0.0,,2.0,2.0,1.0,3.0,5.0,8.0,0.0,0.0,0.0,1.0,2.0,10.0,11.0,https://www.basketball-reference.com/boxscores/200112300DET.html,2001-02
Željko Rebrača,2002-01-02,Detroit Pistons,San Antonio Spurs,0,24.19,7.0,8.0,0.875,0.0,0.0,,3.0,4.0,0.75,1.0,6.0,7.0,0.0,1.0,2.0,2.0,3.0,17.0,-6.0,https://www.basketball-reference.com/boxscores/200201020SAS.html,2001-02
Željko Rebrača,2002-01-03,Detroit Pistons,Houston Rockets,0,20.46,4.0,4.0,1.0,0.0,0.0,,0.0,0.0,,2.0,2.0,4.0,1.0,1.0,0.0,0.0,4.0,8.0,-5.0,https://www.basketball-reference.com/boxscores/200201030HOU.html,2001-02
Željko Rebrača,2002-01-05,Detroit Pistons,Cleveland Cavaliers,1,15.25,1.0,6.0,0.16699999999999998,0.0,0.0,,3.0,4.0,0.75,1.0,1.0,2.0,0.0,1.0,1.0,0.0,4.0,5.0,-7.0,https://www.basketball-reference.com/boxscores/200201050DET.html,2001-02
Željko Rebrača,2002-01-07,Detroit Pistons,Minnesota Timberwolves,0,16.37,3.0,10.0,0.3,0.0,0.0,,2.0,2.0,1.0,1.0,1.0,2.0,0.0,0.0,0.0,0.0,3.0,8.0,2.0,https://www.basketball-reference.com/boxscores/200201070MIN.html,2001-02
Željko Rebrača,2002-01-08,Detroit Pistons,Los Angeles Lakers,1,21.57,1.0,5.0,0.2,0.0,0.0,,2.0,2.0,1.0,0.0,6.0,6.0,0.0,0.0,0.0,0.0,3.0,4.0,-9.0,https://www.basketball-reference.com/boxscores/200201080DET.html,2001-02
Željko Rebrača,2002-01-11,Detroit Pistons,Boston Celtics,0,8.13,0.0,2.0,0.0,0.0,0.0,,2.0,4.0,0.5,1.0,0.0,1.0,0.0,0.0,0.0,0.0,0.0,2.0,-6.0,https://www.basketball-reference.com/boxscores/200201110BOS.html,2001-02
Željko Rebrača,2002-01-12,Detroit Pistons,Charlotte Hornets,1,2.2,0.0,1.0,0.0,0.0,0.0,,0.0,0.0,,0.0,0.0,0.0,0.0,0.0,0.0,0.0,1.0,0.0,0.0,https://www.basketball-reference.com/boxscores/200201120DET.html,2001-02
Željko Rebrača,2002-01-15,Detroit Pistons,Toronto Raptors,1,,,,,,,,,,,,,,,,,,,,,https://www.basketball-reference.com/boxscores/200201150DET.html,2001-02
Željko Rebrača,2002-01-18,Detroit Pistons,Indiana Pacers,0,,,,,,,,,,,,,,,,,,,,,https://www.basketball-reference.com/boxscores/200201180IND.html,2001-02
Željko Rebrača,2002-01-19,Detroit Pistons,Boston Celtics,1,6.28,0.0,0.0,,0.0,0.0,,0.0,0.0,,0.0,2.0,2.0,1.0,0.0,0.0,0.0,2.0,0.0,-1.0,https://www.basketball-reference.com/boxscores/200201190DET.html,2001-02
Željko Rebrača,2002-01-21,Detroit Pistons,Milwaukee Bucks,1,3.57,0.0,0.0,,0.0,0.0,,0.0,0.0,,0.0,0.0,0.0,1.0,0.0,0.0,1.0,0.0,0.0,3.0,https://www.basketball-reference.com/boxscores/200201210DET.html,2001-02
Željko Rebrača,2002-01-23,Detroit Pistons,Minnesota Timberwolves,1,8.54,1.0,2.0,0.5,0.0,0.0,,2.0,6.0,0.333,1.0,2.0,3.0,0.0,1.0,2.0,1.0,3.0,4.0,3.0,https://www.basketball-reference.com/boxscores/200201230DET.html,2001-02
Željko Rebrača,2002-01-25,Detroit Pistons,Atlanta Hawks,0,19.23,2.0,5.0,0.4,0.0,0.0,,8.0,8.0,1.0,0.0,4.0,4.0,0.0,0.0,4.0,2.0,5.0,12.0,7.0,https://www.basketball-reference.com/boxscores/200201250ATL.html,2001-02
Željko Rebrača,2002-01-29,Detroit Pistons,Washington Wizards,0,15.44,2.0,4.0,0.5,0.0,0.0,,0.0,0.0,,1.0,4.0,5.0,0.0,1.0,1.0,1.0,3.0,4.0,-12.0,https://www.basketball-reference.com/boxscores/200201290WAS.html,2001-02
Željko Rebrača,2002-01-30,Detroit Pistons,Atlanta Hawks,1,15.06,0.0,2.0,0.0,0.0,0.0,,0.0,0.0,,1.0,0.0,1.0,3.0,0.0,0.0,1.0,1.0,0.0,5.0,https://www.basketball-reference.com/boxscores/200201300DET.html,2001-02
Željko Rebrača,2002-02-01,Detroit Pistons,Orlando Magic,1,9.59,2.0,2.0,1.0,0.0,0.0,,1.0,2.0,0.5,0.0,1.0,1.0,0.0,0.0,0.0,3.0,5.0,5.0,-1.0,https://www.basketball-reference.com/boxscores/200202010DET.html,2001-02
Željko Rebrača,2002-02-02,Detroit Pistons,Cleveland Cavaliers,0,17.05,3.0,6.0,0.5,0.0,0.0,,8.0,10.0,0.8,1.0,3.0,4.0,0.0,0.0,1.0,3.0,1.0,14.0,22.0,https://www.basketball-reference.com/boxscores/200202020CLE.html,2001-02
Željko Rebrača,2002-02-05,Detroit Pistons,Philadelphia 76ers,1,10.02,3.0,3.0,1.0,0.0,0.0,,0.0,0.0,,1.0,1.0,2.0,0.0,0.0,1.0,1.0,3.0,6.0,3.0,https://www.basketball-reference.com/boxscores/200202050DET.html,2001-02
Željko Rebrača,2002-02-07,Detroit Pistons,Los Angeles Clippers,1,20.31,3.0,5.0,0.6,0.0,0.0,,2.0,2.0,1.0,0.0,2.0,2.0,3.0,0.0,0.0,0.0,3.0,8.0,3.0,https://www.basketball-reference.com/boxscores/200202070DET.html,2001-02
Željko Rebrača,2002-02-12,Detroit Pistons,Phoenix Suns,1,15.07,1.0,1.0,1.0,0.0,0.0,,7.0,8.0,0.875,1.0,1.0,2.0,0.0,1.0,0.0,2.0,0.0,9.0,-11.0,https://www.basketball-reference.com/boxscores/200202120DET.html,2001-02
Željko Rebrača,2002-02-14,Detroit Pistons,New Jersey Nets,0,16.38,3.0,5.0,0.6,0.0,0.0,,1.0,1.0,1.0,1.0,4.0,5.0,0.0,0.0,0.0,3.0,5.0,7.0,6.0,https://www.basketball-reference.com/boxscores/200202140NJN.html,2001-02
Željko Rebrača,2002-02-15,Detroit Pistons,New York Knicks,0,11.4,3.0,3.0,1.0,0.0,0.0,,1.0,1.0,1.0,0.0,3.0,3.0,1.0,1.0,0.0,2.0,0.0,7.0,5.0,https://www.basketball-reference.com/boxscores/200202150NYK.html,2001-02
Željko Rebrača,2002-02-18,Detroit Pistons,Toronto Raptors,1,15.46,3.0,8.0,0.375,0.0,0.0,,3.0,4.0,0.75,3.0,4.0,7.0,0.0,0.0,0.0,2.0,2.0,9.0,-6.0,https://www.basketball-reference.com/boxscores/200202180DET.html,2001-02
Željko Rebrača,2002-02-20,Detroit Pistons,Washington Wizards,1,27.22,3.0,9.0,0.333,0.0,0.0,,6.0,8.0,0.75,3.0,5.0,8.0,1.0,1.0,1.0,0.0,3.0,12.0,-2.0,https://www.basketball-reference.com/boxscores/200202200DET.html,2001-02
Željko Rebrača,2002-02-22,Detroit Pistons,Toronto Raptors,0,18.27,3.0,7.0,0.429,0.0,0.0,,0.0,0.0,,0.0,2.0,2.0,0.0,1.0,3.0,0.0,3.0,6.0,5.0,https://www.basketball-reference.com/boxscores/200202220TOR.html,2001-02
Željko Rebrača,2002-02-24,Detroit Pistons,Milwaukee Bucks,0,10.29,0.0,4.0,0.0,0.0,0.0,,2.0,2.0,1.0,1.0,2.0,3.0,1.0,0.0,1.0,2.0,3.0,2.0,-9.0,https://www.basketball-reference.com/boxscores/200202240MIL.html,2001-02
Željko Rebrača,2002-02-27,Detroit Pistons,Chicago Bulls,1,19.15,4.0,5.0,0.8,0.0,0.0,,2.0,2.0,1.0,3.0,4.0,7.0,0.0,2.0,1.0,2.0,1.0,10.0,8.0,https://www.basketball-reference.com/boxscores/200202270DET.html,2001-02
Željko Rebrača,2002-03-01,Detroit Pistons,Orlando Magic,1,9.17,3.0,4.0,0.75,0.0,0.0,,0.0,0.0,,1.0,2.0,3.0,0.0,0.0,1.0,1.0,1.0,6.0,9.0,https://www.basketball-reference.com/boxscores/200203010DET.html,2001-02
Željko Rebrača,2002-03-03,Detroit Pistons,Charlotte Hornets,0,10.05,1.0,3.0,0.333,0.0,0.0,,1.0,2.0,0.5,0.0,1.0,1.0,0.0,0.0,0.0,0.0,3.0,3.0,5.0,https://www.basketball-reference.com/boxscores/200203030CHH.html,2001-02
Željko Rebrača,2002-03-05,Detroit Pistons,Miami Heat,1,1.5,0.0,0.0,,0.0,0.0,,0.0,0.0,,0.0,0.0,0.0,0.0,0.0,0.0,1.0,1.0,0.0,-5.0,https://www.basketball-reference.com/boxscores/200203050DET.html,2001-02
Željko Rebrača,2002-03-16,Detroit Pistons,Milwaukee Bucks,0,,,,,,,,,,,,,,,,,,,,,https://www.basketball-reference.com/boxscores/200203160MIL.html,2001-02
Željko Rebrača,2002-03-18,Detroit Pistons,Denver Nuggets,0,9.29,1.0,2.0,0.5,0.0,0.0,,2.0,2.0,1.0,1.0,1.0,2.0,0.0,0.0,0.0,1.0,4.0,4.0,-11.0,https://www.basketball-reference.com/boxscores/200203180DEN.html,2001-02
Željko Rebrača,2002-03-19,Detroit Pistons,Utah Jazz,0,4.31,2.0,3.0,0.667,0.0,0.0,,0.0,0.0,,1.0,0.0,1.0,0.0,0.0,0.0,0.0,3.0,4.0,0.0,https://www.basketball-reference.com/boxscores/200203190UTA.html,2001-02
Željko Rebrača,2002-03-21,Detroit Pistons,Phoenix Suns,0,7.38,0.0,0.0,,0.0,0.0,,0.0,0.0,,1.0,1.0,2.0,0.0,0.0,0.0,1.0,1.0,0.0,6.0,https://www.basketball-reference.com/boxscores/200203210PHO.html,2001-02
Željko Rebrača,2002-03-22,Detroit Pistons,Los Angeles Lakers,0,23.08,1.0,5.0,0.2,0.0,0.0,,1.0,2.0,0.5,1.0,5.0,6.0,0.0,2.0,1.0,1.0,5.0,3.0,-3.0,https://www.basketball-reference.com/boxscores/200203220LAL.html,2001-02
Željko Rebrača,2002-03-24,Detroit Pistons,Boston Celtics,1,5.46,0.0,1.0,0.0,0.0,0.0,,0.0,0.0,,0.0,1.0,1.0,0.0,0.0,0.0,0.0,0.0,0.0,-4.0,https://www.basketball-reference.com/boxscores/200203240DET.html,2001-02
Željko Rebrača,2002-03-26,Detroit Pistons,Indiana Pacers,0,12.52,2.0,5.0,0.4,0.0,0.0,,2.0,3.0,0.667,0.0,4.0,4.0,1.0,0.0,1.0,0.0,1.0,6.0,-2.0,https://www.basketball-reference.com/boxscores/200203260IND.html,2001-02
Željko Rebrača,2002-03-27,Detroit Pistons,New York Knicks,1,10.33,0.0,1.0,0.0,0.0,0.0,,4.0,8.0,0.5,0.0,1.0,1.0,1.0,0.0,2.0,0.0,1.0,4.0,1.0,https://www.basketball-reference.com/boxscores/200203270DET.html,2001-02
Željko Rebrača,2002-03-29,Detroit Pistons,Golden State Warriors,1,13.38,3.0,6.0,0.5,0.0,0.0,,5.0,6.0,0.833,1.0,3.0,4.0,0.0,0.0,0.0,2.0,2.0,11.0,0.0,https://www.basketball-reference.com/boxscores/200203290DET.html,2001-02
Željko Rebrača,2002-03-31,Detroit Pistons,Denver Nuggets,1,8.19,0.0,1.0,0.0,0.0,0.0,,0.0,0.0,,0.0,2.0,2.0,0.0,0.0,0.0,1.0,2.0,0.0,6.0,https://www.basketball-reference.com/boxscores/200203310DET.html,2001-02
